episode,update,reward,success,steps,minimum_distance,target_x,target_y,target_z
1,1,-69.06400617164502,0,120,0.2342628505048828,0.525788279087588,0.22413369177090672,0.8544343503647798
2,1,-130.53654536963896,0,120,0.6396327696990431,0.5768202361112351,0.255394523196289,1.0980129924084165
3,1,-141.47482115837738,0,120,0.6034477738585056,0.5838324918329747,0.14423307600226465,1.013526858539926
4,1,-116.05744095984784,0,120,0.555023924773895,0.5602812278032062,0.2156790461784132,1.0074004279258235
5,1,-107.70236166441974,0,120,0.46441315012292417,0.5577627195984853,0.12768602800185255,0.9214717308478853
6,1,-78.68427250236425,0,120,0.19939223282077745,0.5103236302216846,0.21501030565672344,0.8154230753060328
7,1,-136.20564360458636,0,120,0.5749118811180439,0.5502770194714917,0.11103654082726795,0.9730930525694568
8,1,-152.89009118861563,0,120,0.6228128132936791,0.5800864229577087,0.21161196358669732,1.0172480513313844
9,2,-114.16931053996905,0,120,0.572067855284571,0.5714401184827286,0.10587483432654864,1.1027745196736105
10,2,-108.15853926695151,0,120,0.49552597921091013,0.5851602918955027,0.11875686111515063,1.0633533734910419
11,2,-127.22012504807503,0,120,0.5965386466908338,0.56815135138621,0.23372955645290153,1.0727833672813272
12,2,-109.99915678305007,0,120,0.5034790210944515,0.5409054105728565,0.22937648793023793,0.9273583121885263
13,2,-91.87671548179763,0,120,0.39532817078754573,0.5472389213546728,0.052274561971642784,0.9977874984584724
14,2,-58.09462304458131,0,120,0.11913053947697459,0.5147996234435365,0.25970476167496337,0.8437989878850183
15,2,-124.01893696883361,0,120,0.585819665175934,0.5663187297336231,0.10562088151934965,1.0611928046645218
16,2,-83.656741591807,0,120,0.34513215437372885,0.5368676390133472,0.20154940503336494,0.8695350314862437
17,2,-85.26614017252487,0,120,0.34518797301555926,0.5623506683345525,0.1870249511841589,0.9842578402350441
18,3,-108.23175992769198,0,120,0.5025491826937704,0.5747875880287324,0.07605406708080394,1.1492296450895159
19,3,-45.31691912060221,0,120,0.09296358858770068,0.527762184463752,0.09084358369236618,0.878313135317238
20,3,-80.32122967950505,0,120,0.34143957731092905,0.576878900012911,0.20254624294533558,1.0034158558414847
21,3,-98.62613873111336,0,120,0.43470848582097565,0.5610888400732228,0.19049702460613427,1.0055455158600095
22,3,-88.19664277167647,0,120,0.33869429421291875,0.5762201325426867,0.06621131968929699,1.1442413325262282
23,3,-105.51426145790519,0,120,0.4103615961762972,0.584254129692243,0.12432828440458397,1.0448391217078057
24,3,-61.7072434515693,0,120,0.16823134546867707,0.5682060023969245,0.13434106525752953,0.9592592732076863
25,3,-65.91284653706357,0,120,0.23215742869216072,0.5531123234273012,0.08816256317486734,0.901118270703016
26,4,-25.727046366902503,0,120,0.017719907298809356,0.4665056549051887,0.26527408189182283,0.7631816973814453
27,4,-64.18732317774082,0,120,0.2438777917367324,0.5485114580894193,0.2146675570170125,0.9465878323767514
28,4,-77.26214133493892,0,120,0.1967598282078195,0.5619335908395547,0.1748497292261428,1.2059800678479227
29,4,-38.57575983800034,0,120,0.018487628968597132,0.5728998912248408,0.17204597716218975,0.9668091587969998
30,4,-31.49963674165694,0,120,0.007667940978944552,0.5320355277420453,0.23891518212149276,0.8789343695593609
31,4,-44.4876493126056,0,120,0.07822806940183971,0.5613444522430672,0.1589937933745537,0.9578932076181917
32,4,-73.40342395927942,0,120,0.17428469242678826,0.5573465179994186,0.07836813518824853,1.2076084589869718
33,4,-40.05707449862106,0,120,0.06415205252251115,0.5848545122901936,0.1600507945971624,1.0243550174547518
34,4,-58.46783523206368,0,120,0.11931904863752975,0.563190723732555,0.13466043671974032,1.0557159602823394
35,5,-42.60448040860413,0,120,0.08229241356158973,0.534367238206459,0.2241684821744818,0.9300469037057395
36,5,-23.607064014812856,1,120,0.01654845654386248,0.5678686538195659,0.21143484329321413,0.9821809629739648
37,5,-48.89800834032686,0,120,0.15988697812981,0.5671810220154222,0.10910478168513307,0.969201362105377
38,5,-41.6991275121685,0,120,0.09020285034334029,0.5542928269177709,0.1114489101085427,0.9004601787601024
39,5,-43.05013971548354,0,120,0.04599829348333772,0.5849377377494583,0.12694188584642938,1.0578914152557637
40,5,-56.78972280438469,0,120,0.21579458268437307,0.577608512091344,0.2112362432835477,1.0153104135946227
41,5,-61.36465617252258,0,120,0.17630166601011862,0.5529812582974587,0.13383659352978075,1.2193814692406753
42,5,-38.553810292123856,0,120,0.033753235846803877,0.5503341351516271,0.190332419331241,0.8977525513027924
43,6,-72.31072570152885,0,120,0.21686298149822597,0.575806477572056,0.21771494515706627,1.0595577924757251
44,6,-45.13975798794884,0,120,0.11938082993657406,0.5621527434562543,0.14393925618603226,1.1636317022149856
45,6,-44.41892664263943,0,120,0.1793681829776267,0.5548154636256761,0.29947009222413923,0.9932526055911769
46,6,-55.77526500262913,0,120,0.2225428318122648,0.5302193770222683,0.26732610062095213,0.9157176849064488
47,6,-42.321823153251785,0,120,0.030976236059613155,0.552860916498421,0.18035093239996114,0.9790712164359908
48,6,-19.822514642380323,0,120,0.03808832092638191,0.5533399525302545,0.19133429366090693,0.9555929977440951
49,6,-37.80704123333321,0,120,0.07100323390137521,0.5663817084330597,0.12657546838798217,1.1777557594445192
50,6,-1.3152189766416011,1,82,0.017555994333027052,0.562487734805179,0.20074484196759057,0.9929312577822484
51,6,-38.68542724535715,0,120,0.02066632021642123,0.5474063232377615,0.25355688063163784,0.993111809773906
52,7,-31.04686921018938,0,120,0.04417580980898251,0.580561204056657,0.05373520442619952,1.0862487266299714
53,7,-33.215884472150385,0,120,0.0776638881926849,0.5848916875865678,0.15554083249958325,1.1037238794582354
54,7,-22.886987918330274,0,120,0.02851145016509074,0.5794977034675882,0.22850432082043073,1.0593321216710267
55,7,-42.305297471076635,0,120,0.12555369143523953,0.5790757813285429,0.1049329783532786,1.1259703913226216
56,7,-32.67176295820899,0,120,0.10560830770198862,0.5705239721331695,0.18399688075610882,0.9555844409088847
57,7,-21.850047174651642,0,120,0.020340521019208718,0.5784659812283761,0.19255236108311904,1.0453068562085506
58,7,-18.25550822220724,0,120,0.021462092963801402,0.5469277240980693,0.06791361179090682,0.9222260663341408
59,7,-45.92919033177321,0,120,0.07694805821666639,0.47670910712617015,0.2774369617557432,0.7852572419635666
60,7,-31.756317348650608,0,120,0.0493545507065391,0.5666257197771233,0.1286320489989614,1.0590877396043439
61,8,-32.54658986237722,0,120,0.0881276417261755,0.5265486213592414,0.2350670615730062,0.8708944173340282
62,8,-21.830953109574242,0,120,0.02046201834684582,0.5578962798485002,0.25196971950702907,0.991481093421387
63,8,-31.670076614028886,0,120,0.07628254347906742,0.567776053028723,0.1746130837574324,0.9458085772345487
64,8,-22.81233943579647,0,120,0.07033057234408796,0.5599679934315073,0.11448935880094359,0.9240275910557274
65,8,-16.244745816236488,0,120,0.017728124142783734,0.512852752851501,0.09445938341289964,0.8247172840246838
66,8,-54.18395044301845,0,120,0.185754428328795,0.5637307169476983,0.1430422024085332,1.1873795841018762
67,8,-16.037853861816735,0,120,0.00726977668213462,0.5295122117993802,0.1011521674879578,0.8933190072776347
68,8,-41.12782355198258,0,120,0.06269805490480862,0.545247188738831,-0.027508239569027294,1.1393836747759187
69,9,-36.886345300995,0,120,0.05457808985808999,0.5753062260947189,0.15460419908885087,1.1733534626992523
70,9,-25.114946682332338,0,120,0.04522886652182345,0.5736073946828844,0.19681196928023825,0.977413484415783
71,9,-34.241830843051446,0,120,0.0872341655417491,0.5585559799915251,0.020345615358834498,1.1665610674995548
72,9,-7.177156169662339,0,120,0.03704148933566139,0.5594728213716974,0.10632942675437404,0.958124059129857
73,9,-23.016915433534145,0,120,0.06858922582692391,0.5655708849802539,0.1250592189598431,1.0649985813393343
74,9,-31.704343735820416,0,120,0.03718137873541474,0.4728071763747943,0.1716103217050823,0.7501445672641983
75,9,-38.384367238447865,0,120,0.17019897607610754,0.4894463071008937,0.3026683619391229,0.82494722437083
76,9,-28.50818811667782,0,120,0.046552809944825024,0.5349586047140453,0.13221575226699211,0.8699242659364541
77,9,-28.60618699916777,0,120,0.08243614432070744,0.5150654966757886,0.1963041205217551,0.8287155695172288
78,10,-26.544703156637514,0,120,0.05899256997181425,0.5755016235803381,0.07237203928640955,1.0639581750090634
79,10,-17.53938591419605,0,120,0.06240423912195208,0.5756814801961048,0.09289783922786178,1.1004953472238745
80,10,-24.142522623441327,0,120,0.048045976246612214,0.5606391025116126,0.2143515031307449,0.9330895817857402
81,10,-24.855257052659017,0,120,0.05256730943910387,0.513147878064988,0.19240349279990607,0.829702839552433
82,10,-22.744840417769076,0,120,0.029228762744247922,0.5245212278916748,0.2623161895266934,0.8781373533278433
83,10,-17.322148226143,0,120,0.04473274710030128,0.5636442147133667,0.1572811183470817,1.0000034555826463
84,10,-21.884963975407175,0,120,0.08361472646328265,0.5394040428301501,0.2354326833603042,0.8971932669907887
85,10,-10.722400241439777,0,120,0.03805003780548584,0.5842029696690566,0.18415386691726135,1.0302871637516895
86,11,-22.931557079250055,0,120,0.044602182604285875,0.5735345139309131,0.25117446074643857,1.1257554299779542
87,11,-2.9930252573900216,0,120,0.018371636521964444,0.5403441382587905,0.28779628108110344,0.9753112236493269
88,11,-17.37039287620766,0,120,0.06740023579226687,0.563113359955539,0.10218917563155525,1.0099142457522623
89,11,-8.818457903288506,0,120,0.03875480733015465,0.5629920527726856,0.18818037371991772,0.9577952841412894
90,11,-19.744733731114263,0,120,0.04796023604130862,0.532233197155846,0.2571377624747149,0.890387970116516
91,11,-16.19821550357579,0,120,0.04919561682211161,0.5230850542973166,0.06714434638731392,0.894583996186306
92,11,-11.929137295332,0,120,0.03873520070957627,0.5455074166087203,0.2021784796574091,0.8949442263948335
93,11,-32.86410208618157,0,120,0.11435082076024584,0.5658774429976158,0.23986053314159905,1.1241393292595803
94,11,-13.906671789440876,0,120,0.0347173198442433,0.5639277086554939,0.05737181145742855,1.0781380235713143
95,12,-20.963885139767527,0,120,0.08102878845711331,0.4910768255096404,0.20454478989018066,0.7860738769855248
96,12,-21.790628980389066,0,120,0.061348066376278945,0.5560923730573931,0.2807694268322041,1.0063352394931204
97,12,-16.05916739119869,0,120,0.0305858858807606,0.5534837035571659,0.2901486992933223,0.9641668239915273
98,12,-12.92443010596445,0,120,0.043806375048904785,0.5549106251607515,0.1856492558877384,1.2208606898534617
99,12,14.572213132185244,1,84,0.01952484139504305,0.5591574606489684,0.16417353383620248,0.9462554161946224
100,12,16.545571986137244,1,30,0.014156767830689932,0.5342714108840081,0.1552638091517287,0.874254195224668
101,12,-25.02858688223748,0,120,0.11139179658303311,0.556572101213331,0.23357458440860865,1.1713766433619621
102,12,-21.62021721186717,0,120,0.03993268840768258,0.46202145534168865,0.29688207108812575,0.7730463489583541
103,12,-17.513387673091252,0,120,0.07584523824323769,0.575582571061649,0.24712380829434333,1.1229240425475064
104,13,-11.063355345453031,0,120,0.037575441435922265,0.569609015794389,0.12850119882462202,1.1712517586804283
105,13,3.891908613352588,1,110,0.02540823913715164,0.5817554841525013,0.20089001168172377,1.0252762353561697
106,13,-23.69095087481657,0,120,0.04528321838076597,0.5375264067860498,0.009818001662602268,0.9827601214495675
107,13,-20.75169909155626,0,120,0.012764454818734748,0.5360733138206256,0.24672070164448914,0.8826601933036271
108,13,-17.018205988227805,0,120,0.04890568083855847,0.581584156946099,0.2294175703620297,1.1060807304890068
109,13,20.81841399913681,1,97,0.010056685279594841,0.5548505123671584,0.17439740789823327,0.9671894952266773
110,13,-21.47764552244234,0,120,0.059885303304238954,0.5857313614673343,0.16189113653264298,1.0928534763255897
111,13,12.822773384497324,1,54,0.01024885692811684,0.5436740828832016,0.15462118841334213,0.9227731609672036
112,13,5.995782990917205,1,68,0.019705855490204933,0.5763690523281799,0.2351175380349358,1.062618126479864
113,13,-11.621024559417297,0,120,0.0525905121811241,0.5872440012616008,0.1507607224236224,1.0469979393197222
114,14,-15.88270216003655,0,120,0.043529278852037855,0.5441716534691853,0.061078290803742843,0.9457180052742383
115,14,-22.680396238422983,0,120,0.052429101387605447,0.4940250551021502,0.23889089547431117,0.8030617255526128
116,14,10.800287969123323,1,80,0.015266856945162938,0.5669536031468426,0.15493935236362255,0.9951501644295755
117,14,-17.363867688202802,0,120,0.036380731388150914,0.5347424956586934,0.25076532840733445,0.8784369749394692
118,14,11.73002776068996,1,70,0.0171376970790846,0.5819624811044423,0.12512274142852858,1.1075426470682443
119,14,-13.325353499748898,0,120,0.03737316940255786,0.5652376209889078,0.027988980923544307,1.1298237685275538
120,14,-13.850560354234137,0,120,0.01667277681524007,0.5742754683925654,0.19167975733232226,1.0379129143392096
121,14,8.639132093767873,1,85,0.02557503756691863,0.5735919650519945,0.10836023975152023,1.043827863961949
122,14,-23.066584657184958,0,120,0.05606283293086987,0.5637106692210081,0.08845229645200853,1.1974954167046803
123,14,-15.040966589442878,0,120,0.028803874235885523,0.5569417206592626,0.21532275533294273,0.9354370652340993
124,15,-3.269730356082342,0,120,0.020905471850558053,0.5531007592653104,0.18017327105949976,0.9182387854499338
125,15,9.27484443253393,1,67,0.019939163951978294,0.5736074739505467,0.17456996045567688,1.00433243827273
126,15,-9.650527688234414,0,120,0.016132453264071856,0.5347769503495059,0.3042036130500243,0.9406931466867766
127,15,-8.436044556425385,0,120,0.0330525485568338,0.5494059051977669,0.24116030354160636,0.9156955992025403
128,15,-24.972355843669913,0,120,0.06101055865818158,0.544096714459623,0.0921334238212016,0.8803839625412797
129,15,-14.636334367403181,0,120,0.039247235781290836,0.5574422276121862,0.04527262983298619,1.18779101367419
130,15,14.614788654925517,1,77,0.015706107037136742,0.5720801238759603,0.1936046701951563,0.972871559721117
131,15,-2.1140230805236127,0,120,0.018372795807939876,0.5140432344313581,0.15721757410270334,0.8235191048116439
132,15,10.935762729395519,1,118,0.013434110099077124,0.5834233204299961,0.1552177939128476,1.0075005504937342
133,16,-14.721213169007662,0,120,0.0371454012744448,0.5252230841193689,0.18628750447502523,0.8430645584080521
134,16,16.229857841614397,1,107,0.012613433471628938,0.5701816598361988,0.10660500983277778,1.0602482584567339
135,16,-11.63813270995818,0,120,0.026368763751276662,0.5435027760581292,0.10880260753768617,0.8761469399841364
136,16,-6.780494874316987,0,120,0.021166027286590627,0.44827117939654476,0.2677770011475656,0.7396645050613938
137,16,-16.458094221722842,0,120,0.0747004368789944,0.5583985834626001,0.08381642490500432,1.188237424816955
138,16,-5.313673448265249,0,120,0.02422722270784895,0.5540341777030626,0.15663266589350916,0.9669094546096307
139,16,-12.311510573076044,0,120,0.023051990449216228,0.5720602827100219,0.13992183504162897,1.1432031003168153
140,16,-13.701141412443292,0,120,0.04516208567306447,0.5809281216320379,0.15531863398983964,1.058953236942915
141,16,-13.855302020450411,0,120,0.05706163458400943,0.5861888054000374,0.11659015150523773,1.0933001685465509
142,17,16.407129186753266,1,42,0.016391340835607365,0.5580167827725926,0.22165377122498792,1.0488141790301966
143,17,0.6534809854565042,0,120,0.014634474758690265,0.5686327541794777,0.17749455883063114,0.9514848457039068
144,17,-14.758217467395072,0,120,0.030547566705851903,0.5650264350561727,0.2522123898775389,1.0148593068958454
145,17,-5.709143883628819,0,120,0.02746864155084815,0.5277805942701592,0.25508752102654847,0.8973233855877579
146,17,21.493373390580103,1,35,0.032274679549589555,0.5676686466747878,0.12869180060707247,0.9861407676079623
147,17,18.084974403815774,1,105,0.004480516358316794,0.5253834340442983,0.18799966121255998,0.8678516420735332
148,17,-8.132376181341112,0,120,0.03853313759859549,0.5800962256242882,0.09275952997142049,1.0884447878473775
149,17,4.907432106994951,0,120,0.01589545798806907,0.5731625254212553,0.09872158880459392,1.072600583350675
150,17,-19.86879720028169,0,120,0.07950222384926454,0.5387006111453411,0.263433403028651,0.9086416108565535
151,17,-10.655178793885039,0,120,0.03006061479908508,0.5591283630651819,0.2609779385918015,0.9687720044635709
152,18,-9.007361036765236,0,120,0.021386606020253156,0.5262475751488795,0.2866990343644393,0.9443728613307246
153,18,8.505177927983487,1,101,0.004540898691461791,0.5355444553072521,0.1947972648112185,0.8698329246947047
154,18,-12.134152996326387,0,120,0.03681605776974603,0.47899930571855076,0.3057141066774104,0.8063042499387489
155,18,-8.38992833527109,0,120,0.016800094512444082,0.5468377914640892,0.08630088351449841,0.9688275885818857
156,18,-4.5751902439605905,0,120,0.02155667893541756,0.5392336444794369,0.24282065849258472,0.9092417649775973
157,18,9.050721671747493,1,88,0.015507679102793577,0.5323638053532731,0.21581445226708704,0.9196844173454229
158,18,-7.344505224848894,0,120,0.02062377043516988,0.5434306480491836,0.2795209615143703,0.9234478094831416
159,18,17.65893545890135,1,89,0.012846075584544684,0.5487715460916296,0.018923557476309576,1.1905334034236854
160,18,-1.840493449009399,0,120,0.009926213505603406,0.5252615266659195,0.26590518917167233,0.8662960458183306
161,19,-8.354761614015635,0,120,0.03236297054982719,0.5504358725237464,0.17673501453719936,0.945902656567507
162,19,17.704937205854144,1,37,0.017455264040728013,0.5531968847824024,0.2064420912823485,0.9323864238674295
163,19,17.839784826380264,1,83,0.016910927073538584,0.5157763987351777,0.1129338726757945,0.8165662414954915
164,19,18.15057791044447,1,111,0.012013546576551891,0.5584156980153869,0.17042699591973964,0.9540294886367444
165,19,17.508634587896175,1,60,0.021796264234098403,0.5344056132103914,0.17023579891163454,0.8794477998590001
166,19,1.8735009547042591,0,120,0.02202412033644351,0.5654269069195705,0.14480579934125623,1.1489972717206585
167,19,25.149679241975825,1,56,0.01170228113760942,0.5614093789756364,0.24059207062538177,0.9486470765863251
168,19,0.15384726735141357,0,120,0.009535571344215232,0.5773925499997717,0.10647587654828405,1.0166769402573743
169,19,2.5721582596704766,0,120,0.009447819771154487,0.5114081440083755,0.2567822196654682,0.8568831123246247
170,19,6.640233568734821,0,120,0.006117679868798259,0.5222341869391309,0.1613935815518692,0.8548362048799721
171,19,5.606893844185407,0,120,0.01845680117874099,0.5694691895978061,0.022256311573175695,1.1052716895300982
172,20,27.903175066354798,1,66,0.006401074411734484,0.5234271018970922,0.17663926081138773,0.8310798113482976
173,20,15.656010596763444,1,76,0.020753005456165152,0.508537310876499,0.2156506495933645,0.8131679107794892
174,20,9.579413162202476,1,72,0.007917941769711917,0.5830670105438075,0.1519243453821698,1.069741015273569
175,20,3.673756410830568,0,120,0.014976814605581899,0.5520597319740639,0.21498065905461752,0.9548334609147189
176,20,26.71527438070634,1,98,0.008865583192254065,0.5748346361384982,0.11574230048099979,0.9715388838769412
177,20,23.324727767416263,1,88,0.017593823853274092,0.5781490482095412,0.197519831092015,1.0066110066903324
178,20,15.681679141792731,1,50,0.013625203718728461,0.5689534681510924,0.20985681340499618,0.9754636397436958
179,20,-6.215439456651519,0,120,0.026297204413769534,0.5394901040062318,0.2854082527148519,0.9822793733605446
180,20,17.927304050759222,1,33,0.020779445527287235,0.5334699666705874,0.13183693735321667,0.8483167772453507
181,20,-7.5367007058394195,0,120,0.007152404153928243,0.5399173633104181,0.16818144504563246,0.8647334586843607
182,20,18.235408573346596,1,34,0.03113985556314595,0.541695272559588,-0.009442068651698585,1.1786412472350534
183,20,14.937878216293523,0,120,0.012875264570650568,0.5652446441459585,0.11286797493182416,1.0852981302749798
184,21,-4.593504432099273,0,120,0.023133233588228146,0.583159446199216,0.09093284273959092,1.0518925935960173
185,21,-0.864941777008611,0,120,0.009481422544923148,0.57807193136647,0.08763375914211569,1.0886352802721382
186,21,-9.358737775414035,0,120,0.022001117681071682,0.540971784067076,0.08014807369060847,1.2536411591038659
187,21,-9.906478013562344,0,120,0.010320008110233404,0.5690184265145053,0.14736504189007718,0.9865907286588992
188,21,9.553003995935008,0,120,0.0068750864998021535,0.5449930323251344,0.2202693769480961,0.9319015837031667
189,21,4.620449647119915,0,120,0.004233368946080167,0.572981211484181,0.14636664559525137,1.1374466903573084
190,21,17.753855862655637,1,48,0.024324921949461606,0.5766960109093198,0.18800677217811856,1.0496014838387413
191,21,-12.432224981456537,0,120,0.05144259047745234,0.541605234771396,0.04778377000321361,0.9513119112301661
192,21,19.940362041566672,1,50,0.011094390874908766,0.5249458344790043,0.052283014700247744,0.9126939910700873
193,21,22.03925148251458,1,61,0.02678459831440189,0.5844822424383291,0.13593357531313804,1.0993242123974492
194,22,22.616803160096552,1,89,0.012967926764330834,0.5360269234688606,0.24373991494380276,0.8812584058820256
195,22,17.627088236640166,1,30,0.024532965787599018,0.5355607212232643,0.15282052930670134,0.8551532222241104
196,22,8.718722576337855,0,120,0.015776424194622194,0.5773972168871644,0.22692178136308114,1.068646492431629
197,22,22.576095156951695,1,89,0.008976352740345818,0.5199961883655213,0.21684882014426762,0.8637561851952653
198,22,20.66130617118997,1,35,0.024486701031717253,0.5385989293880058,0.18292360920181525,0.8917765255542127
199,22,8.94709737802716,0,120,0.02032269377399384,0.560440917232809,0.014623352515187258,1.0370287451745048
200,22,17.229134419366254,1,57,0.0274311752313136,0.5856605605411958,0.08696930804840354,1.094220544771511
201,22,6.0797256090574505,0,120,0.011155412130844202,0.5390533797089834,0.19890548777413142,0.8817861616907164
202,22,7.469037845979035,0,120,0.019215881780610466,0.5641446099840033,0.07539624335810544,1.1734213664425845
203,22,19.146644158457814,1,107,0.02269823791393653,0.562904566638442,0.15454583587213927,1.0713999651487485
204,22,15.85521723766396,1,35,0.024466032929970037,0.45530334261892563,0.2372604930232516,0.7404334096453529
205,22,5.726755722125266,0,120,0.013675737651585685,0.5375133285451958,0.2132184361226745,0.9106202933626616
206,23,17.857603485045026,1,41,0.026559280977930217,0.5866679126129731,0.1378426724744006,1.1021168848453975
207,23,13.249147739474406,1,76,0.00813129411953004,0.5404996623695915,0.11155654229235266,0.9106904661925006
208,23,18.432382860181995,1,26,0.01074892193189103,0.5200857519878983,0.17242148307405775,0.8381004143260183
209,23,19.179435682054876,1,83,0.01602956896633642,0.5735541147306257,0.21750386231410423,1.0213884054348017
210,23,12.893733712013205,1,68,0.01077466520496239,0.5353855459222036,0.27727486731549794,0.9189480398458585
211,23,23.273009063489745,1,101,0.010361422625222988,0.5724559533173541,0.17118510662960212,1.1900341218354127
212,23,24.345488516791278,1,92,0.01034523628454118,0.5827542079708947,0.20742952288807398,1.1039380554640326
213,23,14.113779688629013,1,118,0.0031254648920948274,0.5674799163040765,0.15708744481229917,1.1735879264994802
214,23,19.32401676312473,1,71,0.009857991505781162,0.5250025182048659,0.25102721945172657,0.8792440482246405
215,23,17.44755898120487,1,42,0.028548354992901523,0.5408161379742467,0.25258520688459696,0.9173013631377154
216,23,19.15624750432456,1,51,0.012770608794501332,0.5367816580117878,0.2661276327119016,0.9092365319727428
217,23,-10.078238153790261,0,120,0.05851323044905492,0.5780298770089323,0.2501554562400076,1.0891030855167791
218,23,8.872455198183431,0,120,0.006628519366237989,0.5511502546062306,0.08687531214637334,1.2181399668950235
219,24,14.265218183820036,1,70,0.009469511952927586,0.4647057813671217,0.2243723019093005,0.7487770845102926
220,24,-5.257944182643836,0,120,0.01583863832244374,0.5752233901042965,0.13997451857111093,0.9952615248552004
221,24,13.270281355897696,1,84,0.016147418061627963,0.5727070650430541,0.222228384639264,1.0394672245135128
222,24,-8.492628531375741,0,120,0.034987068272788975,0.5643883653520643,0.08071081729599507,1.1559679234397684
223,24,16.452946910198452,1,51,0.02342817469442614,0.5803028452184301,0.19486959828863865,1.0079034005484162
224,24,-5.077709133515509,0,120,0.027090919735582832,0.5750100411577226,0.10328013079653278,0.9731894473002259
225,24,-2.4853343688053,0,120,0.0296712485331681,0.5736922905418188,0.06457386608066011,1.0273253624719547
226,24,-1.952078883684381,0,120,0.01749231932745091,0.5623464927565242,0.07803356755582722,0.965147627771877
227,24,7.487060067302716,0,120,0.01493629933829589,0.5336007832999345,0.21412705400540505,0.9205480970868005
228,24,11.887509670818115,0,120,0.006515213548977958,0.5776944738168464,0.14332537352925295,0.9810557130516385
229,25,15.540602038073391,1,60,0.006614842434970358,0.4647920013825455,0.3485009159671536,0.8052984361732981
230,25,25.767595089938702,1,69,0.004376410323519164,0.5766000231898978,0.044599073826307394,1.0953646294778752
231,25,11.938770476209625,1,116,0.024758444809482222,0.5786317885616148,0.20723270087147563,1.138556723631116
232,25,23.361386774192624,1,45,0.0158008734338104,0.5788648847071355,0.09247366872389974,0.9994903599898839
233,25,16.15765770061837,1,51,0.02105871549589995,0.5640073155023632,0.19081496286680372,0.9840142231803664
234,25,19.372324738143277,1,57,0.01634446430327744,0.5670065326125747,0.22132626448689263,1.1051744656127538
235,25,18.89590397359435,1,36,0.005379925742063882,0.5360944146687763,0.1783208176715651,0.9154711382325483
236,25,24.686958257559247,1,99,0.011465743346954228,0.5787234434370614,0.1721034075051803,1.0856242072812188
237,25,21.988290955657902,1,49,0.016980695578154292,0.5593755881057472,0.1492112366730159,0.9151434514545076
238,25,8.757641366358177,0,120,0.01687969011023553,0.5388425856509668,0.16512765490917233,0.9044947461878337
239,25,20.15011415515495,1,40,0.02858961252537287,0.5768972836787153,0.12620013198347188,0.9766493120546407
240,25,16.13126438996909,1,62,0.007160352594678209,0.537283690508214,0.20101894730570846,0.8833509755422492
241,25,19.58961264186138,1,47,0.01368100702598149,0.562065293045756,0.089989442455891,1.0264827550404991
242,25,10.580623583712164,0,120,0.013177499637879536,0.5297949560862675,0.24974524617512237,0.9187896686697679
243,25,19.337845397661134,1,59,0.016160265692243027,0.5561971443649609,0.06053881125093433,1.040766152699242
244,26,25.0641509200361,1,86,0.012477474491632601,0.5816116251353263,0.2027983875724658,1.10923439697533
245,26,11.237423093378279,1,93,0.019308518219142815,0.5706597343188666,0.13288611036926445,1.0593165814369638
246,26,18.756885387013405,1,26,0.022913998150890992,0.5037693718445572,0.2960260589475103,0.8577950690034609
247,26,-0.7121399547495304,0,120,0.030420005603284662,0.55525305977358,0.15489715286937164,1.2103333251878474
248,26,20.196842448592825,1,102,0.003923673736908075,0.5717416138646898,0.23514870360765128,1.003846471055315
249,26,23.68624170596964,1,64,0.006749353237185012,0.5404435186685768,0.1864515292358764,0.8930051881588043
250,26,20.735224320489944,1,26,0.02662080920302227,0.5613519015335844,0.14174526943602553,0.9706446603246135
251,26,18.078811462113034,1,50,0.024418239659018515,0.5576291889864549,0.04988450090033564,1.1839583149866144
252,26,31.695550709267778,1,96,0.013072730084106123,0.5616785501463023,0.20244730945913544,0.983536488701087
253,26,20.26784012076963,1,65,0.010050847049873921,0.5405810198073209,0.20458186838459425,0.8875525051978961
254,26,19.23295479724514,1,54,0.01802909245158871,0.5670454706709374,0.20391818294936087,1.0775915645143486
255,26,24.490926808268195,1,53,0.001985337913118348,0.5499280966713268,0.20445108262860243,0.9273168553186444
256,26,19.50915687882833,1,26,0.012586048953565795,0.5127941767541382,0.3016274930245714,0.8763236779843284
257,26,21.298211871599822,1,30,0.01767444995432903,0.5586420477138085,0.19250804597710836,0.9587268312398167
258,26,17.126714958305477,1,41,0.01384828202938643,0.5293678179514525,0.19230455191295492,0.8525211743781371
259,26,21.990851762511706,1,87,0.0072837748589219785,0.5595237634084389,0.2508282154748011,0.9692992736514517
260,27,15.513345462361187,1,82,0.021475618816504168,0.5686657191727403,0.10614544210489096,1.1109285258486084
261,27,17.651589296376564,1,105,0.004039224826053455,0.5850432196455994,0.18349156223127785,1.1044398673229117
262,27,23.60062635201966,1,87,0.007583672553838747,0.5856706877870638,0.08698580708311002,1.0710996720324115
263,27,10.555366074242043,0,120,0.014416022003164188,0.5447903597762143,0.16034159393940436,0.9360644720472572
264,27,17.943503514691674,1,74,0.014903120659606724,0.57373840813976,0.07286182297813397,0.9974984756531136
265,27,18.88227978930311,1,25,0.026356022964727104,0.4985988976131042,0.16624783820208539,0.7928584423487681
266,27,22.672125034351595,1,42,0.009779409686595903,0.497554764452689,0.22161363643315424,0.8048938327108222
267,27,23.919947390367525,1,71,0.01533084762709591,0.5720071049121245,0.24698467635314103,1.0297428252137455
268,27,0.6288953174699523,0,120,0.007746040041474152,0.5853628511632704,0.1425014538924323,1.1300955361655078
269,27,18.22744581468875,1,42,0.011610424355219046,0.5613784206962231,0.27055351237813136,1.0806778757268523
270,27,10.422505458741082,0,120,0.010677746103859404,0.5687670449613889,0.17701131312165017,1.0078634828324728
271,27,16.92574021455509,1,118,0.009622979192835888,0.5701191573275891,0.2704746623281484,1.0318942186653448
272,27,19.812872598139215,1,38,0.017004151067959522,0.4779144435426973,0.29473455403814364,0.7968972984017327
273,28,20.36946491300566,1,26,0.02821033714581894,0.564753616880566,0.14884215952064392,0.9455684765202733
274,28,22.15434071705013,1,58,0.014446167028120533,0.5785254309070064,0.10768353354519528,1.0665670057928796
275,28,-3.416011493999524,0,120,0.029037991430927983,0.5594360454434061,0.22237318669371714,1.183501375690675
276,28,19.217195085463914,1,72,0.014222672771578291,0.5893840775908368,0.12749204457244215,1.079065117182015
277,28,20.5589920007942,1,86,0.010161836921194515,0.5787416941779706,0.13751234286354275,1.126447900760757
278,28,7.735917873363298,0,120,0.014152259944953892,0.4998304084416876,0.11918811787012555,0.808336076681654
279,28,28.568282805770338,1,84,0.012178080036992861,0.5454053465129234,0.2922095822159292,1.0817185351991394
280,28,20.882323189702696,1,74,0.015984163348936577,0.5824510278460555,0.20381680894044812,1.0355562689113085
281,28,21.269482839558364,1,40,0.01949240670341162,0.5610589119683788,0.14200097155289554,0.9894563177965469
282,28,22.66575708934881,1,80,0.026121246206203003,0.5705090636021809,0.18437470614920243,0.9713031463295977
283,28,18.971205362426886,1,46,0.016857454208595114,0.5383856036916571,0.3226190535802044,0.9755897736829675
284,28,16.46325161356425,1,91,0.01668225325300052,0.5655526541331498,0.21497365288650105,1.1902877055284864
285,28,14.726989618332077,0,120,0.011790307216947502,0.5627494533608866,0.1301965487433658,0.9367674491313973
286,29,28.105258578948217,1,98,0.01774529171891556,0.5671246652167486,0.2514892059283658,0.9890530707908493
287,29,22.230717437937425,1,51,0.014802027377159886,0.5666191166752759,0.1618364595258448,0.9419934449379078
288,29,22.433084893969188,1,46,0.02185524554437843,0.5481959330819388,0.2520462590274485,0.9173338766467899
289,29,21.954865466164662,1,66,0.02145004413573226,0.5514741798296855,0.048560872364966506,1.2003444223694026
290,29,20.04101344295783,1,88,0.014182495373796742,0.5786017178846344,0.041292053274562424,1.0523889564005828
291,29,11.829114839991261,0,120,0.009306020066702794,0.5550939591455423,0.171900605418427,1.235085927462182
292,29,17.54736750845067,1,54,0.005090557705354431,0.575315320878775,0.23401317806664118,1.1288686852188528
293,29,21.97516733997745,0,120,0.004484320265127823,0.507703389760293,0.12795803927474514,0.8058286040966396
294,29,22.3751522600867,1,57,0.023688861234766385,0.5788892001066536,0.21064606462866428,1.0273175118399163
295,29,20.814294751957426,1,26,0.03023376095874381,0.5669620335282413,0.08945045645643333,1.0370991958277491
296,29,22.409091694270103,1,39,0.020454882057866962,0.5385947047000764,0.05404801830400647,0.931941524162994
297,29,21.90795978385622,1,64,0.011204616037082045,0.5758888853923919,0.2284106829850171,1.006188478816123
298,29,5.810199679156443,0,120,0.02332363812027043,0.5784041282717739,0.1491614173433341,1.138518810570567
299,29,28.3463992161833,1,79,0.007826584645164019,0.5282659316458256,0.3140468998606421,0.9704485055925863
300,30,20.486333415895327,1,27,0.03118994338002874,0.5824358913519535,0.17307297744982744,1.0301146648498507
301,30,27.526122919902285,1,53,0.01284470710523755,0.5540396297005329,0.22398662906469521,0.9257397342297489
302,30,21.836659117433797,1,58,0.009524296722304364,0.5748512215829199,0.04746400346487153,1.1323899896656435
303,30,16.118517844724888,1,74,0.015137527324879177,0.5793459606170821,0.16656352261313692,0.9961681057853193
304,30,23.203168481948715,1,65,0.007476247276377007,0.5606695718628981,0.13474109614990346,0.9415419576540321
305,30,25.874723559444554,1,54,0.011458184667114993,0.5646371439780811,0.1593883004489799,1.1517492236114193
306,30,19.944072596977914,1,58,0.01518872044378073,0.5857906277212708,0.10658678441504212,1.1199197572602768
307,30,22.085499442050363,1,71,0.009410450026786544,0.5777824325330843,0.20441739476485596,1.1234114701112932
308,30,20.56750662185556,1,25,0.01569680697777606,0.49599992453842884,0.10726793310280294,0.7942570519833573
309,30,28.253044924917674,1,68,0.011722919339522027,0.5637983526489103,0.10656485300714386,1.1651490901778467
310,30,24.520008697603775,1,56,0.020741903799280273,0.5633307948956797,0.061943464682111975,1.1400285194922142
311,30,20.10978772897254,1,27,0.016004112849520385,0.5431739540645871,0.12583413616298736,0.9427526230609222
312,30,22.595389143716496,1,45,0.0221664287819058,0.5723305194843958,0.10959154536823948,1.0893880016661117
313,30,20.668803549612882,1,23,0.013459290996042749,0.5380455699375898,0.20369399792426535,0.9318814132486093
314,30,26.19555056224904,1,77,0.009357047196549811,0.5854333842781293,0.15764032840136702,1.0348605743481203
315,30,23.048727623513855,1,53,0.010228657037625726,0.4957256536836301,0.28742598790939355,0.8177853967588437
316,30,18.52134138231777,1,38,0.02554832362267269,0.5867559566639677,0.12572400328598826,1.034705509540894
317,30,20.959530347967924,1,31,0.02403453171392581,0.5286532709217172,0.25461407102943123,0.8661454962316022
318,30,27.732729390347714,1,73,0.01870079008172321,0.5691313772028836,0.2140446541874599,1.0221546794349083
319,30,25.172582520547575,1,39,0.01639357757691525,0.5734241015555075,0.12250939831365266,1.0407100504794153
320,31,27.980300346329784,1,96,0.007296085408707803,0.5828975111427059,0.10222168614708892,1.058832018466492
321,31,23.772489112244344,1,60,0.015780668842070144,0.5762476866201572,0.14145288156784647,0.9952206395959273
322,31,20.407355342911035,1,33,0.012227315558552181,0.5243008071548255,0.2646285013294505,0.8970113357547992
323,31,19.67616458623025,1,28,0.0342764911477306,0.5688918696255205,0.18530863414376714,0.9672667399936625
324,31,22.757489999269218,1,37,0.006336022441693009,0.5645398718350834,0.11786210325913403,0.9748796508876827
325,31,20.403464538322687,1,34,0.02460948469974478,0.5764462180993473,0.08568932030841758,1.1389492561987686
326,31,20.856265731928083,1,41,0.018873258841929533,0.5726560200244747,0.16855644759218372,1.1476258141912297
327,31,21.984709507301034,1,65,0.01041671061539107,0.5136162451376535,0.29930481267545167,0.8695359510532307
328,31,22.508613223275745,1,61,0.018876543897487726,0.5814861002218099,0.23418153817932938,1.0709105964459416
329,31,24.116434337229265,1,38,0.020861753095000657,0.5370312892974861,0.0597182742522844,0.879615176209007
330,31,20.53266391668875,1,49,0.008065044780064567,0.5411032664021307,0.11872980454445198,0.8680322443966676
331,31,23.279382410477425,1,33,0.014794814061637471,0.5536272241907141,0.1519059030540726,0.9027936044161844
332,31,23.86286272168907,1,34,0.01674645015264537,0.575913522286516,0.21717965644091553,1.0439280939541467
333,31,22.43999795037359,1,41,0.028744917650982207,0.5805193258563932,0.1105387552302534,1.054010942297107
334,31,23.553597152164564,1,45,0.01453605217138513,0.5382704138634306,0.31106891491323396,0.9352971862145072
335,31,19.83877570770744,1,45,0.030575317468626195,0.5760898408062112,0.1902205086411616,1.1361471917896673
336,31,21.014305850826382,1,38,0.024339881568321266,0.581565453848971,0.19068111085538114,1.125252538379497
337,31,20.65651810655131,1,20,0.01802370814010101,0.5160763045880428,0.2186891488424975,0.8530920336358205
338,31,23.24733183695493,1,33,0.018856634678463706,0.5622454385389521,0.125777238537072,0.9243451955950525
339,31,20.50857024050663,1,29,0.029628735305356944,0.5623434405336567,0.1411681108574719,1.1635926211869831
340,31,26.63954237069622,1,75,0.010581993354595812,0.5686519357921391,0.1691887453585658,1.0548632474940969
341,31,23.2155340601634,1,33,0.00673014828426995,0.5604027387876083,0.15311101968874632,1.024683524266719
342,31,20.661428828496895,1,39,0.012204288419718157,0.5675030393733641,0.10953325158226673,1.0584314368958037
343,31,21.135515010750822,1,28,0.0316163827756187,0.5763612806766916,0.11982432613409008,0.9745287045405039
344,32,20.7927867866959,1,30,0.027740885463658008,0.554958243319304,0.2517563234573461,1.1419538665342608
345,32,20.34242108213636,1,26,0.028061673624267498,0.5526994475035951,0.26131640806435225,0.9741371874097133
346,32,18.94945466730875,1,29,0.03310906214759426,0.5459756550324533,0.10292819146873203,0.8786182331273131
347,32,21.160028206585597,1,57,0.010161211656263783,0.5229134422856039,0.14279862475637073,0.8588130812958547
348,32,25.672379785957887,1,48,0.007032854797948054,0.48501543481126674,0.1645290851497772,0.7676297621372983
349,32,21.43698997820608,1,36,0.026003966773908975,0.5632588970852543,0.07913046131566479,1.1795723180629376
350,32,28.693053019134823,1,119,0.008522083393418122,0.5629896717679126,0.2487159607995876,1.0205892952823319
351,32,20.94263044332055,1,25,0.03271931915144263,0.5734502526902803,0.13031904162163485,1.0332732856155247
352,32,20.99145957461421,1,45,0.006358300067859708,0.5635130315518124,0.1431873886831093,1.181333065948135
353,32,24.36623660830254,1,56,0.014397384686330592,0.47662267246307466,0.2869342447176906,0.7865092244609871
354,32,18.99454541905321,1,27,0.017293457118778704,0.4973977380160381,0.28387525429637384,0.8236021922810592
355,32,27.865319485252204,1,67,0.0071172169498487006,0.5385866402930648,0.22945393027524436,0.8768130637740755
356,32,22.20444069474825,1,60,0.016955228410838966,0.5533832585711076,0.1747742786973984,0.934578132948605
357,32,21.307907822512615,1,36,0.013746558888277834,0.560857615045827,0.05553452896860375,1.0911792368911628
358,32,17.30220076534257,1,47,0.005399059707163327,0.5309253162546461,0.2309697623217069,0.8724655903172668
359,32,13.532439342049312,0,120,0.002606416471584489,0.5811451698963717,0.07431795697572224,1.0164175621260907
360,32,20.84111021517207,1,25,0.032035269610353294,0.5767134380264151,0.19392887470198256,0.9852416815808099
361,32,21.368872362709467,1,32,0.026762080030519983,0.5465273074368379,-0.007778645695948853,1.1293268992981937
362,32,14.39258958175219,0,120,0.010374331718865508,0.5814909247160044,0.19372393217901285,1.0961035664906593
363,33,24.636285349436257,1,54,0.007121228871812598,0.5520166315841061,0.15855241457768926,0.9064440237214438
364,33,20.663702859581647,1,25,0.01476166189073559,0.5420739846073038,0.23346775344210335,0.96365463926924
365,33,20.26775509917145,1,51,0.010507840580299792,0.5785245294240701,0.17379178510668822,1.1140225205251815
366,33,21.963892492077566,1,30,0.012048015803891464,0.5453901844045779,0.15661628324519944,0.9151581876373696
367,33,25.13330857463496,1,42,0.018530238061149465,0.5611650656643847,0.18963987443806565,0.994810794141171
368,33,24.315754902772824,1,34,0.009542314331694605,0.5566631259945635,0.17209114319468938,0.9711884869526114
369,33,21.024137034314197,1,45,0.011553579813077511,0.5829191006240599,0.13239809391544538,1.1188755586738575
370,33,21.721555711824195,1,26,0.01844735664125267,0.5671385811940084,0.25136147653522706,1.0384925203259683
371,33,23.837137209678655,1,57,0.009417877770840851,0.5689220651807416,0.07959686783649582,1.0531147274991561
372,33,22.88610500048745,1,44,0.011415163524210747,0.5566790165335491,0.14771435763334861,0.9307332176833286
373,33,20.04333223725883,1,21,0.015785540342286693,0.4844832743640382,0.1970335717568261,0.7723763351952231
374,33,22.26032087341236,1,29,0.01099851225233044,0.546196191292194,0.24076898365847418,0.9166148109053206
375,33,20.76563969570937,1,46,0.01702031343084071,0.5130095848752716,0.22727824629179286,0.8323973810790458
376,33,21.49456780651346,1,32,0.023404730394240725,0.5511445208751029,0.2524472032608379,0.9614574916757965
377,33,24.333000060359204,1,52,0.011513664278460328,0.5368256156638919,0.22278470485887103,0.8944207702059491
378,33,21.536617537125323,1,41,0.025612209751006646,0.5710122191509261,0.12025014249200477,1.1361237793795653
379,33,24.821719938824636,1,40,0.009953633777301681,0.556415669865545,0.2591752463326753,1.01783844456179
380,33,23.207345879860632,1,42,0.008806576309150113,0.5660424747613048,0.14939158248537102,1.1851004088161217
381,33,24.093262871532854,1,38,0.02315975805168667,0.5781762277429239,0.19783135089559775,1.0087245889325482
382,33,21.846738832174776,1,30,0.023041104184236206,0.5440050291472214,0.11385013625099993,0.8965699611674315
383,33,22.280952097387747,1,34,0.02294291605716628,0.5587256053671602,0.04651139624566594,1.164148458660675
384,33,21.276097238069863,1,44,0.02631875896189088,0.5628652733723443,0.17216341907900487,0.9585662042772695
385,33,19.98948785443539,1,30,0.0190197125821401,0.5372925195967159,0.27148491513370976,0.9247286322755579
386,33,20.777370777227837,1,41,0.00923324222377581,0.543537841246782,0.1165033537262332,0.926847741572999
387,33,21.9005309072434,1,30,0.022445238951183943,0.5608408148190481,0.14481928807164032,0.9250092240147246
388,33,21.023475113148596,1,35,0.016967472622086123,0.5723821502956751,0.06875496184172473,1.0322829772105182
389,33,23.148816228280822,1,42,0.017934803140939225,0.5750228443830268,0.12484334628811318,0.978005639769854
390,34,21.340759218881956,1,38,0.00958819254316647,0.4781508548102873,0.23925514019273417,0.7719047381893258
391,34,20.20816373270766,1,28,0.020180511299567366,0.4565171694587909,0.2814990085805041,0.7565222020653203
392,34,22.177653323987926,1,50,0.014990829501945276,0.5447546997834528,0.10171480206161881,0.9606830006070862
393,34,21.438045406946735,1,37,0.017379529969614484,0.5692201143137855,0.16288105772815237,0.9715968620606027
394,34,20.50907511069316,1,29,0.017266493236678258,0.5660032702732091,0.17027001923551924,1.017494005543436
395,34,19.800721771944893,1,28,0.002890310004069614,0.49921181484857424,0.31432113315218674,0.8422121711330927
396,34,20.214080366072523,1,25,0.010071719703782733,0.5341154563685855,0.14737199377686153,0.8889646855709293
397,34,27.165472840382375,1,75,0.006978665419439014,0.5530368523046691,0.25221784227465965,0.9536982113885142
398,34,19.92705963624768,1,30,0.02170204002962383,0.5542517001538845,0.02337610496258522,1.1170340088778448
399,34,19.085008557465674,1,22,0.023217985951418007,0.4955218785072696,0.23062528443401498,0.8009648435251951
400,34,27.401046932741586,1,70,0.010051695922444408,0.5739165003338491,0.10513639233535473,1.1350882560636466
401,34,19.359352830758098,1,18,0.019706407972165118,0.4857936415392439,0.16769098419936254,0.7698636054370149
402,34,24.31252151811821,1,38,0.016582874962655376,0.5753214372213439,0.14699558818648847,1.1275777321490152
403,34,20.81191411084874,1,42,0.020089620502876975,0.5642809672798484,0.1519734734546881,0.9353323047942421
404,34,20.174625900797636,1,31,0.009912828101685934,0.5516900646021018,0.2001558331531174,0.9578554310487073
405,34,10.92251934937998,0,120,0.01601894941684941,0.5394096437585861,0.1768090013287127,1.2705017059603734
406,34,19.972446674514917,1,39,0.01785061241877875,0.5618472628811229,0.16162150659867744,1.1853772653954349
407,34,24.380652085362144,1,38,0.013431070381897194,0.5712857969837535,0.16601786372994531,1.092293353952847
408,34,23.29129590931793,1,56,0.017323694492458755,0.5817618593071824,0.14384629140370678,1.0044114942332072
409,34,21.15408932377481,1,26,0.0184533353574167,0.5529747672450271,0.2649314683385678,0.9793792300272859
410,34,28.3991196058061,1,56,0.004748960896826552,0.5661952902056988,0.23922035676084058,0.9820869962426343
411,34,21.017971295430414,1,25,0.014143179421045066,0.5488150929016876,0.10022042235666548,0.9431028133267144
412,34,23.16480231275431,1,74,0.013720159321305969,0.5830998723961617,0.1376435731895282,1.0191641177346458
413,34,23.27267052437744,1,32,0.012324217927961453,0.5312989303673946,0.22107599296083838,0.8982488417235982
414,35,21.8365092259087,1,33,0.02404026802555536,0.5800505650048866,0.12132645376263632,1.0822761968878616
415,35,21.522948421418434,1,30,0.01921245760810705,0.5583222917359756,0.15604698369484074,1.1890190724451672
416,35,25.801899324071755,1,51,0.011388676560221326,0.5665886727734764,0.17831350350789582,1.1809710363298462
417,35,24.930474074306552,1,49,0.009138229931269278,0.5265630839491077,0.2963445443750858,0.9383614487389904
418,35,24.434158082112187,1,63,0.011164807490929584,0.5829968075044862,0.18642109294917392,1.1274578327818876
419,35,19.125135678888995,1,22,0.030589548893960747,0.5025180258707007,0.1605774767515688,0.7924549887425333
420,35,22.275379623798962,1,23,0.017961807002196538,0.5441008857593193,0.21903848365030879,0.9065151497283985
421,35,20.68125602873927,1,24,0.027985712797924278,0.5470527889790481,0.2659566590118411,0.9751348844977924
422,35,26.519630082030336,1,61,0.009895013796490862,0.5805457539761556,0.08312206527963499,1.101977087211686
423,35,24.626192596764422,1,48,0.012385683055868122,0.5383359216426695,0.19736194326610157,0.8668074262096336
424,35,20.19381232283493,1,37,0.030506183308865724,0.5791913016729805,0.20681690429770183,1.0855871945926283
425,35,23.98748494840884,1,36,0.012401228615381912,0.5776514883683052,0.24297675286403667,1.071535509058499
426,35,30.504066722409934,1,80,0.006387903648988396,0.49981824713424383,0.2971078509819829,0.841677056589006
427,35,21.277384820439806,1,24,0.02367784923010431,0.5686189693489673,0.21049705928465146,1.0155863831580432
428,35,25.1428724647877,1,36,0.011007098487156095,0.5326380451615119,0.19133246652386426,0.8798500610828894
429,35,20.02591622061054,1,25,0.016284890642621345,0.474301058083393,0.2916443837913037,0.790145859592708
430,35,21.011809632591145,1,37,0.022250636693011125,0.5723202450155157,0.2048374702301466,0.9775977694655477
431,35,22.09575945351776,1,48,0.012161435317247386,0.5825613906295743,0.09253220746342435,1.1272507110686016
432,35,22.808687210857464,1,50,0.01308827919607702,0.5451450415952983,0.09649437940761899,0.8809218236432073
433,35,10.75801034511654,0,120,0.019584040900698783,0.5476058851952667,0.14320618788646053,1.2493215708383902
434,35,19.553434914022368,1,31,0.030491057810322703,0.5255134247119162,0.18810980060374344,0.8420765496898411
435,35,23.784743280628433,1,73,0.0025294451409371543,0.4951752287348744,0.1695552795735084,0.785294123955357
436,36,22.793753127621933,1,38,0.024073476627103626,0.5681327203855392,0.10164537738952767,0.9448423308234473
437,36,21.858855046119704,1,28,0.022077131145746214,0.5451675018472336,0.2405236308724922,0.9204456019933955
438,36,25.546210157636168,1,51,0.012882432545843748,0.5710271925963163,0.15751121660771572,1.0591356161734788
439,36,21.490548577395582,1,34,0.014642287312611697,0.5135470887459771,0.2573378563084411,0.849909686613442
440,36,19.854721804889124,1,53,0.014557303062147493,0.572770835313895,0.27207251858180154,1.0535588400115932
441,36,20.931209811830147,1,32,0.025642389659097823,0.5575337771009785,0.031292336184071276,1.099410137478119
442,36,23.382757617997726,1,39,0.009651746449936396,0.5590265998783334,0.10373121079694411,1.198688010204287
443,36,21.272974660560685,1,30,0.028709547147829837,0.5822701971495137,0.21890636806920657,1.0729739562053493
444,36,38.88934326086884,1,89,0.005259160834938162,0.5510746266782645,0.2674530992908075,0.9618663312972539
445,36,22.108831145500805,1,27,0.01961935888215242,0.5478648112485377,0.16360180651885342,0.908188611087077
446,36,26.218366883417175,1,62,0.016913234400739593,0.5661660868094404,0.13531864359628193,1.1725912998566488
447,36,23.384633694398488,1,40,0.015460575446672795,0.5796328919264603,0.20954189928223244,1.0440034280489132
448,36,21.85841071503351,1,26,0.010404766055919905,0.5377362535955612,0.14761386824902015,0.8928681636872089
449,36,22.21350438171989,1,34,0.015769828292450175,0.5699740533633599,0.2113949304980695,1.150013288712317
450,36,22.388295143151794,1,35,0.02381219909028214,0.5578902573416616,0.14880438929146594,0.923451129774909
451,36,23.251093056355742,1,34,0.02359826024267296,0.5471280691238309,0.1910217679563001,0.8962208109733252
452,36,22.423242336572326,1,39,0.018504511010741916,0.5509869400741492,0.17642890350524398,0.9222937961335816
453,36,20.5324792909706,1,27,0.03277269228149943,0.5647346651205924,0.05239318385569159,0.9967020292903468
454,36,19.297823067070716,1,30,0.01630512244437863,0.541343115110693,0.17781359598806593,0.8857397627464366
455,36,26.70347634384374,1,45,0.006657548753061881,0.5336027507135138,0.1972554033806787,0.8679800940864446
456,36,20.06311616228652,1,23,0.007552291389217584,0.5070214138752003,0.217534854318235,0.8207519381692234
457,36,20.30569050930629,1,33,0.020294514209878097,0.5407669047783459,0.11292753664116834,0.8876447848645582
458,36,20.761365604826814,1,33,0.02198451947676275,0.4667784443397166,0.23348683951976662,0.753047113476552
459,36,22.397379796251318,1,27,0.0231538547906719,0.5586833897858455,0.045852820813103046,1.0589804214563623
460,36,25.609813542851274,1,65,0.010052164510542394,0.58829259394682,0.14063194524687403,1.110230689618428
461,36,24.081799502359416,1,50,0.016310559878549135,0.587666215946273,0.1503069231199638,1.0449091638623305
462,37,25.803837710614054,1,69,0.0069454012215839165,0.5849234470533974,0.15626225566240232,1.0683803704518688
463,37,23.59058820485639,1,48,0.008010748302289107,0.5585688121893588,0.22520910303642871,0.9330787777973675
464,37,20.743384306310105,1,31,0.025419975307807045,0.540208651809372,0.2649161940924864,0.8990286056446565
465,37,24.279337856991468,1,34,0.013327971250179463,0.5695351653757407,0.059419743087634355,1.107276824827657
466,37,21.612132760534966,1,28,0.009809455967054272,0.5454387982615629,0.31566542381562773,0.9962262598456402
467,37,21.72607059957356,1,32,0.01902731569215152,0.5509969778682724,0.2814369263127733,1.0383745635959378
468,37,23.974215546103522,1,41,0.005023800774579139,0.566205085130756,0.2103979421308252,0.995051063755569
469,37,20.02377572574301,1,26,0.007036965316608733,0.4653912692172562,0.34964597395437175,0.810414394835179
470,37,24.45552010137905,1,37,0.017097483444838572,0.5812142167695427,0.12113335418603553,1.0419743300397972
471,37,20.553406702927152,1,25,0.02530521636005748,0.5587181014059107,0.20661914099326711,0.9316945085241863
472,37,21.40441558307074,1,25,0.03176025400014434,0.5656448605397423,0.057264076940697545,1.0788173480096996
473,37,20.79348430243177,1,36,0.0077985126251200075,0.5029027632980568,0.19086625132725013,0.8016908218494345
474,37,20.473844621406744,1,34,0.022081212184362643,0.5560097175240655,0.0465446330794372,1.007038767768935
475,37,21.874847733134764,1,26,0.010136110197569525,0.5490828568770012,0.05865566943296775,0.991127026227563
476,37,22.126898139747894,1,34,0.01470439744408115,0.5650352078386851,0.1202728831971988,1.0184507257819355
477,37,21.207583668970543,1,28,0.010626808483617274,0.5629882783455844,0.13517449950507743,1.0336261230836363
478,37,21.81095471230475,1,26,0.008788008436270676,0.5445383789455605,0.18798576622080368,0.9371738135423311
479,37,24.74637917699078,1,40,0.01411870342297603,0.5327998515591991,0.15529037196790635,0.8938548028411737
480,37,20.489211202422133,1,25,0.023471336067949836,0.5196928123905706,0.26147496373700047,0.8502942685285917
481,37,22.303877569293423,1,29,0.019686942144638165,0.5700505604689636,0.12127437603362948,1.004456089309887
482,37,21.063326018683384,1,35,0.018901235736658688,0.5739888275442936,0.0575340761486515,1.0057061598969057
483,37,21.897082520996605,1,37,0.02299016288967105,0.5851776137260094,0.12916966084381884,1.1287869246620303
484,37,19.825788897335293,1,30,0.020099439180273543,0.5481125715799282,0.25197021143851833,1.0029919169574941
485,37,20.900817979957598,1,28,0.027746632709372727,0.5648140046902521,0.11977724077487852,1.0794780914058555
486,37,24.44589057086798,1,47,0.014123952827384694,0.5692753580676516,0.10252339312473155,1.1419295120356454
487,37,20.163122259808187,1,52,0.010775960227209723,0.48634332616208426,0.29594233864223735,0.8077536364512844
488,37,24.53757556622405,1,57,0.0029492836573526597,0.5247630610377222,0.22768028273212226,1.2902868542422954
489,37,19.6468447872329,1,23,0.017713885222658435,0.49226379441277884,0.3311019446347843,0.8394047888788299
490,37,20.935363611090565,1,28,0.027305001157212697,0.5594594116937834,0.13178352193583368,0.9278003345751333
491,37,23.97407133835103,1,35,0.008681056873354838,0.5644034926236643,0.1539903158055667,1.0177549627500364
492,38,25.462800162394224,1,45,0.012415520729944528,0.5144776616671334,0.14372788508563916,0.8137737072869893
493,38,20.00065399603809,1,29,0.0290860346610574,0.5479686427094506,0.1909931344959369,0.8878902399066001
494,38,20.49213404916041,1,25,0.014072600603699408,0.5493374306465947,0.11146946818967807,0.9411472584403523
495,38,21.57438290797036,1,26,0.022385345832850706,0.5613933863652073,0.25330257884801355,1.0935696317541017
496,38,21.324206850612914,1,25,0.02251073470788919,0.5410712977238139,0.21132667420385665,0.9227724579910294
497,38,21.151060631029452,1,25,0.014766943439623594,0.5440706381535568,0.25771934141537534,0.9176507554485764
498,38,18.373328859487366,1,24,0.015373251524132232,0.47656596080104857,0.12729869789921847,0.7605153599851587
499,38,24.828344301996232,1,66,0.02286721635271123,0.5687873303923893,0.08503535571213618,0.9611612652388722
500,38,21.023867739536428,1,30,0.01454198235956965,0.5816223548541456,0.15236642896693042,1.0537383159578446
501,38,24.179123949247778,1,32,0.013462442066459766,0.5174136647003492,0.23896186936457006,0.8446144433397346
502,38,21.22555216063064,0,120,0.01249088879121018,0.5583227802991413,0.17298641335291898,1.2123222247242003
503,38,21.390105563264626,1,29,0.023674953646061623,0.5739031833080541,0.10451272762809216,1.1320004743862042
504,38,20.65189745464135,1,40,0.029865566986110172,0.5830382984787449,0.11613824023798108,1.0973429934410832
505,38,22.263275415631874,1,61,0.009111251883163371,0.573932903847648,0.06690870281381604,1.0688890610033903
506,38,22.560974825210415,1,34,0.005892153446943649,0.5434255354579357,0.0411179351699891,0.945257690559607
507,38,23.282044590698504,1,35,0.02087074949303421,0.573772344957684,0.17333429483254795,1.0284893915213906
508,38,23.182013716274987,1,41,0.007697870316293605,0.5625726878964911,0.14916780325086595,0.9502140283394815
509,38,31.950194538580845,1,77,0.0033308200100377328,0.5703943505145874,0.13315000123730664,0.9568508142440635
510,38,22.913694034748215,1,32,0.029791118477913017,0.4827573746243329,0.14022454959599917,0.7656104058107797
511,38,22.463879938385986,1,34,0.01337156666488379,0.5698605993893688,0.238213515099078,0.9846137756893097
512,38,20.958281724591515,1,29,0.010937615749357017,0.4960929503034442,0.1256465205190502,0.7944795112632013
513,38,23.81458807209927,1,37,0.008917339925906133,0.5539591008378444,0.15049481215856855,1.2152339308872222
514,38,22.546200641776235,1,33,0.02130936901390018,0.5707753409097586,0.21045982112035075,1.014703001349858
515,38,23.72239256622411,1,52,0.014392535449805169,0.5270382413160534,0.1316532353908232,0.8966694614761905
516,38,21.344929374140033,1,22,0.0011090015101900882,0.5351167069956534,0.14681056826378194,0.9118520711135876
517,39,40.67716857516608,1,105,0.004852644473296321,0.5493490178813025,0.2759833255387741,0.9351598291016423
518,39,29.84777146570002,1,62,0.004290698397807898,0.5800182886783346,0.18095403151883366,1.0890212347624868
519,39,19.790820601159325,1,46,0.01905496278660852,0.578441540213645,0.2061243183977639,1.0683926868870186
520,39,20.57874308175465,1,25,0.02050595199103172,0.5276319943855566,0.10373566456969506,0.9032513476022118
521,39,24.85113963298496,1,33,0.011919508757904615,0.5712728334407737,0.11000877461741619,1.0821362002907335
522,39,25.157243126212574,1,34,0.0074244161463069185,0.5540547249075432,0.1179020784807139,0.9385977311861377
523,39,21.109817895647154,1,47,0.007927760688292878,0.519915755110407,0.19827131813159507,0.8306565797835501
524,39,21.0082518671936,1,32,0.025674369523667494,0.5668257240227679,0.16194899347790706,0.9887689929369485
525,39,20.76097858320641,1,29,0.032583325885972944,0.563952238749835,0.06173478935086407,1.176727601767387
526,39,32.136927297265714,1,58,0.012586603790794995,0.5053367377439135,0.16120577458283028,0.7971117210136172
527,39,21.497606309579538,1,26,0.020620558431419547,0.5251720332044534,0.2602570550711644,0.8605419854382141
528,39,21.743236420623198,1,32,0.022765496888243815,0.5755423067920317,0.09445537863686844,1.0143945960551155
529,39,20.604290581834153,1,44,0.013661307829805265,0.5796041871837351,0.1666751502730742,0.9937381747011182
530,39,21.643745463905606,1,26,0.026207973253356512,0.5568169450219762,0.0013922742184980658,1.0804618118935987
531,39,23.39067785602377,1,43,0.013231355832676686,0.5593265286967316,0.017767706201769155,1.0969142193495838
532,39,22.923399474192735,1,36,0.011776814405010603,0.5741339323569848,0.10767796852400532,1.0489504669030656
533,39,21.317278715164875,1,40,0.020349134925554572,0.5752544947664425,0.0338200877419582,1.0368401501898383
534,39,20.980948419032075,1,21,0.00945515114916133,0.49753705989388886,0.2972050710775387,0.8427608979744763
535,39,26.25430652263805,1,51,0.007046850775146249,0.5704254024799869,0.24179621741973673,0.995003084990887
536,39,19.894066473858246,1,21,0.018594786178321984,0.49290646300571395,0.22958680552496002,0.7925771285134832
537,39,23.504505174653133,1,27,0.01985655068470264,0.5612264323025868,0.2521786369386589,0.9579133324465982
538,39,23.465912331850276,1,48,0.022343836847027444,0.5523548682224183,0.12062181533690922,0.9811230824799538
539,39,31.414640416070977,1,84,0.011946621586538976,0.5084753479880333,0.2809936717679015,0.8402672094194275
540,39,23.254387005366517,1,39,0.015812815970284548,0.5498291893162496,0.05115389160429346,1.2040886571782898
541,39,21.315152044169643,1,24,0.024787970127526003,0.5708000401913123,0.10535683717733872,1.0010123874098775
542,39,20.164967011265134,1,22,0.01789817711225975,0.5290606673494332,0.20182014633186612,0.8704476430953932
543,40,30.692673352217263,1,65,0.013299396234475225,0.574714914038278,0.12751571928044944,1.0912508978264241
544,40,23.918407308302452,1,30,0.01614853616896778,0.561428331683286,0.09515651604724688,0.9456211051783943
545,40,21.47571665994546,1,27,0.03258640605824732,0.553142353434594,0.24494833214680684,0.9250762941659021
546,40,23.825258937038257,1,30,0.01776578670879746,0.539405447970084,0.29724131838587625,1.0086651283328991
547,40,22.232796178629663,1,30,0.009947492587728694,0.5641861099632235,0.14378494312313067,0.9463409196909067
548,40,22.9622205377982,1,47,0.01688996117197456,0.5791375718469167,0.19904962467954268,1.0573791626167746
549,40,22.35531673830748,1,35,0.017896818033034535,0.5193047663250967,0.12978246376267452,0.8237021856584752
550,40,20.134000993845046,1,34,0.02576078492436371,0.5862867968484485,0.12107061667727714,1.0902148066495603
551,40,29.683620223689406,1,94,0.016184640571936207,0.550563052918305,0.23809014890889707,1.2216856670661187
552,40,24.890970381406184,1,40,0.02142128137689953,0.5783404869002065,0.18736868925856937,1.0689547856327464
553,40,24.354419094228014,1,49,0.014668596135421687,0.5817246400334195,0.11176544193471057,1.1037694629059633
554,40,24.4142701199836,1,36,0.01316937488215646,0.5417304846643753,0.2364328675772642,0.9610447369077332
555,40,24.227546619063766,1,40,0.008309746531618072,0.5585924647846885,0.2480129198978451,1.196611795032843
556,40,35.13068033463648,1,98,0.015153340306617292,0.5718056128391786,0.11636638183063236,1.093619803941906
557,40,21.179040531309568,1,27,0.014935390497606896,0.5424719086000109,0.16824782318802092,0.9390012382801779
558,40,32.53413136312174,1,86,0.006792704454295196,0.5862662737276859,0.1505182774307261,1.113142013396438
559,40,30.17372982736287,1,77,0.009362975442515424,0.5777818397352499,0.253647159845456,1.0759087159349772
560,40,33.52666335950639,1,96,0.005789401585802833,0.5816671908712733,0.08996002121556673,1.087266793869031
561,40,21.060623255655802,1,34,0.015999308920243458,0.5658313559663107,0.03957612783844365,1.081296540696774
562,40,21.843927288574584,1,35,0.017940511069524986,0.5688595567796839,0.08959803209831052,0.9709518655346232
563,41,39.32365330324514,1,93,0.008187249836800848,0.5698929244210902,0.14832606025529185,0.9547720717677042
564,41,28.232826738265178,0,120,0.009080328537220402,0.5742255735096395,0.22069383199724163,1.0372520879527727
565,41,23.081749550181463,1,36,0.006086339600404589,0.5188549691963207,0.21549464632676155,0.8542763465702061
566,41,24.25444844803551,1,38,0.009462301580547203,0.5539287830383748,0.23836738713119288,1.028427344243071
567,41,21.973280561511764,1,30,0.019134433468954094,0.5626309349382527,0.13106903027927355,0.9482186755143833
568,41,27.61425913717289,1,48,0.010255886700443442,0.5351277711062674,0.27840682641957526,0.9108802634223637
569,41,25.250764310052546,1,37,0.010952166391873427,0.5449292677821888,0.2734808156794417,1.0339852245474055
570,41,25.10615910990849,1,50,0.008641500294607194,0.5588651682635963,0.16023330148822665,0.9247775667185646
571,41,21.69904047064128,0,120,0.007433046126867054,0.5649942155242609,0.10302647336604247,0.945261090057505
572,41,27.220004070463048,1,54,0.008966210991622023,0.5814982447983286,0.1048412266833929,1.014885067552073
573,41,21.086342745819564,1,26,0.03003665454383669,0.584722183046405,0.14894345153008218,1.0405110232084762
574,41,20.88456037805316,1,31,0.009588215134054572,0.5582036865709322,0.08997330210727256,1.0257751247962092
575,41,22.520693095394428,1,28,0.009600048584870933,0.5136254275481237,0.08382617072310536,0.8222293474091285
576,41,31.09686105084984,1,54,0.008485795668015017,0.5118254687261229,0.25610610352643975,0.8511502267685669
577,41,30.515655310237534,1,61,0.006695985011411085,0.5737616469164304,0.1289773267526854,1.0115554582829227
578,41,38.022448994190285,1,101,0.010626036847328985,0.5474060567264458,0.28716338003233904,1.0846283778487618
579,41,22.421018668138164,1,40,0.015902874739200372,0.5692810526432649,0.06983288176401602,1.0476600058462975
580,42,30.439427876526853,0,120,0.007956015184465252,0.5794731482954377,0.2156996843531378,1.0204016852993785
581,42,33.493334401711614,1,97,0.011623272653218794,0.5426185483748005,0.01026793286217724,1.2089301371012995
582,42,38.175513669593336,1,93,0.008513355249466519,0.5697811241180346,0.17584580336133895,1.1384320875618839
583,42,27.548499307719936,0,120,0.005512892747871773,0.5662455902511706,0.1777408732557497,0.9869656739055764
584,42,24.747665878104385,1,37,0.016015771207282793,0.5124027274520672,0.1372087225131184,0.8155467810439228
585,42,28.152698305285227,1,41,0.01331799768384925,0.5453344401834203,0.16519857389433648,0.9487725653012766
586,42,29.361761884398838,1,62,0.020534937684159333,0.5722523267682125,0.07381872706696561,1.1305708979162372
587,42,29.00566204788393,1,62,0.007946276691311892,0.5192877945792413,0.1485117028605168,0.8227939711242075
588,42,27.34208111608104,1,61,0.012718076674872326,0.5733691266829892,0.03493531452255667,1.011701607673645
589,42,26.9466426965314,1,42,0.011355298990878091,0.581174940010629,0.16723249079291383,1.011026672636589
590,42,31.30661179909261,1,63,0.016422735310939327,0.5657879063716574,0.21318464292392558,1.0785533058052557
591,42,21.13830495528552,1,26,0.02433834797312314,0.49021881509730925,0.13418179506356814,0.7738252051496113
592,42,25.5387646809471,1,46,0.014637773100884878,0.5551747795682552,0.19080664194714325,0.942246682088911
593,42,35.326075209785515,1,91,0.013077015703767025,0.5762835648654984,0.14494947929946955,1.0659196035546252
594,42,28.42105347575292,1,60,0.01915512175790209,0.5660887228762235,0.06695147133161972,1.1078472648878865
595,42,26.293794837745175,1,41,0.009122158621761127,0.5046466544003205,0.21079980733829745,0.8113986392138728
596,42,21.265481132776785,1,23,0.01253054399469216,0.5371804791897804,0.07767066751278025,0.942484920249263
597,43,22.924159184653153,0,120,0.0098826738673065,0.5373691553528128,0.2109440546855605,1.2657463486960177
598,43,32.83167471014873,0,120,0.0026145977914485727,0.5205397705019024,0.13213726319379906,0.8278481137291216
599,43,24.475145550832934,1,56,0.012705846353443028,0.5546912300642082,0.09338136459723025,0.9030359857334636
600,43,44.31129762403561,1,105,0.0049124015144014314,0.5731889532765568,0.05802944224267044,1.0239948032197697
601,43,40.8892792309007,0,120,0.006287623050368591,0.5340283402743082,0.2735019153101044,0.8909632741688264
602,43,40.017337949545265,1,95,0.006229837082233344,0.5445686142267846,0.14767727252659163,0.9133121628390795
603,43,37.96823242359636,0,120,0.0020080436051505097,0.5591816953321652,0.2747567778315217,0.9701591898268481
604,43,36.01677732870377,1,77,0.017092147719591857,0.568796852738893,0.1407871822936081,1.0977313194124565
605,43,22.839651022394797,1,35,0.020519206693156062,0.5749758392767239,0.15816540907450777,0.969521829665271
606,43,28.906147889542346,0,120,0.012285805073982074,0.559507449802687,0.09286983624576256,1.1949192778304003
607,43,21.96278175578717,1,26,0.018136136811174652,0.49840923801386494,0.23257036109019588,0.8071996047276015
608,44,29.83186292465185,1,59,0.0080979128906842,0.5417539473650692,0.26935546530071514,0.9159921516779335
609,44,30.397965713082517,1,50,0.011797504418294174,0.5332510958418878,0.18013336831393553,0.8512224697192247
610,44,35.9876795917268,1,81,0.004205166136203345,0.5479317487917575,0.22222892344128223,0.9053991816733071
611,44,21.315925256212076,1,25,0.00803823558955143,0.4908642581744554,0.12730935519527575,0.7869227093897826
612,44,49.23440804919113,1,117,0.004953323999971499,0.5684702152666222,0.12975652374854363,0.9893493347469876
613,44,42.945000922461354,1,102,0.0026643324462259084,0.5516153916772382,0.21971456619184931,0.9162273325323049
614,44,46.027809494749526,1,94,0.007015013330027069,0.5514460064680426,0.25147399575579044,0.948152788012617
615,44,33.21702124811342,1,66,0.005091221968549737,0.549718846618634,0.08573686522755516,0.9142222235458501
616,44,41.78201215850649,1,106,0.00196881937567712,0.5130894234338973,0.21181506764743527,0.8316143804289627
617,44,35.614115315413954,1,106,0.009153084364425497,0.5791235940108523,0.22067280373777953,1.0825161174137088
618,44,35.408469225985186,1,70,0.006118995379630581,0.5390196905019422,0.1668579405454523,0.8643331286249148
619,44,48.54861400622829,1,117,0.00935704278936689,0.5562349639044395,0.1472827417638231,0.9977637150045261
620,45,39.74298420020467,0,120,0.0020233004232744142,0.5787035007097243,0.0962176899007505,0.9912855657736838
621,45,32.6939643656011,0,120,0.01609615576613207,0.5610116390237042,0.06850418472211292,0.9845362292915613
622,45,32.4317294748859,1,67,0.005572732782022912,0.5088898009217773,0.21297944143372557,0.8147819634484605
623,45,39.43323921244251,1,92,0.008834986277757143,0.5747864261220333,0.19497133122900295,1.159093076324107
624,45,37.19995363549895,0,120,0.00868987352238582,0.5701069564074623,0.24093119816278077,1.1712062609084195
625,45,42.673055580232955,1,95,0.004570785513515003,0.5650891248503048,0.15284895110569377,0.9587962294523106
626,45,41.98813713040705,1,103,0.008031202311248877,0.5855680002689149,0.20694160897695105,1.0943868007948208
627,45,35.05088143012674,1,82,0.0051643131310083025,0.5699868097742757,0.10817595558255581,0.9491703608472325
628,45,46.57224995091963,1,108,0.011056505804208812,0.5680033507720743,0.190144502546475,0.9948225725369845
629,45,38.50118090585698,0,120,0.00310066886203959,0.5775081550282061,0.05944646656936768,1.0138507319563181
630,46,28.86863922852707,0,120,0.016484451398726847,0.5674115672352368,0.07433444957950555,1.1563187686303835
631,46,34.40456969710946,0,120,0.00852047635049144,0.5850446608358121,0.14570301886559364,1.071341254502857
632,46,48.444726173073505,1,120,0.0036244242437915696,0.47656481614105084,0.18472183388707264,0.7566889527957376
633,46,32.87620157350689,0,120,0.0024814936962678094,0.5207010960151901,0.24466858306600253,0.8550796833021151
634,46,39.235088605568095,0,120,0.00635934786607766,0.5439059193028396,0.1431961620575614,0.8855356143634624
635,46,34.939553709938934,1,66,0.012569417503621396,0.529049670025492,0.13047095995385863,0.8582657784509409
636,46,37.52556879002305,0,120,0.010408660788570483,0.5689142127146362,0.12378251073257274,1.0234969350732228
637,46,35.88678593669499,0,120,0.008164980059500872,0.567404513964461,0.19331604530131863,1.052415785200903
638,46,35.08226998311563,0,120,0.006382073303491426,0.5788741687345282,0.1174986737061181,1.0364082503544785
639,46,23.284243744561913,1,32,0.009425220690949065,0.5402366013698169,0.2662665002761831,0.9122769518015962
640,47,41.194307988152346,1,120,0.012523322094098736,0.5428775048545864,0.04841511114041682,1.2325558291812968
641,47,48.60851295459023,1,116,0.004681048132140669,0.5559480167248699,0.2391683477831907,0.9573937857315482
642,47,37.2547949853573,0,120,0.007562418001142775,0.5553676379755484,0.0760749546633399,1.0010503921460148
643,47,40.248139249523945,0,120,0.002850057680733097,0.5456899036170915,0.24153660225747575,0.9226592920091303
644,47,38.12592522739962,0,120,0.004279212547926968,0.5320498206228728,0.2667580902781065,0.8943190500166308
645,47,36.66248911230196,0,120,0.0027753281690950943,0.5121281770867331,0.268524811062825,0.8396925618046249
646,47,39.18125466160545,0,120,0.006562775031142034,0.5626237090458064,0.11101314270397347,1.202353217410323
647,47,31.05645463580904,0,120,0.012306298572157509,0.5558770362763816,0.06845872462384456,1.2141061132876998
648,48,34.925736816619334,0,120,0.004582209268000043,0.5579116136003021,0.18474961021042305,0.9148764958189597
649,48,43.81755061123457,1,113,0.004933770527031071,0.5193478651142942,0.12575107983969536,0.8219443685872373
650,48,35.07480686370547,0,120,0.002867081836023831,0.586305068330589,0.15939278781362326,1.03078951169629
651,48,39.42288122707692,0,120,0.0018716994834797043,0.5682418238881539,0.2067941444932975,0.9664396354819907
652,48,32.68535307763517,0,120,0.011345611230450239,0.5618071967234096,0.057654752005722426,1.1903795779311164
653,48,39.824065370257514,0,120,0.004504537445244098,0.5332349915840287,0.20077370136322,0.858653802247071
654,48,39.09483746421294,0,120,0.004980905853419366,0.5684599864746923,0.19821620161456383,0.990851466555893
655,48,37.024299109122204,1,80,0.009022169025973564,0.5745175868959701,0.25193044621633,1.029567871036307
656,48,36.95591725266682,1,81,0.006312524481733624,0.4743684187686211,0.30813060388859154,0.7953124921274651
657,48,49.81428280301687,1,119,0.0035213577403436364,0.5668141183189699,0.1596208672912517,0.9906505329693185
658,49,50.0053600890016,1,115,0.004948434588760045,0.5722327567104373,0.06165227548651398,1.0252698401751894
659,49,41.166675039159394,0,120,0.002707524380666907,0.527246756350283,0.22852023554747516,0.8764331099526586
660,49,39.05435159925302,0,120,0.004441240495285729,0.5714149733277025,0.13853156993434174,1.057145948299588
661,49,38.261008834088805,0,120,0.007683563556510045,0.5181515763792598,0.267541210164673,0.8522637926264256
662,49,23.944254723885745,0,120,0.004148094312746476,0.5710380866443975,0.2559183947139595,1.0196406479327493
663,49,11.54459257046409,0,120,0.009080460830728356,0.5456235121728091,0.29554863353780614,0.9817078192195255
664,49,40.69959815300383,0,120,0.00388736195961619,0.4929415266313646,0.2708429865633831,0.8059128351301964
665,49,44.33411698337436,0,120,0.004609081734546004,0.5707907735836916,0.10622700731608689,1.0585008909379017
666,50,40.83399384503329,0,120,0.005275323716492667,0.5419247639748536,0.15511119185107955,0.9127276147678416
667,50,24.942790790378787,1,35,0.004266047268710535,0.5564963566983457,0.2478322102741342,1.11275722815181
668,50,39.385700348918604,0,120,0.009690349723385963,0.5648112461637527,0.17965356973732116,0.9705369063025507
669,50,38.14400387574213,0,120,0.007729794887910231,0.5764506963320384,0.16260932065612235,1.0187418101679717
670,50,48.077855095737604,1,108,0.004233299150772056,0.5666587274193885,0.24145653494191383,1.0550626524577715
671,50,39.36923209304517,0,120,0.0049318769575057335,0.5260325449407661,0.24201709215931508,0.8696550705980509
672,50,35.74265816198789,0,120,0.0044798860489701645,0.5793232592813287,0.1860825929257922,1.023191224301784
673,50,39.08005808847105,1,88,0.011468296622751036,0.5773952343718425,0.1903330694941354,1.1074273975854154
674,50,52.87096573035207,1,115,0.009599678595494642,0.5284381873836181,0.3148123376407473,0.977074320052877
675,50,39.43961312661711,0,120,0.003048067457682645,0.49241966792750347,0.12397620796485267,0.7778363158970876
676,51,36.7688615456531,0,120,0.0111477236241172,0.5287426084965824,0.2072411159706417,0.8517944627974233
677,51,41.59524450315507,0,120,0.004748934626384223,0.5557898208481318,0.21776778569435373,0.9814731639152231
678,51,39.83977352682495,0,120,0.010524020859851711,0.5664165529492647,0.20552678610576766,1.1747842854159445
679,51,36.094776922691466,0,120,0.011152263258380365,0.5733785923521391,0.1103009338168345,1.122700869368943
680,51,40.39628075251581,0,120,0.005994686216914288,0.5625431918440893,0.2256293443630651,0.9733138287431279
681,51,38.09847290010892,0,120,0.0018811519237630836,0.5681310043646526,0.20649605515178035,1.0080528031953395
682,51,37.549745256659875,0,120,0.005880000841219083,0.5590514210554643,0.19317049770481556,1.200559141579404
683,51,44.06064509554513,1,100,0.011880285867149497,0.5732947584177999,0.16261987833994887,1.0529519222991686
684,51,37.81793033058672,0,120,0.010779656384572863,0.5621276412241814,0.11936282833383685,0.9544686135923495
685,52,36.20935958889348,0,120,0.00689835600122002,0.5840493648536862,0.16686838953659988,1.0855415330603178
686,52,40.610771823600366,0,120,0.0026980945230045345,0.5851506923496778,0.1924222320333009,1.0755214690352266
687,52,36.32125233122987,0,120,0.017206787605210005,0.571684046108802,0.14866222177821006,1.0956407119044216
688,52,41.25466351067882,0,120,0.005345725609992464,0.5499535812930946,0.0740109364593961,0.9053446587749441
689,52,39.793237548003496,0,120,0.006566311647825244,0.5029717910520413,0.16259264266770598,0.7961544561856655
690,52,41.75076394307944,0,120,0.007471950511219812,0.5220961465360333,0.25995330866533817,0.8721130604182081
691,52,39.50806800003584,0,120,0.006444834258249181,0.5570845286615448,0.20469325830893365,0.9695924246637191
692,52,36.79088346716503,0,120,0.00505468264555924,0.5809088929947086,0.21864682289474632,1.1184269409090468
693,53,37.082398055336725,0,120,0.0037033325028861,0.4965586893371452,0.2950284459694383,0.8281708526724747
694,53,40.908701048512704,0,120,0.007745220154653786,0.5305338209079622,0.14470911317637447,0.8711298374049065
695,53,37.69521186365535,0,120,0.016337091810968207,0.5600913388122603,0.13175083813835406,0.9981018142462562
696,53,40.56764001467542,0,120,0.008767690568706053,0.5731887806608712,0.06560744233236866,1.1342102179128535
697,53,38.488341622174524,0,120,0.010520889602811518,0.5808341754685364,0.19721401732804072,1.0901514269133836
698,53,41.79098464176983,0,120,0.010471720933026797,0.5375261461447485,0.2132920485044051,0.935537033452832
699,53,34.24508151161589,1,62,0.009641062796424585,0.528429302901735,0.318194013272445,0.9289406331783775
700,53,38.72695575321453,0,120,0.005445991000714556,0.5427182973710093,0.1826798679552728,0.8783712821417107
701,53,37.98808101318967,0,120,0.006323604813853732,0.48741235939685024,0.185084149681805,0.7824645547377854
702,54,39.73801423791933,0,120,0.0012853864260913088,0.5829871274791539,0.08529468671857005,1.046644251490968
703,54,40.49455480270599,0,120,0.0005769350180063548,0.5735817204099191,0.07382538811505938,0.9806436831246769
704,54,42.87184822318141,0,120,0.00646484009158905,0.5293662657737503,0.06414601357590807,0.8673945875507835
705,54,41.83061641687401,0,120,0.006609871429646218,0.5730181161877548,0.19124302713195887,0.9700742793280743
706,54,37.80807693886973,0,120,0.0019381239830031853,0.5690886681880144,0.19547866840616743,0.9552848628134485
707,54,37.494694032624906,1,72,0.012167883864190827,0.5251751777592163,0.2351903748986484,0.893980060200342
708,54,41.00878358556284,0,120,0.005984756032649364,0.5346956813681123,0.21342210078570686,0.887610522303904
709,54,38.02088376420724,0,120,0.006141558719451089,0.5639869309998983,0.2517448942957586,0.9899782583450162
710,54,35.32691301029765,0,120,0.003773175820395563,0.5574812916585394,0.0980685465831243,1.013921015608088
711,55,42.67580138236036,0,120,0.012179277295175213,0.5487753867095628,0.16188060496322157,0.9342954017267588
712,55,46.10613511773239,1,114,0.004363183740795696,0.5612821534942618,0.09137879582808542,1.1642672145528423
713,55,43.41899019960401,0,120,0.007535090604281038,0.5425510205448065,0.15621387023508318,0.8959465237237306
714,55,40.55931169481854,0,120,0.003319536468587904,0.4936606838374151,0.20266329485152543,0.7842957814917849
715,55,43.84411012408871,0,120,0.004756751320773059,0.5560907030149529,0.19589771077778564,0.940973957051096
716,55,39.01352982360199,0,120,0.007381160995275461,0.5678907754030624,0.11553519248528325,1.0889118883305957
717,55,47.36563544674323,1,105,0.006575967069142113,0.5686567228775691,0.0857688857422625,0.9785565637149559
718,55,50.348191190386075,1,116,0.008062139510762003,0.5152635325992424,0.13391620773045526,0.8322354944181006
719,55,37.233262692861594,0,120,0.01634730646268743,0.5545366110427804,0.013913652969822214,1.1760169358330725
720,56,38.5147025796607,0,120,0.007596346910942598,0.5595127212848573,0.10341463474338128,1.1646016407018946
721,56,40.643226927672636,0,120,0.009013318142203255,0.571775410698759,0.05725802287494475,1.1202440177540989
722,56,41.232936366038096,0,120,0.0038872838558709657,0.5320639836003938,0.12684385691044817,0.8464898388717652
723,56,39.78531540600569,0,120,0.004084387394835077,0.57589360521873,0.07401457071513669,0.9865556217020575
724,56,41.0144527554426,0,120,0.009425874019613657,0.556842374036199,0.24232465821130017,1.0555842444113261
725,56,38.912051848968055,1,80,0.005660154154162634,0.5134591045215722,0.16821395488687785,0.8328460346412767
726,56,48.687788540420165,1,103,0.004428186295579091,0.5523546801267627,0.26191870392947636,0.9337165123628982
727,56,35.99800269817209,0,120,0.014886485103911627,0.5591570044827259,0.2218629595068489,1.1453040858850083
728,56,38.18611762263014,0,120,0.004440709669763928,0.5364772536539779,0.22705785615275365,0.929011858638013
729,57,40.82490921755596,0,120,0.012466405401511073,0.567400853248428,0.17490517411478196,1.0527626796773855
730,57,31.607612053805923,0,120,0.0071228196503042756,0.5796420675429432,0.19481301028813192,1.027255496338378
731,57,37.58979464102369,0,120,0.003973429656138672,0.4721644244978852,0.10534529625819143,0.755855908171309
732,57,39.553363173721294,0,120,0.007865354614800289,0.5840906708252552,0.16437486894410433,1.1285099951387592
733,57,40.39981760239818,0,120,0.010891936238064087,0.57118950306933,0.18382202896456185,1.1077809200319566
734,57,43.563099671269335,0,120,0.008786223943772209,0.5589418510758066,0.2605447457509768,0.9966603575061358
735,57,37.11931603288762,0,120,0.011895792568965812,0.5502072137722508,0.015183850503796503,1.1187193597616525
736,57,41.98143359109153,0,120,0.010104793154465302,0.528113387503345,0.18945681416673676,0.8890035629449621
737,58,41.88350136483577,0,120,0.0033453894330592164,0.576817347617323,0.14088117600422775,0.982957807056848
738,58,40.954892378583175,0,120,0.006909397610881686,0.4772029116004568,0.2802217099470818,0.7890422279228632
739,58,36.5582155892206,0,120,0.007626074091800227,0.5708618473360484,0.19998748828648585,1.1647469487670976
740,58,44.010585615405965,0,120,0.0045743363878492154,0.5716272399272242,0.053948729278586384,0.9811742481595027
741,58,41.1374579994329,0,120,0.006371515607356997,0.5239287818207399,0.2604596719397992,0.8736423717129497
742,58,41.37505319285913,0,120,0.008603418436311938,0.5754360704918211,0.11834738934136195,1.1071071772427472
743,58,41.780864440068406,0,120,0.0009869064736139418,0.5533031311038963,0.12333470563708651,0.9083484299407539
744,58,32.541105542094584,0,120,0.006223663402983804,0.5798366388402906,0.23662334104741353,1.0690455457057237
745,58,41.13440643851901,0,120,0.0038843972175935434,0.5281577067599927,0.2604655973345101,0.869672988165513
746,59,41.2392749387455,1,80,0.0027713862002734123,0.5465216965793324,0.11293964470577392,0.8945991679126076
747,59,38.49773623024611,0,120,0.005475411295187716,0.5759516868308633,0.04300195498970955,1.0908517595053369
748,59,41.63265458071964,0,120,0.007362126107709916,0.5838339423560133,0.19565737599593594,1.0442246374489017
749,59,43.015061172645105,0,120,0.0073950148426875015,0.5800122134152037,0.16449239281779798,1.059698580268427
750,59,43.81021382071771,0,120,0.012514210865068098,0.5613007240858023,0.1783274118315121,1.0168642278647684
751,59,43.29986380541502,0,120,0.0032972955207461125,0.5091004333829219,0.21768312974250606,0.8190361544636501
752,59,33.26692542206404,0,120,0.011219419182067102,0.5543506969752581,0.1625108973478672,1.2281653077787684
753,59,42.79109454440826,0,120,0.004500496179249388,0.5855859215278458,0.191572303290713,1.0536343774889914
754,59,39.724861552140325,0,120,0.003991787884863878,0.5243106733947774,0.23064140705329325,0.8543103099303302
755,60,42.30067936775195,0,120,0.012639844826276572,0.5221024437303099,0.1010899465642788,0.8672160237552349
756,60,42.89853046037637,0,120,0.0045328490496107255,0.574131338873441,0.20714202086260344,1.0169102180580671
757,60,39.116669923064485,0,120,0.00690375850191806,0.5663667298125026,0.0913298010329929,0.9444981314231246
758,60,38.87060554496765,0,120,0.012724323245874674,0.5635991798032706,0.1730632967365596,1.0475893065053763
759,60,41.0857118652413,0,120,0.004159217120925664,0.5820576009115479,0.14344567605390957,1.018649443743089
760,60,44.36608482121476,0,120,0.0037866062394445506,0.5383043855542096,0.06966902532022448,0.881541692424599
761,60,39.07496445539541,0,120,0.009129242455107694,0.5677156571753758,0.2585681560013357,1.071118473040184
762,60,44.39600050466996,0,120,0.005435640110149815,0.5277366580740716,0.2889621080721407,0.8974584271708417
763,61,21.276404077848223,0,120,0.00898221586794997,0.5389577105997818,0.1966059190043415,0.9296491248870009
764,61,39.41178813898867,0,120,0.006629020523347324,0.552717704575393,0.24732339042092819,0.9540260109933828
765,61,40.85187471717115,0,120,0.0067535719984244446,0.55414480634569,0.07025974969669473,0.9644096996713365
766,61,43.46566398444871,0,120,0.00478757139539652,0.535580635557099,0.17897444838336193,0.8582088819638997
767,61,39.81726881751847,0,120,0.013741302906419272,0.5713314726288897,0.11570919059797169,1.0882165471518435
768,61,45.253980920044945,1,103,0.01407669554038239,0.5016365453056486,0.19088254192031182,0.7950431669049843
769,61,39.377818419313975,0,120,0.00362690344427747,0.49500104511075754,0.28639104344908994,0.8169793536827259
770,61,42.11357462076998,0,120,0.0027069631516726837,0.574447713220826,0.17150047323134449,1.1002080215010166
771,61,41.34197460416901,0,120,0.00223579896735897,0.5788892317775586,0.09521846526403033,1.002228404512737
772,62,45.24488551866611,0,120,0.010579805173353773,0.5383187873298679,0.12875905772401217,0.8832782039238699
773,62,40.52826184374416,0,120,0.00693172516117276,0.5353444236877958,0.2997754047152267,0.9136661173940738
774,62,43.03636265652207,0,120,0.002698878921342529,0.5430758759290992,0.24603040927254968,0.9864247556749658
775,62,34.6407034655207,0,120,0.013782254984572782,0.56034508111847,0.05733102823340826,1.179132160562629
776,62,39.41038350164543,0,120,0.0042062972811265,0.4852626478838824,0.20060026725755198,0.774695797757477
777,62,40.13894230353457,0,120,0.004592224513938006,0.5474516018212663,0.2134206308146127,0.9068057930499595
778,62,33.84653053845901,0,120,0.015349166624680471,0.5705835451322427,0.17656971495936583,1.1572195976556763
779,62,42.08476609365034,0,120,0.005342047715830393,0.5392872328066783,0.22453362718308792,0.8901157855044364
780,63,35.83879961700723,0,120,0.0070071713777254295,0.5734591858955163,0.12532050081589444,1.1468610679259048
781,63,38.90757817193576,0,120,0.012939473538763473,0.5790490719620972,0.08515844606970566,1.0948752820958922
782,63,41.904823473626955,0,120,0.009020038380732046,0.5629194090839847,0.06808928202327018,1.157674925954494
783,63,43.09293551543898,0,120,0.003696944966334999,0.5155187591338134,0.2950559291462475,0.8623759484884798
784,63,39.593952168075774,0,120,0.0016815443978076968,0.5826149758305199,0.07250035387859778,1.0480537824010236
785,63,43.74132456811922,0,120,0.0036778513766207764,0.5356761368375663,0.14509949348479295,0.881333828907159
786,63,38.99252622651126,0,120,0.008800280525305754,0.5662753692722904,0.13987401976699557,1.143490107468146
787,63,39.7527868268753,0,120,0.007254368706383645,0.5142975182835547,0.2580594538916624,0.8445377054892739
788,63,41.99782446591637,0,120,0.00645309114632529,0.5059724310535128,0.10876592339138985,0.8104371405574343
789,64,44.15970769627594,0,120,0.004158691041066987,0.5655101922556274,0.041268801996248106,1.0382772704392926
790,64,34.86412727032705,0,120,0.010764198499681826,0.5720814448803858,0.08520154651837156,1.1627715506016583
791,64,43.501750378536656,0,120,0.0027388437624148803,0.4779147097373169,0.2920373736915865,0.7979488842569744
792,64,43.96449841829573,0,120,0.0010548719790306666,0.5625262664320465,0.143636582466471,0.9999357008977832
793,64,39.284862143150306,0,120,0.004134527842655217,0.5842072331703775,0.19702393756639336,1.1106331954243958
794,64,43.48119434862181,0,120,0.016519605914788484,0.5485697645719414,0.26452016538889533,1.0487231312716507
795,64,39.459847129616655,0,120,0.008629480553854861,0.5154415189450072,0.1348703603639419,0.8308146860735871
796,64,43.65941153595936,0,120,0.003540798030384488,0.5328546669471695,0.1472865133813097,0.8955844838731205
797,64,41.220895351437605,0,120,0.010860462759438843,0.5840165990979123,0.07897738547726643,1.0410173025916698
798,65,38.44367603823716,0,120,0.013308668256214854,0.5483478803523092,0.026278939842979195,1.178593585959346
799,65,43.890270640848534,0,120,0.013038688947753539,0.565466748747381,0.22024472961944153,1.0056598446659104
800,65,39.13210631336089,1,73,0.004644393094133565,0.5303241962393764,0.10615156563212194,0.8447619186789989
801,65,44.33880590973143,0,120,0.005277158718685988,0.5218502724661518,0.3165939564622189,0.9036090676010143
802,65,44.76765320842786,0,120,0.008431177030778227,0.5273910108140378,0.10166440889177533,0.8997905711064669
803,65,40.25294262708064,0,120,0.005715063164954747,0.5791874018753281,0.05479544262329152,1.0501909588157474
804,65,45.20435953132926,0,120,0.005537133541713236,0.5147089118566831,0.20755629017409788,0.8266184305604612
805,65,43.223314518470026,0,120,0.006863886488663933,0.5638690563319366,0.031385090909241554,1.0392366859863962
806,66,41.29878170111495,0,120,0.005290814775950958,0.575730200916258,0.2387738664185134,1.0445980582279293
807,66,37.89095040320876,0,120,0.0054837991800623775,0.5620357317135127,0.19030364739290548,1.1981781974762258
808,66,41.321528846874784,0,120,0.00668682147382908,0.5616975960578626,0.14817232809955114,1.012311949143939
809,66,41.88078934914494,0,120,0.008464174446108433,0.5542231608917929,0.03451626609370003,1.0227103030365818
810,66,44.93823836724479,0,120,0.007755838245304089,0.5208838686005963,0.14609136487193744,0.8539674088824629
811,66,44.4494870757109,0,120,0.0045116050630918565,0.5307266273573259,0.25700764032196727,0.9101696732477293
812,66,33.852613205646385,1,67,0.00719354144427299,0.5865843177851322,0.15229918614804855,1.0498984163827985
813,66,41.91496968141855,0,120,0.004171562597879043,0.5185234375092088,0.24828123957716117,0.8559204904847512
814,66,41.97995671031302,0,120,0.0030635616577026773,0.5759478727578434,0.13801594218276816,0.979202247403745
815,67,39.96935500023901,0,120,0.009489527179412089,0.5522687257323341,0.07867630452748958,1.2117826617420013
816,67,41.32073040569573,0,120,0.008496515740144973,0.5813351659555108,0.12303672839189925,1.1233731911300748
817,67,34.35796384150422,0,120,0.005331921525214243,0.5688338374780993,0.09790722532160935,0.9572597087585529
818,67,25.362760374583928,1,35,0.00714852940662482,0.5025571307220715,0.1908257543521055,0.8061949153474193
819,67,38.014050716956376,0,120,0.0039013698280583814,0.5347541751765377,0.25650893299226696,0.8848689840608146
820,67,41.507265851423185,0,120,0.018091166474577286,0.5671935308122925,0.1246154079669205,1.0657152289875433
821,67,34.2144201973358,0,120,0.0143095660387791,0.5486894842681171,0.04882746162150558,0.986506338072517
822,67,36.73561502179169,1,75,0.0073438429725831995,0.579346639835601,0.1727679605941723,1.1202522938423003
823,67,34.03729309273285,1,64,0.006344532004740408,0.5866372759630377,0.11972508204890114,1.0695688282891853
824,67,43.8128882130045,0,120,0.004526027050871924,0.5332819693350016,0.2042394004410148,0.8567210729913117
825,67,42.68524172558025,0,120,0.0225925150775429,0.5547221994704357,0.1605952168356033,0.9970708755543731
826,68,40.94739759653035,1,90,0.005741708356237538,0.45356255410983154,0.19448729213285318,0.7277453261671599
827,68,39.69824215918368,0,120,0.01059386187916212,0.5366896892671431,0.02268290918659069,0.9717967739025024
828,68,43.58272645092091,0,120,0.007124998706559171,0.5305233701572359,0.14238837303899254,0.8421508145343795
829,68,40.9591533152622,0,120,0.0140752490874177,0.5645866800459056,0.13714950746259363,1.054598628521336
830,68,25.010585598355462,1,36,0.013644551818512554,0.5371536851778903,0.061639735267694624,0.9078903678371456
831,68,42.29259348184894,0,120,0.0025364705403289217,0.5892122849700485,0.14032902418696952,1.0895710584737186
832,68,42.595428303396965,0,120,0.0022115564423923623,0.5360583403607768,0.2639209818546518,0.8919886926184539
833,68,43.79153130523023,0,120,0.0035098340908398923,0.5709340113416153,0.16204418389757044,1.0278121242229628
834,68,39.270765898354234,0,120,0.0071792165189997256,0.5687211187489399,0.05139381652900904,1.1613436443245833
835,69,45.241526272888,0,120,0.004977277564392476,0.5637206768708398,0.2261658068129024,0.9823546660225861
836,69,41.70368468907569,0,120,0.015456439070229979,0.5680270220792568,0.13855566660328042,1.1173093349113314
837,69,50.254069895270845,1,105,0.0065633173523392905,0.5643802140428389,0.2341957289398049,0.980991842775762
838,69,43.02643840805197,0,120,0.0020520627016799922,0.5431565181728149,0.09235867497743269,0.9404842199012531
839,69,42.94265359944028,0,120,0.0075583788444485165,0.5724664972409632,0.08285585379806573,1.1658985975951142
840,69,44.94717344800254,0,120,0.003070882193177013,0.5578886572313326,0.19681765487465155,0.929671151440963
841,69,43.49341421560111,0,120,0.0039049063377520543,0.5795322925262115,0.13610874631647446,1.019293706109165
842,69,45.474566187901885,0,120,0.0044101722020107766,0.5794970953934308,0.14422598311489515,1.0111173418208792
843,69,34.07511163668166,0,120,0.010043304097125606,0.5538819666571975,0.1524300544957945,1.218983171364527
844,70,45.12480865938687,0,120,0.008217434253433836,0.5298898800770444,0.13742788719249627,0.8648481074255918
845,70,41.484742745170955,0,120,0.0030038987552821195,0.5829918563381513,0.2291248192404911,1.0791818345412592
846,70,44.91500977798519,0,120,0.005739477463060034,0.5712225823734887,0.25885652963968603,1.0788431346936171
847,70,47.32598191816176,0,120,0.0029102476263180924,0.5778618617947443,0.20716648927575376,1.0014850090625358
848,70,46.24665677317074,0,120,0.003287705116459688,0.5622302712130965,0.10625082474015193,0.9358518361909365
849,70,43.49841826856136,0,120,0.0017102548222681045,0.45656906651168333,0.1562161879776436,0.7280655137776857
850,70,44.764444871813176,0,120,0.004274305988306565,0.5833397618793845,0.07754661196315961,1.0845722225298302
851,70,45.08914331786314,0,120,0.002945815997764435,0.5834451768092938,0.21914252894171488,1.0653350454957318
852,71,23.401164338968815,0,120,0.005720155890060425,0.5363921975134779,0.2469177696891157,0.9277205646246659
853,71,43.616662276169414,0,120,0.009065153607602723,0.5664470273800088,0.09959214187394418,1.0485623890952078
854,71,44.215016515769236,0,120,0.011766689039919571,0.5592267257823096,0.049683362098458445,1.009624964577698
855,71,43.532060557755294,0,120,0.0012243240043802923,0.5327826556806375,0.23643212672258504,0.870261909960105
856,71,45.70311526694782,0,120,0.005657446787067199,0.5336191911517271,0.18675303898057652,0.8799291051843123
857,71,44.08118932957451,0,120,0.002418029198318945,0.5825708443370325,0.14492009051504937,1.0095625014986092
858,71,43.14364845431887,0,120,0.004941148329842059,0.5089289339453715,0.2789512371300924,0.8526765179802307
859,71,45.67944777099412,0,120,0.004838410250728355,0.48979940189685744,0.1343313215641393,0.784220886228037
860,71,47.104810743050386,0,120,0.0043761296791238035,0.5717904766924179,0.08568888841757274,0.9905833697845982
861,72,15.307872041217358,0,120,0.005497197189970471,0.566624350654003,0.03218886012210602,1.0560828867664611
862,72,43.66822118487494,0,120,0.0032523654237785584,0.5012172090644028,0.20185431877468152,0.8004934530077518
863,72,44.61909513149148,0,120,0.0032475855066044644,0.5744736144415021,0.2338006752246459,1.0549500926052258
864,72,-3.192812569511758,0,120,0.03313526352892659,0.5861010275621324,0.08001035003667124,1.0808855292558979
865,72,44.0015396766335,0,120,0.004019166025049551,0.4778078737681593,0.27808795142883674,0.7886901366120079
866,72,35.78030444435559,1,64,0.007741755477017145,0.5709167362017632,0.1487625628054902,1.0298951317876424
867,72,44.57775476079957,0,120,0.003005579033912881,0.5484789315703581,0.24734605529081627,0.9626338788888329
868,72,43.96705177190752,0,120,0.006627708363026441,0.5739258644624932,0.22669589434573062,1.0845462537778299
869,72,45.998278714369754,0,120,0.0008685989167247829,0.5667773224099224,0.15952664496984795,0.9763983862081884
870,73,45.98485431870732,0,120,0.0049056814323525325,0.517752879790453,0.319159651107735,0.9008035271206438
871,73,42.06002311093008,0,120,0.006860765439547024,0.5688324346219283,0.23733793760966929,1.0110718896847026
872,73,43.09966957031936,0,120,0.0032910417709875258,0.5310723053010784,0.2645202556284938,0.8834718491316134
873,73,41.60016711335207,0,120,0.012302575905637686,0.5564332458302652,0.12191912629566885,1.1939753477697606
874,73,43.28772304566137,0,120,0.005166800414170412,0.49519887314404626,0.22305475264465263,0.7948751579401377
875,73,44.00868485155082,0,120,0.0051426994833245285,0.5186765868086598,0.2569221274719026,0.8484941174381933
876,73,45.97830474001377,0,120,0.007419451625562388,0.5691135503380855,0.1471747861565785,0.9627931796179435
877,73,52.341949902961645,1,118,0.0022824426281374496,0.5246208689261646,0.22294263869688286,0.8479870360550505
878,74,45.34161559570068,0,120,0.0051570860245938625,0.5393505830305461,0.19255642958763114,0.8746313277957135
879,74,44.39998232130697,0,120,0.003322058860551167,0.469942779133761,0.34739109844026606,0.8174188649059931
880,74,46.24086435429292,0,120,0.0013681486982961965,0.5423794446063207,0.13611227376988855,0.8735692418065902
881,74,44.84694824931033,0,120,0.0053485209383481135,0.5671457419852043,0.19129008800334368,0.9996288738352375
882,74,44.67605184272967,0,120,0.0049915455424630285,0.5633481152589901,0.08650785336331182,1.0295034112501864
883,74,25.485425313832824,0,120,0.01561684547716198,0.5402916565963387,0.10587463154946468,0.9436495918167915
884,74,45.69395596460297,0,120,0.0032833534016746915,0.5587867513353941,0.13353404159299942,0.9153972213054942
885,74,45.47986002235021,0,120,0.007379118150502518,0.5755666438274387,0.1079007755402752,1.105254306242941
886,74,42.39860769199279,0,120,0.010558416031529787,0.5359378064948553,0.24683653367462888,0.9277611702753973
887,75,39.533764058932334,0,120,0.0030918170919374084,0.5645663275522896,0.17802364681318764,0.9318976110588325
888,75,39.37600182426843,0,120,0.004845908696599558,0.5753460045139718,0.23350483082521306,1.1373583467339576
889,75,44.30863933768909,0,120,0.002998979266753921,0.5723927387774721,0.16485467558082603,0.9660538287514641
890,75,43.520794360487805,0,120,0.008272896642278309,0.5625786132436732,0.26050562267235206,1.0107556482412736
891,75,40.53125090172546,0,120,0.007639293008090649,0.5554374275726872,0.22451240217681173,0.993712432494055
892,75,44.49406900786061,0,120,0.006892664946032006,0.5036379778848595,0.305995758743138,0.8630926188192265
893,75,44.923734832475745,0,120,0.007237044265379483,0.547271812596344,0.1820286810196263,0.9468442467522139
894,75,44.81021189789526,0,120,0.005544118281038025,0.5775906350207454,0.11448196546348069,1.0633049011608104
895,76,44.96905920580524,0,120,0.01284859459747232,0.5499835944769451,0.16746560184470743,0.9647118085263168
896,76,43.86395932645607,0,120,0.00026720377684212674,0.5221816371147654,0.2582849305234055,0.8612297894421483
897,76,44.07449554184579,0,120,0.008802308885538256,0.5170536072215592,0.25336492427338037,0.8610829132410324
898,76,45.199652588807474,0,120,0.0094531140206366,0.5478136241100255,0.1844802621462501,0.9242374834487331
899,76,44.49955143372393,0,120,0.007133514959899364,0.47653029460928203,0.12907416918207767,0.7531717160961038
900,76,44.708348986557915,0,120,0.008071047238532747,0.5194600595059385,0.3168853084751679,0.9132614496964818
901,76,42.10493454989754,0,120,0.009305249828249453,0.5689921063677448,0.06539562000439773,1.1006292526637935
902,76,45.73594958057289,0,120,0.005729102048502518,0.5144436599491753,0.06291246665975099,0.8592725168826301
903,76,42.52069731634736,0,120,0.0021432593476240977,0.5761926639741373,0.09731995783309755,1.117180090328562
904,77,46.30453170980548,0,120,0.006146660271528219,0.5441597415873527,0.27488441219497706,0.9295920622956128
905,77,51.391203014744036,1,107,0.002304497312765719,0.5571412139213472,0.1109386337912594,0.9075645100451142
906,77,45.265109670912345,0,120,0.0023419557656314005,0.5360234339593893,0.15610232473374935,0.8574556308721741
907,77,47.58324967397405,0,120,0.0017869763693006788,0.5425110385015827,0.23916849919203992,0.9019238215516847
908,77,26.92400588201791,0,120,0.002498366183330463,0.5150506317227292,0.13461390814283244,0.8131478315736248
909,77,24.554921641911058,1,31,0.005470021935464412,0.5638047571040661,0.1496360039066899,1.0441241917463278
910,77,26.548335911539034,0,120,0.008375314919579978,0.5303959210612641,0.17868096040835582,0.8610873458248743
911,77,43.42428702179166,0,120,0.008248171454607319,0.5698711367576701,0.08721080418239892,1.1187229389438962
912,77,52.55116568630493,1,119,0.00373856295363216,0.5753645479091283,0.14863641730530824,1.1698038624899338
913,78,42.71255944728229,0,120,0.014194751848281674,0.5709504403277493,0.16382763638162115,1.1406054150036464
914,78,41.45620121970491,0,120,0.005156780194324195,0.5602461460800899,0.04843243822148047,1.1162287207556194
915,78,40.258479947212805,0,120,0.007522493810292966,0.5576739628463495,0.14915585297431389,1.205148517666584
916,78,41.82827045923907,0,120,0.006159672114004181,0.5736749932922146,0.26000015600693643,1.0789971258237507
917,78,25.222316174345607,1,36,0.017945916504337456,0.5644295912873907,0.06855985054009783,1.1321105752848641
918,78,43.06180763972085,0,120,0.0060882235299062675,0.5754911741367329,0.16806308587721308,0.9986646100237278
919,78,42.924730762694004,0,120,0.002602561147868013,0.5745726784063221,0.159259734432306,0.9685610807376155
920,78,44.745703113416525,0,120,0.009306558178961654,0.5644607936438493,0.10472035794273618,1.1305104394700765
921,78,45.011386548978265,0,120,0.0066677611051902275,0.5410407810197063,0.12306030989534171,0.8871992995667921
922,78,45.33249425626471,0,120,0.005564276134787471,0.5728169766715844,0.08039592345254397,0.9698181081485129
923,79,29.72048383459545,1,47,0.00449180274391046,0.5475561832528552,0.12779569370785698,0.8965486239435828
924,79,43.28930356231912,0,120,0.003268658461593159,0.578377382278827,0.1587372719382963,1.1526360490601897
925,79,44.55842110060077,0,120,0.008887561086648342,0.5617363598009125,0.014818813962413408,1.0248609384951972
926,79,45.37130555734866,0,120,0.0060935534940825195,0.5062822680382681,0.17370033988705005,0.8069769648608562
927,79,42.655650027115044,0,120,0.004529945917743883,0.5806736208854392,0.057254922504452035,1.0759429162420182
928,79,44.70582340156518,0,120,0.0033954433864033513,0.5625138110358916,0.250432388886922,0.9708755725811871
929,79,44.02866977149204,0,120,0.004053850277060822,0.46589931491045494,0.3048579058052202,0.7821115141926823
930,79,46.85183949012989,0,120,0.005107071392179395,0.5391600169309458,0.28927783802206264,0.9429934296470405
931,79,45.90006530512372,0,120,0.0045993735614640275,0.558091440635416,0.2191740293704987,0.9619229675892595
932,80,44.00743392494522,0,120,0.008730606801968065,0.5359277517650927,0.2938042389827254,0.9650072092162134
933,80,45.16142510678141,0,120,0.0038818257823730645,0.5139139220879446,0.2869193896540125,0.8529459441659184
934,80,43.23105722253565,0,120,0.006236015346359788,0.5312046459475951,0.20924091286650912,0.8538482238282046
935,80,43.37674756096677,0,120,0.007446103782627319,0.5763762084546584,0.21355054310436103,1.1036399843929032
936,80,42.80831235204923,0,120,0.0017796998482359973,0.5826554911181759,0.11840165232873029,1.0744783330412127
937,80,42.737858588508104,0,120,0.0036686806143217455,0.5857983865389558,0.18280426681667936,1.0491235007030342
938,80,42.27950506919746,0,120,0.006802435263701251,0.5703779040037872,0.05770852646455824,1.013439731501231
939,80,45.53941312326991,0,120,0.008889011741388326,0.5721912788335712,0.19613218237911542,1.0457383697378735
940,81,42.95020015481598,0,120,0.014899491029696689,0.5707197882332727,0.14429440591588744,1.1401423921736649
941,81,45.049155120801665,0,120,0.00759586477415498,0.5136474323654662,0.1202156950928938,0.8465366233763043
942,81,41.96224041409533,0,120,0.00820355274397038,0.5705108668388091,0.16869843687828537,1.1881880191332854
943,81,45.50059461956559,0,120,0.00495929755669629,0.5193818979640632,0.2589328976729392,0.8478621680284493
944,81,47.21152614713603,0,120,0.004290548550622576,0.5464399227093744,0.2737907844546315,0.9528542506722634
945,81,45.11397726416642,0,120,0.006599476724066991,0.5092084040238894,0.14498707469115774,0.8024980289996947
946,81,40.56530525515445,0,120,0.008799256899968388,0.55520426225624,0.22455462062697976,1.2192424608875085
947,81,43.08191255683429,0,120,0.011666035770926824,0.5512395953970217,0.28197726484614916,1.0992925004827172
948,81,43.884929574827986,0,120,0.011520993141218206,0.5760321296069331,0.14842886364163402,1.068496399173668
949,82,40.83368498405658,0,120,0.004598457654446106,0.5828045485459605,0.07028702057271131,1.1004762041227867
950,82,45.487107489661305,0,120,0.01120243042250339,0.560086861737614,0.2090782854969055,0.9916642165987348
951,82,38.75277380071099,0,120,0.010810221585495418,0.5528220631775251,0.02616963106770683,1.1957293980895543
952,82,41.84929188947966,0,120,0.004652354281226005,0.5832379339102673,0.07828571976368488,1.1097427090156375
953,82,32.50956177982465,0,120,0.005592823300349445,0.5336807806381805,0.24788495182833542,0.9351157303961118
954,82,42.93673021856605,0,120,0.004878136952440863,0.5595100021105688,0.08085667416419515,0.9625736497286305
955,82,44.842245729733904,0,120,0.0037640021642931097,0.5627379493252452,0.15208059354380984,0.9261805405862525
956,82,43.79548051981403,0,120,0.015803654422845252,0.5536077212990543,0.19226244381114602,1.0016473334886267
957,83,43.22922402479168,0,120,0.00980018968901075,0.5518470264872221,0.16304634499688483,0.9348172021112119
958,83,46.47259202528375,0,120,0.004677164943068546,0.5031840572594805,0.240028783713801,0.8204527081095807
959,83,42.84057508840803,0,120,0.010978536892716089,0.5742551858863991,0.13088650131167506,1.0144478284327039
960,83,43.433050347325484,0,120,0.006776344061848551,0.5568736270975435,0.12785217587661526,0.9540688775955849
961,83,45.22595343714285,0,120,0.004629739192015117,0.5448452390293408,0.23440763937299522,0.9106646874381834
962,83,45.04112537988468,0,120,0.004150393733860774,0.49086590424305154,0.24425919168987636,0.7972378527654743
963,83,41.73389959748865,0,120,0.007737030169187507,0.5728971553164975,0.08135235285461838,1.1087970590240093
964,83,40.56915096780265,0,120,0.010337680727245915,0.5735265775923405,0.13252527998739894,1.0886783144365733
965,83,43.99718474095817,0,120,0.01436181783411229,0.5511398735178387,0.19106440409810724,0.9759690173116203
966,84,44.73070199827067,0,120,0.0072376239964892205,0.5691968118286512,0.09130537122173743,1.0111328035993468
967,84,44.513430513601655,0,120,0.012374025765773318,0.5286459180194931,0.17392709947651055,0.8789535117474725
968,84,45.87868579847171,0,120,0.007931905179166657,0.5630822432090165,0.14039836199534111,0.9976737289580643
969,84,40.76095551513902,0,120,0.006389599272968323,0.5797312477169454,0.11034548549806525,1.1300069684926548
970,84,41.13711850354154,0,120,0.0112066159403184,0.5756569971124736,0.15131472103757335,1.1720237368004214
971,84,47.03829795154373,0,120,0.00783687170445531,0.541970015101679,0.2851899987942364,0.9510565121193245
972,84,45.88026813337543,0,120,0.004095160222989121,0.46818074692244727,0.1723243669403238,0.7448500535165943
973,84,26.02933320163612,1,36,0.0046652446931107075,0.4929764325450944,0.14569067667734922,0.7847983318270634
974,84,45.35111493448291,0,120,0.0047210236342746315,0.563419370859493,0.21987870083349942,0.9630461812990064
975,85,44.39615022426297,0,120,0.011108492496064708,0.5676296004609733,0.06838550957450971,1.0889373222614462
976,85,45.17046924768393,0,120,0.0035691965349684664,0.5783609768534922,0.21288409362645908,1.1256068758871431
977,85,45.46730560307857,0,120,0.004095902288470734,0.5651727007933314,0.23133337230139933,0.9603399498026942
978,85,47.186516581145305,0,120,0.0030600778165983757,0.5632761694908084,0.2328252267824133,0.9909923028301513
979,85,12.950986068428824,0,120,0.011194596045123517,0.5362995727631049,0.159961311736229,0.8917603504970762
980,85,46.56393257607134,0,120,0.007723661041936438,0.5692001080867748,0.19239036042568572,0.9993817853563269
981,85,46.636147393027315,0,120,0.0025210659834579486,0.574601863312622,0.2334825353591654,1.0068212881168674
982,85,46.10316204233723,0,120,0.004707425395699113,0.5821661323384085,0.17557428013342324,1.0173368741486168
983,85,44.32722297589507,0,120,0.0015176627285689896,0.5790946071713285,0.21871316805446547,1.115284872013471
984,86,42.262919802043605,0,120,0.011709570548508318,0.5640065057962761,0.07219220012379735,1.0105148882626256
985,86,30.852380314468913,0,120,0.015617721184582264,0.567172865030478,0.15284004400242596,1.132479927023129
986,86,42.95395131266632,0,120,0.005583993947927273,0.5781865538111247,0.04905212239719342,1.0804206126802467
987,86,52.5066670070393,1,120,0.016251499334250033,0.5620334843080642,0.13794173263960588,1.1824129117594144
988,86,43.671145396180776,0,120,0.003871548938506488,0.47583582176168404,0.18824309129534014,0.7558253606282416
989,86,45.53761007012876,0,120,0.004140587964182865,0.4994679335268187,0.22341359770876693,0.8104092906813538
990,86,42.57552898190722,1,77,0.007526706672536179,0.5077780608414989,0.2510289512807756,0.8476965014603741
991,86,41.93288721517958,0,120,0.01190698795372264,0.5740533502322014,0.09467177093704567,1.0851813856657189
992,87,42.88077779701112,0,120,0.011309698020471173,0.5657519942584257,0.06087369625185236,1.0925383512666722
993,87,43.92034434076291,0,120,0.017207532845488597,0.5707600301265066,0.14140306735126756,1.0791317657311879
994,87,45.380813554096186,0,120,0.010085571123408832,0.5564104219177977,0.04727503788734733,1.0040930025354813
995,87,38.08568262197811,0,120,0.0035630240117723666,0.5818935392106803,0.06522654745051534,1.0869277067554126
996,87,40.901175102986926,0,120,0.0030049615294158714,0.5678200990513265,0.11141689046075835,1.1839848784406601
997,87,43.402948651541145,0,120,0.007381908655013945,0.5659913963565173,0.04783730808408764,1.003228768749867
998,87,47.982713031661405,0,120,0.007208512945107912,0.4970406319887878,0.34926103075025283,0.8898016672131286
999,87,37.00315447251681,0,120,0.005358456302525006,0.5442141622390259,0.031060109725987196,1.2061892989152874
1000,87,40.124036486647825,0,120,0.012583980564211979,0.5634735145199686,0.08046124085570375,1.1809773621332151
1001,88,44.57889012477817,0,120,0.0133380303727734,0.5564222593577501,0.1939444398594358,0.9694769171732978
1002,88,44.39453858274489,0,120,0.006156460617774909,0.5647367747572889,0.09561013431314565,1.0309165165259306
1003,88,41.53226302823623,0,120,0.01573491343018278,0.5672096510689413,0.10468151574474756,1.1626760647530632
1004,88,45.22574307056989,0,120,0.007002652927916627,0.5072235677855371,0.1326108967486779,0.8126081843543009
1005,88,44.03084576155314,0,120,0.003568778946118754,0.5789803489442974,0.1224868482064073,1.002965066032535
1006,88,44.50899553003293,0,120,0.0027047672273009084,0.5742008792609975,0.09831964000848457,0.9711919691961524
1007,88,44.640113622873386,0,120,0.004570966214818203,0.518201123413014,0.3039044668751862,0.883657345262809
1008,88,46.34561329246241,0,120,0.006257965581742191,0.5675657219474504,0.23222084805112095,1.0450167915293544
1009,88,45.53012947366761,0,120,0.009477370475465001,0.5563118811132447,0.14647977761343958,0.940922350176281
1010,89,45.42829004481516,0,120,0.003630377579513275,0.5714976336925869,0.23213618852708787,0.99451170413697
1011,89,51.80460765775619,1,104,0.004304268588145675,0.5532572088293599,0.22479533417425618,0.9157905815448966
1012,89,45.770376796753794,0,120,0.012244456550213436,0.5655198710276504,0.07905762717345191,1.0168517749221428
1013,89,46.71026237246799,0,120,0.00379824358927664,0.5708036458167678,0.2444574599854058,1.016203755933502
1014,89,44.71967303822665,0,120,0.006702645261705425,0.5484431549193267,0.2054660334007696,0.8957119311187826
1015,89,46.2972826919677,0,120,0.000977790701047022,0.5712321964745226,0.24955051994647645,1.0135694825694472
1016,89,45.922554859015534,0,120,0.0022613176990239105,0.49733838232546396,0.22958226214179867,0.8088804068515363
1017,89,45.32623423510238,0,120,0.00555473633819083,0.5849889534705885,0.18404397409212267,1.0818544490144553
1018,90,46.20400379208778,0,120,0.0030656998619608094,0.5016709254892435,0.14751313181838296,0.7990327778415668
1019,90,45.0675033034752,0,120,0.0006030636972178289,0.5621039112269121,0.048219197606433756,0.9931094567992282
1020,90,44.235769445994755,0,120,0.0025867955197090642,0.5543346361808649,0.16162020032697352,0.929488179679966
1021,90,44.832326819131595,0,120,0.005479380091303993,0.5760676913083005,0.1313483361951308,1.066020053242407
1022,90,43.71470054613024,0,120,0.007640951463792184,0.5564939996370586,0.26385625990721595,0.971023967858236
1023,90,43.02216006708034,0,120,0.0068618113760364995,0.579791794831497,0.05654408594379863,1.0438654807947465
1024,90,46.495179338830255,0,120,0.005533002560006613,0.5321450639640635,0.10195907205020772,0.8822599328701428
1025,90,47.09553239002163,0,120,0.0037666503701726376,0.5366982204981607,0.23718853211234492,0.8773120958151484
1026,90,44.91370531532284,0,120,0.009152038461857435,0.5757253734619462,0.1722003922017744,1.1072285355837053
1027,91,45.51877073297987,0,120,0.004949170183869025,0.496274948120055,0.1586777647518862,0.7874182382140079
1028,91,45.655299454885956,0,120,0.005302440015491449,0.4838709814919793,0.22178842494506992,0.7765199352577181
1029,91,45.105818487229556,0,120,0.009764967144998405,0.5500699947080161,0.21440900809066368,0.9509685151353644
1030,91,46.63404602557055,0,120,0.006443537661785994,0.5591928722526817,0.22785451047809296,0.9681138020395887
1031,91,47.82909775356312,0,120,0.004568816869388451,0.5141204638731404,0.3011794116515632,0.8906444514835944
1032,91,46.841667017307465,0,120,0.004423163202957895,0.502818304076879,0.15194283637134273,0.8090233931916796
1033,91,47.17922305897977,0,120,0.0012064160229431572,0.5209290504859201,0.30156028010953984,0.8902827031755409
1034,91,41.54702419604846,0,120,0.007548950717014264,0.5647710850069756,0.13466925652012532,1.1124964961633834
1035,92,46.77589114084549,0,120,0.0055028298555782375,0.5520370957446799,0.2703949226851309,0.9458424915859401
1036,92,46.12217803612418,0,120,0.007969760643105284,0.5726289117074014,0.10894999456005058,1.0220155677422544
1037,92,47.53910513807607,0,120,0.0018614513049778115,0.5567422824263893,0.09914651875284741,0.9205069793141413
1038,92,39.6682728730165,1,72,0.003214989276129251,0.5710474120169562,0.12765252707356642,0.9819059624725929
1039,92,43.40073170434328,0,120,0.005483021798722232,0.5641906862494894,0.1393726458973898,1.1136661666060754
1040,92,47.637543072246324,0,120,0.004707232723275848,0.5312839535275117,0.10794117980094277,0.8900691395919996
1041,92,48.40323205991003,0,120,0.007312133504274564,0.5697692534669366,0.1653411266924926,0.9959089516470168
1042,92,19.094362049717127,0,120,0.0069374909603091535,0.5477931490716681,0.08201513987257764,0.9216690686031611
1043,92,48.4853039170419,0,120,0.0015462996631113509,0.5579540434727273,0.21385637609951486,0.9333019411076194
1044,93,47.46703429153793,0,120,0.0024529827532319124,0.49902753162141206,0.20796626825453812,0.8060241204958554
1045,93,47.94927439015728,0,120,0.003787919893198927,0.5265043826056887,0.30673589988008204,0.8966233595422698
1046,93,27.568169470867296,0,120,0.005369457555311146,0.545454950300024,0.1411041716283626,0.8974457972113961
1047,93,14.36583441704318,0,120,0.007315154169987189,0.533857816748792,0.1890472728476249,0.91094122875777
1048,93,45.21783333333089,0,120,0.0011919361888423508,0.5861392060154893,0.11185271742968744,1.0681690402345414
1049,93,47.43910036347266,0,120,0.005943188401779573,0.5619389049364979,0.2189189611969902,0.9696407168016403
1050,93,43.8282641645247,0,120,0.012492078795558336,0.5599712177371008,0.12945526393860954,1.198267354172696
1051,93,43.685859516826255,0,120,0.006065989282585768,0.5826716933155882,0.1751241187732376,1.0602248146368143
1052,93,45.70096711151422,0,120,0.004049363156501868,0.5535735263854538,0.1657895228992192,0.9861534899455696
1053,94,46.149916076135305,0,120,0.008384550528215618,0.5732744172062687,0.12416589939177772,1.0235854907091164
1054,94,44.91206789137894,0,120,0.01350136509005622,0.5678527011050166,0.08562355530731881,1.0540897185297877
1055,94,47.72169506615576,0,120,0.0012340175650008033,0.539644325879808,0.1536065212242941,0.8703009219629722
1056,94,42.82014528058528,0,120,0.014565654480390959,0.5548456096969117,0.010111756484719951,1.138767749470732
1057,94,44.415019199137376,0,120,0.005993891370497921,0.563741503009815,0.19829580760134835,1.1755090635512426
1058,94,45.256731170554865,0,120,0.007049589733593639,0.5639169384926656,0.17555838810689245,1.0676379958409101
1059,94,45.53892542200205,0,120,0.006739202726592432,0.5524405667684885,0.1656492281966801,0.9604392920594663
1060,94,48.88494831901344,0,120,0.004669389953515769,0.5701784373493388,0.24093602963173585,1.0121956326835733
1061,95,46.96428860028158,0,120,0.005015107513820934,0.5351949347896361,0.2561642918147957,0.9040917084900687
1062,95,51.30320249359177,1,103,0.004801788352459818,0.5573438133057398,0.1737952854811071,1.0139321639105785
1063,95,45.30510321134101,0,120,0.008075408523551956,0.5663098161397137,0.14802029175880885,1.1699170520614115
1064,95,43.00213128650813,0,120,0.012278057327613206,0.5588045885399568,0.16622858348949818,1.1980985096887509
1065,95,43.81233013484675,0,120,0.005899510507031843,0.5666607239178051,0.1592040117029834,1.2055211268805954
1066,95,43.52877622385045,0,120,0.007368089976572216,0.47286486435419267,0.2936750889099146,0.7877086131679806
1067,95,46.64245931923171,0,120,0.0036721861551136615,0.5291624414847033,0.2051781410044452,0.851952836538458
1068,95,48.60289267853356,0,120,0.004512978415508537,0.5307546483061782,0.29371118087005027,0.9200487034348301
1069,95,40.79166656066608,0,120,0.012386925643675134,0.5487545765051074,0.19102321113631804,0.9770521428285731
1070,96,52.763263740746815,1,105,0.004550955762038914,0.5684746449214145,0.22662048310284166,0.985186991780531
1071,96,41.9926320763581,0,120,0.011825631876406333,0.5534133492035267,0.0883908838805935,1.2299348668061065
1072,96,47.48006393249642,0,120,0.004346152068601636,0.5374184841350164,0.18302446745327006,0.9058442673623748
1073,96,48.89115160411361,0,120,0.009263107904960375,0.5248828923006936,0.15089225502130155,0.889968640475062
1074,96,44.25179489525084,0,120,0.0040223917322213705,0.5756972019296719,0.17123253375889727,1.1673670159280498
1075,96,36.555850633929296,0,120,0.006874509896636356,0.5683874493917941,0.19612503120087776,0.9667041257287318
1076,96,48.10151818461999,0,120,0.009811700852519319,0.5649014202192156,0.25285140202903905,1.0530321759246342
1077,96,28.419268933576998,0,120,0.014617464521934907,0.5674004476116219,0.04931925203842084,1.1701871522105167
1078,96,46.78680567512021,0,120,0.008256995014021242,0.48338812141111814,0.254835961176972,0.7868074947994371
1079,97,51.76558111514868,1,106,0.006754301598978456,0.5803115006284161,0.17648708445238,1.0354289587557637
1080,97,49.53464538901763,0,120,0.0036123114058865856,0.5168250706756844,0.2946791365968659,0.8913209214198015
1081,97,47.208774747865846,0,120,0.0172031397434456,0.549359857996775,0.19815325077476076,0.976786361262953
1082,97,46.123000173576386,0,120,0.003794717726094733,0.5821857828838505,0.13715388130152237,1.0199758826885035
1083,97,47.84311248474447,0,120,0.006345778320025159,0.481176226128754,0.29333797137493456,0.7979138098897542
1084,97,41.666992625212714,0,120,0.015657085138447064,0.5519198072656089,0.144400292869208,1.2350848157391408
1085,97,35.69670958092328,0,120,0.003956482069994105,0.5810760768153824,0.04929287389885551,1.0595010121701351
1086,97,43.82409720305966,0,120,0.004386443287280987,0.5662536729931408,0.05786021196188503,1.1547403109217806
1087,98,47.350840308766244,0,120,0.008944757794455551,0.509335352168408,0.3154678512107711,0.8638294363877617
1088,98,44.46157204612555,0,120,0.0081126507337385,0.5650710458603992,0.15729991605116223,1.06511587258565
1089,98,46.47850410554769,0,120,0.003222572376940567,0.54182023058451,0.14094731050199472,0.8747707301499651
1090,98,47.337752169842744,0,120,0.004239844069982576,0.48661401483269917,0.1895519684928249,0.7759910479652379
1091,98,47.84458445749805,0,120,0.005138294484843254,0.5745499846225531,0.18955964418537607,0.9737149600050935
1092,98,46.068415409358686,0,120,0.00700359635542664,0.5336830220961393,0.12397345883691076,0.8629079203843523
1093,98,43.29888279696205,0,120,0.007855960607753463,0.5608305977758956,0.06996208823332173,1.1713908092845122
1094,98,28.512686355210533,1,40,0.01027083832970644,0.5671001838399068,0.10337577398360398,1.0389425466958653
1095,98,47.145008215839226,0,120,0.009348844761086328,0.5570234767909414,0.1694882642193553,1.0082002439024214
1096,99,47.19552233046273,0,120,0.0068136118467640745,0.5635977500267308,0.11003565406833003,0.9605050963530025
1097,99,47.71750058350494,0,120,0.004237260396395562,0.5432385043666751,0.22665951119761205,0.952767057070811
1098,99,47.61926435144378,0,120,0.006515563905056443,0.5264202057247287,0.20413485576127477,0.848206760622977
1099,99,48.818793129786414,0,120,0.007524951101233871,0.5684885324474667,0.18197119243361287,0.9910697937650391
1100,99,53.95553842778192,1,110,0.0048334808694381545,0.5829162568374162,0.18473488203516542,1.0359596573568057
1101,99,13.941505752445456,0,120,0.010938018691353047,0.5421772855686005,0.17410647233058094,0.9142749771401903
1102,99,48.87824385065416,0,120,0.0052459050435743415,0.5696726256900769,0.22320819374811876,1.0391723115680445
1103,99,46.39850882777089,0,120,0.013026076237467843,0.5393162154874498,0.10167036255354499,0.9341305826730842
1104,99,44.582583770421266,0,120,0.002982145553872998,0.5166017106868099,0.1261764256772237,0.8205726784339414
1105,100,45.84668322907903,0,120,0.005351508066259914,0.5463529635228409,0.03736877523705314,0.9270158951905365
1106,100,43.31354596370835,0,120,0.007790465338911814,0.5721526698845503,0.09080494060337613,1.0987794649837759
1107,100,46.69169465709716,0,120,0.008118080260662994,0.5599470010785831,0.0937607509233107,1.006679036985283
1108,100,46.1652398501698,0,120,0.002784281996760259,0.5680771127126163,0.06716541213291873,0.9585508658721719
1109,100,48.23570850430882,0,120,0.004911352270113905,0.5265752169387903,0.18845905252388942,0.8533171444260118
1110,100,26.93826822572934,0,120,0.010881107730661586,0.5370412488016849,0.11746926894796636,0.8941775105686617
1111,100,46.15424647150886,0,120,0.0018227042425725851,0.588455351148938,0.13265884371820683,1.0506511978943114
1112,100,44.139815768804716,0,120,0.0059677165289122635,0.5817974344463279,0.11079364118623398,1.114376430180818
1113,100,33.929431032505356,0,120,0.007179367800197302,0.5324105277277508,0.12379995681641412,0.8459435671486366
