time,phase,fingertip_x,fingertip_y,fingertip_z,target_x,target_y,target_z,distance,touched
0.002,REST,0.19759842218824178,-0.060901315743422293,0.9290381090232712,0.37549282987583743,-0.0405141709042154,1.015480865920354,0.19883260844535397,0
0.004,REST,0.19759842218824178,-0.060901315743422293,0.9290381090232712,0.37549282987583743,-0.0405141709042154,1.015480865920354,0.19883260844535397,0
0.006,REST,0.19759842218824178,-0.060901315743422293,0.9290381090232712,0.37549282987583743,-0.0405141709042154,1.015480865920354,0.19883260844535397,0
0.008,REST,0.19759842218824178,-0.060901315743422293,0.9290381090232712,0.37549282987583743,-0.0405141709042154,1.015480865920354,0.19883260844535397,0
0.01,REST,0.19759842218824178,-0.060901315743422293,0.9290381090232712,0.37549282987583743,-0.0405141709042154,1.015480865920354,0.19883260844535397,0
0.012,REST,0.19759842218824178,-0.060901315743422293,0.9290381090232712,0.37549282987583743,-0.0405141709042154,1.015480865920354,0.19883260844535397,0
0.014,REST,0.19759842218824178,-0.060901315743422293,0.9290381090232712,0.37549282987583743,-0.0405141709042154,1.015480865920354,0.19883260844535397,0
0.016,REST,0.19759842218824178,-0.060901315743422293,0.9290381090232712,0.37549282987583743,-0.0405141709042154,1.015480865920354,0.19883260844535397,0
0.018000000000000002,REST,0.19759842218824178,-0.060901315743422293,0.9290381090232712,0.37549282987583743,-0.0405141709042154,1.015480865920354,0.19883260844535397,0
0.020000000000000004,REST,0.19759842218824178,-0.060901315743422293,0.9290381090232712,0.37549282987583743,-0.0405141709042154,1.015480865920354,0.19883260844535397,0
0.022000000000000006,REST,0.19759842218824178,-0.060901315743422293,0.9290381090232712,0.37549282987583743,-0.0405141709042154,1.015480865920354,0.19883260844535397,0
0.024000000000000007,REST,0.19759842218824178,-0.060901315743422293,0.9290381090232712,0.37549282987583743,-0.0405141709042154,1.015480865920354,0.19883260844535397,0
0.02600000000000001,REST,0.19759842218824178,-0.060901315743422293,0.9290381090232712,0.37549282987583743,-0.0405141709042154,1.015480865920354,0.19883260844535397,0
0.02800000000000001,REST,0.19759842218824178,-0.060901315743422293,0.9290381090232712,0.37549282987583743,-0.0405141709042154,1.015480865920354,0.19883260844535397,0
0.030000000000000013,REST,0.19759842218824178,-0.060901315743422293,0.9290381090232712,0.37549282987583743,-0.0405141709042154,1.015480865920354,0.19883260844535397,0
0.032000000000000015,REST,0.19759842218824178,-0.060901315743422293,0.9290381090232712,0.37549282987583743,-0.0405141709042154,1.015480865920354,0.19883260844535397,0
0.034000000000000016,REST,0.19759842218824178,-0.060901315743422293,0.9290381090232712,0.37549282987583743,-0.0405141709042154,1.015480865920354,0.19883260844535397,0
0.03600000000000002,REST,0.19759842218824178,-0.060901315743422293,0.9290381090232712,0.37549282987583743,-0.0405141709042154,1.015480865920354,0.19883260844535397,0
0.03800000000000002,REST,0.19759842218824178,-0.060901315743422293,0.9290381090232712,0.37549282987583743,-0.0405141709042154,1.015480865920354,0.19883260844535397,0
0.04000000000000002,REST,0.19759842218824178,-0.060901315743422293,0.9290381090232712,0.37549282987583743,-0.0405141709042154,1.015480865920354,0.19883260844535397,0
0.04200000000000002,REST,0.19759842218824178,-0.060901315743422293,0.9290381090232712,0.37549282987583743,-0.0405141709042154,1.015480865920354,0.19883260844535397,0
0.044000000000000025,REST,0.19759842218824178,-0.060901315743422293,0.9290381090232712,0.37549282987583743,-0.0405141709042154,1.015480865920354,0.19883260844535397,0
0.04600000000000003,REST,0.19759842218824178,-0.060901315743422293,0.9290381090232712,0.37549282987583743,-0.0405141709042154,1.015480865920354,0.19883260844535397,0
0.04800000000000003,REST,0.19759842218824178,-0.060901315743422293,0.9290381090232712,0.37549282987583743,-0.0405141709042154,1.015480865920354,0.19883260844535397,0
0.05000000000000003,REST,0.19759842218824178,-0.060901315743422293,0.9290381090232712,0.37549282987583743,-0.0405141709042154,1.015480865920354,0.19883260844535397,0
0.05200000000000003,REST,0.19759842218824178,-0.060901315743422293,0.9290381090232712,0.37549282987583743,-0.0405141709042154,1.015480865920354,0.19883260844535397,0
0.054000000000000034,REST,0.19759842218824178,-0.060901315743422293,0.9290381090232712,0.37549282987583743,-0.0405141709042154,1.015480865920354,0.19883260844535397,0
0.056000000000000036,REST,0.19759842218824178,-0.060901315743422293,0.9290381090232712,0.37549282987583743,-0.0405141709042154,1.015480865920354,0.19883260844535397,0
0.05800000000000004,REST,0.19759842218824178,-0.060901315743422293,0.9290381090232712,0.37549282987583743,-0.0405141709042154,1.015480865920354,0.19883260844535397,0
0.06000000000000004,REST,0.19759842218824178,-0.060901315743422293,0.9290381090232712,0.37549282987583743,-0.0405141709042154,1.015480865920354,0.19883260844535397,0
0.06200000000000004,REST,0.19759842218824178,-0.060901315743422293,0.9290381090232712,0.37549282987583743,-0.0405141709042154,1.015480865920354,0.19883260844535397,0
0.06400000000000004,REST,0.19759842218824178,-0.060901315743422293,0.9290381090232712,0.37549282987583743,-0.0405141709042154,1.015480865920354,0.19883260844535397,0
0.06600000000000004,REST,0.19759842218824178,-0.060901315743422293,0.9290381090232712,0.37549282987583743,-0.0405141709042154,1.015480865920354,0.19883260844535397,0
0.06800000000000005,REST,0.19759842218824178,-0.060901315743422293,0.9290381090232712,0.37549282987583743,-0.0405141709042154,1.015480865920354,0.19883260844535397,0
0.07000000000000005,REST,0.19759842218824178,-0.060901315743422293,0.9290381090232712,0.37549282987583743,-0.0405141709042154,1.015480865920354,0.19883260844535397,0
0.07200000000000005,REST,0.19759842218824178,-0.060901315743422293,0.9290381090232712,0.37549282987583743,-0.0405141709042154,1.015480865920354,0.19883260844535397,0
0.07400000000000005,REST,0.19759842218824178,-0.060901315743422293,0.9290381090232712,0.37549282987583743,-0.0405141709042154,1.015480865920354,0.19883260844535397,0
0.07600000000000005,REST,0.19759842218824178,-0.060901315743422293,0.9290381090232712,0.37549282987583743,-0.0405141709042154,1.015480865920354,0.19883260844535397,0
0.07800000000000006,REST,0.19759842218824178,-0.060901315743422293,0.9290381090232712,0.37549282987583743,-0.0405141709042154,1.015480865920354,0.19883260844535397,0
0.08000000000000006,REST,0.19759842218824178,-0.060901315743422293,0.9290381090232712,0.37549282987583743,-0.0405141709042154,1.015480865920354,0.19883260844535397,0
0.08200000000000006,REST,0.19759842218824178,-0.060901315743422293,0.9290381090232712,0.37549282987583743,-0.0405141709042154,1.015480865920354,0.19883260844535397,0
0.08400000000000006,REST,0.19759842218824178,-0.060901315743422293,0.9290381090232712,0.37549282987583743,-0.0405141709042154,1.015480865920354,0.19883260844535397,0
0.08600000000000006,REST,0.19759842218824178,-0.060901315743422293,0.9290381090232712,0.37549282987583743,-0.0405141709042154,1.015480865920354,0.19883260844535397,0
0.08800000000000006,REST,0.19759842218824178,-0.060901315743422293,0.9290381090232712,0.37549282987583743,-0.0405141709042154,1.015480865920354,0.19883260844535397,0
0.09000000000000007,REST,0.19759842218824178,-0.060901315743422293,0.9290381090232712,0.37549282987583743,-0.0405141709042154,1.015480865920354,0.19883260844535397,0
0.09200000000000007,REST,0.19759842218824178,-0.060901315743422293,0.9290381090232712,0.37549282987583743,-0.0405141709042154,1.015480865920354,0.19883260844535397,0
0.09400000000000007,REST,0.19759842218824178,-0.060901315743422293,0.9290381090232712,0.37549282987583743,-0.0405141709042154,1.015480865920354,0.19883260844535397,0
0.09600000000000007,REST,0.19759842218824178,-0.060901315743422293,0.9290381090232712,0.37549282987583743,-0.0405141709042154,1.015480865920354,0.19883260844535397,0
0.09800000000000007,REST,0.19759842218824178,-0.060901315743422293,0.9290381090232712,0.37549282987583743,-0.0405141709042154,1.015480865920354,0.19883260844535397,0
0.10000000000000007,REST,0.19759842218824178,-0.060901315743422293,0.9290381090232712,0.37549282987583743,-0.0405141709042154,1.015480865920354,0.19883260844535397,0
0.10200000000000008,REST,0.19759842218824178,-0.060901315743422293,0.9290381090232712,0.37549282987583743,-0.0405141709042154,1.015480865920354,0.19883260844535397,0
0.10400000000000008,REST,0.19759842218824178,-0.060901315743422293,0.9290381090232712,0.37549282987583743,-0.0405141709042154,1.015480865920354,0.19883260844535397,0
0.10600000000000008,REST,0.19759842218824178,-0.060901315743422293,0.9290381090232712,0.37549282987583743,-0.0405141709042154,1.015480865920354,0.19883260844535397,0
0.10800000000000008,REST,0.19759842218824178,-0.060901315743422293,0.9290381090232712,0.37549282987583743,-0.0405141709042154,1.015480865920354,0.19883260844535397,0
0.11000000000000008,REST,0.19759842218824178,-0.060901315743422293,0.9290381090232712,0.37549282987583743,-0.0405141709042154,1.015480865920354,0.19883260844535397,0
0.11200000000000009,REST,0.19759842218824178,-0.060901315743422293,0.9290381090232712,0.37549282987583743,-0.0405141709042154,1.015480865920354,0.19883260844535397,0
0.11400000000000009,REST,0.19759842218824178,-0.060901315743422293,0.9290381090232712,0.37549282987583743,-0.0405141709042154,1.015480865920354,0.19883260844535397,0
0.11600000000000009,REST,0.19759842218824178,-0.060901315743422293,0.9290381090232712,0.37549282987583743,-0.0405141709042154,1.015480865920354,0.19883260844535397,0
0.11800000000000009,REST,0.19759842218824178,-0.060901315743422293,0.9290381090232712,0.37549282987583743,-0.0405141709042154,1.015480865920354,0.19883260844535397,0
0.12000000000000009,REST,0.19759842218824178,-0.060901315743422293,0.9290381090232712,0.37549282987583743,-0.0405141709042154,1.015480865920354,0.19883260844535397,0
0.1220000000000001,REST,0.19759842218824178,-0.060901315743422293,0.9290381090232712,0.37549282987583743,-0.0405141709042154,1.015480865920354,0.19883260844535397,0
0.1240000000000001,REST,0.19759842218824178,-0.060901315743422293,0.9290381090232712,0.37549282987583743,-0.0405141709042154,1.015480865920354,0.19883260844535397,0
0.12600000000000008,REST,0.19759842218824178,-0.060901315743422293,0.9290381090232712,0.37549282987583743,-0.0405141709042154,1.015480865920354,0.19883260844535397,0
0.12800000000000009,REST,0.19759842218824178,-0.060901315743422293,0.9290381090232712,0.37549282987583743,-0.0405141709042154,1.015480865920354,0.19883260844535397,0
0.1300000000000001,REST,0.19759842218824178,-0.060901315743422293,0.9290381090232712,0.37549282987583743,-0.0405141709042154,1.015480865920354,0.19883260844535397,0
0.1320000000000001,REST,0.19759842218824178,-0.060901315743422293,0.9290381090232712,0.37549282987583743,-0.0405141709042154,1.015480865920354,0.19883260844535397,0
0.1340000000000001,REST,0.19759842218824178,-0.060901315743422293,0.9290381090232712,0.37549282987583743,-0.0405141709042154,1.015480865920354,0.19883260844535397,0
0.1360000000000001,REST,0.19759842218824178,-0.060901315743422293,0.9290381090232712,0.37549282987583743,-0.0405141709042154,1.015480865920354,0.19883260844535397,0
0.1380000000000001,REST,0.19759842218824178,-0.060901315743422293,0.9290381090232712,0.37549282987583743,-0.0405141709042154,1.015480865920354,0.19883260844535397,0
0.1400000000000001,REST,0.19759842218824178,-0.060901315743422293,0.9290381090232712,0.37549282987583743,-0.0405141709042154,1.015480865920354,0.19883260844535397,0
0.1420000000000001,REST,0.19759842218824178,-0.060901315743422293,0.9290381090232712,0.37549282987583743,-0.0405141709042154,1.015480865920354,0.19883260844535397,0
0.1440000000000001,REST,0.19759842218824178,-0.060901315743422293,0.9290381090232712,0.37549282987583743,-0.0405141709042154,1.015480865920354,0.19883260844535397,0
0.1460000000000001,REST,0.19759842218824178,-0.060901315743422293,0.9290381090232712,0.37549282987583743,-0.0405141709042154,1.015480865920354,0.19883260844535397,0
0.1480000000000001,REST,0.19759842218824178,-0.060901315743422293,0.9290381090232712,0.37549282987583743,-0.0405141709042154,1.015480865920354,0.19883260844535397,0
0.1500000000000001,REST,0.19759842218824178,-0.060901315743422293,0.9290381090232712,0.37549282987583743,-0.0405141709042154,1.015480865920354,0.19883260844535397,0
0.1520000000000001,REST,0.19759842218824178,-0.060901315743422293,0.9290381090232712,0.37549282987583743,-0.0405141709042154,1.015480865920354,0.19883260844535397,0
0.1540000000000001,REST,0.19759842218824178,-0.060901315743422293,0.9290381090232712,0.37549282987583743,-0.0405141709042154,1.015480865920354,0.19883260844535397,0
0.1560000000000001,REST,0.19759842218824178,-0.060901315743422293,0.9290381090232712,0.37549282987583743,-0.0405141709042154,1.015480865920354,0.19883260844535397,0
0.1580000000000001,REST,0.19759842218824178,-0.060901315743422293,0.9290381090232712,0.37549282987583743,-0.0405141709042154,1.015480865920354,0.19883260844535397,0
0.16000000000000011,REST,0.19759842218824178,-0.060901315743422293,0.9290381090232712,0.37549282987583743,-0.0405141709042154,1.015480865920354,0.19883260844535397,0
0.16200000000000012,REST,0.19759842218824178,-0.060901315743422293,0.9290381090232712,0.37549282987583743,-0.0405141709042154,1.015480865920354,0.19883260844535397,0
0.16400000000000012,REST,0.19759842218824178,-0.060901315743422293,0.9290381090232712,0.37549282987583743,-0.0405141709042154,1.015480865920354,0.19883260844535397,0
0.16600000000000012,REST,0.19759842218824178,-0.060901315743422293,0.9290381090232712,0.37549282987583743,-0.0405141709042154,1.015480865920354,0.19883260844535397,0
0.16800000000000012,REST,0.19759842218824178,-0.060901315743422293,0.9290381090232712,0.37549282987583743,-0.0405141709042154,1.015480865920354,0.19883260844535397,0
0.17000000000000012,REST,0.19759842218824178,-0.060901315743422293,0.9290381090232712,0.37549282987583743,-0.0405141709042154,1.015480865920354,0.19883260844535397,0
0.17200000000000013,REST,0.19759842218824178,-0.060901315743422293,0.9290381090232712,0.37549282987583743,-0.0405141709042154,1.015480865920354,0.19883260844535397,0
0.17400000000000013,REST,0.19759842218824178,-0.060901315743422293,0.9290381090232712,0.37549282987583743,-0.0405141709042154,1.015480865920354,0.19883260844535397,0
0.17600000000000013,REST,0.19759842218824178,-0.060901315743422293,0.9290381090232712,0.37549282987583743,-0.0405141709042154,1.015480865920354,0.19883260844535397,0
0.17800000000000013,REST,0.19759842218824178,-0.060901315743422293,0.9290381090232712,0.37549282987583743,-0.0405141709042154,1.015480865920354,0.19883260844535397,0
0.18000000000000013,REST,0.19759842218824178,-0.060901315743422293,0.9290381090232712,0.37549282987583743,-0.0405141709042154,1.015480865920354,0.19883260844535397,0
0.18200000000000013,REST,0.19759842218824178,-0.060901315743422293,0.9290381090232712,0.37549282987583743,-0.0405141709042154,1.015480865920354,0.19883260844535397,0
0.18400000000000014,REST,0.19759842218824178,-0.060901315743422293,0.9290381090232712,0.37549282987583743,-0.0405141709042154,1.015480865920354,0.19883260844535397,0
0.18600000000000014,REST,0.19759842218824178,-0.060901315743422293,0.9290381090232712,0.37549282987583743,-0.0405141709042154,1.015480865920354,0.19883260844535397,0
0.18800000000000014,REST,0.19759842218824178,-0.060901315743422293,0.9290381090232712,0.37549282987583743,-0.0405141709042154,1.015480865920354,0.19883260844535397,0
0.19000000000000014,REST,0.19759842218824178,-0.060901315743422293,0.9290381090232712,0.37549282987583743,-0.0405141709042154,1.015480865920354,0.19883260844535397,0
0.19200000000000014,REST,0.19759842218824178,-0.060901315743422293,0.9290381090232712,0.37549282987583743,-0.0405141709042154,1.015480865920354,0.19883260844535397,0
0.19400000000000014,REST,0.19759842218824178,-0.060901315743422293,0.9290381090232712,0.37549282987583743,-0.0405141709042154,1.015480865920354,0.19883260844535397,0
0.19600000000000015,REST,0.19759842218824178,-0.060901315743422293,0.9290381090232712,0.37549282987583743,-0.0405141709042154,1.015480865920354,0.19883260844535397,0
0.19800000000000015,REST,0.19759842218824178,-0.060901315743422293,0.9290381090232712,0.37549282987583743,-0.0405141709042154,1.015480865920354,0.19883260844535397,0
0.20000000000000015,REST,0.19759842218824178,-0.060901315743422293,0.9290381090232712,0.37549282987583743,-0.0405141709042154,1.015480865920354,0.19883260844535397,0
0.20200000000000015,REST,0.19759842218824178,-0.060901315743422293,0.9290381090232712,0.37549282987583743,-0.0405141709042154,1.015480865920354,0.19883260844535397,0
0.20400000000000015,REST,0.19759842218824178,-0.060901315743422293,0.9290381090232712,0.37549282987583743,-0.0405141709042154,1.015480865920354,0.19883260844535397,0
0.20600000000000016,REST,0.19759842218824178,-0.060901315743422293,0.9290381090232712,0.37549282987583743,-0.0405141709042154,1.015480865920354,0.19883260844535397,0
0.20800000000000016,REST,0.19759842218824178,-0.060901315743422293,0.9290381090232712,0.37549282987583743,-0.0405141709042154,1.015480865920354,0.19883260844535397,0
0.21000000000000016,REST,0.19759842218824178,-0.060901315743422293,0.9290381090232712,0.37549282987583743,-0.0405141709042154,1.015480865920354,0.19883260844535397,0
0.21200000000000016,REST,0.19759842218824178,-0.060901315743422293,0.9290381090232712,0.37549282987583743,-0.0405141709042154,1.015480865920354,0.19883260844535397,0
0.21400000000000016,REST,0.19759842218824178,-0.060901315743422293,0.9290381090232712,0.37549282987583743,-0.0405141709042154,1.015480865920354,0.19883260844535397,0
0.21600000000000016,REST,0.19759842218824178,-0.060901315743422293,0.9290381090232712,0.37549282987583743,-0.0405141709042154,1.015480865920354,0.19883260844535397,0
0.21800000000000017,REST,0.19759842218824178,-0.060901315743422293,0.9290381090232712,0.37549282987583743,-0.0405141709042154,1.015480865920354,0.19883260844535397,0
0.22000000000000017,REST,0.19759842218824178,-0.060901315743422293,0.9290381090232712,0.37549282987583743,-0.0405141709042154,1.015480865920354,0.19883260844535397,0
0.22200000000000017,REST,0.19759842218824178,-0.060901315743422293,0.9290381090232712,0.37549282987583743,-0.0405141709042154,1.015480865920354,0.19883260844535397,0
0.22400000000000017,REST,0.19759842218824178,-0.060901315743422293,0.9290381090232712,0.37549282987583743,-0.0405141709042154,1.015480865920354,0.19883260844535397,0
0.22600000000000017,REST,0.19759842218824178,-0.060901315743422293,0.9290381090232712,0.37549282987583743,-0.0405141709042154,1.015480865920354,0.19883260844535397,0
0.22800000000000017,REST,0.19759842218824178,-0.060901315743422293,0.9290381090232712,0.37549282987583743,-0.0405141709042154,1.015480865920354,0.19883260844535397,0
0.23000000000000018,REST,0.19759842218824178,-0.060901315743422293,0.9290381090232712,0.37549282987583743,-0.0405141709042154,1.015480865920354,0.19883260844535397,0
0.23200000000000018,REST,0.19759842218824178,-0.060901315743422293,0.9290381090232712,0.37549282987583743,-0.0405141709042154,1.015480865920354,0.19883260844535397,0
0.23400000000000018,REST,0.19759842218824178,-0.060901315743422293,0.9290381090232712,0.37549282987583743,-0.0405141709042154,1.015480865920354,0.19883260844535397,0
0.23600000000000018,REST,0.19759842218824178,-0.060901315743422293,0.9290381090232712,0.37549282987583743,-0.0405141709042154,1.015480865920354,0.19883260844535397,0
0.23800000000000018,REST,0.19759842218824178,-0.060901315743422293,0.9290381090232712,0.37549282987583743,-0.0405141709042154,1.015480865920354,0.19883260844535397,0
0.24000000000000019,REST,0.19759842218824178,-0.060901315743422293,0.9290381090232712,0.37549282987583743,-0.0405141709042154,1.015480865920354,0.19883260844535397,0
0.2420000000000002,REST,0.19759842218824178,-0.060901315743422293,0.9290381090232712,0.37549282987583743,-0.0405141709042154,1.015480865920354,0.19883260844535397,0
0.2440000000000002,REST,0.19759842218824178,-0.060901315743422293,0.9290381090232712,0.37549282987583743,-0.0405141709042154,1.015480865920354,0.19883260844535397,0
0.2460000000000002,REST,0.19759842218824178,-0.060901315743422293,0.9290381090232712,0.37549282987583743,-0.0405141709042154,1.015480865920354,0.19883260844535397,0
0.2480000000000002,REST,0.19759842218824178,-0.060901315743422293,0.9290381090232712,0.37549282987583743,-0.0405141709042154,1.015480865920354,0.19883260844535397,0
0.25000000000000017,REST,0.19759842218824178,-0.060901315743422293,0.9290381090232712,0.37549282987583743,-0.0405141709042154,1.015480865920354,0.19883260844535397,0
0.25200000000000017,REST,0.19759842218824178,-0.060901315743422293,0.9290381090232712,0.37549282987583743,-0.0405141709042154,1.015480865920354,0.19883260844535397,0
0.25400000000000017,REST,0.19759842218824178,-0.060901315743422293,0.9290381090232712,0.37549282987583743,-0.0405141709042154,1.015480865920354,0.19883260844535397,0
0.25600000000000017,REST,0.19759842218824178,-0.060901315743422293,0.9290381090232712,0.37549282987583743,-0.0405141709042154,1.015480865920354,0.19883260844535397,0
0.2580000000000002,REST,0.19759842218824178,-0.060901315743422293,0.9290381090232712,0.37549282987583743,-0.0405141709042154,1.015480865920354,0.19883260844535397,0
0.2600000000000002,REST,0.19759842218824178,-0.060901315743422293,0.9290381090232712,0.37549282987583743,-0.0405141709042154,1.015480865920354,0.19883260844535397,0
0.2620000000000002,REST,0.19759842218824178,-0.060901315743422293,0.9290381090232712,0.37549282987583743,-0.0405141709042154,1.015480865920354,0.19883260844535397,0
0.2640000000000002,REST,0.19759842218824178,-0.060901315743422293,0.9290381090232712,0.37549282987583743,-0.0405141709042154,1.015480865920354,0.19883260844535397,0
0.2660000000000002,REST,0.19759842218824178,-0.060901315743422293,0.9290381090232712,0.37549282987583743,-0.0405141709042154,1.015480865920354,0.19883260844535397,0
0.2680000000000002,REST,0.19759842218824178,-0.060901315743422293,0.9290381090232712,0.37549282987583743,-0.0405141709042154,1.015480865920354,0.19883260844535397,0
0.2700000000000002,REST,0.19759842218824178,-0.060901315743422293,0.9290381090232712,0.37549282987583743,-0.0405141709042154,1.015480865920354,0.19883260844535397,0
0.2720000000000002,REST,0.19759842218824178,-0.060901315743422293,0.9290381090232712,0.37549282987583743,-0.0405141709042154,1.015480865920354,0.19883260844535397,0
0.2740000000000002,REST,0.19759842218824178,-0.060901315743422293,0.9290381090232712,0.37549282987583743,-0.0405141709042154,1.015480865920354,0.19883260844535397,0
0.2760000000000002,REST,0.19759842218824178,-0.060901315743422293,0.9290381090232712,0.37549282987583743,-0.0405141709042154,1.015480865920354,0.19883260844535397,0
0.2780000000000002,REST,0.19759842218824178,-0.060901315743422293,0.9290381090232712,0.37549282987583743,-0.0405141709042154,1.015480865920354,0.19883260844535397,0
0.2800000000000002,REST,0.19759842218824178,-0.060901315743422293,0.9290381090232712,0.37549282987583743,-0.0405141709042154,1.015480865920354,0.19883260844535397,0
0.2820000000000002,REST,0.19759842218824178,-0.060901315743422293,0.9290381090232712,0.37549282987583743,-0.0405141709042154,1.015480865920354,0.19883260844535397,0
0.2840000000000002,REST,0.19759842218824178,-0.060901315743422293,0.9290381090232712,0.37549282987583743,-0.0405141709042154,1.015480865920354,0.19883260844535397,0
0.2860000000000002,REST,0.19759842218824178,-0.060901315743422293,0.9290381090232712,0.37549282987583743,-0.0405141709042154,1.015480865920354,0.19883260844535397,0
0.2880000000000002,REST,0.19759842218824178,-0.060901315743422293,0.9290381090232712,0.37549282987583743,-0.0405141709042154,1.015480865920354,0.19883260844535397,0
0.2900000000000002,REST,0.19759842218824178,-0.060901315743422293,0.9290381090232712,0.37549282987583743,-0.0405141709042154,1.015480865920354,0.19883260844535397,0
0.2920000000000002,REST,0.19759842218824178,-0.060901315743422293,0.9290381090232712,0.37549282987583743,-0.0405141709042154,1.015480865920354,0.19883260844535397,0
0.2940000000000002,REST,0.19759842218824178,-0.060901315743422293,0.9290381090232712,0.37549282987583743,-0.0405141709042154,1.015480865920354,0.19883260844535397,0
0.2960000000000002,REST,0.19759842218824178,-0.060901315743422293,0.9290381090232712,0.37549282987583743,-0.0405141709042154,1.015480865920354,0.19883260844535397,0
0.2980000000000002,REST,0.19759842218824178,-0.060901315743422293,0.9290381090232712,0.37549282987583743,-0.0405141709042154,1.015480865920354,0.19883260844535397,0
0.3000000000000002,REST,0.19759842218824178,-0.060901315743422293,0.9290381090232712,0.37549282987583743,-0.0405141709042154,1.015480865920354,0.19883260844535397,0
0.3020000000000002,REST,0.19759842218824178,-0.060901315743422293,0.9290381090232712,0.37549282987583743,-0.0405141709042154,1.015480865920354,0.19883260844535397,0
0.3040000000000002,REST,0.19759842218824178,-0.060901315743422293,0.9290381090232712,0.37549282987583743,-0.0405141709042154,1.015480865920354,0.19883260844535397,0
0.3060000000000002,REST,0.19759842218824178,-0.060901315743422293,0.9290381090232712,0.37549282987583743,-0.0405141709042154,1.015480865920354,0.19883260844535397,0
0.3080000000000002,REST,0.19759842218824178,-0.060901315743422293,0.9290381090232712,0.37549282987583743,-0.0405141709042154,1.015480865920354,0.19883260844535397,0
0.3100000000000002,REST,0.19759842218824178,-0.060901315743422293,0.9290381090232712,0.37549282987583743,-0.0405141709042154,1.015480865920354,0.19883260844535397,0
0.3120000000000002,REST,0.19759842218824178,-0.060901315743422293,0.9290381090232712,0.37549282987583743,-0.0405141709042154,1.015480865920354,0.19883260844535397,0
0.3140000000000002,REST,0.19759842218824178,-0.060901315743422293,0.9290381090232712,0.37549282987583743,-0.0405141709042154,1.015480865920354,0.19883260844535397,0
0.3160000000000002,REST,0.19759842218824178,-0.060901315743422293,0.9290381090232712,0.37549282987583743,-0.0405141709042154,1.015480865920354,0.19883260844535397,0
0.3180000000000002,REST,0.19759842218824178,-0.060901315743422293,0.9290381090232712,0.37549282987583743,-0.0405141709042154,1.015480865920354,0.19883260844535397,0
0.32000000000000023,REST,0.19759842218824178,-0.060901315743422293,0.9290381090232712,0.37549282987583743,-0.0405141709042154,1.015480865920354,0.19883260844535397,0
0.32200000000000023,REST,0.19759842218824178,-0.060901315743422293,0.9290381090232712,0.37549282987583743,-0.0405141709042154,1.015480865920354,0.19883260844535397,0
0.32400000000000023,REST,0.19759842218824178,-0.060901315743422293,0.9290381090232712,0.37549282987583743,-0.0405141709042154,1.015480865920354,0.19883260844535397,0
0.32600000000000023,REST,0.19759842218824178,-0.060901315743422293,0.9290381090232712,0.37549282987583743,-0.0405141709042154,1.015480865920354,0.19883260844535397,0
0.32800000000000024,REST,0.19759842218824178,-0.060901315743422293,0.9290381090232712,0.37549282987583743,-0.0405141709042154,1.015480865920354,0.19883260844535397,0
0.33000000000000024,REST,0.19759842218824178,-0.060901315743422293,0.9290381090232712,0.37549282987583743,-0.0405141709042154,1.015480865920354,0.19883260844535397,0
0.33200000000000024,REST,0.19759842218824178,-0.060901315743422293,0.9290381090232712,0.37549282987583743,-0.0405141709042154,1.015480865920354,0.19883260844535397,0
0.33400000000000024,REST,0.19759842218824178,-0.060901315743422293,0.9290381090232712,0.37549282987583743,-0.0405141709042154,1.015480865920354,0.19883260844535397,0
0.33600000000000024,REST,0.19759842218824178,-0.060901315743422293,0.9290381090232712,0.37549282987583743,-0.0405141709042154,1.015480865920354,0.19883260844535397,0
0.33800000000000024,REST,0.19759842218824178,-0.060901315743422293,0.9290381090232712,0.37549282987583743,-0.0405141709042154,1.015480865920354,0.19883260844535397,0
0.34000000000000025,REST,0.19759842218824178,-0.060901315743422293,0.9290381090232712,0.37549282987583743,-0.0405141709042154,1.015480865920354,0.19883260844535397,0
0.34200000000000025,REST,0.19759842218824178,-0.060901315743422293,0.9290381090232712,0.37549282987583743,-0.0405141709042154,1.015480865920354,0.19883260844535397,0
0.34400000000000025,REST,0.19759842218824178,-0.060901315743422293,0.9290381090232712,0.37549282987583743,-0.0405141709042154,1.015480865920354,0.19883260844535397,0
0.34600000000000025,REST,0.19759842218824178,-0.060901315743422293,0.9290381090232712,0.37549282987583743,-0.0405141709042154,1.015480865920354,0.19883260844535397,0
0.34800000000000025,REST,0.19759842218824178,-0.060901315743422293,0.9290381090232712,0.37549282987583743,-0.0405141709042154,1.015480865920354,0.19883260844535397,0
0.35000000000000026,REST,0.19759842218824178,-0.060901315743422293,0.9290381090232712,0.37549282987583743,-0.0405141709042154,1.015480865920354,0.19883260844535397,0
0.35200000000000026,REST,0.19759842218824178,-0.060901315743422293,0.9290381090232712,0.37549282987583743,-0.0405141709042154,1.015480865920354,0.19883260844535397,0
0.35400000000000026,REST,0.19759842218824178,-0.060901315743422293,0.9290381090232712,0.37549282987583743,-0.0405141709042154,1.015480865920354,0.19883260844535397,0
0.35600000000000026,REST,0.19759842218824178,-0.060901315743422293,0.9290381090232712,0.37549282987583743,-0.0405141709042154,1.015480865920354,0.19883260844535397,0
0.35800000000000026,REST,0.19759842218824178,-0.060901315743422293,0.9290381090232712,0.37549282987583743,-0.0405141709042154,1.015480865920354,0.19883260844535397,0
0.36000000000000026,REST,0.19759842218824178,-0.060901315743422293,0.9290381090232712,0.37549282987583743,-0.0405141709042154,1.015480865920354,0.19883260844535397,0
0.36200000000000027,REST,0.19759842218824178,-0.060901315743422293,0.9290381090232712,0.37549282987583743,-0.0405141709042154,1.015480865920354,0.19883260844535397,0
0.36400000000000027,REST,0.19759842218824178,-0.060901315743422293,0.9290381090232712,0.37549282987583743,-0.0405141709042154,1.015480865920354,0.19883260844535397,0
0.36600000000000027,REST,0.19759842218824178,-0.060901315743422293,0.9290381090232712,0.37549282987583743,-0.0405141709042154,1.015480865920354,0.19883260844535397,0
0.36800000000000027,REST,0.19759842218824178,-0.060901315743422293,0.9290381090232712,0.37549282987583743,-0.0405141709042154,1.015480865920354,0.19883260844535397,0
0.3700000000000003,REST,0.19759842218824178,-0.060901315743422293,0.9290381090232712,0.37549282987583743,-0.0405141709042154,1.015480865920354,0.19883260844535397,0
0.3720000000000003,REST,0.19759842218824178,-0.060901315743422293,0.9290381090232712,0.37549282987583743,-0.0405141709042154,1.015480865920354,0.19883260844535397,0
0.3740000000000003,REST,0.19759842218824178,-0.060901315743422293,0.9290381090232712,0.37549282987583743,-0.0405141709042154,1.015480865920354,0.19883260844535397,0
0.3760000000000003,REST,0.19759842218824178,-0.060901315743422293,0.9290381090232712,0.37549282987583743,-0.0405141709042154,1.015480865920354,0.19883260844535397,0
0.3780000000000003,REST,0.19759842218824178,-0.060901315743422293,0.9290381090232712,0.37549282987583743,-0.0405141709042154,1.015480865920354,0.19883260844535397,0
0.3800000000000003,REST,0.19759842218824178,-0.060901315743422293,0.9290381090232712,0.37549282987583743,-0.0405141709042154,1.015480865920354,0.19883260844535397,0
0.3820000000000003,REST,0.19759842218824178,-0.060901315743422293,0.9290381090232712,0.37549282987583743,-0.0405141709042154,1.015480865920354,0.19883260844535397,0
0.3840000000000003,REST,0.19759842218824178,-0.060901315743422293,0.9290381090232712,0.37549282987583743,-0.0405141709042154,1.015480865920354,0.19883260844535397,0
0.3860000000000003,REST,0.19759842218824178,-0.060901315743422293,0.9290381090232712,0.37549282987583743,-0.0405141709042154,1.015480865920354,0.19883260844535397,0
0.3880000000000003,REST,0.19759842218824178,-0.060901315743422293,0.9290381090232712,0.37549282987583743,-0.0405141709042154,1.015480865920354,0.19883260844535397,0
0.3900000000000003,REST,0.19759842218824178,-0.060901315743422293,0.9290381090232712,0.37549282987583743,-0.0405141709042154,1.015480865920354,0.19883260844535397,0
0.3920000000000003,REST,0.19759842218824178,-0.060901315743422293,0.9290381090232712,0.37549282987583743,-0.0405141709042154,1.015480865920354,0.19883260844535397,0
0.3940000000000003,REST,0.19759842218824178,-0.060901315743422293,0.9290381090232712,0.37549282987583743,-0.0405141709042154,1.015480865920354,0.19883260844535397,0
0.3960000000000003,REST,0.19759842218824178,-0.060901315743422293,0.9290381090232712,0.37549282987583743,-0.0405141709042154,1.015480865920354,0.19883260844535397,0
0.3980000000000003,REST,0.19759842218824178,-0.060901315743422293,0.9290381090232712,0.37549282987583743,-0.0405141709042154,1.015480865920354,0.19883260844535397,0
0.4000000000000003,REST,0.19759842218824178,-0.060901315743422293,0.9290381090232712,0.37549282987583743,-0.0405141709042154,1.015480865920354,0.19883260844535397,0
0.4020000000000003,REST,0.19759842218824178,-0.060901315743422293,0.9290381090232712,0.37549282987583743,-0.0405141709042154,1.015480865920354,0.19883260844535397,0
0.4040000000000003,REST,0.19759842218824178,-0.060901315743422293,0.9290381090232712,0.37549282987583743,-0.0405141709042154,1.015480865920354,0.19883260844535397,0
0.4060000000000003,REST,0.19759842218824178,-0.060901315743422293,0.9290381090232712,0.37549282987583743,-0.0405141709042154,1.015480865920354,0.19883260844535397,0
0.4080000000000003,REST,0.19759842218824178,-0.060901315743422293,0.9290381090232712,0.37549282987583743,-0.0405141709042154,1.015480865920354,0.19883260844535397,0
0.4100000000000003,REST,0.19759842218824178,-0.060901315743422293,0.9290381090232712,0.37549282987583743,-0.0405141709042154,1.015480865920354,0.19883260844535397,0
0.4120000000000003,REST,0.19759842218824178,-0.060901315743422293,0.9290381090232712,0.37549282987583743,-0.0405141709042154,1.015480865920354,0.19883260844535397,0
0.4140000000000003,REST,0.19759842218824178,-0.060901315743422293,0.9290381090232712,0.37549282987583743,-0.0405141709042154,1.015480865920354,0.19883260844535397,0
0.4160000000000003,REST,0.19759842218824178,-0.060901315743422293,0.9290381090232712,0.37549282987583743,-0.0405141709042154,1.015480865920354,0.19883260844535397,0
0.4180000000000003,REST,0.19759842218824178,-0.060901315743422293,0.9290381090232712,0.37549282987583743,-0.0405141709042154,1.015480865920354,0.19883260844535397,0
0.4200000000000003,REST,0.19759842218824178,-0.060901315743422293,0.9290381090232712,0.37549282987583743,-0.0405141709042154,1.015480865920354,0.19883260844535397,0
0.4220000000000003,REST,0.19759842218824178,-0.060901315743422293,0.9290381090232712,0.37549282987583743,-0.0405141709042154,1.015480865920354,0.19883260844535397,0
0.4240000000000003,REST,0.19759842218824178,-0.060901315743422293,0.9290381090232712,0.37549282987583743,-0.0405141709042154,1.015480865920354,0.19883260844535397,0
0.4260000000000003,REST,0.19759842218824178,-0.060901315743422293,0.9290381090232712,0.37549282987583743,-0.0405141709042154,1.015480865920354,0.19883260844535397,0
0.4280000000000003,REST,0.19759842218824178,-0.060901315743422293,0.9290381090232712,0.37549282987583743,-0.0405141709042154,1.015480865920354,0.19883260844535397,0
0.4300000000000003,REST,0.19759842218824178,-0.060901315743422293,0.9290381090232712,0.37549282987583743,-0.0405141709042154,1.015480865920354,0.19883260844535397,0
0.43200000000000033,REST,0.19759842218824178,-0.060901315743422293,0.9290381090232712,0.37549282987583743,-0.0405141709042154,1.015480865920354,0.19883260844535397,0
0.43400000000000033,REST,0.19759842218824178,-0.060901315743422293,0.9290381090232712,0.37549282987583743,-0.0405141709042154,1.015480865920354,0.19883260844535397,0
0.43600000000000033,REST,0.19759842218824178,-0.060901315743422293,0.9290381090232712,0.37549282987583743,-0.0405141709042154,1.015480865920354,0.19883260844535397,0
0.43800000000000033,REST,0.19759842218824178,-0.060901315743422293,0.9290381090232712,0.37549282987583743,-0.0405141709042154,1.015480865920354,0.19883260844535397,0
0.44000000000000034,REST,0.19759842218824178,-0.060901315743422293,0.9290381090232712,0.37549282987583743,-0.0405141709042154,1.015480865920354,0.19883260844535397,0
0.44200000000000034,REST,0.19759842218824178,-0.060901315743422293,0.9290381090232712,0.37549282987583743,-0.0405141709042154,1.015480865920354,0.19883260844535397,0
0.44400000000000034,REST,0.19759842218824178,-0.060901315743422293,0.9290381090232712,0.37549282987583743,-0.0405141709042154,1.015480865920354,0.19883260844535397,0
0.44600000000000034,REST,0.19759842218824178,-0.060901315743422293,0.9290381090232712,0.37549282987583743,-0.0405141709042154,1.015480865920354,0.19883260844535397,0
0.44800000000000034,REST,0.19759842218824178,-0.060901315743422293,0.9290381090232712,0.37549282987583743,-0.0405141709042154,1.015480865920354,0.19883260844535397,0
0.45000000000000034,REST,0.19759842218824178,-0.060901315743422293,0.9290381090232712,0.37549282987583743,-0.0405141709042154,1.015480865920354,0.19883260844535397,0
0.45200000000000035,REST,0.19759842218824178,-0.060901315743422293,0.9290381090232712,0.37549282987583743,-0.0405141709042154,1.015480865920354,0.19883260844535397,0
0.45400000000000035,REST,0.19759842218824178,-0.060901315743422293,0.9290381090232712,0.37549282987583743,-0.0405141709042154,1.015480865920354,0.19883260844535397,0
0.45600000000000035,REST,0.19759842218824178,-0.060901315743422293,0.9290381090232712,0.37549282987583743,-0.0405141709042154,1.015480865920354,0.19883260844535397,0
0.45800000000000035,REST,0.19759842218824178,-0.060901315743422293,0.9290381090232712,0.37549282987583743,-0.0405141709042154,1.015480865920354,0.19883260844535397,0
0.46000000000000035,REST,0.19759842218824178,-0.060901315743422293,0.9290381090232712,0.37549282987583743,-0.0405141709042154,1.015480865920354,0.19883260844535397,0
0.46200000000000035,REST,0.19759842218824178,-0.060901315743422293,0.9290381090232712,0.37549282987583743,-0.0405141709042154,1.015480865920354,0.19883260844535397,0
0.46400000000000036,REST,0.19759842218824178,-0.060901315743422293,0.9290381090232712,0.37549282987583743,-0.0405141709042154,1.015480865920354,0.19883260844535397,0
0.46600000000000036,REST,0.19759842218824178,-0.060901315743422293,0.9290381090232712,0.37549282987583743,-0.0405141709042154,1.015480865920354,0.19883260844535397,0
0.46800000000000036,REST,0.19759842218824178,-0.060901315743422293,0.9290381090232712,0.37549282987583743,-0.0405141709042154,1.015480865920354,0.19883260844535397,0
0.47000000000000036,REST,0.19759842218824178,-0.060901315743422293,0.9290381090232712,0.37549282987583743,-0.0405141709042154,1.015480865920354,0.19883260844535397,0
0.47200000000000036,REST,0.19759842218824178,-0.060901315743422293,0.9290381090232712,0.37549282987583743,-0.0405141709042154,1.015480865920354,0.19883260844535397,0
0.47400000000000037,REST,0.19759842218824178,-0.060901315743422293,0.9290381090232712,0.37549282987583743,-0.0405141709042154,1.015480865920354,0.19883260844535397,0
0.47600000000000037,REST,0.19759842218824178,-0.060901315743422293,0.9290381090232712,0.37549282987583743,-0.0405141709042154,1.015480865920354,0.19883260844535397,0
0.47800000000000037,REST,0.19759842218824178,-0.060901315743422293,0.9290381090232712,0.37549282987583743,-0.0405141709042154,1.015480865920354,0.19883260844535397,0
0.48000000000000037,REST,0.19759842218824178,-0.060901315743422293,0.9290381090232712,0.37549282987583743,-0.0405141709042154,1.015480865920354,0.19883260844535397,0
0.4820000000000004,REST,0.19759842218824178,-0.060901315743422293,0.9290381090232712,0.37549282987583743,-0.0405141709042154,1.015480865920354,0.19883260844535397,0
0.4840000000000004,REST,0.19759842218824178,-0.060901315743422293,0.9290381090232712,0.37549282987583743,-0.0405141709042154,1.015480865920354,0.19883260844535397,0
0.4860000000000004,REST,0.19759842218824178,-0.060901315743422293,0.9290381090232712,0.37549282987583743,-0.0405141709042154,1.015480865920354,0.19883260844535397,0
0.4880000000000004,REST,0.19759842218824178,-0.060901315743422293,0.9290381090232712,0.37549282987583743,-0.0405141709042154,1.015480865920354,0.19883260844535397,0
0.4900000000000004,REST,0.19759842218824178,-0.060901315743422293,0.9290381090232712,0.37549282987583743,-0.0405141709042154,1.015480865920354,0.19883260844535397,0
0.4920000000000004,REST,0.19759842218824178,-0.060901315743422293,0.9290381090232712,0.37549282987583743,-0.0405141709042154,1.015480865920354,0.19883260844535397,0
0.4940000000000004,REST,0.19759842218824178,-0.060901315743422293,0.9290381090232712,0.37549282987583743,-0.0405141709042154,1.015480865920354,0.19883260844535397,0
0.4960000000000004,REST,0.19759842218824178,-0.060901315743422293,0.9290381090232712,0.37549282987583743,-0.0405141709042154,1.015480865920354,0.19883260844535397,0
0.4980000000000004,REST,0.19759842218824178,-0.060901315743422293,0.9290381090232712,0.37549282987583743,-0.0405141709042154,1.015480865920354,0.19883260844535397,0
0.5000000000000003,REST,0.19759842218824178,-0.060901315743422293,0.9290381090232712,0.37549282987583743,-0.0405141709042154,1.015480865920354,0.19883260844535397,0
0.5020000000000003,REST,0.19759842218824178,-0.060901315743422293,0.9290381090232712,0.37549282987583743,-0.0405141709042154,1.015480865920354,0.19883260844535397,0
0.5040000000000003,REST,0.19759842218824178,-0.060901315743422293,0.9290381090232712,0.37549282987583743,-0.0405141709042154,1.015480865920354,0.19883260844535397,0
0.5060000000000003,REST,0.19759842218824178,-0.060901315743422293,0.9290381090232712,0.37549282987583743,-0.0405141709042154,1.015480865920354,0.19883260844535397,0
0.5080000000000003,REST,0.19759842218824178,-0.060901315743422293,0.9290381090232712,0.37549282987583743,-0.0405141709042154,1.015480865920354,0.19883260844535397,0
0.5100000000000003,REST,0.19759842218824178,-0.060901315743422293,0.9290381090232712,0.37549282987583743,-0.0405141709042154,1.015480865920354,0.19883260844535397,0
0.5120000000000003,REST,0.19759842218824178,-0.060901315743422293,0.9290381090232712,0.37549282987583743,-0.0405141709042154,1.015480865920354,0.19883260844535397,0
0.5140000000000003,REST,0.19759842218824178,-0.060901315743422293,0.9290381090232712,0.37549282987583743,-0.0405141709042154,1.015480865920354,0.19883260844535397,0
0.5160000000000003,REST,0.19759842218824178,-0.060901315743422293,0.9290381090232712,0.37549282987583743,-0.0405141709042154,1.015480865920354,0.19883260844535397,0
0.5180000000000003,REST,0.19759842218824178,-0.060901315743422293,0.9290381090232712,0.37549282987583743,-0.0405141709042154,1.015480865920354,0.19883260844535397,0
0.5200000000000004,REST,0.19759842218824178,-0.060901315743422293,0.9290381090232712,0.37549282987583743,-0.0405141709042154,1.015480865920354,0.19883260844535397,0
0.5220000000000004,REST,0.19759842218824178,-0.060901315743422293,0.9290381090232712,0.37549282987583743,-0.0405141709042154,1.015480865920354,0.19883260844535397,0
0.5240000000000004,REST,0.19759842218824178,-0.060901315743422293,0.9290381090232712,0.37549282987583743,-0.0405141709042154,1.015480865920354,0.19883260844535397,0
0.5260000000000004,REST,0.19759842218824178,-0.060901315743422293,0.9290381090232712,0.37549282987583743,-0.0405141709042154,1.015480865920354,0.19883260844535397,0
0.5280000000000004,REST,0.19759842218824178,-0.060901315743422293,0.9290381090232712,0.37549282987583743,-0.0405141709042154,1.015480865920354,0.19883260844535397,0
0.5300000000000004,REST,0.19759842218824178,-0.060901315743422293,0.9290381090232712,0.37549282987583743,-0.0405141709042154,1.015480865920354,0.19883260844535397,0
0.5320000000000004,REST,0.19759842218824178,-0.060901315743422293,0.9290381090232712,0.37549282987583743,-0.0405141709042154,1.015480865920354,0.19883260844535397,0
0.5340000000000004,REST,0.19759842218824178,-0.060901315743422293,0.9290381090232712,0.37549282987583743,-0.0405141709042154,1.015480865920354,0.19883260844535397,0
0.5360000000000004,REST,0.19759842218824178,-0.060901315743422293,0.9290381090232712,0.37549282987583743,-0.0405141709042154,1.015480865920354,0.19883260844535397,0
0.5380000000000004,REST,0.19759842218824178,-0.060901315743422293,0.9290381090232712,0.37549282987583743,-0.0405141709042154,1.015480865920354,0.19883260844535397,0
0.5400000000000004,REST,0.19759842218824178,-0.060901315743422293,0.9290381090232712,0.37549282987583743,-0.0405141709042154,1.015480865920354,0.19883260844535397,0
0.5420000000000004,REST,0.19759842218824178,-0.060901315743422293,0.9290381090232712,0.37549282987583743,-0.0405141709042154,1.015480865920354,0.19883260844535397,0
0.5440000000000004,REST,0.19759842218824178,-0.060901315743422293,0.9290381090232712,0.37549282987583743,-0.0405141709042154,1.015480865920354,0.19883260844535397,0
0.5460000000000004,REST,0.19759842218824178,-0.060901315743422293,0.9290381090232712,0.37549282987583743,-0.0405141709042154,1.015480865920354,0.19883260844535397,0
0.5480000000000004,REST,0.19759842218824178,-0.060901315743422293,0.9290381090232712,0.37549282987583743,-0.0405141709042154,1.015480865920354,0.19883260844535397,0
0.5500000000000004,REST,0.19759842218824178,-0.060901315743422293,0.9290381090232712,0.37549282987583743,-0.0405141709042154,1.015480865920354,0.19883260844535397,0
0.5520000000000004,REST,0.19759842218824178,-0.060901315743422293,0.9290381090232712,0.37549282987583743,-0.0405141709042154,1.015480865920354,0.19883260844535397,0
0.5540000000000004,REST,0.19759842218824178,-0.060901315743422293,0.9290381090232712,0.37549282987583743,-0.0405141709042154,1.015480865920354,0.19883260844535397,0
0.5560000000000004,REST,0.19759842218824178,-0.060901315743422293,0.9290381090232712,0.37549282987583743,-0.0405141709042154,1.015480865920354,0.19883260844535397,0
0.5580000000000004,REST,0.19759842218824178,-0.060901315743422293,0.9290381090232712,0.37549282987583743,-0.0405141709042154,1.015480865920354,0.19883260844535397,0
0.5600000000000004,REST,0.19759842218824178,-0.060901315743422293,0.9290381090232712,0.37549282987583743,-0.0405141709042154,1.015480865920354,0.19883260844535397,0
0.5620000000000004,REST,0.19759842218824178,-0.060901315743422293,0.9290381090232712,0.37549282987583743,-0.0405141709042154,1.015480865920354,0.19883260844535397,0
0.5640000000000004,REST,0.19759842218824178,-0.060901315743422293,0.9290381090232712,0.37549282987583743,-0.0405141709042154,1.015480865920354,0.19883260844535397,0
0.5660000000000004,REST,0.19759842218824178,-0.060901315743422293,0.9290381090232712,0.37549282987583743,-0.0405141709042154,1.015480865920354,0.19883260844535397,0
0.5680000000000004,REST,0.19759842218824178,-0.060901315743422293,0.9290381090232712,0.37549282987583743,-0.0405141709042154,1.015480865920354,0.19883260844535397,0
0.5700000000000004,REST,0.19759842218824178,-0.060901315743422293,0.9290381090232712,0.37549282987583743,-0.0405141709042154,1.015480865920354,0.19883260844535397,0
0.5720000000000004,REST,0.19759842218824178,-0.060901315743422293,0.9290381090232712,0.37549282987583743,-0.0405141709042154,1.015480865920354,0.19883260844535397,0
0.5740000000000004,REST,0.19759842218824178,-0.060901315743422293,0.9290381090232712,0.37549282987583743,-0.0405141709042154,1.015480865920354,0.19883260844535397,0
0.5760000000000004,REST,0.19759842218824178,-0.060901315743422293,0.9290381090232712,0.37549282987583743,-0.0405141709042154,1.015480865920354,0.19883260844535397,0
0.5780000000000004,REST,0.19759842218824178,-0.060901315743422293,0.9290381090232712,0.37549282987583743,-0.0405141709042154,1.015480865920354,0.19883260844535397,0
0.5800000000000004,REST,0.19759842218824178,-0.060901315743422293,0.9290381090232712,0.37549282987583743,-0.0405141709042154,1.015480865920354,0.19883260844535397,0
0.5820000000000004,REST,0.19759842218824178,-0.060901315743422293,0.9290381090232712,0.37549282987583743,-0.0405141709042154,1.015480865920354,0.19883260844535397,0
0.5840000000000004,REST,0.19759842218824178,-0.060901315743422293,0.9290381090232712,0.37549282987583743,-0.0405141709042154,1.015480865920354,0.19883260844535397,0
0.5860000000000004,REST,0.19759842218824178,-0.060901315743422293,0.9290381090232712,0.37549282987583743,-0.0405141709042154,1.015480865920354,0.19883260844535397,0
0.5880000000000004,REST,0.19759842218824178,-0.060901315743422293,0.9290381090232712,0.37549282987583743,-0.0405141709042154,1.015480865920354,0.19883260844535397,0
0.5900000000000004,REST,0.19759842218824178,-0.060901315743422293,0.9290381090232712,0.37549282987583743,-0.0405141709042154,1.015480865920354,0.19883260844535397,0
0.5920000000000004,REST,0.19759842218824178,-0.060901315743422293,0.9290381090232712,0.37549282987583743,-0.0405141709042154,1.015480865920354,0.19883260844535397,0
0.5940000000000004,REST,0.19759842218824178,-0.060901315743422293,0.9290381090232712,0.37549282987583743,-0.0405141709042154,1.015480865920354,0.19883260844535397,0
0.5960000000000004,REST,0.19759842218824178,-0.060901315743422293,0.9290381090232712,0.37549282987583743,-0.0405141709042154,1.015480865920354,0.19883260844535397,0
0.5980000000000004,REST,0.19759842218824178,-0.060901315743422293,0.9290381090232712,0.37549282987583743,-0.0405141709042154,1.015480865920354,0.19883260844535397,0
0.6000000000000004,REST,0.19759842218824178,-0.060901315743422293,0.9290381090232712,0.37549282987583743,-0.0405141709042154,1.015480865920354,0.19883260844535397,0
0.6020000000000004,REST,0.19759842218824178,-0.060901315743422293,0.9290381090232712,0.37549282987583743,-0.0405141709042154,1.015480865920354,0.19883260844535397,0
0.6040000000000004,REST,0.19759842218824178,-0.060901315743422293,0.9290381090232712,0.37549282987583743,-0.0405141709042154,1.015480865920354,0.19883260844535397,0
0.6060000000000004,REST,0.19759842218824178,-0.060901315743422293,0.9290381090232712,0.37549282987583743,-0.0405141709042154,1.015480865920354,0.19883260844535397,0
0.6080000000000004,REST,0.19759842218824178,-0.060901315743422293,0.9290381090232712,0.37549282987583743,-0.0405141709042154,1.015480865920354,0.19883260844535397,0
0.6100000000000004,REST,0.19759842218824178,-0.060901315743422293,0.9290381090232712,0.37549282987583743,-0.0405141709042154,1.015480865920354,0.19883260844535397,0
0.6120000000000004,REST,0.19759842218824178,-0.060901315743422293,0.9290381090232712,0.37549282987583743,-0.0405141709042154,1.015480865920354,0.19883260844535397,0
0.6140000000000004,REST,0.19759842218824178,-0.060901315743422293,0.9290381090232712,0.37549282987583743,-0.0405141709042154,1.015480865920354,0.19883260844535397,0
0.6160000000000004,REST,0.19759842218824178,-0.060901315743422293,0.9290381090232712,0.37549282987583743,-0.0405141709042154,1.015480865920354,0.19883260844535397,0
0.6180000000000004,REST,0.19759842218824178,-0.060901315743422293,0.9290381090232712,0.37549282987583743,-0.0405141709042154,1.015480865920354,0.19883260844535397,0
0.6200000000000004,REST,0.19759842218824178,-0.060901315743422293,0.9290381090232712,0.37549282987583743,-0.0405141709042154,1.015480865920354,0.19883260844535397,0
0.6220000000000004,REST,0.19759842218824178,-0.060901315743422293,0.9290381090232712,0.37549282987583743,-0.0405141709042154,1.015480865920354,0.19883260844535397,0
0.6240000000000004,REST,0.19759842218824178,-0.060901315743422293,0.9290381090232712,0.37549282987583743,-0.0405141709042154,1.015480865920354,0.19883260844535397,0
0.6260000000000004,REST,0.19759842218824178,-0.060901315743422293,0.9290381090232712,0.37549282987583743,-0.0405141709042154,1.015480865920354,0.19883260844535397,0
0.6280000000000004,REST,0.19759842218824178,-0.060901315743422293,0.9290381090232712,0.37549282987583743,-0.0405141709042154,1.015480865920354,0.19883260844535397,0
0.6300000000000004,REST,0.19759842218824178,-0.060901315743422293,0.9290381090232712,0.37549282987583743,-0.0405141709042154,1.015480865920354,0.19883260844535397,0
0.6320000000000005,REST,0.19759842218824178,-0.060901315743422293,0.9290381090232712,0.37549282987583743,-0.0405141709042154,1.015480865920354,0.19883260844535397,0
0.6340000000000005,REST,0.19759842218824178,-0.060901315743422293,0.9290381090232712,0.37549282987583743,-0.0405141709042154,1.015480865920354,0.19883260844535397,0
0.6360000000000005,REST,0.19759842218824178,-0.060901315743422293,0.9290381090232712,0.37549282987583743,-0.0405141709042154,1.015480865920354,0.19883260844535397,0
0.6380000000000005,REST,0.19759842218824178,-0.060901315743422293,0.9290381090232712,0.37549282987583743,-0.0405141709042154,1.015480865920354,0.19883260844535397,0
0.6400000000000005,REST,0.19759842218824178,-0.060901315743422293,0.9290381090232712,0.37549282987583743,-0.0405141709042154,1.015480865920354,0.19883260844535397,0
0.6420000000000005,REST,0.19759842218824178,-0.060901315743422293,0.9290381090232712,0.37549282987583743,-0.0405141709042154,1.015480865920354,0.19883260844535397,0
0.6440000000000005,REST,0.19759842218824178,-0.060901315743422293,0.9290381090232712,0.37549282987583743,-0.0405141709042154,1.015480865920354,0.19883260844535397,0
0.6460000000000005,REST,0.19759842218824178,-0.060901315743422293,0.9290381090232712,0.37549282987583743,-0.0405141709042154,1.015480865920354,0.19883260844535397,0
0.6480000000000005,REST,0.19759842218824178,-0.060901315743422293,0.9290381090232712,0.37549282987583743,-0.0405141709042154,1.015480865920354,0.19883260844535397,0
0.6500000000000005,REST,0.19759842218824178,-0.060901315743422293,0.9290381090232712,0.37549282987583743,-0.0405141709042154,1.015480865920354,0.19883260844535397,0
0.6520000000000005,REST,0.19759842218824178,-0.060901315743422293,0.9290381090232712,0.37549282987583743,-0.0405141709042154,1.015480865920354,0.19883260844535397,0
0.6540000000000005,REST,0.19759842218824178,-0.060901315743422293,0.9290381090232712,0.37549282987583743,-0.0405141709042154,1.015480865920354,0.19883260844535397,0
0.6560000000000005,REST,0.19759842218824178,-0.060901315743422293,0.9290381090232712,0.37549282987583743,-0.0405141709042154,1.015480865920354,0.19883260844535397,0
0.6580000000000005,REST,0.19759842218824178,-0.060901315743422293,0.9290381090232712,0.37549282987583743,-0.0405141709042154,1.015480865920354,0.19883260844535397,0
0.6600000000000005,REST,0.19759842218824178,-0.060901315743422293,0.9290381090232712,0.37549282987583743,-0.0405141709042154,1.015480865920354,0.19883260844535397,0
0.6620000000000005,REST,0.19759842218824178,-0.060901315743422293,0.9290381090232712,0.37549282987583743,-0.0405141709042154,1.015480865920354,0.19883260844535397,0
0.6640000000000005,REST,0.19759842218824178,-0.060901315743422293,0.9290381090232712,0.37549282987583743,-0.0405141709042154,1.015480865920354,0.19883260844535397,0
0.6660000000000005,REST,0.19759842218824178,-0.060901315743422293,0.9290381090232712,0.37549282987583743,-0.0405141709042154,1.015480865920354,0.19883260844535397,0
0.6680000000000005,REST,0.19759842218824178,-0.060901315743422293,0.9290381090232712,0.37549282987583743,-0.0405141709042154,1.015480865920354,0.19883260844535397,0
0.6700000000000005,REST,0.19759842218824178,-0.060901315743422293,0.9290381090232712,0.37549282987583743,-0.0405141709042154,1.015480865920354,0.19883260844535397,0
0.6720000000000005,REST,0.19759842218824178,-0.060901315743422293,0.9290381090232712,0.37549282987583743,-0.0405141709042154,1.015480865920354,0.19883260844535397,0
0.6740000000000005,REST,0.19759842218824178,-0.060901315743422293,0.9290381090232712,0.37549282987583743,-0.0405141709042154,1.015480865920354,0.19883260844535397,0
0.6760000000000005,REST,0.19759842218824178,-0.060901315743422293,0.9290381090232712,0.37549282987583743,-0.0405141709042154,1.015480865920354,0.19883260844535397,0
0.6780000000000005,REST,0.19759842218824178,-0.060901315743422293,0.9290381090232712,0.37549282987583743,-0.0405141709042154,1.015480865920354,0.19883260844535397,0
0.6800000000000005,REST,0.19759842218824178,-0.060901315743422293,0.9290381090232712,0.37549282987583743,-0.0405141709042154,1.015480865920354,0.19883260844535397,0
0.6820000000000005,REST,0.19759842218824178,-0.060901315743422293,0.9290381090232712,0.37549282987583743,-0.0405141709042154,1.015480865920354,0.19883260844535397,0
0.6840000000000005,REST,0.19759842218824178,-0.060901315743422293,0.9290381090232712,0.37549282987583743,-0.0405141709042154,1.015480865920354,0.19883260844535397,0
0.6860000000000005,REST,0.19759842218824178,-0.060901315743422293,0.9290381090232712,0.37549282987583743,-0.0405141709042154,1.015480865920354,0.19883260844535397,0
0.6880000000000005,REST,0.19759842218824178,-0.060901315743422293,0.9290381090232712,0.37549282987583743,-0.0405141709042154,1.015480865920354,0.19883260844535397,0
0.6900000000000005,REST,0.19759842218824178,-0.060901315743422293,0.9290381090232712,0.37549282987583743,-0.0405141709042154,1.015480865920354,0.19883260844535397,0
0.6920000000000005,REST,0.19759842218824178,-0.060901315743422293,0.9290381090232712,0.37549282987583743,-0.0405141709042154,1.015480865920354,0.19883260844535397,0
0.6940000000000005,REST,0.19759842218824178,-0.060901315743422293,0.9290381090232712,0.37549282987583743,-0.0405141709042154,1.015480865920354,0.19883260844535397,0
0.6960000000000005,REST,0.19759842218824178,-0.060901315743422293,0.9290381090232712,0.37549282987583743,-0.0405141709042154,1.015480865920354,0.19883260844535397,0
0.6980000000000005,REST,0.19759842218824178,-0.060901315743422293,0.9290381090232712,0.37549282987583743,-0.0405141709042154,1.015480865920354,0.19883260844535397,0
0.7000000000000005,REST,0.19759842218824178,-0.060901315743422293,0.9290381090232712,0.37549282987583743,-0.0405141709042154,1.015480865920354,0.19883260844535397,0
0.7020000000000005,REST,0.19759842218824178,-0.060901315743422293,0.9290381090232712,0.37549282987583743,-0.0405141709042154,1.015480865920354,0.19883260844535397,0
0.7040000000000005,REST,0.19759842218824178,-0.060901315743422293,0.9290381090232712,0.37549282987583743,-0.0405141709042154,1.015480865920354,0.19883260844535397,0
0.7060000000000005,REST,0.19759842218824178,-0.060901315743422293,0.9290381090232712,0.37549282987583743,-0.0405141709042154,1.015480865920354,0.19883260844535397,0
0.7080000000000005,REST,0.19759842218824178,-0.060901315743422293,0.9290381090232712,0.37549282987583743,-0.0405141709042154,1.015480865920354,0.19883260844535397,0
0.7100000000000005,REST,0.19759842218824178,-0.060901315743422293,0.9290381090232712,0.37549282987583743,-0.0405141709042154,1.015480865920354,0.19883260844535397,0
0.7120000000000005,REST,0.19759842218824178,-0.060901315743422293,0.9290381090232712,0.37549282987583743,-0.0405141709042154,1.015480865920354,0.19883260844535397,0
0.7140000000000005,REST,0.19759842218824178,-0.060901315743422293,0.9290381090232712,0.37549282987583743,-0.0405141709042154,1.015480865920354,0.19883260844535397,0
0.7160000000000005,REST,0.19759842218824178,-0.060901315743422293,0.9290381090232712,0.37549282987583743,-0.0405141709042154,1.015480865920354,0.19883260844535397,0
0.7180000000000005,REST,0.19759842218824178,-0.060901315743422293,0.9290381090232712,0.37549282987583743,-0.0405141709042154,1.015480865920354,0.19883260844535397,0
0.7200000000000005,REST,0.19759842218824178,-0.060901315743422293,0.9290381090232712,0.37549282987583743,-0.0405141709042154,1.015480865920354,0.19883260844535397,0
0.7220000000000005,REST,0.19759842218824178,-0.060901315743422293,0.9290381090232712,0.37549282987583743,-0.0405141709042154,1.015480865920354,0.19883260844535397,0
0.7240000000000005,REST,0.19759842218824178,-0.060901315743422293,0.9290381090232712,0.37549282987583743,-0.0405141709042154,1.015480865920354,0.19883260844535397,0
0.7260000000000005,REST,0.19759842218824178,-0.060901315743422293,0.9290381090232712,0.37549282987583743,-0.0405141709042154,1.015480865920354,0.19883260844535397,0
0.7280000000000005,REST,0.19759842218824178,-0.060901315743422293,0.9290381090232712,0.37549282987583743,-0.0405141709042154,1.015480865920354,0.19883260844535397,0
0.7300000000000005,REST,0.19759842218824178,-0.060901315743422293,0.9290381090232712,0.37549282987583743,-0.0405141709042154,1.015480865920354,0.19883260844535397,0
0.7320000000000005,REST,0.19759842218824178,-0.060901315743422293,0.9290381090232712,0.37549282987583743,-0.0405141709042154,1.015480865920354,0.19883260844535397,0
0.7340000000000005,REST,0.19759842218824178,-0.060901315743422293,0.9290381090232712,0.37549282987583743,-0.0405141709042154,1.015480865920354,0.19883260844535397,0
0.7360000000000005,REST,0.19759842218824178,-0.060901315743422293,0.9290381090232712,0.37549282987583743,-0.0405141709042154,1.015480865920354,0.19883260844535397,0
0.7380000000000005,REST,0.19759842218824178,-0.060901315743422293,0.9290381090232712,0.37549282987583743,-0.0405141709042154,1.015480865920354,0.19883260844535397,0
0.7400000000000005,REST,0.19759842218824178,-0.060901315743422293,0.9290381090232712,0.37549282987583743,-0.0405141709042154,1.015480865920354,0.19883260844535397,0
0.7420000000000005,REST,0.19759842218824178,-0.060901315743422293,0.9290381090232712,0.37549282987583743,-0.0405141709042154,1.015480865920354,0.19883260844535397,0
0.7440000000000005,REST,0.19759842218824178,-0.060901315743422293,0.9290381090232712,0.37549282987583743,-0.0405141709042154,1.015480865920354,0.19883260844535397,0
0.7460000000000006,REST,0.19759842218824178,-0.060901315743422293,0.9290381090232712,0.37549282987583743,-0.0405141709042154,1.015480865920354,0.19883260844535397,0
0.7480000000000006,REST,0.19759842218824178,-0.060901315743422293,0.9290381090232712,0.37549282987583743,-0.0405141709042154,1.015480865920354,0.19883260844535397,0
0.7500000000000006,REST,0.19759842218824178,-0.060901315743422293,0.9290381090232712,0.37549282987583743,-0.0405141709042154,1.015480865920354,0.19883260844535397,0
0.7520000000000006,REST,0.19759842218824178,-0.060901315743422293,0.9290381090232712,0.37549282987583743,-0.0405141709042154,1.015480865920354,0.19883260844535397,0
0.7540000000000006,REST,0.19759842218824178,-0.060901315743422293,0.9290381090232712,0.37549282987583743,-0.0405141709042154,1.015480865920354,0.19883260844535397,0
0.7560000000000006,REST,0.19759842218824178,-0.060901315743422293,0.9290381090232712,0.37549282987583743,-0.0405141709042154,1.015480865920354,0.19883260844535397,0
0.7580000000000006,REST,0.19759842218824178,-0.060901315743422293,0.9290381090232712,0.37549282987583743,-0.0405141709042154,1.015480865920354,0.19883260844535397,0
0.7600000000000006,REST,0.19759842218824178,-0.060901315743422293,0.9290381090232712,0.37549282987583743,-0.0405141709042154,1.015480865920354,0.19883260844535397,0
0.7620000000000006,REST,0.19759842218824178,-0.060901315743422293,0.9290381090232712,0.37549282987583743,-0.0405141709042154,1.015480865920354,0.19883260844535397,0
0.7640000000000006,REST,0.19759842218824178,-0.060901315743422293,0.9290381090232712,0.37549282987583743,-0.0405141709042154,1.015480865920354,0.19883260844535397,0
0.7660000000000006,REST,0.19759842218824178,-0.060901315743422293,0.9290381090232712,0.37549282987583743,-0.0405141709042154,1.015480865920354,0.19883260844535397,0
0.7680000000000006,REST,0.19759842218824178,-0.060901315743422293,0.9290381090232712,0.37549282987583743,-0.0405141709042154,1.015480865920354,0.19883260844535397,0
0.7700000000000006,REST,0.19759842218824178,-0.060901315743422293,0.9290381090232712,0.37549282987583743,-0.0405141709042154,1.015480865920354,0.19883260844535397,0
0.7720000000000006,REST,0.19759842218824178,-0.060901315743422293,0.9290381090232712,0.37549282987583743,-0.0405141709042154,1.015480865920354,0.19883260844535397,0
0.7740000000000006,REST,0.19759842218824178,-0.060901315743422293,0.9290381090232712,0.37549282987583743,-0.0405141709042154,1.015480865920354,0.19883260844535397,0
0.7760000000000006,REST,0.19759842218824178,-0.060901315743422293,0.9290381090232712,0.37549282987583743,-0.0405141709042154,1.015480865920354,0.19883260844535397,0
0.7780000000000006,REST,0.19759842218824178,-0.060901315743422293,0.9290381090232712,0.37549282987583743,-0.0405141709042154,1.015480865920354,0.19883260844535397,0
0.7800000000000006,REST,0.19759842218824178,-0.060901315743422293,0.9290381090232712,0.37549282987583743,-0.0405141709042154,1.015480865920354,0.19883260844535397,0
0.7820000000000006,REST,0.19759842218824178,-0.060901315743422293,0.9290381090232712,0.37549282987583743,-0.0405141709042154,1.015480865920354,0.19883260844535397,0
0.7840000000000006,REST,0.19759842218824178,-0.060901315743422293,0.9290381090232712,0.37549282987583743,-0.0405141709042154,1.015480865920354,0.19883260844535397,0
0.7860000000000006,REST,0.19759842218824178,-0.060901315743422293,0.9290381090232712,0.37549282987583743,-0.0405141709042154,1.015480865920354,0.19883260844535397,0
0.7880000000000006,REST,0.19759842218824178,-0.060901315743422293,0.9290381090232712,0.37549282987583743,-0.0405141709042154,1.015480865920354,0.19883260844535397,0
0.7900000000000006,REST,0.19759842218824178,-0.060901315743422293,0.9290381090232712,0.37549282987583743,-0.0405141709042154,1.015480865920354,0.19883260844535397,0
0.7920000000000006,REST,0.19759842218824178,-0.060901315743422293,0.9290381090232712,0.37549282987583743,-0.0405141709042154,1.015480865920354,0.19883260844535397,0
0.7940000000000006,REST,0.19759842218824178,-0.060901315743422293,0.9290381090232712,0.37549282987583743,-0.0405141709042154,1.015480865920354,0.19883260844535397,0
0.7960000000000006,REST,0.19759842218824178,-0.060901315743422293,0.9290381090232712,0.37549282987583743,-0.0405141709042154,1.015480865920354,0.19883260844535397,0
0.7980000000000006,REST,0.19759842218824178,-0.060901315743422293,0.9290381090232712,0.37549282987583743,-0.0405141709042154,1.015480865920354,0.19883260844535397,0
0.8000000000000006,REST,0.19759842218824178,-0.060901315743422293,0.9290381090232712,0.37549282987583743,-0.0405141709042154,1.015480865920354,0.19883260844535397,0
0.8020000000000006,REST,0.19759842218824178,-0.060901315743422293,0.9290381090232712,0.37549282987583743,-0.0405141709042154,1.015480865920354,0.19883260844535397,0
0.8040000000000006,REST,0.19759842218824178,-0.060901315743422293,0.9290381090232712,0.37549282987583743,-0.0405141709042154,1.015480865920354,0.19883260844535397,0
0.8060000000000006,REST,0.19759842218824178,-0.060901315743422293,0.9290381090232712,0.37549282987583743,-0.0405141709042154,1.015480865920354,0.19883260844535397,0
0.8080000000000006,REST,0.19759842218824178,-0.060901315743422293,0.9290381090232712,0.37549282987583743,-0.0405141709042154,1.015480865920354,0.19883260844535397,0
0.8100000000000006,REST,0.19759842218824178,-0.060901315743422293,0.9290381090232712,0.37549282987583743,-0.0405141709042154,1.015480865920354,0.19883260844535397,0
0.8120000000000006,REST,0.19759842218824178,-0.060901315743422293,0.9290381090232712,0.37549282987583743,-0.0405141709042154,1.015480865920354,0.19883260844535397,0
0.8140000000000006,REST,0.19759842218824178,-0.060901315743422293,0.9290381090232712,0.37549282987583743,-0.0405141709042154,1.015480865920354,0.19883260844535397,0
0.8160000000000006,REST,0.19759842218824178,-0.060901315743422293,0.9290381090232712,0.37549282987583743,-0.0405141709042154,1.015480865920354,0.19883260844535397,0
0.8180000000000006,REST,0.19759842218824178,-0.060901315743422293,0.9290381090232712,0.37549282987583743,-0.0405141709042154,1.015480865920354,0.19883260844535397,0
0.8200000000000006,REST,0.19759842218824178,-0.060901315743422293,0.9290381090232712,0.37549282987583743,-0.0405141709042154,1.015480865920354,0.19883260844535397,0
0.8220000000000006,REST,0.19759842218824178,-0.060901315743422293,0.9290381090232712,0.37549282987583743,-0.0405141709042154,1.015480865920354,0.19883260844535397,0
0.8240000000000006,REST,0.19759842218824178,-0.060901315743422293,0.9290381090232712,0.37549282987583743,-0.0405141709042154,1.015480865920354,0.19883260844535397,0
0.8260000000000006,REST,0.19759842218824178,-0.060901315743422293,0.9290381090232712,0.37549282987583743,-0.0405141709042154,1.015480865920354,0.19883260844535397,0
0.8280000000000006,REST,0.19759842218824178,-0.060901315743422293,0.9290381090232712,0.37549282987583743,-0.0405141709042154,1.015480865920354,0.19883260844535397,0
0.8300000000000006,REST,0.19759842218824178,-0.060901315743422293,0.9290381090232712,0.37549282987583743,-0.0405141709042154,1.015480865920354,0.19883260844535397,0
0.8320000000000006,REST,0.19759842218824178,-0.060901315743422293,0.9290381090232712,0.37549282987583743,-0.0405141709042154,1.015480865920354,0.19883260844535397,0
0.8340000000000006,REST,0.19759842218824178,-0.060901315743422293,0.9290381090232712,0.37549282987583743,-0.0405141709042154,1.015480865920354,0.19883260844535397,0
0.8360000000000006,REST,0.19759842218824178,-0.060901315743422293,0.9290381090232712,0.37549282987583743,-0.0405141709042154,1.015480865920354,0.19883260844535397,0
0.8380000000000006,REST,0.19759842218824178,-0.060901315743422293,0.9290381090232712,0.37549282987583743,-0.0405141709042154,1.015480865920354,0.19883260844535397,0
0.8400000000000006,REST,0.19759842218824178,-0.060901315743422293,0.9290381090232712,0.37549282987583743,-0.0405141709042154,1.015480865920354,0.19883260844535397,0
0.8420000000000006,REST,0.19759842218824178,-0.060901315743422293,0.9290381090232712,0.37549282987583743,-0.0405141709042154,1.015480865920354,0.19883260844535397,0
0.8440000000000006,REST,0.19759842218824178,-0.060901315743422293,0.9290381090232712,0.37549282987583743,-0.0405141709042154,1.015480865920354,0.19883260844535397,0
0.8460000000000006,REST,0.19759842218824178,-0.060901315743422293,0.9290381090232712,0.37549282987583743,-0.0405141709042154,1.015480865920354,0.19883260844535397,0
0.8480000000000006,REST,0.19759842218824178,-0.060901315743422293,0.9290381090232712,0.37549282987583743,-0.0405141709042154,1.015480865920354,0.19883260844535397,0
0.8500000000000006,REST,0.19759842218824178,-0.060901315743422293,0.9290381090232712,0.37549282987583743,-0.0405141709042154,1.015480865920354,0.19883260844535397,0
0.8520000000000006,REST,0.19759842218824178,-0.060901315743422293,0.9290381090232712,0.37549282987583743,-0.0405141709042154,1.015480865920354,0.19883260844535397,0
0.8540000000000006,REST,0.19759842218824178,-0.060901315743422293,0.9290381090232712,0.37549282987583743,-0.0405141709042154,1.015480865920354,0.19883260844535397,0
0.8560000000000006,REST,0.19759842218824178,-0.060901315743422293,0.9290381090232712,0.37549282987583743,-0.0405141709042154,1.015480865920354,0.19883260844535397,0
0.8580000000000007,REST,0.19759842218824178,-0.060901315743422293,0.9290381090232712,0.37549282987583743,-0.0405141709042154,1.015480865920354,0.19883260844535397,0
0.8600000000000007,REST,0.19759842218824178,-0.060901315743422293,0.9290381090232712,0.37549282987583743,-0.0405141709042154,1.015480865920354,0.19883260844535397,0
0.8620000000000007,REST,0.19759842218824178,-0.060901315743422293,0.9290381090232712,0.37549282987583743,-0.0405141709042154,1.015480865920354,0.19883260844535397,0
0.8640000000000007,REST,0.19759842218824178,-0.060901315743422293,0.9290381090232712,0.37549282987583743,-0.0405141709042154,1.015480865920354,0.19883260844535397,0
0.8660000000000007,REST,0.19759842218824178,-0.060901315743422293,0.9290381090232712,0.37549282987583743,-0.0405141709042154,1.015480865920354,0.19883260844535397,0
0.8680000000000007,REST,0.19759842218824178,-0.060901315743422293,0.9290381090232712,0.37549282987583743,-0.0405141709042154,1.015480865920354,0.19883260844535397,0
0.8700000000000007,REST,0.19759842218824178,-0.060901315743422293,0.9290381090232712,0.37549282987583743,-0.0405141709042154,1.015480865920354,0.19883260844535397,0
0.8720000000000007,REST,0.19759842218824178,-0.060901315743422293,0.9290381090232712,0.37549282987583743,-0.0405141709042154,1.015480865920354,0.19883260844535397,0
0.8740000000000007,REST,0.19759842218824178,-0.060901315743422293,0.9290381090232712,0.37549282987583743,-0.0405141709042154,1.015480865920354,0.19883260844535397,0
0.8760000000000007,REST,0.19759842218824178,-0.060901315743422293,0.9290381090232712,0.37549282987583743,-0.0405141709042154,1.015480865920354,0.19883260844535397,0
0.8780000000000007,REST,0.19759842218824178,-0.060901315743422293,0.9290381090232712,0.37549282987583743,-0.0405141709042154,1.015480865920354,0.19883260844535397,0
0.8800000000000007,REST,0.19759842218824178,-0.060901315743422293,0.9290381090232712,0.37549282987583743,-0.0405141709042154,1.015480865920354,0.19883260844535397,0
0.8820000000000007,REST,0.19759842218824178,-0.060901315743422293,0.9290381090232712,0.37549282987583743,-0.0405141709042154,1.015480865920354,0.19883260844535397,0
0.8840000000000007,REST,0.19759842218824178,-0.060901315743422293,0.9290381090232712,0.37549282987583743,-0.0405141709042154,1.015480865920354,0.19883260844535397,0
0.8860000000000007,REST,0.19759842218824178,-0.060901315743422293,0.9290381090232712,0.37549282987583743,-0.0405141709042154,1.015480865920354,0.19883260844535397,0
0.8880000000000007,REST,0.19759842218824178,-0.060901315743422293,0.9290381090232712,0.37549282987583743,-0.0405141709042154,1.015480865920354,0.19883260844535397,0
0.8900000000000007,REST,0.19759842218824178,-0.060901315743422293,0.9290381090232712,0.37549282987583743,-0.0405141709042154,1.015480865920354,0.19883260844535397,0
0.8920000000000007,REST,0.19759842218824178,-0.060901315743422293,0.9290381090232712,0.37549282987583743,-0.0405141709042154,1.015480865920354,0.19883260844535397,0
0.8940000000000007,REST,0.19759842218824178,-0.060901315743422293,0.9290381090232712,0.37549282987583743,-0.0405141709042154,1.015480865920354,0.19883260844535397,0
0.8960000000000007,REST,0.19759842218824178,-0.060901315743422293,0.9290381090232712,0.37549282987583743,-0.0405141709042154,1.015480865920354,0.19883260844535397,0
0.8980000000000007,REST,0.19759842218824178,-0.060901315743422293,0.9290381090232712,0.37549282987583743,-0.0405141709042154,1.015480865920354,0.19883260844535397,0
0.9000000000000007,REST,0.19759842218824178,-0.060901315743422293,0.9290381090232712,0.37549282987583743,-0.0405141709042154,1.015480865920354,0.19883260844535397,0
0.9020000000000007,REST,0.19759842218824178,-0.060901315743422293,0.9290381090232712,0.37549282987583743,-0.0405141709042154,1.015480865920354,0.19883260844535397,0
0.9040000000000007,REST,0.19759842218824178,-0.060901315743422293,0.9290381090232712,0.37549282987583743,-0.0405141709042154,1.015480865920354,0.19883260844535397,0
0.9060000000000007,REST,0.19759842218824178,-0.060901315743422293,0.9290381090232712,0.37549282987583743,-0.0405141709042154,1.015480865920354,0.19883260844535397,0
0.9080000000000007,REST,0.19759842218824178,-0.060901315743422293,0.9290381090232712,0.37549282987583743,-0.0405141709042154,1.015480865920354,0.19883260844535397,0
0.9100000000000007,REST,0.19759842218824178,-0.060901315743422293,0.9290381090232712,0.37549282987583743,-0.0405141709042154,1.015480865920354,0.19883260844535397,0
0.9120000000000007,REST,0.19759842218824178,-0.060901315743422293,0.9290381090232712,0.37549282987583743,-0.0405141709042154,1.015480865920354,0.19883260844535397,0
0.9140000000000007,REST,0.19759842218824178,-0.060901315743422293,0.9290381090232712,0.37549282987583743,-0.0405141709042154,1.015480865920354,0.19883260844535397,0
0.9160000000000007,REST,0.19759842218824178,-0.060901315743422293,0.9290381090232712,0.37549282987583743,-0.0405141709042154,1.015480865920354,0.19883260844535397,0
0.9180000000000007,REST,0.19759842218824178,-0.060901315743422293,0.9290381090232712,0.37549282987583743,-0.0405141709042154,1.015480865920354,0.19883260844535397,0
0.9200000000000007,REST,0.19759842218824178,-0.060901315743422293,0.9290381090232712,0.37549282987583743,-0.0405141709042154,1.015480865920354,0.19883260844535397,0
0.9220000000000007,REST,0.19759842218824178,-0.060901315743422293,0.9290381090232712,0.37549282987583743,-0.0405141709042154,1.015480865920354,0.19883260844535397,0
0.9240000000000007,REST,0.19759842218824178,-0.060901315743422293,0.9290381090232712,0.37549282987583743,-0.0405141709042154,1.015480865920354,0.19883260844535397,0
0.9260000000000007,REST,0.19759842218824178,-0.060901315743422293,0.9290381090232712,0.37549282987583743,-0.0405141709042154,1.015480865920354,0.19883260844535397,0
0.9280000000000007,REST,0.19759842218824178,-0.060901315743422293,0.9290381090232712,0.37549282987583743,-0.0405141709042154,1.015480865920354,0.19883260844535397,0
0.9300000000000007,REST,0.19759842218824178,-0.060901315743422293,0.9290381090232712,0.37549282987583743,-0.0405141709042154,1.015480865920354,0.19883260844535397,0
0.9320000000000007,REST,0.19759842218824178,-0.060901315743422293,0.9290381090232712,0.37549282987583743,-0.0405141709042154,1.015480865920354,0.19883260844535397,0
0.9340000000000007,REST,0.19759842218824178,-0.060901315743422293,0.9290381090232712,0.37549282987583743,-0.0405141709042154,1.015480865920354,0.19883260844535397,0
0.9360000000000007,REST,0.19759842218824178,-0.060901315743422293,0.9290381090232712,0.37549282987583743,-0.0405141709042154,1.015480865920354,0.19883260844535397,0
0.9380000000000007,REST,0.19759842218824178,-0.060901315743422293,0.9290381090232712,0.37549282987583743,-0.0405141709042154,1.015480865920354,0.19883260844535397,0
0.9400000000000007,REST,0.19759842218824178,-0.060901315743422293,0.9290381090232712,0.37549282987583743,-0.0405141709042154,1.015480865920354,0.19883260844535397,0
0.9420000000000007,REST,0.19759842218824178,-0.060901315743422293,0.9290381090232712,0.37549282987583743,-0.0405141709042154,1.015480865920354,0.19883260844535397,0
0.9440000000000007,REST,0.19759842218824178,-0.060901315743422293,0.9290381090232712,0.37549282987583743,-0.0405141709042154,1.015480865920354,0.19883260844535397,0
0.9460000000000007,REST,0.19759842218824178,-0.060901315743422293,0.9290381090232712,0.37549282987583743,-0.0405141709042154,1.015480865920354,0.19883260844535397,0
0.9480000000000007,REST,0.19759842218824178,-0.060901315743422293,0.9290381090232712,0.37549282987583743,-0.0405141709042154,1.015480865920354,0.19883260844535397,0
0.9500000000000007,REST,0.19759842218824178,-0.060901315743422293,0.9290381090232712,0.37549282987583743,-0.0405141709042154,1.015480865920354,0.19883260844535397,0
0.9520000000000007,REST,0.19759842218824178,-0.060901315743422293,0.9290381090232712,0.37549282987583743,-0.0405141709042154,1.015480865920354,0.19883260844535397,0
0.9540000000000007,REST,0.19759842218824178,-0.060901315743422293,0.9290381090232712,0.37549282987583743,-0.0405141709042154,1.015480865920354,0.19883260844535397,0
0.9560000000000007,REST,0.19759842218824178,-0.060901315743422293,0.9290381090232712,0.37549282987583743,-0.0405141709042154,1.015480865920354,0.19883260844535397,0
0.9580000000000007,REST,0.19759842218824178,-0.060901315743422293,0.9290381090232712,0.37549282987583743,-0.0405141709042154,1.015480865920354,0.19883260844535397,0
0.9600000000000007,REST,0.19759842218824178,-0.060901315743422293,0.9290381090232712,0.37549282987583743,-0.0405141709042154,1.015480865920354,0.19883260844535397,0
0.9620000000000007,REST,0.19759842218824178,-0.060901315743422293,0.9290381090232712,0.37549282987583743,-0.0405141709042154,1.015480865920354,0.19883260844535397,0
0.9640000000000007,REST,0.19759842218824178,-0.060901315743422293,0.9290381090232712,0.37549282987583743,-0.0405141709042154,1.015480865920354,0.19883260844535397,0
0.9660000000000007,REST,0.19759842218824178,-0.060901315743422293,0.9290381090232712,0.37549282987583743,-0.0405141709042154,1.015480865920354,0.19883260844535397,0
0.9680000000000007,REST,0.19759842218824178,-0.060901315743422293,0.9290381090232712,0.37549282987583743,-0.0405141709042154,1.015480865920354,0.19883260844535397,0
0.9700000000000008,REST,0.19759842218824178,-0.060901315743422293,0.9290381090232712,0.37549282987583743,-0.0405141709042154,1.015480865920354,0.19883260844535397,0
0.9720000000000008,REST,0.19759842218824178,-0.060901315743422293,0.9290381090232712,0.37549282987583743,-0.0405141709042154,1.015480865920354,0.19883260844535397,0
0.9740000000000008,REST,0.19759842218824178,-0.060901315743422293,0.9290381090232712,0.37549282987583743,-0.0405141709042154,1.015480865920354,0.19883260844535397,0
0.9760000000000008,REST,0.19759842218824178,-0.060901315743422293,0.9290381090232712,0.37549282987583743,-0.0405141709042154,1.015480865920354,0.19883260844535397,0
0.9780000000000008,REST,0.19759842218824178,-0.060901315743422293,0.9290381090232712,0.37549282987583743,-0.0405141709042154,1.015480865920354,0.19883260844535397,0
0.9800000000000008,REST,0.19759842218824178,-0.060901315743422293,0.9290381090232712,0.37549282987583743,-0.0405141709042154,1.015480865920354,0.19883260844535397,0
0.9820000000000008,REST,0.19759842218824178,-0.060901315743422293,0.9290381090232712,0.37549282987583743,-0.0405141709042154,1.015480865920354,0.19883260844535397,0
0.9840000000000008,REST,0.19759842218824178,-0.060901315743422293,0.9290381090232712,0.37549282987583743,-0.0405141709042154,1.015480865920354,0.19883260844535397,0
0.9860000000000008,REST,0.19759842218824178,-0.060901315743422293,0.9290381090232712,0.37549282987583743,-0.0405141709042154,1.015480865920354,0.19883260844535397,0
0.9880000000000008,REST,0.19759842218824178,-0.060901315743422293,0.9290381090232712,0.37549282987583743,-0.0405141709042154,1.015480865920354,0.19883260844535397,0
0.9900000000000008,REST,0.19759842218824178,-0.060901315743422293,0.9290381090232712,0.37549282987583743,-0.0405141709042154,1.015480865920354,0.19883260844535397,0
0.9920000000000008,REST,0.19759842218824178,-0.060901315743422293,0.9290381090232712,0.37549282987583743,-0.0405141709042154,1.015480865920354,0.19883260844535397,0
0.9940000000000008,REST,0.19759842218824178,-0.060901315743422293,0.9290381090232712,0.37549282987583743,-0.0405141709042154,1.015480865920354,0.19883260844535397,0
0.9960000000000008,REST,0.19759842218824178,-0.060901315743422293,0.9290381090232712,0.37549282987583743,-0.0405141709042154,1.015480865920354,0.19883260844535397,0
0.9980000000000008,REST,0.19759842218824178,-0.060901315743422293,0.9290381090232712,0.37549282987583743,-0.0405141709042154,1.015480865920354,0.19883260844535397,0
1.0000000000000007,REST,0.19759842218824178,-0.060901315743422293,0.9290381090232712,0.37549282987583743,-0.0405141709042154,1.015480865920354,0.19883260844535397,0
1.0020000000000007,POINT,0.19759842218824178,-0.060901315743422293,0.9290381090232712,0.37549282987583743,-0.0405141709042154,1.015480865920354,0.19883260844535397,0
1.0040000000000007,POINT,0.19759842218824178,-0.060901315743422293,0.9290381090232712,0.37549282987583743,-0.0405141709042154,1.015480865920354,0.19883260844535397,0
1.0060000000000007,POINT,0.19759842218824178,-0.060901315743422293,0.9290381090232712,0.37549282987583743,-0.0405141709042154,1.015480865920354,0.19883260844535397,0
1.0080000000000007,POINT,0.19759842218824178,-0.060901315743422293,0.9290381090232712,0.37549282987583743,-0.0405141709042154,1.015480865920354,0.19883260844535397,0
1.0100000000000007,POINT,0.19759842218824178,-0.060901315743422293,0.9290381090232712,0.37549282987583743,-0.0405141709042154,1.015480865920354,0.19883260844535397,0
1.0120000000000007,POINT,0.19759842218824178,-0.060901315743422293,0.9290381090232712,0.37549282987583743,-0.0405141709042154,1.015480865920354,0.19883260844535397,0
1.0140000000000007,POINT,0.19759842218824178,-0.060901315743422293,0.9290381090232712,0.37549282987583743,-0.0405141709042154,1.015480865920354,0.19883260844535397,0
1.0160000000000007,POINT,0.19759842218824178,-0.060901315743422293,0.9290381090232712,0.37549282987583743,-0.0405141709042154,1.015480865920354,0.19883260844535397,0
1.0180000000000007,POINT,0.19759842218824178,-0.060901315743422293,0.9290381090232712,0.37549282987583743,-0.0405141709042154,1.015480865920354,0.19883260844535397,0
1.0200000000000007,POINT,0.19759842218824178,-0.060901315743422293,0.9290381090232712,0.37549282987583743,-0.0405141709042154,1.015480865920354,0.19883260844535397,0
1.0220000000000007,POINT,0.19759842218824178,-0.060901315743422293,0.9290381090232712,0.37549282987583743,-0.0405141709042154,1.015480865920354,0.19883260844535397,0
1.0240000000000007,POINT,0.19759842218824178,-0.060901315743422293,0.9290381090232712,0.37549282987583743,-0.0405141709042154,1.015480865920354,0.19883260844535397,0
1.0260000000000007,POINT,0.19759842218824178,-0.060901315743422293,0.9290381090232712,0.37549282987583743,-0.0405141709042154,1.015480865920354,0.19883260844535397,0
1.0280000000000007,POINT,0.19759842218824178,-0.060901315743422293,0.9290381090232712,0.37549282987583743,-0.0405141709042154,1.015480865920354,0.19883260844535397,0
1.0300000000000007,POINT,0.19759842218824178,-0.060901315743422293,0.9290381090232712,0.37549282987583743,-0.0405141709042154,1.015480865920354,0.19883260844535397,0
1.0320000000000007,POINT,0.19759842218824178,-0.060901315743422293,0.9290381090232712,0.37549282987583743,-0.0405141709042154,1.015480865920354,0.19883260844535397,0
1.0340000000000007,POINT,0.19759842218824178,-0.060901315743422293,0.9290381090232712,0.37549282987583743,-0.0405141709042154,1.015480865920354,0.19883260844535397,0
1.0360000000000007,POINT,0.19759842218824178,-0.060901315743422293,0.9290381090232712,0.37549282987583743,-0.0405141709042154,1.015480865920354,0.19883260844535397,0
1.0380000000000007,POINT,0.19759842218824178,-0.060901315743422293,0.9290381090232712,0.37549282987583743,-0.0405141709042154,1.015480865920354,0.19883260844535397,0
1.0400000000000007,POINT,0.19759842218824178,-0.060901315743422293,0.9290381090232712,0.37549282987583743,-0.0405141709042154,1.015480865920354,0.19883260844535397,0
1.0420000000000007,POINT,0.19759842218824178,-0.060901315743422293,0.9290381090232712,0.37549282987583743,-0.0405141709042154,1.015480865920354,0.19883260844535397,0
1.0440000000000007,POINT,0.19759842218824178,-0.060901315743422293,0.9290381090232712,0.37549282987583743,-0.0405141709042154,1.015480865920354,0.19883260844535397,0
1.0460000000000007,POINT,0.19759842218824178,-0.060901315743422293,0.9290381090232712,0.37549282987583743,-0.0405141709042154,1.015480865920354,0.19883260844535397,0
1.0480000000000007,POINT,0.19759842218824178,-0.060901315743422293,0.9290381090232712,0.37549282987583743,-0.0405141709042154,1.015480865920354,0.19883260844535397,0
1.0500000000000007,POINT,0.19759842218824178,-0.060901315743422293,0.9290381090232712,0.37549282987583743,-0.0405141709042154,1.015480865920354,0.19883260844535397,0
1.0520000000000007,POINT,0.19759842218824178,-0.060901315743422293,0.9290381090232712,0.37549282987583743,-0.0405141709042154,1.015480865920354,0.19883260844535397,0
1.0540000000000007,POINT,0.19759842218824178,-0.060901315743422293,0.9290381090232712,0.37549282987583743,-0.0405141709042154,1.015480865920354,0.19883260844535397,0
1.0560000000000007,POINT,0.19759842218824178,-0.060901315743422293,0.9290381090232712,0.37549282987583743,-0.0405141709042154,1.015480865920354,0.19883260844535397,0
1.0580000000000007,POINT,0.19759842218824178,-0.060901315743422293,0.9290381090232712,0.37549282987583743,-0.0405141709042154,1.015480865920354,0.19883260844535397,0
1.0600000000000007,POINT,0.19759842218824178,-0.060901315743422293,0.9290381090232712,0.37549282987583743,-0.0405141709042154,1.015480865920354,0.19883260844535397,0
1.0620000000000007,POINT,0.19759842218824178,-0.060901315743422293,0.9290381090232712,0.37549282987583743,-0.0405141709042154,1.015480865920354,0.19883260844535397,0
1.0640000000000007,POINT,0.19759842218824178,-0.060901315743422293,0.9290381090232712,0.37549282987583743,-0.0405141709042154,1.015480865920354,0.19883260844535397,0
1.0660000000000007,POINT,0.19759842218824178,-0.060901315743422293,0.9290381090232712,0.37549282987583743,-0.0405141709042154,1.015480865920354,0.19883260844535397,0
1.0680000000000007,POINT,0.19759842218824178,-0.060901315743422293,0.9290381090232712,0.37549282987583743,-0.0405141709042154,1.015480865920354,0.19883260844535397,0
1.0700000000000007,POINT,0.19759842218824178,-0.060901315743422293,0.9290381090232712,0.37549282987583743,-0.0405141709042154,1.015480865920354,0.19883260844535397,0
1.0720000000000007,POINT,0.19759842218824178,-0.060901315743422293,0.9290381090232712,0.37549282987583743,-0.0405141709042154,1.015480865920354,0.19883260844535397,0
1.0740000000000007,POINT,0.19759842218824178,-0.060901315743422293,0.9290381090232712,0.37549282987583743,-0.0405141709042154,1.015480865920354,0.19883260844535397,0
1.0760000000000007,POINT,0.19759842218824178,-0.060901315743422293,0.9290381090232712,0.37549282987583743,-0.0405141709042154,1.015480865920354,0.19883260844535397,0
1.0780000000000007,POINT,0.19759842218824178,-0.060901315743422293,0.9290381090232712,0.37549282987583743,-0.0405141709042154,1.015480865920354,0.19883260844535397,0
1.0800000000000007,POINT,0.19759842218824178,-0.060901315743422293,0.9290381090232712,0.37549282987583743,-0.0405141709042154,1.015480865920354,0.19883260844535397,0
1.0820000000000007,POINT,0.19759842218824178,-0.060901315743422293,0.9290381090232712,0.37549282987583743,-0.0405141709042154,1.015480865920354,0.19883260844535397,0
1.0840000000000007,POINT,0.19759842218824178,-0.060901315743422293,0.9290381090232712,0.37549282987583743,-0.0405141709042154,1.015480865920354,0.19883260844535397,0
1.0860000000000007,POINT,0.19759842218824178,-0.060901315743422293,0.9290381090232712,0.37549282987583743,-0.0405141709042154,1.015480865920354,0.19883260844535397,0
1.0880000000000007,POINT,0.19759842218824178,-0.060901315743422293,0.9290381090232712,0.37549282987583743,-0.0405141709042154,1.015480865920354,0.19883260844535397,0
1.0900000000000007,POINT,0.19759842218824178,-0.060901315743422293,0.9290381090232712,0.37549282987583743,-0.0405141709042154,1.015480865920354,0.19883260844535397,0
1.0920000000000007,POINT,0.19759842218824178,-0.060901315743422293,0.9290381090232712,0.37549282987583743,-0.0405141709042154,1.015480865920354,0.19883260844535397,0
1.0940000000000007,POINT,0.19759842218824178,-0.060901315743422293,0.9290381090232712,0.37549282987583743,-0.0405141709042154,1.015480865920354,0.19883260844535397,0
1.0960000000000008,POINT,0.19759842218824178,-0.060901315743422293,0.9290381090232712,0.37549282987583743,-0.0405141709042154,1.015480865920354,0.19883260844535397,0
1.0980000000000008,POINT,0.19759842218824178,-0.060901315743422293,0.9290381090232712,0.37549282987583743,-0.0405141709042154,1.015480865920354,0.19883260844535397,0
1.1000000000000008,POINT,0.19759842218824178,-0.060901315743422293,0.9290381090232712,0.37549282987583743,-0.0405141709042154,1.015480865920354,0.19883260844535397,0
1.1020000000000008,POINT,0.19759842218824178,-0.060901315743422293,0.9290381090232712,0.37549282987583743,-0.0405141709042154,1.015480865920354,0.19883260844535397,0
1.1040000000000008,POINT,0.19759842218824178,-0.060901315743422293,0.9290381090232712,0.37549282987583743,-0.0405141709042154,1.015480865920354,0.19883260844535397,0
1.1060000000000008,POINT,0.19759842218824178,-0.060901315743422293,0.9290381090232712,0.37549282987583743,-0.0405141709042154,1.015480865920354,0.19883260844535397,0
1.1080000000000008,POINT,0.19759842218824178,-0.060901315743422293,0.9290381090232712,0.37549282987583743,-0.0405141709042154,1.015480865920354,0.19883260844535397,0
1.1100000000000008,POINT,0.19759842218824178,-0.060901315743422293,0.9290381090232712,0.37549282987583743,-0.0405141709042154,1.015480865920354,0.19883260844535397,0
1.1120000000000008,POINT,0.19759842218824178,-0.060901315743422293,0.9290381090232712,0.37549282987583743,-0.0405141709042154,1.015480865920354,0.19883260844535397,0
1.1140000000000008,POINT,0.19759842218824178,-0.060901315743422293,0.9290381090232712,0.37549282987583743,-0.0405141709042154,1.015480865920354,0.19883260844535397,0
1.1160000000000008,POINT,0.19759842218824178,-0.060901315743422293,0.9290381090232712,0.37549282987583743,-0.0405141709042154,1.015480865920354,0.19883260844535397,0
1.1180000000000008,POINT,0.19759842218824178,-0.060901315743422293,0.9290381090232712,0.37549282987583743,-0.0405141709042154,1.015480865920354,0.19883260844535397,0
1.1200000000000008,POINT,0.19759842218824178,-0.060901315743422293,0.9290381090232712,0.37549282987583743,-0.0405141709042154,1.015480865920354,0.19883260844535397,0
1.1220000000000008,POINT,0.19759842218824178,-0.060901315743422293,0.9290381090232712,0.37549282987583743,-0.0405141709042154,1.015480865920354,0.19883260844535397,0
1.1240000000000008,POINT,0.19759842218824178,-0.060901315743422293,0.9290381090232712,0.37549282987583743,-0.0405141709042154,1.015480865920354,0.19883260844535397,0
1.1260000000000008,POINT,0.19759842218824178,-0.060901315743422293,0.9290381090232712,0.37549282987583743,-0.0405141709042154,1.015480865920354,0.19883260844535397,0
1.1280000000000008,POINT,0.19759842218824178,-0.060901315743422293,0.9290381090232712,0.37549282987583743,-0.0405141709042154,1.015480865920354,0.19883260844535397,0
1.1300000000000008,POINT,0.19759842218824178,-0.060901315743422293,0.9290381090232712,0.37549282987583743,-0.0405141709042154,1.015480865920354,0.19883260844535397,0
1.1320000000000008,POINT,0.19759842218824178,-0.060901315743422293,0.9290381090232712,0.37549282987583743,-0.0405141709042154,1.015480865920354,0.19883260844535397,0
1.1340000000000008,POINT,0.19759842218824178,-0.060901315743422293,0.9290381090232712,0.37549282987583743,-0.0405141709042154,1.015480865920354,0.19883260844535397,0
1.1360000000000008,POINT,0.19759842218824178,-0.060901315743422293,0.9290381090232712,0.37549282987583743,-0.0405141709042154,1.015480865920354,0.19883260844535397,0
1.1380000000000008,POINT,0.19759842218824178,-0.060901315743422293,0.9290381090232712,0.37549282987583743,-0.0405141709042154,1.015480865920354,0.19883260844535397,0
1.1400000000000008,POINT,0.19759842218824178,-0.060901315743422293,0.9290381090232712,0.37549282987583743,-0.0405141709042154,1.015480865920354,0.19883260844535397,0
1.1420000000000008,POINT,0.19759842218824178,-0.060901315743422293,0.9290381090232712,0.37549282987583743,-0.0405141709042154,1.015480865920354,0.19883260844535397,0
1.1440000000000008,POINT,0.19759842218824178,-0.060901315743422293,0.9290381090232712,0.37549282987583743,-0.0405141709042154,1.015480865920354,0.19883260844535397,0
1.1460000000000008,POINT,0.19759842218824178,-0.060901315743422293,0.9290381090232712,0.37549282987583743,-0.0405141709042154,1.015480865920354,0.19883260844535397,0
1.1480000000000008,POINT,0.19759842218824178,-0.060901315743422293,0.9290381090232712,0.37549282987583743,-0.0405141709042154,1.015480865920354,0.19883260844535397,0
1.1500000000000008,POINT,0.19759842218824178,-0.060901315743422293,0.9290381090232712,0.37549282987583743,-0.0405141709042154,1.015480865920354,0.19883260844535397,0
1.1520000000000008,POINT,0.19759842218824178,-0.060901315743422293,0.9290381090232712,0.37549282987583743,-0.0405141709042154,1.015480865920354,0.19883260844535397,0
1.1540000000000008,POINT,0.19759842218824178,-0.060901315743422293,0.9290381090232712,0.37549282987583743,-0.0405141709042154,1.015480865920354,0.19883260844535397,0
1.1560000000000008,POINT,0.19759842218824178,-0.060901315743422293,0.9290381090232712,0.37549282987583743,-0.0405141709042154,1.015480865920354,0.19883260844535397,0
1.1580000000000008,POINT,0.19759842218824178,-0.060901315743422293,0.9290381090232712,0.37549282987583743,-0.0405141709042154,1.015480865920354,0.19883260844535397,0
1.1600000000000008,POINT,0.19759842218824178,-0.060901315743422293,0.9290381090232712,0.37549282987583743,-0.0405141709042154,1.015480865920354,0.19883260844535397,0
1.1620000000000008,POINT,0.19759842218824178,-0.060901315743422293,0.9290381090232712,0.37549282987583743,-0.0405141709042154,1.015480865920354,0.19883260844535397,0
1.1640000000000008,POINT,0.19759842218824178,-0.060901315743422293,0.9290381090232712,0.37549282987583743,-0.0405141709042154,1.015480865920354,0.19883260844535397,0
1.1660000000000008,POINT,0.19759842218824178,-0.060901315743422293,0.9290381090232712,0.37549282987583743,-0.0405141709042154,1.015480865920354,0.19883260844535397,0
1.1680000000000008,POINT,0.19759842218824178,-0.060901315743422293,0.9290381090232712,0.37549282987583743,-0.0405141709042154,1.015480865920354,0.19883260844535397,0
1.1700000000000008,POINT,0.19759842218824178,-0.060901315743422293,0.9290381090232712,0.37549282987583743,-0.0405141709042154,1.015480865920354,0.19883260844535397,0
1.1720000000000008,POINT,0.19759842218824178,-0.060901315743422293,0.9290381090232712,0.37549282987583743,-0.0405141709042154,1.015480865920354,0.19883260844535397,0
1.1740000000000008,POINT,0.19759842218824178,-0.060901315743422293,0.9290381090232712,0.37549282987583743,-0.0405141709042154,1.015480865920354,0.19883260844535397,0
1.1760000000000008,POINT,0.19759842218824178,-0.060901315743422293,0.9290381090232712,0.37549282987583743,-0.0405141709042154,1.015480865920354,0.19883260844535397,0
1.1780000000000008,POINT,0.19759842218824178,-0.060901315743422293,0.9290381090232712,0.37549282987583743,-0.0405141709042154,1.015480865920354,0.19883260844535397,0
1.1800000000000008,POINT,0.19759842218824178,-0.060901315743422293,0.9290381090232712,0.37549282987583743,-0.0405141709042154,1.015480865920354,0.19883260844535397,0
1.1820000000000008,POINT,0.19759842218824178,-0.060901315743422293,0.9290381090232712,0.37549282987583743,-0.0405141709042154,1.015480865920354,0.19883260844535397,0
1.1840000000000008,POINT,0.19759842218824178,-0.060901315743422293,0.9290381090232712,0.37549282987583743,-0.0405141709042154,1.015480865920354,0.19883260844535397,0
1.1860000000000008,POINT,0.19759842218824178,-0.060901315743422293,0.9290381090232712,0.37549282987583743,-0.0405141709042154,1.015480865920354,0.19883260844535397,0
1.1880000000000008,POINT,0.19759842218824178,-0.060901315743422293,0.9290381090232712,0.37549282987583743,-0.0405141709042154,1.015480865920354,0.19883260844535397,0
1.1900000000000008,POINT,0.19759842218824178,-0.060901315743422293,0.9290381090232712,0.37549282987583743,-0.0405141709042154,1.015480865920354,0.19883260844535397,0
1.1920000000000008,POINT,0.19759842218824178,-0.060901315743422293,0.9290381090232712,0.37549282987583743,-0.0405141709042154,1.015480865920354,0.19883260844535397,0
1.1940000000000008,POINT,0.19759842218824178,-0.060901315743422293,0.9290381090232712,0.37549282987583743,-0.0405141709042154,1.015480865920354,0.19883260844535397,0
1.1960000000000008,POINT,0.19759842218824178,-0.060901315743422293,0.9290381090232712,0.37549282987583743,-0.0405141709042154,1.015480865920354,0.19883260844535397,0
1.1980000000000008,POINT,0.19759842218824178,-0.060901315743422293,0.9290381090232712,0.37549282987583743,-0.0405141709042154,1.015480865920354,0.19883260844535397,0
1.2000000000000008,POINT,0.19759842218824178,-0.060901315743422293,0.9290381090232712,0.37549282987583743,-0.0405141709042154,1.015480865920354,0.19883260844535397,0
1.2020000000000008,POINT,0.19759842218824178,-0.060901315743422293,0.9290381090232712,0.37549282987583743,-0.0405141709042154,1.015480865920354,0.19883260844535397,0
1.2040000000000008,POINT,0.19759842218824178,-0.060901315743422293,0.9290381090232712,0.37549282987583743,-0.0405141709042154,1.015480865920354,0.19883260844535397,0
1.2060000000000008,POINT,0.19759842218824178,-0.060901315743422293,0.9290381090232712,0.37549282987583743,-0.0405141709042154,1.015480865920354,0.19883260844535397,0
1.2080000000000009,POINT,0.19759842218824178,-0.060901315743422293,0.9290381090232712,0.37549282987583743,-0.0405141709042154,1.015480865920354,0.19883260844535397,0
1.2100000000000009,POINT,0.19759842218824178,-0.060901315743422293,0.9290381090232712,0.37549282987583743,-0.0405141709042154,1.015480865920354,0.19883260844535397,0
1.2120000000000009,POINT,0.19759842218824178,-0.060901315743422293,0.9290381090232712,0.37549282987583743,-0.0405141709042154,1.015480865920354,0.19883260844535397,0
1.2140000000000009,POINT,0.19759842218824178,-0.060901315743422293,0.9290381090232712,0.37549282987583743,-0.0405141709042154,1.015480865920354,0.19883260844535397,0
1.2160000000000009,POINT,0.19759842218824178,-0.060901315743422293,0.9290381090232712,0.37549282987583743,-0.0405141709042154,1.015480865920354,0.19883260844535397,0
1.2180000000000009,POINT,0.19759842218824178,-0.060901315743422293,0.9290381090232712,0.37549282987583743,-0.0405141709042154,1.015480865920354,0.19883260844535397,0
1.2200000000000009,POINT,0.19759842218824178,-0.060901315743422293,0.9290381090232712,0.37549282987583743,-0.0405141709042154,1.015480865920354,0.19883260844535397,0
1.2220000000000009,POINT,0.19759842218824178,-0.060901315743422293,0.9290381090232712,0.37549282987583743,-0.0405141709042154,1.015480865920354,0.19883260844535397,0
1.2240000000000009,POINT,0.19759842218824178,-0.060901315743422293,0.9290381090232712,0.37549282987583743,-0.0405141709042154,1.015480865920354,0.19883260844535397,0
1.2260000000000009,POINT,0.19759842218824178,-0.060901315743422293,0.9290381090232712,0.37549282987583743,-0.0405141709042154,1.015480865920354,0.19883260844535397,0
1.2280000000000009,POINT,0.19759842218824178,-0.060901315743422293,0.9290381090232712,0.37549282987583743,-0.0405141709042154,1.015480865920354,0.19883260844535397,0
1.2300000000000009,POINT,0.19759842218824178,-0.060901315743422293,0.9290381090232712,0.37549282987583743,-0.0405141709042154,1.015480865920354,0.19883260844535397,0
1.2320000000000009,POINT,0.19759842218824178,-0.060901315743422293,0.9290381090232712,0.37549282987583743,-0.0405141709042154,1.015480865920354,0.19883260844535397,0
1.2340000000000009,POINT,0.19759842218824178,-0.060901315743422293,0.9290381090232712,0.37549282987583743,-0.0405141709042154,1.015480865920354,0.19883260844535397,0
1.2360000000000009,POINT,0.19759842218824178,-0.060901315743422293,0.9290381090232712,0.37549282987583743,-0.0405141709042154,1.015480865920354,0.19883260844535397,0
1.2380000000000009,POINT,0.19759842218824178,-0.060901315743422293,0.9290381090232712,0.37549282987583743,-0.0405141709042154,1.015480865920354,0.19883260844535397,0
1.2400000000000009,POINT,0.19759842218824178,-0.060901315743422293,0.9290381090232712,0.37549282987583743,-0.0405141709042154,1.015480865920354,0.19883260844535397,0
1.2420000000000009,POINT,0.19759842218824178,-0.060901315743422293,0.9290381090232712,0.37549282987583743,-0.0405141709042154,1.015480865920354,0.19883260844535397,0
1.2440000000000009,POINT,0.19759842218824178,-0.060901315743422293,0.9290381090232712,0.37549282987583743,-0.0405141709042154,1.015480865920354,0.19883260844535397,0
1.2460000000000009,POINT,0.19759842218824178,-0.060901315743422293,0.9290381090232712,0.37549282987583743,-0.0405141709042154,1.015480865920354,0.19883260844535397,0
1.2480000000000009,POINT,0.19759842218824178,-0.060901315743422293,0.9290381090232712,0.37549282987583743,-0.0405141709042154,1.015480865920354,0.19883260844535397,0
1.2500000000000009,POINT,0.19759842218824178,-0.060901315743422293,0.9290381090232712,0.37549282987583743,-0.0405141709042154,1.015480865920354,0.19883260844535397,0
1.252000000000001,POINT,0.19759842218824178,-0.060901315743422293,0.9290381090232712,0.37549282987583743,-0.0405141709042154,1.015480865920354,0.19883260844535397,0
1.254000000000001,POINT,0.19759842218824178,-0.060901315743422293,0.9290381090232712,0.37549282987583743,-0.0405141709042154,1.015480865920354,0.19883260844535397,0
1.256000000000001,POINT,0.19759842218824178,-0.060901315743422293,0.9290381090232712,0.37549282987583743,-0.0405141709042154,1.015480865920354,0.19883260844535397,0
1.258000000000001,POINT,0.19759842218824178,-0.060901315743422293,0.9290381090232712,0.37549282987583743,-0.0405141709042154,1.015480865920354,0.19883260844535397,0
1.260000000000001,POINT,0.19759842218824178,-0.060901315743422293,0.9290381090232712,0.37549282987583743,-0.0405141709042154,1.015480865920354,0.19883260844535397,0
1.262000000000001,POINT,0.19759842218824178,-0.060901315743422293,0.9290381090232712,0.37549282987583743,-0.0405141709042154,1.015480865920354,0.19883260844535397,0
1.264000000000001,POINT,0.19759842218824178,-0.060901315743422293,0.9290381090232712,0.37549282987583743,-0.0405141709042154,1.015480865920354,0.19883260844535397,0
1.266000000000001,POINT,0.19759842218824178,-0.060901315743422293,0.9290381090232712,0.37549282987583743,-0.0405141709042154,1.015480865920354,0.19883260844535397,0
1.268000000000001,POINT,0.19759842218824178,-0.060901315743422293,0.9290381090232712,0.37549282987583743,-0.0405141709042154,1.015480865920354,0.19883260844535397,0
1.270000000000001,POINT,0.19759842218824178,-0.060901315743422293,0.9290381090232712,0.37549282987583743,-0.0405141709042154,1.015480865920354,0.19883260844535397,0
1.272000000000001,POINT,0.19759842218824178,-0.060901315743422293,0.9290381090232712,0.37549282987583743,-0.0405141709042154,1.015480865920354,0.19883260844535397,0
1.274000000000001,POINT,0.19759842218824178,-0.060901315743422293,0.9290381090232712,0.37549282987583743,-0.0405141709042154,1.015480865920354,0.19883260844535397,0
1.276000000000001,POINT,0.19759842218824178,-0.060901315743422293,0.9290381090232712,0.37549282987583743,-0.0405141709042154,1.015480865920354,0.19883260844535397,0
1.278000000000001,POINT,0.19759842218824178,-0.060901315743422293,0.9290381090232712,0.37549282987583743,-0.0405141709042154,1.015480865920354,0.19883260844535397,0
1.280000000000001,POINT,0.19759842218824178,-0.060901315743422293,0.9290381090232712,0.37549282987583743,-0.0405141709042154,1.015480865920354,0.19883260844535397,0
1.282000000000001,POINT,0.19759842218824178,-0.060901315743422293,0.9290381090232712,0.37549282987583743,-0.0405141709042154,1.015480865920354,0.19883260844535397,0
1.284000000000001,POINT,0.19759842218824178,-0.060901315743422293,0.9290381090232712,0.37549282987583743,-0.0405141709042154,1.015480865920354,0.19883260844535397,0
1.286000000000001,POINT,0.19759842218824178,-0.060901315743422293,0.9290381090232712,0.37549282987583743,-0.0405141709042154,1.015480865920354,0.19883260844535397,0
1.288000000000001,POINT,0.19759842218824178,-0.060901315743422293,0.9290381090232712,0.37549282987583743,-0.0405141709042154,1.015480865920354,0.19883260844535397,0
1.290000000000001,POINT,0.19759842218824178,-0.060901315743422293,0.9290381090232712,0.37549282987583743,-0.0405141709042154,1.015480865920354,0.19883260844535397,0
1.292000000000001,POINT,0.19759842218824178,-0.060901315743422293,0.9290381090232712,0.37549282987583743,-0.0405141709042154,1.015480865920354,0.19883260844535397,0
1.294000000000001,POINT,0.19759842218824178,-0.060901315743422293,0.9290381090232712,0.37549282987583743,-0.0405141709042154,1.015480865920354,0.19883260844535397,0
1.296000000000001,POINT,0.19759842218824178,-0.060901315743422293,0.9290381090232712,0.37549282987583743,-0.0405141709042154,1.015480865920354,0.19883260844535397,0
1.298000000000001,POINT,0.19759842218824178,-0.060901315743422293,0.9290381090232712,0.37549282987583743,-0.0405141709042154,1.015480865920354,0.19883260844535397,0
1.300000000000001,POINT,0.19759842218824178,-0.060901315743422293,0.9290381090232712,0.37549282987583743,-0.0405141709042154,1.015480865920354,0.19883260844535397,0
1.302000000000001,POINT,0.19759842218824178,-0.060901315743422293,0.9290381090232712,0.37549282987583743,-0.0405141709042154,1.015480865920354,0.19883260844535397,0
1.304000000000001,POINT,0.19759842218824178,-0.060901315743422293,0.9290381090232712,0.37549282987583743,-0.0405141709042154,1.015480865920354,0.19883260844535397,0
1.306000000000001,POINT,0.19759842218824178,-0.060901315743422293,0.9290381090232712,0.37549282987583743,-0.0405141709042154,1.015480865920354,0.19883260844535397,0
1.308000000000001,POINT,0.19759842218824178,-0.060901315743422293,0.9290381090232712,0.37549282987583743,-0.0405141709042154,1.015480865920354,0.19883260844535397,0
1.310000000000001,POINT,0.19759842218824178,-0.060901315743422293,0.9290381090232712,0.37549282987583743,-0.0405141709042154,1.015480865920354,0.19883260844535397,0
1.312000000000001,POINT,0.19759842218824178,-0.060901315743422293,0.9290381090232712,0.37549282987583743,-0.0405141709042154,1.015480865920354,0.19883260844535397,0
1.314000000000001,POINT,0.19759842218824178,-0.060901315743422293,0.9290381090232712,0.37549282987583743,-0.0405141709042154,1.015480865920354,0.19883260844535397,0
1.316000000000001,POINT,0.19759842218824178,-0.060901315743422293,0.9290381090232712,0.37549282987583743,-0.0405141709042154,1.015480865920354,0.19883260844535397,0
1.318000000000001,POINT,0.19759842218824178,-0.060901315743422293,0.9290381090232712,0.37549282987583743,-0.0405141709042154,1.015480865920354,0.19883260844535397,0
1.320000000000001,POINT,0.19759842218824178,-0.060901315743422293,0.9290381090232712,0.37549282987583743,-0.0405141709042154,1.015480865920354,0.19883260844535397,0
1.322000000000001,POINT,0.19759842218824178,-0.060901315743422293,0.9290381090232712,0.37549282987583743,-0.0405141709042154,1.015480865920354,0.19883260844535397,0
1.324000000000001,POINT,0.19759842218824178,-0.060901315743422293,0.9290381090232712,0.37549282987583743,-0.0405141709042154,1.015480865920354,0.19883260844535397,0
1.326000000000001,POINT,0.19759842218824178,-0.060901315743422293,0.9290381090232712,0.37549282987583743,-0.0405141709042154,1.015480865920354,0.19883260844535397,0
1.328000000000001,POINT,0.19759842218824178,-0.060901315743422293,0.9290381090232712,0.37549282987583743,-0.0405141709042154,1.015480865920354,0.19883260844535397,0
1.330000000000001,POINT,0.19759842218824178,-0.060901315743422293,0.9290381090232712,0.37549282987583743,-0.0405141709042154,1.015480865920354,0.19883260844535397,0
1.332000000000001,POINT,0.19759842218824178,-0.060901315743422293,0.9290381090232712,0.37549282987583743,-0.0405141709042154,1.015480865920354,0.19883260844535397,0
1.334000000000001,POINT,0.19759842218824178,-0.060901315743422293,0.9290381090232712,0.37549282987583743,-0.0405141709042154,1.015480865920354,0.19883260844535397,0
1.336000000000001,POINT,0.19759842218824178,-0.060901315743422293,0.9290381090232712,0.37549282987583743,-0.0405141709042154,1.015480865920354,0.19883260844535397,0
1.338000000000001,POINT,0.19759842218824178,-0.060901315743422293,0.9290381090232712,0.37549282987583743,-0.0405141709042154,1.015480865920354,0.19883260844535397,0
1.340000000000001,POINT,0.19759842218824178,-0.060901315743422293,0.9290381090232712,0.37549282987583743,-0.0405141709042154,1.015480865920354,0.19883260844535397,0
1.342000000000001,POINT,0.19759842218824178,-0.060901315743422293,0.9290381090232712,0.37549282987583743,-0.0405141709042154,1.015480865920354,0.19883260844535397,0
1.344000000000001,POINT,0.19759842218824178,-0.060901315743422293,0.9290381090232712,0.37549282987583743,-0.0405141709042154,1.015480865920354,0.19883260844535397,0
1.346000000000001,POINT,0.19759842218824178,-0.060901315743422293,0.9290381090232712,0.37549282987583743,-0.0405141709042154,1.015480865920354,0.19883260844535397,0
1.348000000000001,POINT,0.19759842218824178,-0.060901315743422293,0.9290381090232712,0.37549282987583743,-0.0405141709042154,1.015480865920354,0.19883260844535397,0
1.350000000000001,POINT,0.19759842218824178,-0.060901315743422293,0.9290381090232712,0.37549282987583743,-0.0405141709042154,1.015480865920354,0.19883260844535397,0
1.352000000000001,POINT,0.19759842218824178,-0.060901315743422293,0.9290381090232712,0.37549282987583743,-0.0405141709042154,1.015480865920354,0.19883260844535397,0
1.354000000000001,POINT,0.19759842218824178,-0.060901315743422293,0.9290381090232712,0.37549282987583743,-0.0405141709042154,1.015480865920354,0.19883260844535397,0
1.356000000000001,POINT,0.19759842218824178,-0.060901315743422293,0.9290381090232712,0.37549282987583743,-0.0405141709042154,1.015480865920354,0.19883260844535397,0
1.358000000000001,POINT,0.19759842218824178,-0.060901315743422293,0.9290381090232712,0.37549282987583743,-0.0405141709042154,1.015480865920354,0.19883260844535397,0
1.360000000000001,POINT,0.19759842218824178,-0.060901315743422293,0.9290381090232712,0.37549282987583743,-0.0405141709042154,1.015480865920354,0.19883260844535397,0
1.362000000000001,POINT,0.19759842218824178,-0.060901315743422293,0.9290381090232712,0.37549282987583743,-0.0405141709042154,1.015480865920354,0.19883260844535397,0
1.364000000000001,POINT,0.19759842218824178,-0.060901315743422293,0.9290381090232712,0.37549282987583743,-0.0405141709042154,1.015480865920354,0.19883260844535397,0
1.366000000000001,POINT,0.19759842218824178,-0.060901315743422293,0.9290381090232712,0.37549282987583743,-0.0405141709042154,1.015480865920354,0.19883260844535397,0
1.368000000000001,POINT,0.19759842218824178,-0.060901315743422293,0.9290381090232712,0.37549282987583743,-0.0405141709042154,1.015480865920354,0.19883260844535397,0
1.370000000000001,POINT,0.19759842218824178,-0.060901315743422293,0.9290381090232712,0.37549282987583743,-0.0405141709042154,1.015480865920354,0.19883260844535397,0
1.372000000000001,POINT,0.19759842218824178,-0.060901315743422293,0.9290381090232712,0.37549282987583743,-0.0405141709042154,1.015480865920354,0.19883260844535397,0
1.374000000000001,POINT,0.19759842218824178,-0.060901315743422293,0.9290381090232712,0.37549282987583743,-0.0405141709042154,1.015480865920354,0.19883260844535397,0
1.376000000000001,POINT,0.19759842218824178,-0.060901315743422293,0.9290381090232712,0.37549282987583743,-0.0405141709042154,1.015480865920354,0.19883260844535397,0
1.378000000000001,POINT,0.19759842218824178,-0.060901315743422293,0.9290381090232712,0.37549282987583743,-0.0405141709042154,1.015480865920354,0.19883260844535397,0
1.380000000000001,POINT,0.19759842218824178,-0.060901315743422293,0.9290381090232712,0.37549282987583743,-0.0405141709042154,1.015480865920354,0.19883260844535397,0
1.382000000000001,POINT,0.19759842218824178,-0.060901315743422293,0.9290381090232712,0.37549282987583743,-0.0405141709042154,1.015480865920354,0.19883260844535397,0
1.384000000000001,POINT,0.19759842218824178,-0.060901315743422293,0.9290381090232712,0.37549282987583743,-0.0405141709042154,1.015480865920354,0.19883260844535397,0
1.386000000000001,POINT,0.19759842218824178,-0.060901315743422293,0.9290381090232712,0.37549282987583743,-0.0405141709042154,1.015480865920354,0.19883260844535397,0
1.388000000000001,POINT,0.19759842218824178,-0.060901315743422293,0.9290381090232712,0.37549282987583743,-0.0405141709042154,1.015480865920354,0.19883260844535397,0
1.390000000000001,POINT,0.19759842218824178,-0.060901315743422293,0.9290381090232712,0.37549282987583743,-0.0405141709042154,1.015480865920354,0.19883260844535397,0
1.392000000000001,POINT,0.19759842218824178,-0.060901315743422293,0.9290381090232712,0.37549282987583743,-0.0405141709042154,1.015480865920354,0.19883260844535397,0
1.394000000000001,POINT,0.19759842218824178,-0.060901315743422293,0.9290381090232712,0.37549282987583743,-0.0405141709042154,1.015480865920354,0.19883260844535397,0
1.396000000000001,POINT,0.19759842218824178,-0.060901315743422293,0.9290381090232712,0.37549282987583743,-0.0405141709042154,1.015480865920354,0.19883260844535397,0
1.398000000000001,POINT,0.19759842218824178,-0.060901315743422293,0.9290381090232712,0.37549282987583743,-0.0405141709042154,1.015480865920354,0.19883260844535397,0
1.400000000000001,POINT,0.19759842218824178,-0.060901315743422293,0.9290381090232712,0.37549282987583743,-0.0405141709042154,1.015480865920354,0.19883260844535397,0
1.402000000000001,POINT,0.19759842218824178,-0.060901315743422293,0.9290381090232712,0.37549282987583743,-0.0405141709042154,1.015480865920354,0.19883260844535397,0
1.404000000000001,POINT,0.19759842218824178,-0.060901315743422293,0.9290381090232712,0.37549282987583743,-0.0405141709042154,1.015480865920354,0.19883260844535397,0
1.406000000000001,POINT,0.19759842218824178,-0.060901315743422293,0.9290381090232712,0.37549282987583743,-0.0405141709042154,1.015480865920354,0.19883260844535397,0
1.408000000000001,POINT,0.19759842218824178,-0.060901315743422293,0.9290381090232712,0.37549282987583743,-0.0405141709042154,1.015480865920354,0.19883260844535397,0
1.410000000000001,POINT,0.19759842218824178,-0.060901315743422293,0.9290381090232712,0.37549282987583743,-0.0405141709042154,1.015480865920354,0.19883260844535397,0
1.412000000000001,POINT,0.19759842218824178,-0.060901315743422293,0.9290381090232712,0.37549282987583743,-0.0405141709042154,1.015480865920354,0.19883260844535397,0
1.414000000000001,POINT,0.19759842218824178,-0.060901315743422293,0.9290381090232712,0.37549282987583743,-0.0405141709042154,1.015480865920354,0.19883260844535397,0
1.416000000000001,POINT,0.19759842218824178,-0.060901315743422293,0.9290381090232712,0.37549282987583743,-0.0405141709042154,1.015480865920354,0.19883260844535397,0
1.418000000000001,POINT,0.19759842218824178,-0.060901315743422293,0.9290381090232712,0.37549282987583743,-0.0405141709042154,1.015480865920354,0.19883260844535397,0
1.420000000000001,POINT,0.19759842218824178,-0.060901315743422293,0.9290381090232712,0.37549282987583743,-0.0405141709042154,1.015480865920354,0.19883260844535397,0
1.422000000000001,POINT,0.19759842218824178,-0.060901315743422293,0.9290381090232712,0.37549282987583743,-0.0405141709042154,1.015480865920354,0.19883260844535397,0
1.424000000000001,POINT,0.19759842218824178,-0.060901315743422293,0.9290381090232712,0.37549282987583743,-0.0405141709042154,1.015480865920354,0.19883260844535397,0
1.426000000000001,POINT,0.19759842218824178,-0.060901315743422293,0.9290381090232712,0.37549282987583743,-0.0405141709042154,1.015480865920354,0.19883260844535397,0
1.428000000000001,POINT,0.19759842218824178,-0.060901315743422293,0.9290381090232712,0.37549282987583743,-0.0405141709042154,1.015480865920354,0.19883260844535397,0
1.430000000000001,POINT,0.19759842218824178,-0.060901315743422293,0.9290381090232712,0.37549282987583743,-0.0405141709042154,1.015480865920354,0.19883260844535397,0
1.432000000000001,POINT,0.19759842218824178,-0.060901315743422293,0.9290381090232712,0.37549282987583743,-0.0405141709042154,1.015480865920354,0.19883260844535397,0
1.434000000000001,POINT,0.19759842218824178,-0.060901315743422293,0.9290381090232712,0.37549282987583743,-0.0405141709042154,1.015480865920354,0.19883260844535397,0
1.436000000000001,POINT,0.19759842218824178,-0.060901315743422293,0.9290381090232712,0.37549282987583743,-0.0405141709042154,1.015480865920354,0.19883260844535397,0
1.438000000000001,POINT,0.19759842218824178,-0.060901315743422293,0.9290381090232712,0.37549282987583743,-0.0405141709042154,1.015480865920354,0.19883260844535397,0
1.440000000000001,POINT,0.19759842218824178,-0.060901315743422293,0.9290381090232712,0.37549282987583743,-0.0405141709042154,1.015480865920354,0.19883260844535397,0
1.442000000000001,POINT,0.19759842218824178,-0.060901315743422293,0.9290381090232712,0.37549282987583743,-0.0405141709042154,1.015480865920354,0.19883260844535397,0
1.444000000000001,POINT,0.19759842218824178,-0.060901315743422293,0.9290381090232712,0.37549282987583743,-0.0405141709042154,1.015480865920354,0.19883260844535397,0
1.446000000000001,POINT,0.19759842218824178,-0.060901315743422293,0.9290381090232712,0.37549282987583743,-0.0405141709042154,1.015480865920354,0.19883260844535397,0
1.448000000000001,POINT,0.19759842218824178,-0.060901315743422293,0.9290381090232712,0.37549282987583743,-0.0405141709042154,1.015480865920354,0.19883260844535397,0
1.450000000000001,POINT,0.19759842218824178,-0.060901315743422293,0.9290381090232712,0.37549282987583743,-0.0405141709042154,1.015480865920354,0.19883260844535397,0
1.452000000000001,POINT,0.19759842218824178,-0.060901315743422293,0.9290381090232712,0.37549282987583743,-0.0405141709042154,1.015480865920354,0.19883260844535397,0
1.454000000000001,POINT,0.19759842218824178,-0.060901315743422293,0.9290381090232712,0.37549282987583743,-0.0405141709042154,1.015480865920354,0.19883260844535397,0
1.456000000000001,POINT,0.19759842218824178,-0.060901315743422293,0.9290381090232712,0.37549282987583743,-0.0405141709042154,1.015480865920354,0.19883260844535397,0
1.458000000000001,POINT,0.19759842218824178,-0.060901315743422293,0.9290381090232712,0.37549282987583743,-0.0405141709042154,1.015480865920354,0.19883260844535397,0
1.460000000000001,POINT,0.19759842218824178,-0.060901315743422293,0.9290381090232712,0.37549282987583743,-0.0405141709042154,1.015480865920354,0.19883260844535397,0
1.462000000000001,POINT,0.19759842218824178,-0.060901315743422293,0.9290381090232712,0.37549282987583743,-0.0405141709042154,1.015480865920354,0.19883260844535397,0
1.464000000000001,POINT,0.19759842218824178,-0.060901315743422293,0.9290381090232712,0.37549282987583743,-0.0405141709042154,1.015480865920354,0.19883260844535397,0
1.466000000000001,POINT,0.19759842218824178,-0.060901315743422293,0.9290381090232712,0.37549282987583743,-0.0405141709042154,1.015480865920354,0.19883260844535397,0
1.468000000000001,POINT,0.19759842218824178,-0.060901315743422293,0.9290381090232712,0.37549282987583743,-0.0405141709042154,1.015480865920354,0.19883260844535397,0
1.470000000000001,POINT,0.19759842218824178,-0.060901315743422293,0.9290381090232712,0.37549282987583743,-0.0405141709042154,1.015480865920354,0.19883260844535397,0
1.472000000000001,POINT,0.19759842218824178,-0.060901315743422293,0.9290381090232712,0.37549282987583743,-0.0405141709042154,1.015480865920354,0.19883260844535397,0
1.474000000000001,POINT,0.19759842218824178,-0.060901315743422293,0.9290381090232712,0.37549282987583743,-0.0405141709042154,1.015480865920354,0.19883260844535397,0
1.476000000000001,POINT,0.19759842218824178,-0.060901315743422293,0.9290381090232712,0.37549282987583743,-0.0405141709042154,1.015480865920354,0.19883260844535397,0
1.478000000000001,POINT,0.19759842218824178,-0.060901315743422293,0.9290381090232712,0.37549282987583743,-0.0405141709042154,1.015480865920354,0.19883260844535397,0
1.480000000000001,POINT,0.19759842218824178,-0.060901315743422293,0.9290381090232712,0.37549282987583743,-0.0405141709042154,1.015480865920354,0.19883260844535397,0
1.482000000000001,POINT,0.19759842218824178,-0.060901315743422293,0.9290381090232712,0.37549282987583743,-0.0405141709042154,1.015480865920354,0.19883260844535397,0
1.484000000000001,POINT,0.19759842218824178,-0.060901315743422293,0.9290381090232712,0.37549282987583743,-0.0405141709042154,1.015480865920354,0.19883260844535397,0
1.486000000000001,POINT,0.19759842218824178,-0.060901315743422293,0.9290381090232712,0.37549282987583743,-0.0405141709042154,1.015480865920354,0.19883260844535397,0
1.488000000000001,POINT,0.19759842218824178,-0.060901315743422293,0.9290381090232712,0.37549282987583743,-0.0405141709042154,1.015480865920354,0.19883260844535397,0
1.490000000000001,POINT,0.19759842218824178,-0.060901315743422293,0.9290381090232712,0.37549282987583743,-0.0405141709042154,1.015480865920354,0.19883260844535397,0
1.492000000000001,POINT,0.19759842218824178,-0.060901315743422293,0.9290381090232712,0.37549282987583743,-0.0405141709042154,1.015480865920354,0.19883260844535397,0
1.494000000000001,POINT,0.19759842218824178,-0.060901315743422293,0.9290381090232712,0.37549282987583743,-0.0405141709042154,1.015480865920354,0.19883260844535397,0
1.496000000000001,POINT,0.19759842218824178,-0.060901315743422293,0.9290381090232712,0.37549282987583743,-0.0405141709042154,1.015480865920354,0.19883260844535397,0
1.498000000000001,POINT,0.19759842218824178,-0.060901315743422293,0.9290381090232712,0.37549282987583743,-0.0405141709042154,1.015480865920354,0.19883260844535397,0
1.500000000000001,POINT,0.19759842218824178,-0.060901315743422293,0.9290381090232712,0.37549282987583743,-0.0405141709042154,1.015480865920354,0.19883260844535397,0
1.5020000000000011,POINT,0.19759842218824178,-0.060901315743422293,0.9290381090232712,0.37549282987583743,-0.0405141709042154,1.015480865920354,0.19883260844535397,0
1.5040000000000011,POINT,0.19759842218824178,-0.060901315743422293,0.9290381090232712,0.37549282987583743,-0.0405141709042154,1.015480865920354,0.19883260844535397,0
1.5060000000000011,POINT,0.19759842218824178,-0.060901315743422293,0.9290381090232712,0.37549282987583743,-0.0405141709042154,1.015480865920354,0.19883260844535397,0
1.5080000000000011,POINT,0.19759842218824178,-0.060901315743422293,0.9290381090232712,0.37549282987583743,-0.0405141709042154,1.015480865920354,0.19883260844535397,0
1.5100000000000011,POINT,0.19759842218824178,-0.060901315743422293,0.9290381090232712,0.37549282987583743,-0.0405141709042154,1.015480865920354,0.19883260844535397,0
1.5120000000000011,POINT,0.19759842218824178,-0.060901315743422293,0.9290381090232712,0.37549282987583743,-0.0405141709042154,1.015480865920354,0.19883260844535397,0
1.5140000000000011,POINT,0.19759842218824178,-0.060901315743422293,0.9290381090232712,0.37549282987583743,-0.0405141709042154,1.015480865920354,0.19883260844535397,0
1.5160000000000011,POINT,0.19759842218824178,-0.060901315743422293,0.9290381090232712,0.37549282987583743,-0.0405141709042154,1.015480865920354,0.19883260844535397,0
1.5180000000000011,POINT,0.19759842218824178,-0.060901315743422293,0.9290381090232712,0.37549282987583743,-0.0405141709042154,1.015480865920354,0.19883260844535397,0
1.5200000000000011,POINT,0.19759842218824178,-0.060901315743422293,0.9290381090232712,0.37549282987583743,-0.0405141709042154,1.015480865920354,0.19883260844535397,0
1.5220000000000011,POINT,0.19759842218824178,-0.060901315743422293,0.9290381090232712,0.37549282987583743,-0.0405141709042154,1.015480865920354,0.19883260844535397,0
1.5240000000000011,POINT,0.19759842218824178,-0.060901315743422293,0.9290381090232712,0.37549282987583743,-0.0405141709042154,1.015480865920354,0.19883260844535397,0
1.5260000000000011,POINT,0.19759842218824178,-0.060901315743422293,0.9290381090232712,0.37549282987583743,-0.0405141709042154,1.015480865920354,0.19883260844535397,0
1.5280000000000011,POINT,0.19759842218824178,-0.060901315743422293,0.9290381090232712,0.37549282987583743,-0.0405141709042154,1.015480865920354,0.19883260844535397,0
1.5300000000000011,POINT,0.19759842218824178,-0.060901315743422293,0.9290381090232712,0.37549282987583743,-0.0405141709042154,1.015480865920354,0.19883260844535397,0
1.5320000000000011,POINT,0.19759842218824178,-0.060901315743422293,0.9290381090232712,0.37549282987583743,-0.0405141709042154,1.015480865920354,0.19883260844535397,0
1.5340000000000011,POINT,0.19759842218824178,-0.060901315743422293,0.9290381090232712,0.37549282987583743,-0.0405141709042154,1.015480865920354,0.19883260844535397,0
1.5360000000000011,POINT,0.19759842218824178,-0.060901315743422293,0.9290381090232712,0.37549282987583743,-0.0405141709042154,1.015480865920354,0.19883260844535397,0
1.5380000000000011,POINT,0.19759842218824178,-0.060901315743422293,0.9290381090232712,0.37549282987583743,-0.0405141709042154,1.015480865920354,0.19883260844535397,0
1.5400000000000011,POINT,0.19759842218824178,-0.060901315743422293,0.9290381090232712,0.37549282987583743,-0.0405141709042154,1.015480865920354,0.19883260844535397,0
1.5420000000000011,POINT,0.19759842218824178,-0.060901315743422293,0.9290381090232712,0.37549282987583743,-0.0405141709042154,1.015480865920354,0.19883260844535397,0
1.5440000000000011,POINT,0.19759842218824178,-0.060901315743422293,0.9290381090232712,0.37549282987583743,-0.0405141709042154,1.015480865920354,0.19883260844535397,0
1.5460000000000012,POINT,0.19759842218824178,-0.060901315743422293,0.9290381090232712,0.37549282987583743,-0.0405141709042154,1.015480865920354,0.19883260844535397,0
1.5480000000000012,POINT,0.19759842218824178,-0.060901315743422293,0.9290381090232712,0.37549282987583743,-0.0405141709042154,1.015480865920354,0.19883260844535397,0
1.5500000000000012,POINT,0.19759842218824178,-0.060901315743422293,0.9290381090232712,0.37549282987583743,-0.0405141709042154,1.015480865920354,0.19883260844535397,0
1.5520000000000012,POINT,0.19759842218824178,-0.060901315743422293,0.9290381090232712,0.37549282987583743,-0.0405141709042154,1.015480865920354,0.19883260844535397,0
1.5540000000000012,POINT,0.19759842218824178,-0.060901315743422293,0.9290381090232712,0.37549282987583743,-0.0405141709042154,1.015480865920354,0.19883260844535397,0
1.5560000000000012,POINT,0.19759842218824178,-0.060901315743422293,0.9290381090232712,0.37549282987583743,-0.0405141709042154,1.015480865920354,0.19883260844535397,0
1.5580000000000012,POINT,0.19759842218824178,-0.060901315743422293,0.9290381090232712,0.37549282987583743,-0.0405141709042154,1.015480865920354,0.19883260844535397,0
1.5600000000000012,POINT,0.19759842218824178,-0.060901315743422293,0.9290381090232712,0.37549282987583743,-0.0405141709042154,1.015480865920354,0.19883260844535397,0
1.5620000000000012,POINT,0.19759842218824178,-0.060901315743422293,0.9290381090232712,0.37549282987583743,-0.0405141709042154,1.015480865920354,0.19883260844535397,0
1.5640000000000012,POINT,0.19759842218824178,-0.060901315743422293,0.9290381090232712,0.37549282987583743,-0.0405141709042154,1.015480865920354,0.19883260844535397,0
1.5660000000000012,POINT,0.19759842218824178,-0.060901315743422293,0.9290381090232712,0.37549282987583743,-0.0405141709042154,1.015480865920354,0.19883260844535397,0
1.5680000000000012,POINT,0.19759842218824178,-0.060901315743422293,0.9290381090232712,0.37549282987583743,-0.0405141709042154,1.015480865920354,0.19883260844535397,0
1.5700000000000012,POINT,0.19759842218824178,-0.060901315743422293,0.9290381090232712,0.37549282987583743,-0.0405141709042154,1.015480865920354,0.19883260844535397,0
1.5720000000000012,POINT,0.19759842218824178,-0.060901315743422293,0.9290381090232712,0.37549282987583743,-0.0405141709042154,1.015480865920354,0.19883260844535397,0
1.5740000000000012,POINT,0.19759842218824178,-0.060901315743422293,0.9290381090232712,0.37549282987583743,-0.0405141709042154,1.015480865920354,0.19883260844535397,0
1.5760000000000012,POINT,0.19759842218824178,-0.060901315743422293,0.9290381090232712,0.37549282987583743,-0.0405141709042154,1.015480865920354,0.19883260844535397,0
1.5780000000000012,POINT,0.19759842218824178,-0.060901315743422293,0.9290381090232712,0.37549282987583743,-0.0405141709042154,1.015480865920354,0.19883260844535397,0
1.5800000000000012,POINT,0.19759842218824178,-0.060901315743422293,0.9290381090232712,0.37549282987583743,-0.0405141709042154,1.015480865920354,0.19883260844535397,0
1.5820000000000012,POINT,0.19759842218824178,-0.060901315743422293,0.9290381090232712,0.37549282987583743,-0.0405141709042154,1.015480865920354,0.19883260844535397,0
1.5840000000000012,POINT,0.19759842218824178,-0.060901315743422293,0.9290381090232712,0.37549282987583743,-0.0405141709042154,1.015480865920354,0.19883260844535397,0
1.5860000000000012,POINT,0.19759842218824178,-0.060901315743422293,0.9290381090232712,0.37549282987583743,-0.0405141709042154,1.015480865920354,0.19883260844535397,0
1.5880000000000012,POINT,0.19759842218824178,-0.060901315743422293,0.9290381090232712,0.37549282987583743,-0.0405141709042154,1.015480865920354,0.19883260844535397,0
1.5900000000000012,POINT,0.19759842218824178,-0.060901315743422293,0.9290381090232712,0.37549282987583743,-0.0405141709042154,1.015480865920354,0.19883260844535397,0
1.5920000000000012,POINT,0.19759842218824178,-0.060901315743422293,0.9290381090232712,0.37549282987583743,-0.0405141709042154,1.015480865920354,0.19883260844535397,0
1.5940000000000012,POINT,0.19759842218824178,-0.060901315743422293,0.9290381090232712,0.37549282987583743,-0.0405141709042154,1.015480865920354,0.19883260844535397,0
1.5960000000000012,POINT,0.19759842218824178,-0.060901315743422293,0.9290381090232712,0.37549282987583743,-0.0405141709042154,1.015480865920354,0.19883260844535397,0
1.5980000000000012,POINT,0.19759842218824178,-0.060901315743422293,0.9290381090232712,0.37549282987583743,-0.0405141709042154,1.015480865920354,0.19883260844535397,0
1.6000000000000012,POINT,0.19759842218824178,-0.060901315743422293,0.9290381090232712,0.37549282987583743,-0.0405141709042154,1.015480865920354,0.19883260844535397,0
1.6020000000000012,POINT,0.19759842218824178,-0.060901315743422293,0.9290381090232712,0.37549282987583743,-0.0405141709042154,1.015480865920354,0.19883260844535397,0
1.6040000000000012,POINT,0.19759842218824178,-0.060901315743422293,0.9290381090232712,0.37549282987583743,-0.0405141709042154,1.015480865920354,0.19883260844535397,0
1.6060000000000012,POINT,0.19759842218824178,-0.060901315743422293,0.9290381090232712,0.37549282987583743,-0.0405141709042154,1.015480865920354,0.19883260844535397,0
1.6080000000000012,POINT,0.19759842218824178,-0.060901315743422293,0.9290381090232712,0.37549282987583743,-0.0405141709042154,1.015480865920354,0.19883260844535397,0
1.6100000000000012,POINT,0.19759842218824178,-0.060901315743422293,0.9290381090232712,0.37549282987583743,-0.0405141709042154,1.015480865920354,0.19883260844535397,0
1.6120000000000012,POINT,0.19759842218824178,-0.060901315743422293,0.9290381090232712,0.37549282987583743,-0.0405141709042154,1.015480865920354,0.19883260844535397,0
1.6140000000000012,POINT,0.19759842218824178,-0.060901315743422293,0.9290381090232712,0.37549282987583743,-0.0405141709042154,1.015480865920354,0.19883260844535397,0
1.6160000000000012,POINT,0.19759842218824178,-0.060901315743422293,0.9290381090232712,0.37549282987583743,-0.0405141709042154,1.015480865920354,0.19883260844535397,0
1.6180000000000012,POINT,0.19759842218824178,-0.060901315743422293,0.9290381090232712,0.37549282987583743,-0.0405141709042154,1.015480865920354,0.19883260844535397,0
1.6200000000000012,POINT,0.19759842218824178,-0.060901315743422293,0.9290381090232712,0.37549282987583743,-0.0405141709042154,1.015480865920354,0.19883260844535397,0
1.6220000000000012,POINT,0.19759842218824178,-0.060901315743422293,0.9290381090232712,0.37549282987583743,-0.0405141709042154,1.015480865920354,0.19883260844535397,0
1.6240000000000012,POINT,0.19759842218824178,-0.060901315743422293,0.9290381090232712,0.37549282987583743,-0.0405141709042154,1.015480865920354,0.19883260844535397,0
1.6260000000000012,POINT,0.19759842218824178,-0.060901315743422293,0.9290381090232712,0.37549282987583743,-0.0405141709042154,1.015480865920354,0.19883260844535397,0
1.6280000000000012,POINT,0.19759842218824178,-0.060901315743422293,0.9290381090232712,0.37549282987583743,-0.0405141709042154,1.015480865920354,0.19883260844535397,0
1.6300000000000012,POINT,0.19759842218824178,-0.060901315743422293,0.9290381090232712,0.37549282987583743,-0.0405141709042154,1.015480865920354,0.19883260844535397,0
1.6320000000000012,POINT,0.19759842218824178,-0.060901315743422293,0.9290381090232712,0.37549282987583743,-0.0405141709042154,1.015480865920354,0.19883260844535397,0
1.6340000000000012,POINT,0.19759842218824178,-0.060901315743422293,0.9290381090232712,0.37549282987583743,-0.0405141709042154,1.015480865920354,0.19883260844535397,0
1.6360000000000012,POINT,0.19759842218824178,-0.060901315743422293,0.9290381090232712,0.37549282987583743,-0.0405141709042154,1.015480865920354,0.19883260844535397,0
1.6380000000000012,POINT,0.19759842218824178,-0.060901315743422293,0.9290381090232712,0.37549282987583743,-0.0405141709042154,1.015480865920354,0.19883260844535397,0
1.6400000000000012,POINT,0.19759842218824178,-0.060901315743422293,0.9290381090232712,0.37549282987583743,-0.0405141709042154,1.015480865920354,0.19883260844535397,0
1.6420000000000012,POINT,0.19759842218824178,-0.060901315743422293,0.9290381090232712,0.37549282987583743,-0.0405141709042154,1.015480865920354,0.19883260844535397,0
1.6440000000000012,POINT,0.19759842218824178,-0.060901315743422293,0.9290381090232712,0.37549282987583743,-0.0405141709042154,1.015480865920354,0.19883260844535397,0
1.6460000000000012,POINT,0.19759842218824178,-0.060901315743422293,0.9290381090232712,0.37549282987583743,-0.0405141709042154,1.015480865920354,0.19883260844535397,0
1.6480000000000012,POINT,0.19759842218824178,-0.060901315743422293,0.9290381090232712,0.37549282987583743,-0.0405141709042154,1.015480865920354,0.19883260844535397,0
1.6500000000000012,POINT,0.19759842218824178,-0.060901315743422293,0.9290381090232712,0.37549282987583743,-0.0405141709042154,1.015480865920354,0.19883260844535397,0
1.6520000000000012,POINT,0.19759842218824178,-0.060901315743422293,0.9290381090232712,0.37549282987583743,-0.0405141709042154,1.015480865920354,0.19883260844535397,0
1.6540000000000012,POINT,0.19759842218824178,-0.060901315743422293,0.9290381090232712,0.37549282987583743,-0.0405141709042154,1.015480865920354,0.19883260844535397,0
1.6560000000000012,POINT,0.19759842218824178,-0.060901315743422293,0.9290381090232712,0.37549282987583743,-0.0405141709042154,1.015480865920354,0.19883260844535397,0
1.6580000000000013,POINT,0.19759842218824178,-0.060901315743422293,0.9290381090232712,0.37549282987583743,-0.0405141709042154,1.015480865920354,0.19883260844535397,0
1.6600000000000013,POINT,0.19759842218824178,-0.060901315743422293,0.9290381090232712,0.37549282987583743,-0.0405141709042154,1.015480865920354,0.19883260844535397,0
1.6620000000000013,POINT,0.19759842218824178,-0.060901315743422293,0.9290381090232712,0.37549282987583743,-0.0405141709042154,1.015480865920354,0.19883260844535397,0
1.6640000000000013,POINT,0.19759842218824178,-0.060901315743422293,0.9290381090232712,0.37549282987583743,-0.0405141709042154,1.015480865920354,0.19883260844535397,0
1.6660000000000013,POINT,0.19759842218824178,-0.060901315743422293,0.9290381090232712,0.37549282987583743,-0.0405141709042154,1.015480865920354,0.19883260844535397,0
1.6680000000000013,POINT,0.19759842218824178,-0.060901315743422293,0.9290381090232712,0.37549282987583743,-0.0405141709042154,1.015480865920354,0.19883260844535397,0
1.6700000000000013,POINT,0.19759842218824178,-0.060901315743422293,0.9290381090232712,0.37549282987583743,-0.0405141709042154,1.015480865920354,0.19883260844535397,0
1.6720000000000013,POINT,0.19759842218824178,-0.060901315743422293,0.9290381090232712,0.37549282987583743,-0.0405141709042154,1.015480865920354,0.19883260844535397,0
1.6740000000000013,POINT,0.19759842218824178,-0.060901315743422293,0.9290381090232712,0.37549282987583743,-0.0405141709042154,1.015480865920354,0.19883260844535397,0
1.6760000000000013,POINT,0.19759842218824178,-0.060901315743422293,0.9290381090232712,0.37549282987583743,-0.0405141709042154,1.015480865920354,0.19883260844535397,0
1.6780000000000013,POINT,0.19759842218824178,-0.060901315743422293,0.9290381090232712,0.37549282987583743,-0.0405141709042154,1.015480865920354,0.19883260844535397,0
1.6800000000000013,POINT,0.19759842218824178,-0.060901315743422293,0.9290381090232712,0.37549282987583743,-0.0405141709042154,1.015480865920354,0.19883260844535397,0
1.6820000000000013,POINT,0.19759842218824178,-0.060901315743422293,0.9290381090232712,0.37549282987583743,-0.0405141709042154,1.015480865920354,0.19883260844535397,0
1.6840000000000013,POINT,0.19759842218824178,-0.060901315743422293,0.9290381090232712,0.37549282987583743,-0.0405141709042154,1.015480865920354,0.19883260844535397,0
1.6860000000000013,POINT,0.19759842218824178,-0.060901315743422293,0.9290381090232712,0.37549282987583743,-0.0405141709042154,1.015480865920354,0.19883260844535397,0
1.6880000000000013,POINT,0.19759842218824178,-0.060901315743422293,0.9290381090232712,0.37549282987583743,-0.0405141709042154,1.015480865920354,0.19883260844535397,0
1.6900000000000013,POINT,0.19759842218824178,-0.060901315743422293,0.9290381090232712,0.37549282987583743,-0.0405141709042154,1.015480865920354,0.19883260844535397,0
1.6920000000000013,POINT,0.19759842218824178,-0.060901315743422293,0.9290381090232712,0.37549282987583743,-0.0405141709042154,1.015480865920354,0.19883260844535397,0
1.6940000000000013,POINT,0.19759842218824178,-0.060901315743422293,0.9290381090232712,0.37549282987583743,-0.0405141709042154,1.015480865920354,0.19883260844535397,0
1.6960000000000013,POINT,0.19759842218824178,-0.060901315743422293,0.9290381090232712,0.37549282987583743,-0.0405141709042154,1.015480865920354,0.19883260844535397,0
1.6980000000000013,POINT,0.19759842218824178,-0.060901315743422293,0.9290381090232712,0.37549282987583743,-0.0405141709042154,1.015480865920354,0.19883260844535397,0
1.7000000000000013,POINT,0.19759842218824178,-0.060901315743422293,0.9290381090232712,0.37549282987583743,-0.0405141709042154,1.015480865920354,0.19883260844535397,0
1.7020000000000013,POINT,0.19759842218824178,-0.060901315743422293,0.9290381090232712,0.37549282987583743,-0.0405141709042154,1.015480865920354,0.19883260844535397,0
1.7040000000000013,POINT,0.19759842218824178,-0.060901315743422293,0.9290381090232712,0.37549282987583743,-0.0405141709042154,1.015480865920354,0.19883260844535397,0
1.7060000000000013,POINT,0.19759842218824178,-0.060901315743422293,0.9290381090232712,0.37549282987583743,-0.0405141709042154,1.015480865920354,0.19883260844535397,0
1.7080000000000013,POINT,0.19759842218824178,-0.060901315743422293,0.9290381090232712,0.37549282987583743,-0.0405141709042154,1.015480865920354,0.19883260844535397,0
1.7100000000000013,POINT,0.19759842218824178,-0.060901315743422293,0.9290381090232712,0.37549282987583743,-0.0405141709042154,1.015480865920354,0.19883260844535397,0
1.7120000000000013,POINT,0.19759842218824178,-0.060901315743422293,0.9290381090232712,0.37549282987583743,-0.0405141709042154,1.015480865920354,0.19883260844535397,0
1.7140000000000013,POINT,0.19759842218824178,-0.060901315743422293,0.9290381090232712,0.37549282987583743,-0.0405141709042154,1.015480865920354,0.19883260844535397,0
1.7160000000000013,POINT,0.19759842218824178,-0.060901315743422293,0.9290381090232712,0.37549282987583743,-0.0405141709042154,1.015480865920354,0.19883260844535397,0
1.7180000000000013,POINT,0.19759842218824178,-0.060901315743422293,0.9290381090232712,0.37549282987583743,-0.0405141709042154,1.015480865920354,0.19883260844535397,0
1.7200000000000013,POINT,0.19759842218824178,-0.060901315743422293,0.9290381090232712,0.37549282987583743,-0.0405141709042154,1.015480865920354,0.19883260844535397,0
1.7220000000000013,POINT,0.19759842218824178,-0.060901315743422293,0.9290381090232712,0.37549282987583743,-0.0405141709042154,1.015480865920354,0.19883260844535397,0
1.7240000000000013,POINT,0.19759842218824178,-0.060901315743422293,0.9290381090232712,0.37549282987583743,-0.0405141709042154,1.015480865920354,0.19883260844535397,0
1.7260000000000013,POINT,0.19759842218824178,-0.060901315743422293,0.9290381090232712,0.37549282987583743,-0.0405141709042154,1.015480865920354,0.19883260844535397,0
1.7280000000000013,POINT,0.19759842218824178,-0.060901315743422293,0.9290381090232712,0.37549282987583743,-0.0405141709042154,1.015480865920354,0.19883260844535397,0
1.7300000000000013,POINT,0.19759842218824178,-0.060901315743422293,0.9290381090232712,0.37549282987583743,-0.0405141709042154,1.015480865920354,0.19883260844535397,0
1.7320000000000013,POINT,0.19759842218824178,-0.060901315743422293,0.9290381090232712,0.37549282987583743,-0.0405141709042154,1.015480865920354,0.19883260844535397,0
1.7340000000000013,POINT,0.19759842218824178,-0.060901315743422293,0.9290381090232712,0.37549282987583743,-0.0405141709042154,1.015480865920354,0.19883260844535397,0
1.7360000000000013,POINT,0.19759842218824178,-0.060901315743422293,0.9290381090232712,0.37549282987583743,-0.0405141709042154,1.015480865920354,0.19883260844535397,0
1.7380000000000013,POINT,0.19759842218824178,-0.060901315743422293,0.9290381090232712,0.37549282987583743,-0.0405141709042154,1.015480865920354,0.19883260844535397,0
1.7400000000000013,POINT,0.19759842218824178,-0.060901315743422293,0.9290381090232712,0.37549282987583743,-0.0405141709042154,1.015480865920354,0.19883260844535397,0
1.7420000000000013,POINT,0.19759842218824178,-0.060901315743422293,0.9290381090232712,0.37549282987583743,-0.0405141709042154,1.015480865920354,0.19883260844535397,0
1.7440000000000013,POINT,0.19759842218824178,-0.060901315743422293,0.9290381090232712,0.37549282987583743,-0.0405141709042154,1.015480865920354,0.19883260844535397,0
1.7460000000000013,POINT,0.19759842218824178,-0.060901315743422293,0.9290381090232712,0.37549282987583743,-0.0405141709042154,1.015480865920354,0.19883260844535397,0
1.7480000000000013,POINT,0.19759842218824178,-0.060901315743422293,0.9290381090232712,0.37549282987583743,-0.0405141709042154,1.015480865920354,0.19883260844535397,0
1.7500000000000013,POINT,0.19759842218824178,-0.060901315743422293,0.9290381090232712,0.37549282987583743,-0.0405141709042154,1.015480865920354,0.19883260844535397,0
1.7520000000000013,POINT,0.19759842218824178,-0.060901315743422293,0.9290381090232712,0.37549282987583743,-0.0405141709042154,1.015480865920354,0.19883260844535397,0
1.7540000000000013,POINT,0.19759842218824178,-0.060901315743422293,0.9290381090232712,0.37549282987583743,-0.0405141709042154,1.015480865920354,0.19883260844535397,0
1.7560000000000013,POINT,0.19759842218824178,-0.060901315743422293,0.9290381090232712,0.37549282987583743,-0.0405141709042154,1.015480865920354,0.19883260844535397,0
1.7580000000000013,POINT,0.19759842218824178,-0.060901315743422293,0.9290381090232712,0.37549282987583743,-0.0405141709042154,1.015480865920354,0.19883260844535397,0
1.7600000000000013,POINT,0.19759842218824178,-0.060901315743422293,0.9290381090232712,0.37549282987583743,-0.0405141709042154,1.015480865920354,0.19883260844535397,0
1.7620000000000013,POINT,0.19759842218824178,-0.060901315743422293,0.9290381090232712,0.37549282987583743,-0.0405141709042154,1.015480865920354,0.19883260844535397,0
1.7640000000000013,POINT,0.19759842218824178,-0.060901315743422293,0.9290381090232712,0.37549282987583743,-0.0405141709042154,1.015480865920354,0.19883260844535397,0
1.7660000000000013,POINT,0.19759842218824178,-0.060901315743422293,0.9290381090232712,0.37549282987583743,-0.0405141709042154,1.015480865920354,0.19883260844535397,0
1.7680000000000013,POINT,0.19759842218824178,-0.060901315743422293,0.9290381090232712,0.37549282987583743,-0.0405141709042154,1.015480865920354,0.19883260844535397,0
1.7700000000000014,POINT,0.19759842218824178,-0.060901315743422293,0.9290381090232712,0.37549282987583743,-0.0405141709042154,1.015480865920354,0.19883260844535397,0
1.7720000000000014,POINT,0.19759842218824178,-0.060901315743422293,0.9290381090232712,0.37549282987583743,-0.0405141709042154,1.015480865920354,0.19883260844535397,0
1.7740000000000014,POINT,0.19759842218824178,-0.060901315743422293,0.9290381090232712,0.37549282987583743,-0.0405141709042154,1.015480865920354,0.19883260844535397,0
1.7760000000000014,POINT,0.19759842218824178,-0.060901315743422293,0.9290381090232712,0.37549282987583743,-0.0405141709042154,1.015480865920354,0.19883260844535397,0
1.7780000000000014,POINT,0.19759842218824178,-0.060901315743422293,0.9290381090232712,0.37549282987583743,-0.0405141709042154,1.015480865920354,0.19883260844535397,0
1.7800000000000014,POINT,0.19759842218824178,-0.060901315743422293,0.9290381090232712,0.37549282987583743,-0.0405141709042154,1.015480865920354,0.19883260844535397,0
1.7820000000000014,POINT,0.19759842218824178,-0.060901315743422293,0.9290381090232712,0.37549282987583743,-0.0405141709042154,1.015480865920354,0.19883260844535397,0
1.7840000000000014,POINT,0.19759842218824178,-0.060901315743422293,0.9290381090232712,0.37549282987583743,-0.0405141709042154,1.015480865920354,0.19883260844535397,0
1.7860000000000014,POINT,0.19759842218824178,-0.060901315743422293,0.9290381090232712,0.37549282987583743,-0.0405141709042154,1.015480865920354,0.19883260844535397,0
1.7880000000000014,POINT,0.19759842218824178,-0.060901315743422293,0.9290381090232712,0.37549282987583743,-0.0405141709042154,1.015480865920354,0.19883260844535397,0
1.7900000000000014,POINT,0.19759842218824178,-0.060901315743422293,0.9290381090232712,0.37549282987583743,-0.0405141709042154,1.015480865920354,0.19883260844535397,0
1.7920000000000014,POINT,0.19759842218824178,-0.060901315743422293,0.9290381090232712,0.37549282987583743,-0.0405141709042154,1.015480865920354,0.19883260844535397,0
1.7940000000000014,POINT,0.19759842218824178,-0.060901315743422293,0.9290381090232712,0.37549282987583743,-0.0405141709042154,1.015480865920354,0.19883260844535397,0
1.7960000000000014,POINT,0.19759842218824178,-0.060901315743422293,0.9290381090232712,0.37549282987583743,-0.0405141709042154,1.015480865920354,0.19883260844535397,0
1.7980000000000014,POINT,0.19759842218824178,-0.060901315743422293,0.9290381090232712,0.37549282987583743,-0.0405141709042154,1.015480865920354,0.19883260844535397,0
1.8000000000000014,POINT,0.19759842218824178,-0.060901315743422293,0.9290381090232712,0.37549282987583743,-0.0405141709042154,1.015480865920354,0.19883260844535397,0
1.8020000000000014,POINT,0.19759842218824178,-0.060901315743422293,0.9290381090232712,0.37549282987583743,-0.0405141709042154,1.015480865920354,0.19883260844535397,0
1.8040000000000014,POINT,0.19759842218824178,-0.060901315743422293,0.9290381090232712,0.37549282987583743,-0.0405141709042154,1.015480865920354,0.19883260844535397,0
1.8060000000000014,POINT,0.19759842218824178,-0.060901315743422293,0.9290381090232712,0.37549282987583743,-0.0405141709042154,1.015480865920354,0.19883260844535397,0
1.8080000000000014,POINT,0.19759842218824178,-0.060901315743422293,0.9290381090232712,0.37549282987583743,-0.0405141709042154,1.015480865920354,0.19883260844535397,0
1.8100000000000014,POINT,0.19759842218824178,-0.060901315743422293,0.9290381090232712,0.37549282987583743,-0.0405141709042154,1.015480865920354,0.19883260844535397,0
1.8120000000000014,POINT,0.19759842218824178,-0.060901315743422293,0.9290381090232712,0.37549282987583743,-0.0405141709042154,1.015480865920354,0.19883260844535397,0
1.8140000000000014,POINT,0.19759842218824178,-0.060901315743422293,0.9290381090232712,0.37549282987583743,-0.0405141709042154,1.015480865920354,0.19883260844535397,0
1.8160000000000014,POINT,0.19759842218824178,-0.060901315743422293,0.9290381090232712,0.37549282987583743,-0.0405141709042154,1.015480865920354,0.19883260844535397,0
1.8180000000000014,POINT,0.19759842218824178,-0.060901315743422293,0.9290381090232712,0.37549282987583743,-0.0405141709042154,1.015480865920354,0.19883260844535397,0
1.8200000000000014,POINT,0.19759842218824178,-0.060901315743422293,0.9290381090232712,0.37549282987583743,-0.0405141709042154,1.015480865920354,0.19883260844535397,0
1.8220000000000014,POINT,0.19759842218824178,-0.060901315743422293,0.9290381090232712,0.37549282987583743,-0.0405141709042154,1.015480865920354,0.19883260844535397,0
1.8240000000000014,POINT,0.19759842218824178,-0.060901315743422293,0.9290381090232712,0.37549282987583743,-0.0405141709042154,1.015480865920354,0.19883260844535397,0
1.8260000000000014,POINT,0.19759842218824178,-0.060901315743422293,0.9290381090232712,0.37549282987583743,-0.0405141709042154,1.015480865920354,0.19883260844535397,0
1.8280000000000014,POINT,0.19759842218824178,-0.060901315743422293,0.9290381090232712,0.37549282987583743,-0.0405141709042154,1.015480865920354,0.19883260844535397,0
1.8300000000000014,POINT,0.19759842218824178,-0.060901315743422293,0.9290381090232712,0.37549282987583743,-0.0405141709042154,1.015480865920354,0.19883260844535397,0
1.8320000000000014,POINT,0.19759842218824178,-0.060901315743422293,0.9290381090232712,0.37549282987583743,-0.0405141709042154,1.015480865920354,0.19883260844535397,0
1.8340000000000014,POINT,0.19759842218824178,-0.060901315743422293,0.9290381090232712,0.37549282987583743,-0.0405141709042154,1.015480865920354,0.19883260844535397,0
1.8360000000000014,POINT,0.19759842218824178,-0.060901315743422293,0.9290381090232712,0.37549282987583743,-0.0405141709042154,1.015480865920354,0.19883260844535397,0
1.8380000000000014,POINT,0.19759842218824178,-0.060901315743422293,0.9290381090232712,0.37549282987583743,-0.0405141709042154,1.015480865920354,0.19883260844535397,0
1.8400000000000014,POINT,0.19759842218824178,-0.060901315743422293,0.9290381090232712,0.37549282987583743,-0.0405141709042154,1.015480865920354,0.19883260844535397,0
1.8420000000000014,POINT,0.19759842218824178,-0.060901315743422293,0.9290381090232712,0.37549282987583743,-0.0405141709042154,1.015480865920354,0.19883260844535397,0
1.8440000000000014,POINT,0.19759842218824178,-0.060901315743422293,0.9290381090232712,0.37549282987583743,-0.0405141709042154,1.015480865920354,0.19883260844535397,0
1.8460000000000014,POINT,0.19759842218824178,-0.060901315743422293,0.9290381090232712,0.37549282987583743,-0.0405141709042154,1.015480865920354,0.19883260844535397,0
1.8480000000000014,POINT,0.19759842218824178,-0.060901315743422293,0.9290381090232712,0.37549282987583743,-0.0405141709042154,1.015480865920354,0.19883260844535397,0
1.8500000000000014,POINT,0.19759842218824178,-0.060901315743422293,0.9290381090232712,0.37549282987583743,-0.0405141709042154,1.015480865920354,0.19883260844535397,0
1.8520000000000014,POINT,0.19759842218824178,-0.060901315743422293,0.9290381090232712,0.37549282987583743,-0.0405141709042154,1.015480865920354,0.19883260844535397,0
1.8540000000000014,POINT,0.19759842218824178,-0.060901315743422293,0.9290381090232712,0.37549282987583743,-0.0405141709042154,1.015480865920354,0.19883260844535397,0
1.8560000000000014,POINT,0.19759842218824178,-0.060901315743422293,0.9290381090232712,0.37549282987583743,-0.0405141709042154,1.015480865920354,0.19883260844535397,0
1.8580000000000014,POINT,0.19759842218824178,-0.060901315743422293,0.9290381090232712,0.37549282987583743,-0.0405141709042154,1.015480865920354,0.19883260844535397,0
1.8600000000000014,POINT,0.19759842218824178,-0.060901315743422293,0.9290381090232712,0.37549282987583743,-0.0405141709042154,1.015480865920354,0.19883260844535397,0
1.8620000000000014,POINT,0.19759842218824178,-0.060901315743422293,0.9290381090232712,0.37549282987583743,-0.0405141709042154,1.015480865920354,0.19883260844535397,0
1.8640000000000014,POINT,0.19759842218824178,-0.060901315743422293,0.9290381090232712,0.37549282987583743,-0.0405141709042154,1.015480865920354,0.19883260844535397,0
1.8660000000000014,POINT,0.19759842218824178,-0.060901315743422293,0.9290381090232712,0.37549282987583743,-0.0405141709042154,1.015480865920354,0.19883260844535397,0
1.8680000000000014,POINT,0.19759842218824178,-0.060901315743422293,0.9290381090232712,0.37549282987583743,-0.0405141709042154,1.015480865920354,0.19883260844535397,0
1.8700000000000014,POINT,0.19759842218824178,-0.060901315743422293,0.9290381090232712,0.37549282987583743,-0.0405141709042154,1.015480865920354,0.19883260844535397,0
1.8720000000000014,POINT,0.19759842218824178,-0.060901315743422293,0.9290381090232712,0.37549282987583743,-0.0405141709042154,1.015480865920354,0.19883260844535397,0
1.8740000000000014,POINT,0.19759842218824178,-0.060901315743422293,0.9290381090232712,0.37549282987583743,-0.0405141709042154,1.015480865920354,0.19883260844535397,0
1.8760000000000014,POINT,0.19759842218824178,-0.060901315743422293,0.9290381090232712,0.37549282987583743,-0.0405141709042154,1.015480865920354,0.19883260844535397,0
1.8780000000000014,POINT,0.19759842218824178,-0.060901315743422293,0.9290381090232712,0.37549282987583743,-0.0405141709042154,1.015480865920354,0.19883260844535397,0
1.8800000000000014,POINT,0.19759842218824178,-0.060901315743422293,0.9290381090232712,0.37549282987583743,-0.0405141709042154,1.015480865920354,0.19883260844535397,0
1.8820000000000014,POINT,0.19759842218824178,-0.060901315743422293,0.9290381090232712,0.37549282987583743,-0.0405141709042154,1.015480865920354,0.19883260844535397,0
1.8840000000000015,POINT,0.19759842218824178,-0.060901315743422293,0.9290381090232712,0.37549282987583743,-0.0405141709042154,1.015480865920354,0.19883260844535397,0
1.8860000000000015,POINT,0.19759842218824178,-0.060901315743422293,0.9290381090232712,0.37549282987583743,-0.0405141709042154,1.015480865920354,0.19883260844535397,0
1.8880000000000015,POINT,0.19759842218824178,-0.060901315743422293,0.9290381090232712,0.37549282987583743,-0.0405141709042154,1.015480865920354,0.19883260844535397,0
1.8900000000000015,POINT,0.19759842218824178,-0.060901315743422293,0.9290381090232712,0.37549282987583743,-0.0405141709042154,1.015480865920354,0.19883260844535397,0
1.8920000000000015,POINT,0.19759842218824178,-0.060901315743422293,0.9290381090232712,0.37549282987583743,-0.0405141709042154,1.015480865920354,0.19883260844535397,0
1.8940000000000015,POINT,0.19759842218824178,-0.060901315743422293,0.9290381090232712,0.37549282987583743,-0.0405141709042154,1.015480865920354,0.19883260844535397,0
1.8960000000000015,POINT,0.19759842218824178,-0.060901315743422293,0.9290381090232712,0.37549282987583743,-0.0405141709042154,1.015480865920354,0.19883260844535397,0
1.8980000000000015,POINT,0.19759842218824178,-0.060901315743422293,0.9290381090232712,0.37549282987583743,-0.0405141709042154,1.015480865920354,0.19883260844535397,0
1.9000000000000015,POINT,0.19759842218824178,-0.060901315743422293,0.9290381090232712,0.37549282987583743,-0.0405141709042154,1.015480865920354,0.19883260844535397,0
1.9020000000000015,POINT,0.19759842218824178,-0.060901315743422293,0.9290381090232712,0.37549282987583743,-0.0405141709042154,1.015480865920354,0.19883260844535397,0
1.9040000000000015,POINT,0.19759842218824178,-0.060901315743422293,0.9290381090232712,0.37549282987583743,-0.0405141709042154,1.015480865920354,0.19883260844535397,0
1.9060000000000015,POINT,0.19759842218824178,-0.060901315743422293,0.9290381090232712,0.37549282987583743,-0.0405141709042154,1.015480865920354,0.19883260844535397,0
1.9080000000000015,POINT,0.19759842218824178,-0.060901315743422293,0.9290381090232712,0.37549282987583743,-0.0405141709042154,1.015480865920354,0.19883260844535397,0
1.9100000000000015,POINT,0.19759842218824178,-0.060901315743422293,0.9290381090232712,0.37549282987583743,-0.0405141709042154,1.015480865920354,0.19883260844535397,0
1.9120000000000015,POINT,0.19759842218824178,-0.060901315743422293,0.9290381090232712,0.37549282987583743,-0.0405141709042154,1.015480865920354,0.19883260844535397,0
1.9140000000000015,POINT,0.19759842218824178,-0.060901315743422293,0.9290381090232712,0.37549282987583743,-0.0405141709042154,1.015480865920354,0.19883260844535397,0
1.9160000000000015,POINT,0.19759842218824178,-0.060901315743422293,0.9290381090232712,0.37549282987583743,-0.0405141709042154,1.015480865920354,0.19883260844535397,0
1.9180000000000015,POINT,0.19759842218824178,-0.060901315743422293,0.9290381090232712,0.37549282987583743,-0.0405141709042154,1.015480865920354,0.19883260844535397,0
1.9200000000000015,POINT,0.19759842218824178,-0.060901315743422293,0.9290381090232712,0.37549282987583743,-0.0405141709042154,1.015480865920354,0.19883260844535397,0
1.9220000000000015,POINT,0.19759842218824178,-0.060901315743422293,0.9290381090232712,0.37549282987583743,-0.0405141709042154,1.015480865920354,0.19883260844535397,0
1.9240000000000015,POINT,0.19759842218824178,-0.060901315743422293,0.9290381090232712,0.37549282987583743,-0.0405141709042154,1.015480865920354,0.19883260844535397,0
1.9260000000000015,POINT,0.19759842218824178,-0.060901315743422293,0.9290381090232712,0.37549282987583743,-0.0405141709042154,1.015480865920354,0.19883260844535397,0
1.9280000000000015,POINT,0.19759842218824178,-0.060901315743422293,0.9290381090232712,0.37549282987583743,-0.0405141709042154,1.015480865920354,0.19883260844535397,0
1.9300000000000015,POINT,0.19759842218824178,-0.060901315743422293,0.9290381090232712,0.37549282987583743,-0.0405141709042154,1.015480865920354,0.19883260844535397,0
1.9320000000000015,POINT,0.19759842218824178,-0.060901315743422293,0.9290381090232712,0.37549282987583743,-0.0405141709042154,1.015480865920354,0.19883260844535397,0
1.9340000000000015,POINT,0.19759842218824178,-0.060901315743422293,0.9290381090232712,0.37549282987583743,-0.0405141709042154,1.015480865920354,0.19883260844535397,0
1.9360000000000015,POINT,0.19759842218824178,-0.060901315743422293,0.9290381090232712,0.37549282987583743,-0.0405141709042154,1.015480865920354,0.19883260844535397,0
1.9380000000000015,POINT,0.19759842218824178,-0.060901315743422293,0.9290381090232712,0.37549282987583743,-0.0405141709042154,1.015480865920354,0.19883260844535397,0
1.9400000000000015,POINT,0.19759842218824178,-0.060901315743422293,0.9290381090232712,0.37549282987583743,-0.0405141709042154,1.015480865920354,0.19883260844535397,0
1.9420000000000015,POINT,0.19759842218824178,-0.060901315743422293,0.9290381090232712,0.37549282987583743,-0.0405141709042154,1.015480865920354,0.19883260844535397,0
1.9440000000000015,POINT,0.19759842218824178,-0.060901315743422293,0.9290381090232712,0.37549282987583743,-0.0405141709042154,1.015480865920354,0.19883260844535397,0
1.9460000000000015,POINT,0.19759842218824178,-0.060901315743422293,0.9290381090232712,0.37549282987583743,-0.0405141709042154,1.015480865920354,0.19883260844535397,0
1.9480000000000015,POINT,0.19759842218824178,-0.060901315743422293,0.9290381090232712,0.37549282987583743,-0.0405141709042154,1.015480865920354,0.19883260844535397,0
1.9500000000000015,POINT,0.19759842218824178,-0.060901315743422293,0.9290381090232712,0.37549282987583743,-0.0405141709042154,1.015480865920354,0.19883260844535397,0
1.9520000000000015,POINT,0.19759842218824178,-0.060901315743422293,0.9290381090232712,0.37549282987583743,-0.0405141709042154,1.015480865920354,0.19883260844535397,0
1.9540000000000015,POINT,0.19759842218824178,-0.060901315743422293,0.9290381090232712,0.37549282987583743,-0.0405141709042154,1.015480865920354,0.19883260844535397,0
1.9560000000000015,POINT,0.19759842218824178,-0.060901315743422293,0.9290381090232712,0.37549282987583743,-0.0405141709042154,1.015480865920354,0.19883260844535397,0
1.9580000000000015,POINT,0.19759842218824178,-0.060901315743422293,0.9290381090232712,0.37549282987583743,-0.0405141709042154,1.015480865920354,0.19883260844535397,0
1.9600000000000015,POINT,0.19759842218824178,-0.060901315743422293,0.9290381090232712,0.37549282987583743,-0.0405141709042154,1.015480865920354,0.19883260844535397,0
1.9620000000000015,POINT,0.19759842218824178,-0.060901315743422293,0.9290381090232712,0.37549282987583743,-0.0405141709042154,1.015480865920354,0.19883260844535397,0
1.9640000000000015,POINT,0.19759842218824178,-0.060901315743422293,0.9290381090232712,0.37549282987583743,-0.0405141709042154,1.015480865920354,0.19883260844535397,0
1.9660000000000015,POINT,0.19759842218824178,-0.060901315743422293,0.9290381090232712,0.37549282987583743,-0.0405141709042154,1.015480865920354,0.19883260844535397,0
1.9680000000000015,POINT,0.19759842218824178,-0.060901315743422293,0.9290381090232712,0.37549282987583743,-0.0405141709042154,1.015480865920354,0.19883260844535397,0
1.9700000000000015,POINT,0.19759842218824178,-0.060901315743422293,0.9290381090232712,0.37549282987583743,-0.0405141709042154,1.015480865920354,0.19883260844535397,0
1.9720000000000015,POINT,0.19759842218824178,-0.060901315743422293,0.9290381090232712,0.37549282987583743,-0.0405141709042154,1.015480865920354,0.19883260844535397,0
1.9740000000000015,POINT,0.19759842218824178,-0.060901315743422293,0.9290381090232712,0.37549282987583743,-0.0405141709042154,1.015480865920354,0.19883260844535397,0
1.9760000000000015,POINT,0.19759842218824178,-0.060901315743422293,0.9290381090232712,0.37549282987583743,-0.0405141709042154,1.015480865920354,0.19883260844535397,0
1.9780000000000015,POINT,0.19759842218824178,-0.060901315743422293,0.9290381090232712,0.37549282987583743,-0.0405141709042154,1.015480865920354,0.19883260844535397,0
1.9800000000000015,POINT,0.19759842218824178,-0.060901315743422293,0.9290381090232712,0.37549282987583743,-0.0405141709042154,1.015480865920354,0.19883260844535397,0
1.9820000000000015,POINT,0.19759842218824178,-0.060901315743422293,0.9290381090232712,0.37549282987583743,-0.0405141709042154,1.015480865920354,0.19883260844535397,0
1.9840000000000015,POINT,0.19759842218824178,-0.060901315743422293,0.9290381090232712,0.37549282987583743,-0.0405141709042154,1.015480865920354,0.19883260844535397,0
1.9860000000000015,POINT,0.19759842218824178,-0.060901315743422293,0.9290381090232712,0.37549282987583743,-0.0405141709042154,1.015480865920354,0.19883260844535397,0
1.9880000000000015,POINT,0.19759842218824178,-0.060901315743422293,0.9290381090232712,0.37549282987583743,-0.0405141709042154,1.015480865920354,0.19883260844535397,0
1.9900000000000015,POINT,0.19759842218824178,-0.060901315743422293,0.9290381090232712,0.37549282987583743,-0.0405141709042154,1.015480865920354,0.19883260844535397,0
1.9920000000000015,POINT,0.19759842218824178,-0.060901315743422293,0.9290381090232712,0.37549282987583743,-0.0405141709042154,1.015480865920354,0.19883260844535397,0
1.9940000000000015,POINT,0.19759842218824178,-0.060901315743422293,0.9290381090232712,0.37549282987583743,-0.0405141709042154,1.015480865920354,0.19883260844535397,0
1.9960000000000016,POINT,0.19759842218824178,-0.060901315743422293,0.9290381090232712,0.37549282987583743,-0.0405141709042154,1.015480865920354,0.19883260844535397,0
1.9980000000000016,POINT,0.19759842218824178,-0.060901315743422293,0.9290381090232712,0.37549282987583743,-0.0405141709042154,1.015480865920354,0.19883260844535397,0
2.0000000000000013,POINT,0.19759842218824178,-0.060901315743422293,0.9290381090232712,0.37549282987583743,-0.0405141709042154,1.015480865920354,0.19883260844535397,0
2.002000000000001,POINT,0.19759842218824178,-0.060901315743422293,0.9290381090232712,0.37549282987583743,-0.0405141709042154,1.015480865920354,0.19883260844535397,0
2.004000000000001,POINT,0.19759842218824178,-0.060901315743422293,0.9290381090232712,0.37549282987583743,-0.0405141709042154,1.015480865920354,0.19883260844535397,0
2.0060000000000007,POINT,0.19759842218824178,-0.060901315743422293,0.9290381090232712,0.37549282987583743,-0.0405141709042154,1.015480865920354,0.19883260844535397,0
2.0080000000000005,POINT,0.19759842218824178,-0.060901315743422293,0.9290381090232712,0.37549282987583743,-0.0405141709042154,1.015480865920354,0.19883260844535397,0
2.0100000000000002,POINT,0.19759842218824178,-0.060901315743422293,0.9290381090232712,0.37549282987583743,-0.0405141709042154,1.015480865920354,0.19883260844535397,0
2.012,POINT,0.19759842218824178,-0.060901315743422293,0.9290381090232712,0.37549282987583743,-0.0405141709042154,1.015480865920354,0.19883260844535397,0
2.014,POINT,0.19759842218824178,-0.060901315743422293,0.9290381090232712,0.37549282987583743,-0.0405141709042154,1.015480865920354,0.19883260844535397,0
2.0159999999999996,POINT,0.19759842218824178,-0.060901315743422293,0.9290381090232712,0.37549282987583743,-0.0405141709042154,1.015480865920354,0.19883260844535397,0
2.0179999999999993,POINT,0.19759842218824178,-0.060901315743422293,0.9290381090232712,0.37549282987583743,-0.0405141709042154,1.015480865920354,0.19883260844535397,0
2.019999999999999,POINT,0.19759842218824178,-0.060901315743422293,0.9290381090232712,0.37549282987583743,-0.0405141709042154,1.015480865920354,0.19883260844535397,0
2.021999999999999,POINT,0.19759842218824178,-0.060901315743422293,0.9290381090232712,0.37549282987583743,-0.0405141709042154,1.015480865920354,0.19883260844535397,0
2.0239999999999987,POINT,0.19759842218824178,-0.060901315743422293,0.9290381090232712,0.37549282987583743,-0.0405141709042154,1.015480865920354,0.19883260844535397,0
2.0259999999999985,POINT,0.19759842218824178,-0.060901315743422293,0.9290381090232712,0.37549282987583743,-0.0405141709042154,1.015480865920354,0.19883260844535397,0
2.0279999999999982,POINT,0.19759842218824178,-0.060901315743422293,0.9290381090232712,0.37549282987583743,-0.0405141709042154,1.015480865920354,0.19883260844535397,0
2.029999999999998,POINT,0.19759842218824178,-0.060901315743422293,0.9290381090232712,0.37549282987583743,-0.0405141709042154,1.015480865920354,0.19883260844535397,0
2.031999999999998,POINT,0.19759842218824178,-0.060901315743422293,0.9290381090232712,0.37549282987583743,-0.0405141709042154,1.015480865920354,0.19883260844535397,0
2.0339999999999976,POINT,0.19759842218824178,-0.060901315743422293,0.9290381090232712,0.37549282987583743,-0.0405141709042154,1.015480865920354,0.19883260844535397,0
2.0359999999999974,POINT,0.19759842218824178,-0.060901315743422293,0.9290381090232712,0.37549282987583743,-0.0405141709042154,1.015480865920354,0.19883260844535397,0
2.037999999999997,POINT,0.19759842218824178,-0.060901315743422293,0.9290381090232712,0.37549282987583743,-0.0405141709042154,1.015480865920354,0.19883260844535397,0
2.039999999999997,POINT,0.19759842218824178,-0.060901315743422293,0.9290381090232712,0.37549282987583743,-0.0405141709042154,1.015480865920354,0.19883260844535397,0
2.0419999999999967,POINT,0.19759842218824178,-0.060901315743422293,0.9290381090232712,0.37549282987583743,-0.0405141709042154,1.015480865920354,0.19883260844535397,0
2.0439999999999965,POINT,0.19759842218824178,-0.060901315743422293,0.9290381090232712,0.37549282987583743,-0.0405141709042154,1.015480865920354,0.19883260844535397,0
2.0459999999999963,POINT,0.19759842218824178,-0.060901315743422293,0.9290381090232712,0.37549282987583743,-0.0405141709042154,1.015480865920354,0.19883260844535397,0
2.047999999999996,POINT,0.19759842218824178,-0.060901315743422293,0.9290381090232712,0.37549282987583743,-0.0405141709042154,1.015480865920354,0.19883260844535397,0
2.049999999999996,POINT,0.19759842218824178,-0.060901315743422293,0.9290381090232712,0.37549282987583743,-0.0405141709042154,1.015480865920354,0.19883260844535397,0
2.0519999999999956,POINT,0.19759842218824178,-0.060901315743422293,0.9290381090232712,0.37549282987583743,-0.0405141709042154,1.015480865920354,0.19883260844535397,0
2.0539999999999954,POINT,0.19759842218824178,-0.060901315743422293,0.9290381090232712,0.37549282987583743,-0.0405141709042154,1.015480865920354,0.19883260844535397,0
2.055999999999995,POINT,0.19759842218824178,-0.060901315743422293,0.9290381090232712,0.37549282987583743,-0.0405141709042154,1.015480865920354,0.19883260844535397,0
2.057999999999995,POINT,0.19759842218824178,-0.060901315743422293,0.9290381090232712,0.37549282987583743,-0.0405141709042154,1.015480865920354,0.19883260844535397,0
2.0599999999999947,POINT,0.19759842218824178,-0.060901315743422293,0.9290381090232712,0.37549282987583743,-0.0405141709042154,1.015480865920354,0.19883260844535397,0
2.0619999999999945,POINT,0.19759842218824178,-0.060901315743422293,0.9290381090232712,0.37549282987583743,-0.0405141709042154,1.015480865920354,0.19883260844535397,0
2.0639999999999943,POINT,0.19759842218824178,-0.060901315743422293,0.9290381090232712,0.37549282987583743,-0.0405141709042154,1.015480865920354,0.19883260844535397,0
2.065999999999994,POINT,0.19759842218824178,-0.060901315743422293,0.9290381090232712,0.37549282987583743,-0.0405141709042154,1.015480865920354,0.19883260844535397,0
2.067999999999994,POINT,0.19759842218824178,-0.060901315743422293,0.9290381090232712,0.37549282987583743,-0.0405141709042154,1.015480865920354,0.19883260844535397,0
2.0699999999999936,POINT,0.19759842218824178,-0.060901315743422293,0.9290381090232712,0.37549282987583743,-0.0405141709042154,1.015480865920354,0.19883260844535397,0
2.0719999999999934,POINT,0.19759842218824178,-0.060901315743422293,0.9290381090232712,0.37549282987583743,-0.0405141709042154,1.015480865920354,0.19883260844535397,0
2.073999999999993,POINT,0.19759842218824178,-0.060901315743422293,0.9290381090232712,0.37549282987583743,-0.0405141709042154,1.015480865920354,0.19883260844535397,0
2.075999999999993,POINT,0.19759842218824178,-0.060901315743422293,0.9290381090232712,0.37549282987583743,-0.0405141709042154,1.015480865920354,0.19883260844535397,0
2.0779999999999927,POINT,0.19759842218824178,-0.060901315743422293,0.9290381090232712,0.37549282987583743,-0.0405141709042154,1.015480865920354,0.19883260844535397,0
2.0799999999999925,POINT,0.19759842218824178,-0.060901315743422293,0.9290381090232712,0.37549282987583743,-0.0405141709042154,1.015480865920354,0.19883260844535397,0
2.0819999999999923,POINT,0.19759842218824178,-0.060901315743422293,0.9290381090232712,0.37549282987583743,-0.0405141709042154,1.015480865920354,0.19883260844535397,0
2.083999999999992,POINT,0.19759842218824178,-0.060901315743422293,0.9290381090232712,0.37549282987583743,-0.0405141709042154,1.015480865920354,0.19883260844535397,0
2.085999999999992,POINT,0.19759842218824178,-0.060901315743422293,0.9290381090232712,0.37549282987583743,-0.0405141709042154,1.015480865920354,0.19883260844535397,0
2.0879999999999916,POINT,0.19759842218824178,-0.060901315743422293,0.9290381090232712,0.37549282987583743,-0.0405141709042154,1.015480865920354,0.19883260844535397,0
2.0899999999999914,POINT,0.19759842218824178,-0.060901315743422293,0.9290381090232712,0.37549282987583743,-0.0405141709042154,1.015480865920354,0.19883260844535397,0
2.091999999999991,POINT,0.19759842218824178,-0.060901315743422293,0.9290381090232712,0.37549282987583743,-0.0405141709042154,1.015480865920354,0.19883260844535397,0
2.093999999999991,POINT,0.19759842218824178,-0.060901315743422293,0.9290381090232712,0.37549282987583743,-0.0405141709042154,1.015480865920354,0.19883260844535397,0
2.0959999999999908,POINT,0.19759842218824178,-0.060901315743422293,0.9290381090232712,0.37549282987583743,-0.0405141709042154,1.015480865920354,0.19883260844535397,0
2.0979999999999905,POINT,0.19759842218824178,-0.060901315743422293,0.9290381090232712,0.37549282987583743,-0.0405141709042154,1.015480865920354,0.19883260844535397,0
2.0999999999999903,POINT,0.19759842218824178,-0.060901315743422293,0.9290381090232712,0.37549282987583743,-0.0405141709042154,1.015480865920354,0.19883260844535397,0
2.10199999999999,POINT,0.19759842218824178,-0.060901315743422293,0.9290381090232712,0.37549282987583743,-0.0405141709042154,1.015480865920354,0.19883260844535397,0
2.10399999999999,POINT,0.19759842218824178,-0.060901315743422293,0.9290381090232712,0.37549282987583743,-0.0405141709042154,1.015480865920354,0.19883260844535397,0
2.1059999999999897,POINT,0.19759842218824178,-0.060901315743422293,0.9290381090232712,0.37549282987583743,-0.0405141709042154,1.015480865920354,0.19883260844535397,0
2.1079999999999894,POINT,0.19759842218824178,-0.060901315743422293,0.9290381090232712,0.37549282987583743,-0.0405141709042154,1.015480865920354,0.19883260844535397,0
2.109999999999989,POINT,0.19759842218824178,-0.060901315743422293,0.9290381090232712,0.37549282987583743,-0.0405141709042154,1.015480865920354,0.19883260844535397,0
2.111999999999989,POINT,0.19759842218824178,-0.060901315743422293,0.9290381090232712,0.37549282987583743,-0.0405141709042154,1.015480865920354,0.19883260844535397,0
2.1139999999999888,POINT,0.19759842218824178,-0.060901315743422293,0.9290381090232712,0.37549282987583743,-0.0405141709042154,1.015480865920354,0.19883260844535397,0
2.1159999999999886,POINT,0.19759842218824178,-0.060901315743422293,0.9290381090232712,0.37549282987583743,-0.0405141709042154,1.015480865920354,0.19883260844535397,0
2.1179999999999883,POINT,0.19759842218824178,-0.060901315743422293,0.9290381090232712,0.37549282987583743,-0.0405141709042154,1.015480865920354,0.19883260844535397,0
2.119999999999988,POINT,0.19759842218824178,-0.060901315743422293,0.9290381090232712,0.37549282987583743,-0.0405141709042154,1.015480865920354,0.19883260844535397,0
2.121999999999988,POINT,0.19759842218824178,-0.060901315743422293,0.9290381090232712,0.37549282987583743,-0.0405141709042154,1.015480865920354,0.19883260844535397,0
2.1239999999999877,POINT,0.19759842218824178,-0.060901315743422293,0.9290381090232712,0.37549282987583743,-0.0405141709042154,1.015480865920354,0.19883260844535397,0
2.1259999999999875,POINT,0.19759842218824178,-0.060901315743422293,0.9290381090232712,0.37549282987583743,-0.0405141709042154,1.015480865920354,0.19883260844535397,0
2.1279999999999872,POINT,0.19759842218824178,-0.060901315743422293,0.9290381090232712,0.37549282987583743,-0.0405141709042154,1.015480865920354,0.19883260844535397,0
2.129999999999987,POINT,0.19759842218824178,-0.060901315743422293,0.9290381090232712,0.37549282987583743,-0.0405141709042154,1.015480865920354,0.19883260844535397,0
2.131999999999987,POINT,0.19759842218824178,-0.060901315743422293,0.9290381090232712,0.37549282987583743,-0.0405141709042154,1.015480865920354,0.19883260844535397,0
2.1339999999999866,POINT,0.19759842218824178,-0.060901315743422293,0.9290381090232712,0.37549282987583743,-0.0405141709042154,1.015480865920354,0.19883260844535397,0
2.1359999999999864,POINT,0.19759842218824178,-0.060901315743422293,0.9290381090232712,0.37549282987583743,-0.0405141709042154,1.015480865920354,0.19883260844535397,0
2.137999999999986,POINT,0.19759842218824178,-0.060901315743422293,0.9290381090232712,0.37549282987583743,-0.0405141709042154,1.015480865920354,0.19883260844535397,0
2.139999999999986,POINT,0.19759842218824178,-0.060901315743422293,0.9290381090232712,0.37549282987583743,-0.0405141709042154,1.015480865920354,0.19883260844535397,0
2.1419999999999857,POINT,0.19759842218824178,-0.060901315743422293,0.9290381090232712,0.37549282987583743,-0.0405141709042154,1.015480865920354,0.19883260844535397,0
2.1439999999999855,POINT,0.19759842218824178,-0.060901315743422293,0.9290381090232712,0.37549282987583743,-0.0405141709042154,1.015480865920354,0.19883260844535397,0
2.1459999999999853,POINT,0.19759842218824178,-0.060901315743422293,0.9290381090232712,0.37549282987583743,-0.0405141709042154,1.015480865920354,0.19883260844535397,0
2.147999999999985,POINT,0.19759842218824178,-0.060901315743422293,0.9290381090232712,0.37549282987583743,-0.0405141709042154,1.015480865920354,0.19883260844535397,0
2.149999999999985,POINT,0.19759842218824178,-0.060901315743422293,0.9290381090232712,0.37549282987583743,-0.0405141709042154,1.015480865920354,0.19883260844535397,0
2.1519999999999846,POINT,0.19759842218824178,-0.060901315743422293,0.9290381090232712,0.37549282987583743,-0.0405141709042154,1.015480865920354,0.19883260844535397,0
2.1539999999999844,POINT,0.19759842218824178,-0.060901315743422293,0.9290381090232712,0.37549282987583743,-0.0405141709042154,1.015480865920354,0.19883260844535397,0
2.155999999999984,POINT,0.19759842218824178,-0.060901315743422293,0.9290381090232712,0.37549282987583743,-0.0405141709042154,1.015480865920354,0.19883260844535397,0
2.157999999999984,POINT,0.19759842218824178,-0.060901315743422293,0.9290381090232712,0.37549282987583743,-0.0405141709042154,1.015480865920354,0.19883260844535397,0
2.1599999999999837,POINT,0.19759842218824178,-0.060901315743422293,0.9290381090232712,0.37549282987583743,-0.0405141709042154,1.015480865920354,0.19883260844535397,0
2.1619999999999835,POINT,0.19759842218824178,-0.060901315743422293,0.9290381090232712,0.37549282987583743,-0.0405141709042154,1.015480865920354,0.19883260844535397,0
2.1639999999999833,POINT,0.19759842218824178,-0.060901315743422293,0.9290381090232712,0.37549282987583743,-0.0405141709042154,1.015480865920354,0.19883260844535397,0
2.165999999999983,POINT,0.19759842218824178,-0.060901315743422293,0.9290381090232712,0.37549282987583743,-0.0405141709042154,1.015480865920354,0.19883260844535397,0
2.167999999999983,POINT,0.19759842218824178,-0.060901315743422293,0.9290381090232712,0.37549282987583743,-0.0405141709042154,1.015480865920354,0.19883260844535397,0
2.1699999999999826,POINT,0.19759842218824178,-0.060901315743422293,0.9290381090232712,0.37549282987583743,-0.0405141709042154,1.015480865920354,0.19883260844535397,0
2.1719999999999824,POINT,0.19759842218824178,-0.060901315743422293,0.9290381090232712,0.37549282987583743,-0.0405141709042154,1.015480865920354,0.19883260844535397,0
2.173999999999982,POINT,0.19759842218824178,-0.060901315743422293,0.9290381090232712,0.37549282987583743,-0.0405141709042154,1.015480865920354,0.19883260844535397,0
2.175999999999982,POINT,0.19759842218824178,-0.060901315743422293,0.9290381090232712,0.37549282987583743,-0.0405141709042154,1.015480865920354,0.19883260844535397,0
2.1779999999999817,POINT,0.19759842218824178,-0.060901315743422293,0.9290381090232712,0.37549282987583743,-0.0405141709042154,1.015480865920354,0.19883260844535397,0
2.1799999999999815,POINT,0.19759842218824178,-0.060901315743422293,0.9290381090232712,0.37549282987583743,-0.0405141709042154,1.015480865920354,0.19883260844535397,0
2.1819999999999813,POINT,0.19759842218824178,-0.060901315743422293,0.9290381090232712,0.37549282987583743,-0.0405141709042154,1.015480865920354,0.19883260844535397,0
2.183999999999981,POINT,0.19759842218824178,-0.060901315743422293,0.9290381090232712,0.37549282987583743,-0.0405141709042154,1.015480865920354,0.19883260844535397,0
2.185999999999981,POINT,0.19759842218824178,-0.060901315743422293,0.9290381090232712,0.37549282987583743,-0.0405141709042154,1.015480865920354,0.19883260844535397,0
2.1879999999999806,POINT,0.19759842218824178,-0.060901315743422293,0.9290381090232712,0.37549282987583743,-0.0405141709042154,1.015480865920354,0.19883260844535397,0
2.1899999999999804,POINT,0.19759842218824178,-0.060901315743422293,0.9290381090232712,0.37549282987583743,-0.0405141709042154,1.015480865920354,0.19883260844535397,0
2.19199999999998,POINT,0.19759842218824178,-0.060901315743422293,0.9290381090232712,0.37549282987583743,-0.0405141709042154,1.015480865920354,0.19883260844535397,0
2.19399999999998,POINT,0.19759842218824178,-0.060901315743422293,0.9290381090232712,0.37549282987583743,-0.0405141709042154,1.015480865920354,0.19883260844535397,0
2.1959999999999797,POINT,0.19759842218824178,-0.060901315743422293,0.9290381090232712,0.37549282987583743,-0.0405141709042154,1.015480865920354,0.19883260844535397,0
2.1979999999999795,POINT,0.19759842218824178,-0.060901315743422293,0.9290381090232712,0.37549282987583743,-0.0405141709042154,1.015480865920354,0.19883260844535397,0
2.1999999999999793,POINT,0.19759842218824178,-0.060901315743422293,0.9290381090232712,0.37549282987583743,-0.0405141709042154,1.015480865920354,0.19883260844535397,0
2.201999999999979,POINT,0.19759842218824178,-0.060901315743422293,0.9290381090232712,0.37549282987583743,-0.0405141709042154,1.015480865920354,0.19883260844535397,0
2.203999999999979,POINT,0.19759842218824178,-0.060901315743422293,0.9290381090232712,0.37549282987583743,-0.0405141709042154,1.015480865920354,0.19883260844535397,0
2.2059999999999786,POINT,0.19759842218824178,-0.060901315743422293,0.9290381090232712,0.37549282987583743,-0.0405141709042154,1.015480865920354,0.19883260844535397,0
2.2079999999999784,POINT,0.19759842218824178,-0.060901315743422293,0.9290381090232712,0.37549282987583743,-0.0405141709042154,1.015480865920354,0.19883260844535397,0
2.209999999999978,POINT,0.19759842218824178,-0.060901315743422293,0.9290381090232712,0.37549282987583743,-0.0405141709042154,1.015480865920354,0.19883260844535397,0
2.211999999999978,POINT,0.19759842218824178,-0.060901315743422293,0.9290381090232712,0.37549282987583743,-0.0405141709042154,1.015480865920354,0.19883260844535397,0
2.2139999999999778,POINT,0.19759842218824178,-0.060901315743422293,0.9290381090232712,0.37549282987583743,-0.0405141709042154,1.015480865920354,0.19883260844535397,0
2.2159999999999775,POINT,0.19759842218824178,-0.060901315743422293,0.9290381090232712,0.37549282987583743,-0.0405141709042154,1.015480865920354,0.19883260844535397,0
2.2179999999999773,POINT,0.19759842218824178,-0.060901315743422293,0.9290381090232712,0.37549282987583743,-0.0405141709042154,1.015480865920354,0.19883260844535397,0
2.219999999999977,POINT,0.19759842218824178,-0.060901315743422293,0.9290381090232712,0.37549282987583743,-0.0405141709042154,1.015480865920354,0.19883260844535397,0
2.221999999999977,POINT,0.19759842218824178,-0.060901315743422293,0.9290381090232712,0.37549282987583743,-0.0405141709042154,1.015480865920354,0.19883260844535397,0
2.2239999999999767,POINT,0.19759842218824178,-0.060901315743422293,0.9290381090232712,0.37549282987583743,-0.0405141709042154,1.015480865920354,0.19883260844535397,0
2.2259999999999764,POINT,0.19759842218824178,-0.060901315743422293,0.9290381090232712,0.37549282987583743,-0.0405141709042154,1.015480865920354,0.19883260844535397,0
2.227999999999976,POINT,0.19759842218824178,-0.060901315743422293,0.9290381090232712,0.37549282987583743,-0.0405141709042154,1.015480865920354,0.19883260844535397,0
2.229999999999976,POINT,0.19759842218824178,-0.060901315743422293,0.9290381090232712,0.37549282987583743,-0.0405141709042154,1.015480865920354,0.19883260844535397,0
2.231999999999976,POINT,0.19759842218824178,-0.060901315743422293,0.9290381090232712,0.37549282987583743,-0.0405141709042154,1.015480865920354,0.19883260844535397,0
2.2339999999999756,POINT,0.19759842218824178,-0.060901315743422293,0.9290381090232712,0.37549282987583743,-0.0405141709042154,1.015480865920354,0.19883260844535397,0
2.2359999999999753,POINT,0.19759842218824178,-0.060901315743422293,0.9290381090232712,0.37549282987583743,-0.0405141709042154,1.015480865920354,0.19883260844535397,0
2.237999999999975,POINT,0.19759842218824178,-0.060901315743422293,0.9290381090232712,0.37549282987583743,-0.0405141709042154,1.015480865920354,0.19883260844535397,0
2.239999999999975,POINT,0.19759842218824178,-0.060901315743422293,0.9290381090232712,0.37549282987583743,-0.0405141709042154,1.015480865920354,0.19883260844535397,0
2.2419999999999747,POINT,0.19759842218824178,-0.060901315743422293,0.9290381090232712,0.37549282987583743,-0.0405141709042154,1.015480865920354,0.19883260844535397,0
2.2439999999999745,POINT,0.19759842218824178,-0.060901315743422293,0.9290381090232712,0.37549282987583743,-0.0405141709042154,1.015480865920354,0.19883260844535397,0
2.2459999999999742,POINT,0.19759842218824178,-0.060901315743422293,0.9290381090232712,0.37549282987583743,-0.0405141709042154,1.015480865920354,0.19883260844535397,0
2.247999999999974,POINT,0.19759842218824178,-0.060901315743422293,0.9290381090232712,0.37549282987583743,-0.0405141709042154,1.015480865920354,0.19883260844535397,0
2.249999999999974,POINT,0.19759842218824178,-0.060901315743422293,0.9290381090232712,0.37549282987583743,-0.0405141709042154,1.015480865920354,0.19883260844535397,0
2.2519999999999736,POINT,0.19759842218824178,-0.060901315743422293,0.9290381090232712,0.37549282987583743,-0.0405141709042154,1.015480865920354,0.19883260844535397,0
2.2539999999999734,POINT,0.19759842218824178,-0.060901315743422293,0.9290381090232712,0.37549282987583743,-0.0405141709042154,1.015480865920354,0.19883260844535397,0
2.255999999999973,POINT,0.19759842218824178,-0.060901315743422293,0.9290381090232712,0.37549282987583743,-0.0405141709042154,1.015480865920354,0.19883260844535397,0
2.257999999999973,POINT,0.19759842218824178,-0.060901315743422293,0.9290381090232712,0.37549282987583743,-0.0405141709042154,1.015480865920354,0.19883260844535397,0
2.2599999999999727,POINT,0.19759842218824178,-0.060901315743422293,0.9290381090232712,0.37549282987583743,-0.0405141709042154,1.015480865920354,0.19883260844535397,0
2.2619999999999725,POINT,0.19759842218824178,-0.060901315743422293,0.9290381090232712,0.37549282987583743,-0.0405141709042154,1.015480865920354,0.19883260844535397,0
2.2639999999999723,POINT,0.19759842218824178,-0.060901315743422293,0.9290381090232712,0.37549282987583743,-0.0405141709042154,1.015480865920354,0.19883260844535397,0
2.265999999999972,POINT,0.19759842218824178,-0.060901315743422293,0.9290381090232712,0.37549282987583743,-0.0405141709042154,1.015480865920354,0.19883260844535397,0
2.267999999999972,POINT,0.19759842218824178,-0.060901315743422293,0.9290381090232712,0.37549282987583743,-0.0405141709042154,1.015480865920354,0.19883260844535397,0
2.2699999999999716,POINT,0.19759842218824178,-0.060901315743422293,0.9290381090232712,0.37549282987583743,-0.0405141709042154,1.015480865920354,0.19883260844535397,0
2.2719999999999714,POINT,0.19759842218824178,-0.060901315743422293,0.9290381090232712,0.37549282987583743,-0.0405141709042154,1.015480865920354,0.19883260844535397,0
2.273999999999971,POINT,0.19759842218824178,-0.060901315743422293,0.9290381090232712,0.37549282987583743,-0.0405141709042154,1.015480865920354,0.19883260844535397,0
2.275999999999971,POINT,0.19759842218824178,-0.060901315743422293,0.9290381090232712,0.37549282987583743,-0.0405141709042154,1.015480865920354,0.19883260844535397,0
2.2779999999999707,POINT,0.19759842218824178,-0.060901315743422293,0.9290381090232712,0.37549282987583743,-0.0405141709042154,1.015480865920354,0.19883260844535397,0
2.2799999999999705,POINT,0.19759842218824178,-0.060901315743422293,0.9290381090232712,0.37549282987583743,-0.0405141709042154,1.015480865920354,0.19883260844535397,0
2.2819999999999703,POINT,0.19759842218824178,-0.060901315743422293,0.9290381090232712,0.37549282987583743,-0.0405141709042154,1.015480865920354,0.19883260844535397,0
2.28399999999997,POINT,0.19759842218824178,-0.060901315743422293,0.9290381090232712,0.37549282987583743,-0.0405141709042154,1.015480865920354,0.19883260844535397,0
2.28599999999997,POINT,0.19759842218824178,-0.060901315743422293,0.9290381090232712,0.37549282987583743,-0.0405141709042154,1.015480865920354,0.19883260844535397,0
2.2879999999999696,POINT,0.19759842218824178,-0.060901315743422293,0.9290381090232712,0.37549282987583743,-0.0405141709042154,1.015480865920354,0.19883260844535397,0
2.2899999999999694,POINT,0.19759842218824178,-0.060901315743422293,0.9290381090232712,0.37549282987583743,-0.0405141709042154,1.015480865920354,0.19883260844535397,0
2.291999999999969,POINT,0.19759842218824178,-0.060901315743422293,0.9290381090232712,0.37549282987583743,-0.0405141709042154,1.015480865920354,0.19883260844535397,0
2.293999999999969,POINT,0.19759842218824178,-0.060901315743422293,0.9290381090232712,0.37549282987583743,-0.0405141709042154,1.015480865920354,0.19883260844535397,0
2.2959999999999687,POINT,0.19759842218824178,-0.060901315743422293,0.9290381090232712,0.37549282987583743,-0.0405141709042154,1.015480865920354,0.19883260844535397,0
2.2979999999999685,POINT,0.19759842218824178,-0.060901315743422293,0.9290381090232712,0.37549282987583743,-0.0405141709042154,1.015480865920354,0.19883260844535397,0
2.2999999999999683,POINT,0.19759842218824178,-0.060901315743422293,0.9290381090232712,0.37549282987583743,-0.0405141709042154,1.015480865920354,0.19883260844535397,0
2.301999999999968,POINT,0.19759842218824178,-0.060901315743422293,0.9290381090232712,0.37549282987583743,-0.0405141709042154,1.015480865920354,0.19883260844535397,0
2.303999999999968,POINT,0.19759842218824178,-0.060901315743422293,0.9290381090232712,0.37549282987583743,-0.0405141709042154,1.015480865920354,0.19883260844535397,0
2.3059999999999676,POINT,0.19759842218824178,-0.060901315743422293,0.9290381090232712,0.37549282987583743,-0.0405141709042154,1.015480865920354,0.19883260844535397,0
2.3079999999999674,POINT,0.19759842218824178,-0.060901315743422293,0.9290381090232712,0.37549282987583743,-0.0405141709042154,1.015480865920354,0.19883260844535397,0
2.309999999999967,POINT,0.19759842218824178,-0.060901315743422293,0.9290381090232712,0.37549282987583743,-0.0405141709042154,1.015480865920354,0.19883260844535397,0
2.311999999999967,POINT,0.19759842218824178,-0.060901315743422293,0.9290381090232712,0.37549282987583743,-0.0405141709042154,1.015480865920354,0.19883260844535397,0
2.3139999999999668,POINT,0.19759842218824178,-0.060901315743422293,0.9290381090232712,0.37549282987583743,-0.0405141709042154,1.015480865920354,0.19883260844535397,0
2.3159999999999665,POINT,0.19759842218824178,-0.060901315743422293,0.9290381090232712,0.37549282987583743,-0.0405141709042154,1.015480865920354,0.19883260844535397,0
2.3179999999999663,POINT,0.19759842218824178,-0.060901315743422293,0.9290381090232712,0.37549282987583743,-0.0405141709042154,1.015480865920354,0.19883260844535397,0
2.319999999999966,POINT,0.19759842218824178,-0.060901315743422293,0.9290381090232712,0.37549282987583743,-0.0405141709042154,1.015480865920354,0.19883260844535397,0
2.321999999999966,POINT,0.19759842218824178,-0.060901315743422293,0.9290381090232712,0.37549282987583743,-0.0405141709042154,1.015480865920354,0.19883260844535397,0
2.3239999999999656,POINT,0.19759842218824178,-0.060901315743422293,0.9290381090232712,0.37549282987583743,-0.0405141709042154,1.015480865920354,0.19883260844535397,0
2.3259999999999654,POINT,0.19759842218824178,-0.060901315743422293,0.9290381090232712,0.37549282987583743,-0.0405141709042154,1.015480865920354,0.19883260844535397,0
2.327999999999965,POINT,0.19759842218824178,-0.060901315743422293,0.9290381090232712,0.37549282987583743,-0.0405141709042154,1.015480865920354,0.19883260844535397,0
2.329999999999965,POINT,0.19759842218824178,-0.060901315743422293,0.9290381090232712,0.37549282987583743,-0.0405141709042154,1.015480865920354,0.19883260844535397,0
2.3319999999999648,POINT,0.19759842218824178,-0.060901315743422293,0.9290381090232712,0.37549282987583743,-0.0405141709042154,1.015480865920354,0.19883260844535397,0
2.3339999999999645,POINT,0.19759842218824178,-0.060901315743422293,0.9290381090232712,0.37549282987583743,-0.0405141709042154,1.015480865920354,0.19883260844535397,0
2.3359999999999643,POINT,0.19759842218824178,-0.060901315743422293,0.9290381090232712,0.37549282987583743,-0.0405141709042154,1.015480865920354,0.19883260844535397,0
2.337999999999964,POINT,0.19759842218824178,-0.060901315743422293,0.9290381090232712,0.37549282987583743,-0.0405141709042154,1.015480865920354,0.19883260844535397,0
2.339999999999964,POINT,0.19759842218824178,-0.060901315743422293,0.9290381090232712,0.37549282987583743,-0.0405141709042154,1.015480865920354,0.19883260844535397,0
2.3419999999999637,POINT,0.19759842218824178,-0.060901315743422293,0.9290381090232712,0.37549282987583743,-0.0405141709042154,1.015480865920354,0.19883260844535397,0
2.3439999999999634,POINT,0.19759842218824178,-0.060901315743422293,0.9290381090232712,0.37549282987583743,-0.0405141709042154,1.015480865920354,0.19883260844535397,0
2.3459999999999632,POINT,0.19759842218824178,-0.060901315743422293,0.9290381090232712,0.37549282987583743,-0.0405141709042154,1.015480865920354,0.19883260844535397,0
2.347999999999963,POINT,0.19759842218824178,-0.060901315743422293,0.9290381090232712,0.37549282987583743,-0.0405141709042154,1.015480865920354,0.19883260844535397,0
2.349999999999963,POINT,0.19759842218824178,-0.060901315743422293,0.9290381090232712,0.37549282987583743,-0.0405141709042154,1.015480865920354,0.19883260844535397,0
2.3519999999999626,POINT,0.19759842218824178,-0.060901315743422293,0.9290381090232712,0.37549282987583743,-0.0405141709042154,1.015480865920354,0.19883260844535397,0
2.3539999999999623,POINT,0.19759842218824178,-0.060901315743422293,0.9290381090232712,0.37549282987583743,-0.0405141709042154,1.015480865920354,0.19883260844535397,0
2.355999999999962,POINT,0.19759842218824178,-0.060901315743422293,0.9290381090232712,0.37549282987583743,-0.0405141709042154,1.015480865920354,0.19883260844535397,0
2.357999999999962,POINT,0.19759842218824178,-0.060901315743422293,0.9290381090232712,0.37549282987583743,-0.0405141709042154,1.015480865920354,0.19883260844535397,0
2.3599999999999617,POINT,0.19759842218824178,-0.060901315743422293,0.9290381090232712,0.37549282987583743,-0.0405141709042154,1.015480865920354,0.19883260844535397,0
2.3619999999999615,POINT,0.19759842218824178,-0.060901315743422293,0.9290381090232712,0.37549282987583743,-0.0405141709042154,1.015480865920354,0.19883260844535397,0
2.3639999999999612,POINT,0.19759842218824178,-0.060901315743422293,0.9290381090232712,0.37549282987583743,-0.0405141709042154,1.015480865920354,0.19883260844535397,0
2.365999999999961,POINT,0.19759842218824178,-0.060901315743422293,0.9290381090232712,0.37549282987583743,-0.0405141709042154,1.015480865920354,0.19883260844535397,0
2.367999999999961,POINT,0.19759842218824178,-0.060901315743422293,0.9290381090232712,0.37549282987583743,-0.0405141709042154,1.015480865920354,0.19883260844535397,0
2.3699999999999606,POINT,0.19759842218824178,-0.060901315743422293,0.9290381090232712,0.37549282987583743,-0.0405141709042154,1.015480865920354,0.19883260844535397,0
2.3719999999999604,POINT,0.19759842218824178,-0.060901315743422293,0.9290381090232712,0.37549282987583743,-0.0405141709042154,1.015480865920354,0.19883260844535397,0
2.37399999999996,POINT,0.19759842218824178,-0.060901315743422293,0.9290381090232712,0.37549282987583743,-0.0405141709042154,1.015480865920354,0.19883260844535397,0
2.37599999999996,POINT,0.19759842218824178,-0.060901315743422293,0.9290381090232712,0.37549282987583743,-0.0405141709042154,1.015480865920354,0.19883260844535397,0
2.3779999999999597,POINT,0.19759842218824178,-0.060901315743422293,0.9290381090232712,0.37549282987583743,-0.0405141709042154,1.015480865920354,0.19883260844535397,0
2.3799999999999595,POINT,0.19759842218824178,-0.060901315743422293,0.9290381090232712,0.37549282987583743,-0.0405141709042154,1.015480865920354,0.19883260844535397,0
2.3819999999999593,POINT,0.19759842218824178,-0.060901315743422293,0.9290381090232712,0.37549282987583743,-0.0405141709042154,1.015480865920354,0.19883260844535397,0
2.383999999999959,POINT,0.19759842218824178,-0.060901315743422293,0.9290381090232712,0.37549282987583743,-0.0405141709042154,1.015480865920354,0.19883260844535397,0
2.385999999999959,POINT,0.19759842218824178,-0.060901315743422293,0.9290381090232712,0.37549282987583743,-0.0405141709042154,1.015480865920354,0.19883260844535397,0
2.3879999999999586,POINT,0.19759842218824178,-0.060901315743422293,0.9290381090232712,0.37549282987583743,-0.0405141709042154,1.015480865920354,0.19883260844535397,0
2.3899999999999584,POINT,0.19759842218824178,-0.060901315743422293,0.9290381090232712,0.37549282987583743,-0.0405141709042154,1.015480865920354,0.19883260844535397,0
2.391999999999958,POINT,0.19759842218824178,-0.060901315743422293,0.9290381090232712,0.37549282987583743,-0.0405141709042154,1.015480865920354,0.19883260844535397,0
2.393999999999958,POINT,0.19759842218824178,-0.060901315743422293,0.9290381090232712,0.37549282987583743,-0.0405141709042154,1.015480865920354,0.19883260844535397,0
2.3959999999999577,POINT,0.19759842218824178,-0.060901315743422293,0.9290381090232712,0.37549282987583743,-0.0405141709042154,1.015480865920354,0.19883260844535397,0
2.3979999999999575,POINT,0.19759842218824178,-0.060901315743422293,0.9290381090232712,0.37549282987583743,-0.0405141709042154,1.015480865920354,0.19883260844535397,0
2.3999999999999573,POINT,0.19759842218824178,-0.060901315743422293,0.9290381090232712,0.37549282987583743,-0.0405141709042154,1.015480865920354,0.19883260844535397,0
2.401999999999957,POINT,0.19759842218824178,-0.060901315743422293,0.9290381090232712,0.37549282987583743,-0.0405141709042154,1.015480865920354,0.19883260844535397,0
2.403999999999957,POINT,0.19759842218824178,-0.060901315743422293,0.9290381090232712,0.37549282987583743,-0.0405141709042154,1.015480865920354,0.19883260844535397,0
2.4059999999999566,POINT,0.19759842218824178,-0.060901315743422293,0.9290381090232712,0.37549282987583743,-0.0405141709042154,1.015480865920354,0.19883260844535397,0
2.4079999999999564,POINT,0.19759842218824178,-0.060901315743422293,0.9290381090232712,0.37549282987583743,-0.0405141709042154,1.015480865920354,0.19883260844535397,0
2.409999999999956,POINT,0.19759842218824178,-0.060901315743422293,0.9290381090232712,0.37549282987583743,-0.0405141709042154,1.015480865920354,0.19883260844535397,0
2.411999999999956,POINT,0.19759842218824178,-0.060901315743422293,0.9290381090232712,0.37549282987583743,-0.0405141709042154,1.015480865920354,0.19883260844535397,0
2.4139999999999557,POINT,0.19759842218824178,-0.060901315743422293,0.9290381090232712,0.37549282987583743,-0.0405141709042154,1.015480865920354,0.19883260844535397,0
2.4159999999999555,POINT,0.19759842218824178,-0.060901315743422293,0.9290381090232712,0.37549282987583743,-0.0405141709042154,1.015480865920354,0.19883260844535397,0
2.4179999999999553,POINT,0.19759842218824178,-0.060901315743422293,0.9290381090232712,0.37549282987583743,-0.0405141709042154,1.015480865920354,0.19883260844535397,0
2.419999999999955,POINT,0.19759842218824178,-0.060901315743422293,0.9290381090232712,0.37549282987583743,-0.0405141709042154,1.015480865920354,0.19883260844535397,0
2.421999999999955,POINT,0.19759842218824178,-0.060901315743422293,0.9290381090232712,0.37549282987583743,-0.0405141709042154,1.015480865920354,0.19883260844535397,0
2.4239999999999546,POINT,0.19759842218824178,-0.060901315743422293,0.9290381090232712,0.37549282987583743,-0.0405141709042154,1.015480865920354,0.19883260844535397,0
2.4259999999999544,POINT,0.19759842218824178,-0.060901315743422293,0.9290381090232712,0.37549282987583743,-0.0405141709042154,1.015480865920354,0.19883260844535397,0
2.427999999999954,POINT,0.19759842218824178,-0.060901315743422293,0.9290381090232712,0.37549282987583743,-0.0405141709042154,1.015480865920354,0.19883260844535397,0
2.429999999999954,POINT,0.19759842218824178,-0.060901315743422293,0.9290381090232712,0.37549282987583743,-0.0405141709042154,1.015480865920354,0.19883260844535397,0
2.4319999999999538,POINT,0.19759842218824178,-0.060901315743422293,0.9290381090232712,0.37549282987583743,-0.0405141709042154,1.015480865920354,0.19883260844535397,0
2.4339999999999535,POINT,0.19759842218824178,-0.060901315743422293,0.9290381090232712,0.37549282987583743,-0.0405141709042154,1.015480865920354,0.19883260844535397,0
2.4359999999999533,POINT,0.19759842218824178,-0.060901315743422293,0.9290381090232712,0.37549282987583743,-0.0405141709042154,1.015480865920354,0.19883260844535397,0
2.437999999999953,POINT,0.19759842218824178,-0.060901315743422293,0.9290381090232712,0.37549282987583743,-0.0405141709042154,1.015480865920354,0.19883260844535397,0
2.439999999999953,POINT,0.19759842218824178,-0.060901315743422293,0.9290381090232712,0.37549282987583743,-0.0405141709042154,1.015480865920354,0.19883260844535397,0
2.4419999999999527,POINT,0.19759842218824178,-0.060901315743422293,0.9290381090232712,0.37549282987583743,-0.0405141709042154,1.015480865920354,0.19883260844535397,0
2.4439999999999524,POINT,0.19759842218824178,-0.060901315743422293,0.9290381090232712,0.37549282987583743,-0.0405141709042154,1.015480865920354,0.19883260844535397,0
2.445999999999952,POINT,0.19759842218824178,-0.060901315743422293,0.9290381090232712,0.37549282987583743,-0.0405141709042154,1.015480865920354,0.19883260844535397,0
2.447999999999952,POINT,0.19759842218824178,-0.060901315743422293,0.9290381090232712,0.37549282987583743,-0.0405141709042154,1.015480865920354,0.19883260844535397,0
2.4499999999999518,POINT,0.19759842218824178,-0.060901315743422293,0.9290381090232712,0.37549282987583743,-0.0405141709042154,1.015480865920354,0.19883260844535397,0
2.4519999999999516,POINT,0.19759842218824178,-0.060901315743422293,0.9290381090232712,0.37549282987583743,-0.0405141709042154,1.015480865920354,0.19883260844535397,0
2.4539999999999513,POINT,0.19759842218824178,-0.060901315743422293,0.9290381090232712,0.37549282987583743,-0.0405141709042154,1.015480865920354,0.19883260844535397,0
2.455999999999951,POINT,0.19759842218824178,-0.060901315743422293,0.9290381090232712,0.37549282987583743,-0.0405141709042154,1.015480865920354,0.19883260844535397,0
2.457999999999951,POINT,0.19759842218824178,-0.060901315743422293,0.9290381090232712,0.37549282987583743,-0.0405141709042154,1.015480865920354,0.19883260844535397,0
2.4599999999999507,POINT,0.19759842218824178,-0.060901315743422293,0.9290381090232712,0.37549282987583743,-0.0405141709042154,1.015480865920354,0.19883260844535397,0
2.4619999999999505,POINT,0.19759842218824178,-0.060901315743422293,0.9290381090232712,0.37549282987583743,-0.0405141709042154,1.015480865920354,0.19883260844535397,0
2.4639999999999502,POINT,0.19759842218824178,-0.060901315743422293,0.9290381090232712,0.37549282987583743,-0.0405141709042154,1.015480865920354,0.19883260844535397,0
2.46599999999995,POINT,0.19759842218824178,-0.060901315743422293,0.9290381090232712,0.37549282987583743,-0.0405141709042154,1.015480865920354,0.19883260844535397,0
2.46799999999995,POINT,0.19759842218824178,-0.060901315743422293,0.9290381090232712,0.37549282987583743,-0.0405141709042154,1.015480865920354,0.19883260844535397,0
2.4699999999999496,POINT,0.19759842218824178,-0.060901315743422293,0.9290381090232712,0.37549282987583743,-0.0405141709042154,1.015480865920354,0.19883260844535397,0
2.4719999999999493,POINT,0.19759842218824178,-0.060901315743422293,0.9290381090232712,0.37549282987583743,-0.0405141709042154,1.015480865920354,0.19883260844535397,0
2.473999999999949,POINT,0.19759842218824178,-0.060901315743422293,0.9290381090232712,0.37549282987583743,-0.0405141709042154,1.015480865920354,0.19883260844535397,0
2.475999999999949,POINT,0.19759842218824178,-0.060901315743422293,0.9290381090232712,0.37549282987583743,-0.0405141709042154,1.015480865920354,0.19883260844535397,0
2.4779999999999487,POINT,0.19759842218824178,-0.060901315743422293,0.9290381090232712,0.37549282987583743,-0.0405141709042154,1.015480865920354,0.19883260844535397,0
2.4799999999999485,POINT,0.19759842218824178,-0.060901315743422293,0.9290381090232712,0.37549282987583743,-0.0405141709042154,1.015480865920354,0.19883260844535397,0
2.4819999999999482,POINT,0.19759842218824178,-0.060901315743422293,0.9290381090232712,0.37549282987583743,-0.0405141709042154,1.015480865920354,0.19883260844535397,0
2.483999999999948,POINT,0.19759842218824178,-0.060901315743422293,0.9290381090232712,0.37549282987583743,-0.0405141709042154,1.015480865920354,0.19883260844535397,0
2.485999999999948,POINT,0.19759842218824178,-0.060901315743422293,0.9290381090232712,0.37549282987583743,-0.0405141709042154,1.015480865920354,0.19883260844535397,0
2.4879999999999476,POINT,0.19759842218824178,-0.060901315743422293,0.9290381090232712,0.37549282987583743,-0.0405141709042154,1.015480865920354,0.19883260844535397,0
2.4899999999999474,POINT,0.19759842218824178,-0.060901315743422293,0.9290381090232712,0.37549282987583743,-0.0405141709042154,1.015480865920354,0.19883260844535397,0
2.491999999999947,POINT,0.19759842218824178,-0.060901315743422293,0.9290381090232712,0.37549282987583743,-0.0405141709042154,1.015480865920354,0.19883260844535397,0
2.493999999999947,POINT,0.19759842218824178,-0.060901315743422293,0.9290381090232712,0.37549282987583743,-0.0405141709042154,1.015480865920354,0.19883260844535397,0
2.4959999999999467,POINT,0.19759842218824178,-0.060901315743422293,0.9290381090232712,0.37549282987583743,-0.0405141709042154,1.015480865920354,0.19883260844535397,0
2.4979999999999465,POINT,0.19759842218824178,-0.060901315743422293,0.9290381090232712,0.37549282987583743,-0.0405141709042154,1.015480865920354,0.19883260844535397,0
2.4999999999999463,POINT,0.19759842218824178,-0.060901315743422293,0.9290381090232712,0.37549282987583743,-0.0405141709042154,1.015480865920354,0.19883260844535397,0
2.501999999999946,POINT,0.19759842218824178,-0.060901315743422293,0.9290381090232712,0.37549282987583743,-0.0405141709042154,1.015480865920354,0.19883260844535397,0
2.503999999999946,REACH,0.19759842218824178,-0.060901315743422293,0.9290381090232712,0.37549282987583743,-0.0405141709042154,1.015480865920354,0.19883260844535397,0
2.5059999999999456,REACH,0.1975986394160466,-0.06090133897522015,0.9290380414694709,0.37549282987583743,-0.0405141709042154,1.015480865920354,0.1988324458440974,0
2.5079999999999454,REACH,0.19759929071447135,-0.06090140862838281,0.9290378389303595,0.37549282987583743,-0.0405141709042154,1.015480865920354,0.19883195832805933,0
2.509999999999945,REACH,0.19760037550807022,-0.06090152463819956,0.9290375015925718,0.37549282987583743,-0.0405141709042154,1.015480865920354,0.1988311463266468,0
2.511999999999945,REACH,0.19760189322410737,-0.06090168693814879,0.929037029646995,0.37549282987583743,-0.0405141709042154,1.015480865920354,0.1988300102663555,0
2.5139999999999447,REACH,0.1976038432925446,-0.06090189545990568,0.9290364232887487,0.37549282987583743,-0.0405141709042154,1.015480865920354,0.19882855057078333,0
2.5159999999999445,REACH,0.1976062251460283,-0.060902150133349583,0.9290356827171677,0.37549282987583743,-0.0405141709042154,1.015480865920354,0.19882676766064322,0
2.5179999999999443,REACH,0.19760903821987863,-0.060902450886573346,0.9290348081357814,0.37549282987583743,-0.0405141709042154,1.015480865920354,0.19882466195377585,0
2.519999999999944,REACH,0.197612281952076,-0.060902797645890246,0.9290337997522983,0.37549282987583743,-0.0405141709042154,1.015480865920354,0.19882223386516193,0
2.521999999999944,REACH,0.19761595578324923,-0.06090319033584212,0.9290326577785843,0.37549282987583743,-0.0405141709042154,1.015480865920354,0.19881948380693595,0
2.5239999999999436,REACH,0.19762005915666347,-0.06090362887920791,0.9290313824306478,0.37549282987583743,-0.0405141709042154,1.015480865920354,0.19881641218839757,0
2.5259999999999434,REACH,0.19762459151820733,-0.0609041131970108,0.929029973928618,0.37549282987583743,-0.0405141709042154,1.015480865920354,0.1988130194160258,0
2.527999999999943,REACH,0.19762955231638102,-0.06090464320852661,0.9290284324967305,0.37549282987583743,-0.0405141709042154,1.015480865920354,0.19880930589348972,0
2.529999999999943,REACH,0.19763494100228354,-0.06090521883129168,0.929026758363307,0.37549282987583743,-0.0405141709042154,1.015480865920354,0.1988052720216625,0
2.5319999999999427,REACH,0.19764075702960077,-0.060905839981110405,0.9290249517607376,0.37549282987583743,-0.0405141709042154,1.015480865920354,0.19880091819863316,0
2.5339999999999425,REACH,0.19764699985459247,-0.060906506572063444,0.9290230129254645,0.37549282987583743,-0.0405141709042154,1.015480865920354,0.19879624481971903,0
2.5359999999999423,REACH,0.19765366893608016,-0.060907218516515,0.9290209420979636,0.37549282987583743,-0.0405141709042154,1.015480865920354,0.19879125227747815,0
2.537999999999942,REACH,0.1976607637354349,-0.060907975725121424,0.9290187395227264,0.37549282987583743,-0.0405141709042154,1.015480865920354,0.19878594096172156,0
2.539999999999942,REACH,0.19766828371656417,-0.060908778106838216,0.9290164054482432,0.37549282987583743,-0.0405141709042154,1.015480865920354,0.19878031125952592,0
2.5419999999999416,REACH,0.1976762283458999,-0.06090962556892808,0.929013940126986,0.37549282987583743,-0.0405141709042154,1.015480865920354,0.19877436355524508,0
2.5439999999999414,REACH,0.19768459709238595,-0.06091051801696888,0.9290113438153913,0.37549282987583743,-0.0405141709042154,1.015480865920354,0.19876809823052247,0
2.545999999999941,REACH,0.19769338942746498,-0.0609114553548606,0.9290086167738422,0.37549282987583743,-0.0405141709042154,1.015480865920354,0.19876151566430383,0
2.547999999999941,REACH,0.19770260482506674,-0.0609124374848341,0.9290057592666525,0.37549282987583743,-0.0405141709042154,1.015480865920354,0.1987546162328481,0
2.5499999999999408,REACH,0.19771224276159505,-0.06091346430745791,0.9290027715620491,0.37549282987583743,-0.0405141709042154,1.015480865920354,0.19874740030974036,0
2.5519999999999405,REACH,0.197722302715915,-0.06091453572164635,0.9289996539321551,0.37549282987583743,-0.0405141709042154,1.015480865920354,0.19873986826590379,0
2.5539999999999403,REACH,0.1977327841693408,-0.060915651624666535,0.9289964066529739,0.37549282987583743,-0.0405141709042154,1.015480865920354,0.19873202046961091,0
2.55599999999994,REACH,0.19774368660562272,-0.06091681191214692,0.9289930300043716,0.37549282987583743,-0.0405141709042154,1.015480865920354,0.1987238572864963,0
2.55799999999994,REACH,0.1977550095109349,-0.06091801647808396,0.9289895242700614,0.37549282987583743,-0.0405141709042154,1.015480865920354,0.19871537907956768,0
2.5599999999999397,REACH,0.1977667523738626,-0.06091926521485039,0.9289858897375862,0.37549282987583743,-0.0405141709042154,1.015480865920354,0.19870658620921813,0
2.5619999999999394,REACH,0.19777891468538905,-0.06092055801320215,0.9289821266983035,0.37549282987583743,-0.0405141709042154,1.015480865920354,0.19869747903323787,0
2.563999999999939,REACH,0.1977914959388835,-0.06092189476228654,0.9289782354473674,0.37549282987583743,-0.0405141709042154,1.015480865920354,0.19868805790682584,0
2.565999999999939,REACH,0.19780449563008776,-0.06092327534964894,0.9289742162837145,0.37549282987583743,-0.0405141709042154,1.015480865920354,0.19867832318260134,0
2.5679999999999388,REACH,0.19781791325710413,-0.06092469966124082,0.9289700695100469,0.37549282987583743,-0.0405141709042154,1.015480865920354,0.19866827521061536,0
2.5699999999999386,REACH,0.1978317483203826,-0.060926167581427625,0.9289657954328153,0.37549282987583743,-0.0405141709042154,1.015480865920354,0.19865791433836277,0
2.5719999999999383,REACH,0.19784600032270744,-0.060927678992994776,0.9289613943622048,0.37549282987583743,-0.0405141709042154,1.015480865920354,0.19864724091079358,0
2.573999999999938,REACH,0.19786066876918543,-0.060929233777156803,0.9289568666121184,0.37549282987583743,-0.0405141709042154,1.015480865920354,0.1986362552703239,0
2.575999999999938,REACH,0.19787575316723205,-0.060930831813563305,0.928952212500161,0.37549282987583743,-0.0405141709042154,1.015480865920354,0.19862495775684832,0
2.5779999999999377,REACH,0.1978912530265598,-0.06093247298030748,0.9289474323476239,0.37549282987583743,-0.0405141709042154,1.015480865920354,0.19861334870775055,0
2.5799999999999375,REACH,0.1979071678591646,-0.060934157153932744,0.92894252647947,0.37549282987583743,-0.0405141709042154,1.015480865920354,0.19860142845791484,0
2.5819999999999372,REACH,0.19792349717931282,-0.06093588420943977,0.9289374952243168,0.37549282987583743,-0.0405141709042154,1.015480865920354,0.19858919733973834,0
2.583999999999937,REACH,0.19794024050352957,-0.0609376540202955,0.9289323389144232,0.37549282987583743,-0.0405141709042154,1.015480865920354,0.19857665568314045,0
2.585999999999937,REACH,0.1979573973505846,-0.060939466458438146,0.9289270578856726,0.37549282987583743,-0.0405141709042154,1.015480865920354,0.19856380381557567,0
2.5879999999999366,REACH,0.19797496724148037,-0.0609413213942864,0.9289216524775579,0.37549282987583743,-0.0405141709042154,1.015480865920354,0.19855064206204423,0
2.5899999999999364,REACH,0.19799294969943837,-0.060943218696745294,0.9289161230331675,0.37549282987583743,-0.0405141709042154,1.015480865920354,0.19853717074510305,0
2.591999999999936,REACH,0.19801134424988726,-0.06094515823321463,0.9289104698991688,0.37549282987583743,-0.0405141709042154,1.015480865920354,0.19852339018487702,0
2.593999999999936,REACH,0.19803015042044897,-0.06094713986959539,0.928904693425794,0.37549282987583743,-0.0405141709042154,1.015480865920354,0.19850930069907038,0
2.5959999999999357,REACH,0.19804936774092638,-0.06094916347029711,0.9288987939668257,0.37549282987583743,-0.0405141709042154,1.015480865920354,0.1984949026029771,0
2.5979999999999355,REACH,0.19806899574329034,-0.06095122889824541,0.9288927718795817,0.37549282987583743,-0.0405141709042154,1.015480865920354,0.19848019620949228,0
2.5999999999999353,REACH,0.19808903396166683,-0.06095333601488901,0.9288866275248993,0.37549282987583743,-0.0405141709042154,1.015480865920354,0.19846518182912318,0
2.601999999999935,REACH,0.1981094819323235,-0.060955484680206486,0.9288803612671226,0.37549282987583743,-0.0405141709042154,1.015480865920354,0.19844985976999988,0
2.603999999999935,REACH,0.19813033919365763,-0.06095767475271428,0.9288739734740864,0.37549282987583743,-0.0405141709042154,1.015480865920354,0.19843423033788618,0
2.6059999999999346,REACH,0.19815160528618211,-0.06095990608947257,0.9288674645171028,0.37549282987583743,-0.0405141709042154,1.015480865920354,0.1984182938361908,0
2.6079999999999344,REACH,0.19817327975251367,-0.06096217854609396,0.9288608347709464,0.37549282987583743,-0.0405141709042154,1.015480865920354,0.1984020505659773,0
2.609999999999934,REACH,0.19819536213735897,-0.06096449197674938,0.9288540846138392,0.37549282987583743,-0.0405141709042154,1.015480865920354,0.1983855008259759,0
2.611999999999934,REACH,0.19821785198750186,-0.06096684623417533,0.9288472144274382,0.37549282987583743,-0.0405141709042154,1.015480865920354,0.1983686449125935,0
2.6139999999999337,REACH,0.1982407488517907,-0.06096924116968164,0.9288402245968195,0.37549282987583743,-0.0405141709042154,1.015480865920354,0.19835148311992465,0
2.6159999999999335,REACH,0.19826405228112504,-0.06097167663315767,0.9288331155104645,0.37549282987583743,-0.0405141709042154,1.015480865920354,0.1983340157397622,0
2.6179999999999333,REACH,0.19828776182844257,-0.060974152473079586,0.9288258875602479,0.37549282987583743,-0.0405141709042154,1.015480865920354,0.19831624306160747,0
2.619999999999933,REACH,0.1983118770487065,-0.06097666853651808,0.9288185411414202,0.37549282987583743,-0.0405141709042154,1.015480865920354,0.19829816537268166,0
2.621999999999933,REACH,0.19833639749889231,-0.060979224669144294,0.9288110766525967,0.37549282987583743,-0.0405141709042154,1.015480865920354,0.19827978295793555,0
2.6239999999999326,REACH,0.19836132273797424,-0.06098182071523728,0.9288034944957428,0.37549282987583743,-0.0405141709042154,1.015480865920354,0.1982610961000607,0
2.6259999999999324,REACH,0.19838665232691335,-0.06098445651769151,0.9287957950761608,0.37549282987583743,-0.0405141709042154,1.015480865920354,0.19824210507949894,0
2.627999999999932,REACH,0.19841238582864318,-0.06098713191802263,0.9287879788024742,0.37549282987583743,-0.0405141709042154,1.015480865920354,0.1982228101744545,0
2.629999999999932,REACH,0.19843852280805774,-0.060989846756375546,0.9287800460866172,0.37549282987583743,-0.0405141709042154,1.015480865920354,0.19820321166090232,0
2.6319999999999317,REACH,0.19846506283199797,-0.06099260087153085,0.928771997343819,0.37549282987583743,-0.0405141709042154,1.015480865920354,0.19818330981259993,0
2.6339999999999315,REACH,0.19849200546923867,-0.060995394100911635,0.9287638329925907,0.37549282987583743,-0.0405141709042154,1.015480865920354,0.1981631049010973,0
2.6359999999999313,REACH,0.19851935029047543,-0.06099822628059064,0.9287555534547127,0.37549282987583743,-0.0405141709042154,1.015480865920354,0.19814259719574703,0
2.637999999999931,REACH,0.1985470968683116,-0.06100109724529698,0.9287471591552201,0.37549282987583743,-0.0405141709042154,1.015480865920354,0.19812178696371524,0
2.639999999999931,REACH,0.19857524477724534,-0.06100400682842304,0.9287386505223914,0.37549282987583743,-0.0405141709042154,1.015480865920354,0.19810067446999033,0
2.6419999999999306,REACH,0.1986037935936562,-0.06100695486203145,0.9287300279877335,0.37549282987583743,-0.0405141709042154,1.015480865920354,0.19807925997739476,0
2.6439999999999304,REACH,0.1986327428957925,-0.061009941176862086,0.9287212919859689,0.37549282987583743,-0.0405141709042154,1.015480865920354,0.19805754374659454,0
2.64599999999993,REACH,0.19866209226375706,-0.06101296560233774,0.9287124429550236,0.37549282987583743,-0.0405141709042154,1.015480865920354,0.19803552603610963,0
2.64799999999993,REACH,0.19869184127949593,-0.06101602796657285,0.9287034813360129,0.37549282987583743,-0.0405141709042154,1.015480865920354,0.1980132071023235,0
2.6499999999999297,REACH,0.19872198952678372,-0.06101912809637897,0.9286944075732303,0.37549282987583743,-0.0405141709042154,1.015480865920354,0.19799058719949325,0
2.6519999999999295,REACH,0.19875253659121087,-0.06102226581727162,0.9286852221141316,0.37549282987583743,-0.0405141709042154,1.015480865920354,0.19796766657976086,0
2.6539999999999293,REACH,0.19878348206017113,-0.061025440953477846,0.9286759254093255,0.37549282987583743,-0.0405141709042154,1.015480865920354,0.1979444454931613,0
2.655999999999929,REACH,0.1988148255228474,-0.061028653327941954,0.9286665179125585,0.37549282987583743,-0.0405141709042154,1.015480865920354,0.19792092418763405,0
2.657999999999929,REACH,0.1988465665701992,-0.06103190276233303,0.9286570000807025,0.37549282987583743,-0.0405141709042154,1.015480865920354,0.19789710290903276,0
2.6599999999999286,REACH,0.1988787047949497,-0.061035189077051494,0.9286473723737438,0.37549282987583743,-0.0405141709042154,1.015480865920354,0.19787298190113403,0
2.6619999999999284,REACH,0.1989112397915719,-0.06103851209123556,0.9286376352547687,0.37549282987583743,-0.0405141709042154,1.015480865920354,0.19784856140564896,0
2.663999999999928,REACH,0.1989441711562761,-0.061041871622768355,0.9286277891899516,0.37549282987583743,-0.0405141709042154,1.015480865920354,0.19782384166223188,0
2.665999999999928,REACH,0.19897749848699625,-0.061045267488284295,0.9286178346485433,0.37549282987583743,-0.0405141709042154,1.015480865920354,0.1977988229084904,0
2.6679999999999278,REACH,0.19901122138337715,-0.06104869950317599,0.928607772102857,0.37549282987583743,-0.0405141709042154,1.015480865920354,0.19777350537999572,0
2.6699999999999275,REACH,0.19904533944676087,-0.06105216748160077,0.9285976020282577,0.37549282987583743,-0.0405141709042154,1.015480865920354,0.19774788931029177,0
2.6719999999999273,REACH,0.1990798522801741,-0.06105567123648747,0.9285873249031484,0.37549282987583743,-0.0405141709042154,1.015480865920354,0.19772197493090526,0
2.673999999999927,REACH,0.19911475948831428,-0.061059210579542944,0.9285769412089594,0.37549282987583743,-0.0405141709042154,1.015480865920354,0.19769576247135548,0
2.675999999999927,REACH,0.19915006067753713,-0.061062785321259014,0.9285664514301348,0.37549282987583743,-0.0405141709042154,1.015480865920354,0.1976692521591635,0
2.6779999999999267,REACH,0.19918575545584288,-0.06106639527091871,0.9285558560541212,0.37549282987583743,-0.0405141709042154,1.015480865920354,0.19764244421986257,0
2.6799999999999264,REACH,0.1992218434328633,-0.061070040236603194,0.9285451555713549,0.37549282987583743,-0.0405141709042154,1.015480865920354,0.19761533887700733,0
2.681999999999926,REACH,0.19925832421984857,-0.06107372002519809,0.9285343504752509,0.37549282987583743,-0.0405141709042154,1.015480865920354,0.19758793635218327,0
2.683999999999926,REACH,0.19929519742965376,-0.06107743444240052,0.9285234412621902,0.37549282987583743,-0.0405141709042154,1.015480865920354,0.19756023686501675,0
2.685999999999926,REACH,0.19933246267672636,-0.06108118329272539,0.9285124284315078,0.37549282987583743,-0.0405141709042154,1.015480865920354,0.19753224063318403,0
2.6879999999999256,REACH,0.1993701195770918,-0.06108496637951197,0.9285013124854815,0.37549282987583743,-0.0405141709042154,1.015480865920354,0.19750394787242154,0
2.6899999999999253,REACH,0.19940816774834144,-0.0610887835049302,0.9284900939293195,0.37549282987583743,-0.0405141709042154,1.015480865920354,0.1974753587965346,0
2.691999999999925,REACH,0.19944660680961868,-0.061092634469988194,0.928478773271149,0.37549282987583743,-0.0405141709042154,1.015480865920354,0.19744647361740736,0
2.693999999999925,REACH,0.19948543638160612,-0.06109651907453791,0.9284673510220042,0.37549282987583743,-0.0405141709042154,1.015480865920354,0.19741729254501214,0
2.6959999999999247,REACH,0.19952465608651201,-0.06110043711728187,0.928455827695815,0.37549282987583743,-0.0405141709042154,1.015480865920354,0.1973878157874187,0
2.6979999999999245,REACH,0.1995642655480571,-0.061104388395779786,0.928444203809395,0.37549282987583743,-0.0405141709042154,1.015480865920354,0.19735804355080422,0
2.6999999999999242,REACH,0.1996042643914616,-0.06110837270645535,0.9284324798824297,0.37549282987583743,-0.0405141709042154,1.015480865920354,0.1973279760394619,0
2.701999999999924,REACH,0.19964465224343167,-0.06111238984460235,0.9284206564374665,0.37549282987583743,-0.0405141709042154,1.015480865920354,0.1972976134558107,0
2.703999999999924,REACH,0.19968542873214618,-0.061116439604391094,0.9284087339999012,0.37549282987583743,-0.0405141709042154,1.015480865920354,0.19726695600040506,0
2.7059999999999236,REACH,0.1997265934872439,-0.06112052177887539,0.928396713097968,0.37549282987583743,-0.0405141709042154,1.015480865920354,0.19723600387194326,0
2.7079999999999234,REACH,0.1997681461398096,-0.06112463615999881,0.9283845942627275,0.37549282987583743,-0.0405141709042154,1.015480865920354,0.19720475726727776,0
2.709999999999923,REACH,0.19981008632236155,-0.061128782538601295,0.9283723780280551,0.37549282987583743,-0.0405141709042154,1.015480865920354,0.19717321638142368,0
2.711999999999923,REACH,0.19985241366883755,-0.0611329607044249,0.9283600649306305,0.37549282987583743,-0.0405141709042154,1.015480865920354,0.19714138140756848,0
2.7139999999999227,REACH,0.19989512781458202,-0.06113717044612134,0.928347655509926,0.37549282987583743,-0.0405141709042154,1.015480865920354,0.19710925253708106,0
2.7159999999999225,REACH,0.1999382283963331,-0.0611414115512581,0.9283351503081955,0.37549282987583743,-0.0405141709042154,1.015480865920354,0.19707682995952064,0
2.7179999999999223,REACH,0.1999817150522085,-0.06114568380632424,0.9283225498704628,0.37549282987583743,-0.0405141709042154,1.015480865920354,0.1970441138626467,0
2.719999999999922,REACH,0.2000255874216931,-0.06114998699673773,0.9283098547445113,0.37549282987583743,-0.0405141709042154,1.015480865920354,0.19701110443242728,0
2.721999999999922,REACH,0.2000698451456254,-0.061154320906851384,0.9282970654808721,0.37549282987583743,-0.0405141709042154,1.015480865920354,0.19697780185304872,0
2.7239999999999216,REACH,0.200114487866184,-0.0611586853199592,0.9282841826328133,0.37549282987583743,-0.0405141709042154,1.015480865920354,0.1969442063069247,0
2.7259999999999214,REACH,0.20015951522687497,-0.06116308001830349,0.9282712067563296,0.37549282987583743,-0.0405141709042154,1.015480865920354,0.19691031797470457,0
2.727999999999921,REACH,0.20020492687251762,-0.061167504783080216,0.9282581384101296,0.37549282987583743,-0.0405141709042154,1.015480865920354,0.19687613703528414,0
2.729999999999921,REACH,0.20025072244923242,-0.061171959394446404,0.9282449781556277,0.37549282987583743,-0.0405141709042154,1.015480865920354,0.19684166366581243,0
2.7319999999999207,REACH,0.2002969016044269,-0.06117644363152599,0.9282317265569301,0.37549282987583743,-0.0405141709042154,1.015480865920354,0.1968068980417027,0
2.7339999999999205,REACH,0.20034346398678254,-0.06118095727241623,0.9282183841808264,0.37549282987583743,-0.0405141709042154,1.015480865920354,0.19677184033664033,0
2.7359999999999203,REACH,0.20039040924624174,-0.06118550009419424,0.9282049515967772,0.37549282987583743,-0.0405141709042154,1.015480865920354,0.1967364907225923,0
2.73799999999992,REACH,0.20043773703399428,-0.06119007187292341,0.9281914293769036,0.37549282987583743,-0.0405141709042154,1.015480865920354,0.1967008493698164,0
2.73999999999992,REACH,0.2004854470024646,-0.06119467238365972,0.9281778180959781,0.37549282987583743,-0.0405141709042154,1.015480865920354,0.1966649164468688,0
2.7419999999999196,REACH,0.20053353880529742,-0.06119930140045787,0.9281641183314112,0.37549282987583743,-0.0405141709042154,1.015480865920354,0.19662869212061518,0
2.7439999999999194,REACH,0.20058201209734608,-0.06120395869637836,0.9281503306632433,0.37549282987583743,-0.0405141709042154,1.015480865920354,0.1965921765562374,0
2.745999999999919,REACH,0.20063086653465775,-0.061208644043492834,0.9281364556741317,0.37549282987583743,-0.0405141709042154,1.015480865920354,0.19655536991724426,0
2.747999999999919,REACH,0.20068010177446105,-0.06121335721289123,0.9281224939493422,0.37549282987583743,-0.0405141709042154,1.015480865920354,0.19651827236547925,0
2.7499999999999187,REACH,0.20072971747515256,-0.061218097974687705,0.928108446076737,0.37549282987583743,-0.0405141709042154,1.015480865920354,0.1964808840611298,0
2.7519999999999185,REACH,0.20077971329628377,-0.06122286609802737,0.9280943126467646,0.37549282987583743,-0.0405141709042154,1.015480865920354,0.19644320516273606,0
2.7539999999999183,REACH,0.2008300888985471,-0.06122766135109207,0.9280800942524494,0.37549282987583743,-0.0405141709042154,1.015480865920354,0.19640523582720004,0
2.755999999999918,REACH,0.20088084394376365,-0.0612324835011073,0.9280657914893818,0.37549282987583743,-0.0405141709042154,1.015480865920354,0.19636697620979365,0
2.757999999999918,REACH,0.20093197809486935,-0.061237332314348074,0.9280514049557069,0.37549282987583743,-0.0405141709042154,1.015480865920354,0.19632842646416812,0
2.7599999999999176,REACH,0.20098349101590157,-0.061242207556145414,0.9280369352521136,0.37549282987583743,-0.0405141709042154,1.015480865920354,0.19628958674236316,0
2.7619999999999174,REACH,0.20103538237198632,-0.06124710899089287,0.928022382981826,0.37549282987583743,-0.0405141709042154,1.015480865920354,0.1962504571948146,0
2.763999999999917,REACH,0.20108765182932503,-0.06125203638205269,0.9280077487505919,0.37549282987583743,-0.0405141709042154,1.015480865920354,0.19621103797036368,0
2.765999999999917,REACH,0.20114029905518038,-0.06125698949216154,0.9279930331666716,0.37549282987583743,-0.0405141709042154,1.015480865920354,0.19617132921626676,0
2.7679999999999167,REACH,0.2011933237178643,-0.06126196808283806,0.92797823684083,0.37549282987583743,-0.0405141709042154,1.015480865920354,0.19613133107820213,0
2.7699999999999165,REACH,0.20124672548672387,-0.06126697191478799,0.9279633603863244,0.37549282987583743,-0.0405141709042154,1.015480865920354,0.19609104370028016,0
2.7719999999999163,REACH,0.2013005040321283,-0.061272000747811,0.9279484044188945,0.37549282987583743,-0.0405141709042154,1.015480865920354,0.1960504672250518,0
2.773999999999916,REACH,0.20135465902545607,-0.06127705434080726,0.9279333695567529,0.37549282987583743,-0.0405141709042154,1.015480865920354,0.1960096017935164,0
2.775999999999916,REACH,0.201409190139081,-0.06128213245178291,0.9279182564205745,0.37549282987583743,-0.0405141709042154,1.015480865920354,0.1959684475451314,0
2.7779999999999156,REACH,0.20146409704635942,-0.061287234837856946,0.9279030656334861,0.37549282987583743,-0.0405141709042154,1.015480865920354,0.19592700461782064,0
2.7799999999999154,REACH,0.20151937942161677,-0.06129236125526741,0.9278877978210577,0.37549282987583743,-0.0405141709042154,1.015480865920354,0.19588527314798246,0
2.781999999999915,REACH,0.2015750369401348,-0.06129751145937777,0.9278724536112892,0.37549282987583743,-0.0405141709042154,1.015480865920354,0.1958432532704992,0
2.783999999999915,REACH,0.2016310692781375,-0.06130268520468275,0.9278570336346046,0.37549282987583743,-0.0405141709042154,1.015480865920354,0.19580094511874505,0
2.7859999999999148,REACH,0.20168747611277899,-0.06130788224481532,0.9278415385238378,0.37549282987583743,-0.0405141709042154,1.015480865920354,0.1957583488245951,0
2.7879999999999145,REACH,0.20174425712212873,-0.061313102332552,0.9278259689142259,0.37549282987583743,-0.0405141709042154,1.015480865920354,0.19571546451843397,0
2.7899999999999143,REACH,0.20180141198516016,-0.06131834521982001,0.9278103254433966,0.37549282987583743,-0.0405141709042154,1.015480865920354,0.19567229232916392,0
2.791999999999914,REACH,0.20185894038173596,-0.06132361065770318,0.9277946087513607,0.37549282987583743,-0.0405141709042154,1.015480865920354,0.19562883238421355,0
2.793999999999914,REACH,0.2019168419925954,-0.06132889839644795,0.9277788194804999,0.37549282987583743,-0.0405141709042154,1.015480865920354,0.19558508480954678,0
2.7959999999999137,REACH,0.20197511649934136,-0.061334208185470196,0.9277629582755573,0.37549282987583743,-0.0405141709042154,1.015480865920354,0.19554104972967126,0
2.7979999999999134,REACH,0.2020337635844268,-0.061339539773361096,0.9277470257836297,0.37549282987583743,-0.0405141709042154,1.015480865920354,0.19549672726764578,0
2.7999999999999132,REACH,0.20209278293114133,-0.06134489290789333,0.9277310226541544,0.37549282987583743,-0.0405141709042154,1.015480865920354,0.19545211754509062,0
2.801999999999913,REACH,0.2021521742235987,-0.06135026733602772,0.9277149495389013,0.37549282987583743,-0.0405141709042154,1.015480865920354,0.19540722068219465,0
2.803999999999913,REACH,0.2022119371467229,-0.06135566280391886,0.9276988070919626,0.37549282987583743,-0.0405141709042154,1.015480865920354,0.19536203679772451,0
2.8059999999999126,REACH,0.20227207138623524,-0.06136107905692197,0.9276825959697433,0.37549282987583743,-0.0405141709042154,1.015480865920354,0.1953165660090326,0
2.8079999999999123,REACH,0.20233257662864132,-0.06136651583959887,0.9276663168309507,0.37549282987583743,-0.0405141709042154,1.015480865920354,0.1952708084320658,0
2.809999999999912,REACH,0.20239345256121746,-0.06137197289572435,0.9276499703365848,0.37549282987583743,-0.0405141709042154,1.015480865920354,0.19522476418137413,0
2.811999999999912,REACH,0.20245469887199746,-0.06137744996829169,0.9276335571499288,0.37549282987583743,-0.0405141709042154,1.015480865920354,0.19517843337011914,0
2.8139999999999117,REACH,0.20251631524976013,-0.06138294679952008,0.9276170779365397,0.37549282987583743,-0.0405141709042154,1.015480865920354,0.1951318161100815,0
2.8159999999999115,REACH,0.20257830138401559,-0.06138846313086051,0.927600533364237,0.37549282987583743,-0.0405141709042154,1.015480865920354,0.1950849125116706,0
2.8179999999999112,REACH,0.20264065696499162,-0.06139399870300106,0.927583924103095,0.37549282987583743,-0.0405141709042154,1.015480865920354,0.19503772268393235,0
2.819999999999911,REACH,0.20270338168362134,-0.06139955325587418,0.9275672508254313,0.37549282987583743,-0.0405141709042154,1.015480865920354,0.19499024673455778,0
2.821999999999911,REACH,0.2027664752315298,-0.06140512652866273,0.9275505142057977,0.37549282987583743,-0.0405141709042154,1.015480865920354,0.1949424847698914,0
2.8239999999999106,REACH,0.20282993730102017,-0.061410718259805874,0.9275337149209719,0.37549282987583743,-0.0405141709042154,1.015480865920354,0.1948944368949392,0
2.8259999999999104,REACH,0.2028937675850617,-0.06141632818700548,0.9275168536499453,0.37549282987583743,-0.0405141709042154,1.015480865920354,0.19484610321337759,0
2.82799999999991,REACH,0.20295796577727557,-0.06142195604723261,0.927499931073915,0.37549282987583743,-0.0405141709042154,1.015480865920354,0.1947974838275616,0
2.82999999999991,REACH,0.2030225315719221,-0.06142760157673323,0.9274829478762738,0.37549282987583743,-0.0405141709042154,1.015480865920354,0.19474857883853325,0
2.8319999999999097,REACH,0.2030874646638878,-0.06143326451103477,0.927465904742601,0.37549282987583743,-0.0405141709042154,1.015480865920354,0.1946993883460294,0
2.8339999999999095,REACH,0.20315276474867205,-0.06143894458495261,0.9274488023606515,0.37549282987583743,-0.0405141709042154,1.015480865920354,0.19464991244849092,0
2.8359999999999093,REACH,0.20321843152237365,-0.06144464153259551,0.9274316414203475,0.37549282987583743,-0.0405141709042154,1.015480865920354,0.1946001512430706,0
2.837999999999909,REACH,0.20328446468167816,-0.06145035508737257,0.927414422613768,0.37549282987583743,-0.0405141709042154,1.015480865920354,0.19455010482564158,0
2.839999999999909,REACH,0.2033508639238446,-0.061456084981999115,0.9273971466351403,0.37549282987583743,-0.0405141709042154,1.015480865920354,0.19449977329080534,0
2.8419999999999086,REACH,0.20341762894669238,-0.06146183094850305,0.9273798141808288,0.37549282987583743,-0.0405141709042154,1.015480865920354,0.19444915673190044,0
2.8439999999999084,REACH,0.203484759448588,-0.06146759271823112,0.9273624259493272,0.37549282987583743,-0.0405141709042154,1.015480865920354,0.1943982552410107,0
2.845999999999908,REACH,0.20355225512843186,-0.0614733700218549,0.9273449826412477,0.37549282987583743,-0.0405141709042154,1.015480865920354,0.19434706890897346,0
2.847999999999908,REACH,0.20362011568564584,-0.06147916258937718,0.9273274849593118,0.37549282987583743,-0.0405141709042154,1.015480865920354,0.19429559782538774,0
2.8499999999999077,REACH,0.20368834082015919,-0.061484970150138325,0.9273099336083409,0.37549282987583743,-0.0405141709042154,1.015480865920354,0.1942438420786231,0
2.8519999999999075,REACH,0.20375693023239622,-0.06149079243282218,0.9272923292952466,0.37549282987583743,-0.0405141709042154,1.015480865920354,0.19419180175582704,0
2.8539999999999073,REACH,0.20382588362326262,-0.06149662916546249,0.9272746727290218,0.37549282987583743,-0.0405141709042154,1.015480865920354,0.19413947694293401,0
2.855999999999907,REACH,0.20389520069413322,-0.06150248007544914,0.9272569646207296,0.37549282987583743,-0.0405141709042154,1.015480865920354,0.19408686772467332,0
2.857999999999907,REACH,0.20396488114683764,-0.06150834488953432,0.9272392056834958,0.37549282987583743,-0.0405141709042154,1.015480865920354,0.19403397418457766,0
2.8599999999999066,REACH,0.20403492468364876,-0.06151422333383885,0.927221396632498,0.37549282987583743,-0.0405141709042154,1.015480865920354,0.1939807964049908,0
2.8619999999999064,REACH,0.20410533100726808,-0.06152011513385814,0.9272035381849566,0.37549282987583743,-0.0405141709042154,1.015480865920354,0.19392733446707683,0
2.863999999999906,REACH,0.2041760998208138,-0.06152602001446876,0.9271856310601255,0.37549282987583743,-0.0405141709042154,1.015480865920354,0.19387358845082742,0
2.865999999999906,REACH,0.20424723082780732,-0.06153193769993424,0.9271676759792816,0.37549282987583743,-0.0405141709042154,1.015480865920354,0.19381955843507084,0
2.8679999999999057,REACH,0.20431872373216034,-0.06153786791391196,0.9271496736657173,0.37549282987583743,-0.0405141709042154,1.015480865920354,0.19376524449747934,0
2.8699999999999055,REACH,0.2043905782381616,-0.06154381037945857,0.927131624844729,0.37549282987583743,-0.0405141709042154,1.015480865920354,0.1937106467145783,0
2.8719999999999053,REACH,0.20446279405046394,-0.06154976481903702,0.9271135302436085,0.37549282987583743,-0.0405141709042154,1.015480865920354,0.19365576516175403,0
2.873999999999905,REACH,0.20453537087407148,-0.06155573095452187,0.927095390591634,0.37549282987583743,-0.0405141709042154,1.015480865920354,0.1936005999132619,0
2.875999999999905,REACH,0.2046083084143262,-0.06156170850720643,0.9270772066200594,0.37549282987583743,-0.0405141709042154,1.015480865920354,0.19354515104223505,0
2.8779999999999046,REACH,0.2046816063768954,-0.06156769719780865,0.9270589790621065,0.37549282987583743,-0.0405141709042154,1.015480865920354,0.1934894186206917,0
2.8799999999999044,REACH,0.20475526446775838,-0.06157369674647699,0.9270407086529537,0.37549282987583743,-0.0405141709042154,1.015480865920354,0.1934334027195444,0
2.881999999999904,REACH,0.20482928239319353,-0.061579706872797214,0.9270223961297284,0.37549282987583743,-0.0405141709042154,1.015480865920354,0.19337710340860753,0
2.883999999999904,REACH,0.20490365985976514,-0.06158572729579815,0.9270040422314955,0.37549282987583743,-0.0405141709042154,1.015480865920354,0.19332052075660627,0
2.8859999999999038,REACH,0.20497839657431088,-0.06159175773395836,0.9269856476992502,0.37549282987583743,-0.0405141709042154,1.015480865920354,0.19326365483118363,0
2.8879999999999035,REACH,0.2050534922439282,-0.06159779790521188,0.9269672132759074,0.37549282987583743,-0.0405141709042154,1.015480865920354,0.1932065056989098,0
2.8899999999999033,REACH,0.20512894657596234,-0.061603847526955184,0.9269487397062914,0.37549282987583743,-0.0405141709042154,1.015480865920354,0.19314907342528959,0
2.891999999999903,REACH,0.20520475927799192,-0.061609906316052614,0.9269302277371275,0.37549282987583743,-0.0405141709042154,1.015480865920354,0.19309135807477182,0
2.893999999999903,REACH,0.20528093005781756,-0.06161597398884304,0.9269116781170336,0.37549282987583743,-0.0405141709042154,1.015480865920354,0.1930333597107554,0
2.8959999999999027,REACH,0.20535745862344773,-0.06162205026114618,0.9268930915965081,0.37549282987583743,-0.0405141709042154,1.015480865920354,0.19297507839559974,0
2.8979999999999024,REACH,0.20543434468308644,-0.06162813484826844,0.9268744689279234,0.37549282987583743,-0.0405141709042154,1.015480865920354,0.19291651419063144,0
2.899999999999902,REACH,0.20551158794512014,-0.0616342274650097,0.9268558108655129,0.37549282987583743,-0.0405141709042154,1.015480865920354,0.1928576671561538,0
2.901999999999902,REACH,0.2055891881181049,-0.06164032782566919,0.9268371181653663,0.37549282987583743,-0.0405141709042154,1.015480865920354,0.19279853735145322,0
2.9039999999999018,REACH,0.20566714491075327,-0.06164643564405177,0.9268183915854147,0.37549282987583743,-0.0405141709042154,1.015480865920354,0.1927391248348096,0
2.9059999999999016,REACH,0.20574545803192168,-0.06165255063347439,0.9267996318854264,0.37549282987583743,-0.0405141709042154,1.015480865920354,0.19267942966350238,0
2.9079999999999013,REACH,0.20582412719059723,-0.061658672506771865,0.9267808398269932,0.37549282987583743,-0.0405141709042154,1.015480865920354,0.19261945189382051,0
2.909999999999901,REACH,0.20590315209588528,-0.06166480097630398,0.9267620161735237,0.37549282987583743,-0.0405141709042154,1.015480865920354,0.19255919158106938,0
2.911999999999901,REACH,0.20598253245699594,-0.06167093575396076,0.9267431616902325,0.37549282987583743,-0.0405141709042154,1.015480865920354,0.19249864877957987,0
2.9139999999999007,REACH,0.20606226798323193,-0.06167707655116943,0.9267242771441313,0.37549282987583743,-0.0405141709042154,1.015480865920354,0.19243782354271574,0
2.9159999999999004,REACH,0.20614235838397504,-0.061683223078900194,0.9267053633040183,0.37549282987583743,-0.0405141709042154,1.015480865920354,0.19237671592288308,0
2.9179999999999002,REACH,0.20622280336867352,-0.06168937504767294,0.9266864209404712,0.37549282987583743,-0.0405141709042154,1.015480865920354,0.19231532597153697,0
2.9199999999999,REACH,0.20630360264682968,-0.061695532167563114,0.9266674508258351,0.37549282987583743,-0.0405141709042154,1.015480865920354,0.19225365373919054,0
2.9219999999999,REACH,0.2063847559279867,-0.06170169414820856,0.9266484537342142,0.37549282987583743,-0.0405141709042154,1.015480865920354,0.1921916992754233,0
2.9239999999998996,REACH,0.20646626292171535,-0.061707860698814745,0.9266294304414627,0.37549282987583743,-0.0405141709042154,1.015480865920354,0.19212946262888886,0
2.9259999999998993,REACH,0.2065481233376021,-0.061714031528162204,0.9266103817251741,0.37549282987583743,-0.0405141709042154,1.015480865920354,0.19206694384732356,0
2.927999999999899,REACH,0.20663033688523594,-0.06172020634461202,0.9265913083646733,0.37549282987583743,-0.0405141709042154,1.015480865920354,0.19200414297755394,0
2.929999999999899,REACH,0.20671290327419548,-0.06172638485611251,0.9265722111410051,0.37549282987583743,-0.0405141709042154,1.015480865920354,0.19194106006550593,0
2.9319999999998987,REACH,0.20679582221403578,-0.06173256677020506,0.9265530908369267,0.37549282987583743,-0.0405141709042154,1.015480865920354,0.19187769515621259,0
2.9339999999998985,REACH,0.20687909341427677,-0.061738751794030725,0.9265339482368966,0.37549282987583743,-0.0405141709042154,1.015480865920354,0.19181404829382204,0
2.9359999999998982,REACH,0.20696271658438964,-0.06174493963433716,0.9265147841270662,0.37549282987583743,-0.0405141709042154,1.015480865920354,0.1917501195216058,0
2.937999999999898,REACH,0.20704669143378376,-0.06175112999748298,0.9264955992952696,0.37549282987583743,-0.0405141709042154,1.015480865920354,0.19168590888196763,0
2.939999999999898,REACH,0.20713101767179495,-0.0617573225894461,0.9264763945310144,0.37549282987583743,-0.0405141709042154,1.015480865920354,0.1916214164164506,0
2.9419999999998976,REACH,0.20721569500767226,-0.06176351711582908,0.9264571706254715,0.37549282987583743,-0.0405141709042154,1.015480865920354,0.19155664216574628,0
2.9439999999998974,REACH,0.20730072315056514,-0.06176971328186543,0.9264379283714664,0.37549282987583743,-0.0405141709042154,1.015480865920354,0.1914915861697024,0
2.945999999999897,REACH,0.20738610180951078,-0.06177591079242588,0.9264186685634698,0.37549282987583743,-0.0405141709042154,1.015480865920354,0.1914262484673312,0
2.947999999999897,REACH,0.20747183069342137,-0.061782109352024654,0.9263993919975861,0.37549282987583743,-0.0405141709042154,1.015480865920354,0.19136062909681822,0
2.9499999999998967,REACH,0.2075579095110722,-0.06178830866482643,0.9263800994715464,0.37549282987583743,-0.0405141709042154,1.015480865920354,0.19129472809552922,0
2.9519999999998965,REACH,0.20764433797108775,-0.06179450843465134,0.9263607917846973,0.37549282987583743,-0.0405141709042154,1.015480865920354,0.19122854550001955,0
2.9539999999998963,REACH,0.2077311157819302,-0.0618007083649828,0.9263414697379911,0.37549282987583743,-0.0405141709042154,1.015480865920354,0.19116208134604198,0
2.955999999999896,REACH,0.20781824265188586,-0.06180690815897236,0.9263221341339776,0.37549282987583743,-0.0405141709042154,1.015480865920354,0.1910953356685549,0
2.957999999999896,REACH,0.20790571828905313,-0.06181310751944685,0.9263027857767927,0.37549282987583743,-0.0405141709042154,1.015480865920354,0.19102830850173066,0
2.9599999999998956,REACH,0.20799354240132986,-0.061819306148914996,0.9262834254721504,0.37549282987583743,-0.0405141709042154,1.015480865920354,0.1909609998789635,0
2.9619999999998954,REACH,0.20808171469640024,-0.0618255037495723,0.9262640540273325,0.37549282987583743,-0.0405141709042154,1.015480865920354,0.1908934098328781,0
2.963999999999895,REACH,0.20817023488172323,-0.06183170002330924,0.9262446722511777,0.37549282987583743,-0.0405141709042154,1.015480865920354,0.19082553839533778,0
2.965999999999895,REACH,0.20825910266451858,-0.061837894671715916,0.9262252809540737,0.37549282987583743,-0.0405141709042154,1.015480865920354,0.19075738559745295,0
2.9679999999998947,REACH,0.20834831775175564,-0.06184408739608937,0.9262058809479473,0.37549282987583743,-0.0405141709042154,1.015480865920354,0.19068895146958853,0
2.9699999999998945,REACH,0.20843787985014017,-0.06185027789743964,0.9261864730462535,0.37549282987583743,-0.0405141709042154,1.015480865920354,0.19062023604137296,0
2.9719999999998943,REACH,0.2085277886661015,-0.061856465876495806,0.9261670580639664,0.37549282987583743,-0.0405141709042154,1.015480865920354,0.19055123934170667,0
2.973999999999894,REACH,0.2086180439057808,-0.061862651033712926,0.9261476368175703,0.37549282987583743,-0.0405141709042154,1.015480865920354,0.19048196139876925,0
2.975999999999894,REACH,0.2087086452750176,-0.0618688330692775,0.926128210125048,0.37549282987583743,-0.0405141709042154,1.015480865920354,0.1904124022400293,0
2.9779999999998936,REACH,0.20879959247933882,-0.06187501168311483,0.9261087788058734,0.37549282987583743,-0.0405141709042154,1.015480865920354,0.1903425618922506,0
2.9799999999998934,REACH,0.2088908852239441,-0.06188118657489402,0.926089343681,0.37549282987583743,-0.0405141709042154,1.015480865920354,0.19027244038150262,0
2.981999999999893,REACH,0.20898252321369587,-0.0618873574440362,0.9260699055728511,0.37549282987583743,-0.0405141709042154,1.015480865920354,0.19020203773316716,0
2.983999999999893,REACH,0.20907450615310438,-0.06189352398971839,0.9260504653053113,0.37549282987583743,-0.0405141709042154,1.015480865920354,0.19013135397194753,0
2.9859999999998927,REACH,0.20916683374631745,-0.061899685910882324,0.9260310237037157,0.37549282987583743,-0.0405141709042154,1.015480865920354,0.19006038912187612,0
2.9879999999998925,REACH,0.2092595056971065,-0.06190584290623876,0.9260115815948399,0.37549282987583743,-0.0405141709042154,1.015480865920354,0.18998914320632349,0
2.9899999999998923,REACH,0.20935252170885477,-0.06191199467427513,0.9259921398068908,0.37549282987583743,-0.0405141709042154,1.015480865920354,0.18991761624800618,0
2.991999999999892,REACH,0.2094458814845455,-0.06191814091326169,0.9259726991694961,0.37549282987583743,-0.0405141709042154,1.015480865920354,0.18984580826899475,0
2.993999999999892,REACH,0.2095395847267482,-0.06192428132125706,0.9259532605136948,0.37549282987583743,-0.0405141709042154,1.015480865920354,0.18977371929072295,0
2.9959999999998916,REACH,0.20963363113760736,-0.061930415596115305,0.925933824671927,0.37549282987583743,-0.0405141709042154,1.015480865920354,0.18970134933399532,0
2.9979999999998914,REACH,0.20972802041882996,-0.061936543435492326,0.9259143924780244,0.37549282987583743,-0.0405141709042154,1.015480865920354,0.18962869841899546,0
2.999999999999891,REACH,0.2098227522716729,-0.06194266453685188,0.9258949647672,0.37549282987583743,-0.0405141709042154,1.015480865920354,0.18955576656529477,0
3.001999999999891,REACH,0.20991782639693032,-0.06194877859747144,0.9258755423760381,0.37549282987583743,-0.0405141709042154,1.015480865920354,0.18948255379186082,0
3.0039999999998908,REACH,0.21001324249492262,-0.06195488531445024,0.9258561261424842,0.37549282987583743,-0.0405141709042154,1.015480865920354,0.189409060117065,0
3.0059999999998905,REACH,0.21010900026548254,-0.06196098438471366,0.9258367169058352,0.37549282987583743,-0.0405141709042154,1.015480865920354,0.18933528555869197,0
3.0079999999998903,REACH,0.21020509940794402,-0.06196707550502073,0.9258173155067307,0.37549282987583743,-0.0405141709042154,1.015480865920354,0.18926123013394636,0
3.00999999999989,REACH,0.21030153962112955,-0.061973158371970226,0.9257979227871395,0.37549282987583743,-0.0405141709042154,1.015480865920354,0.18918689385946322,0
3.01199999999989,REACH,0.210398320603338,-0.06197923268200682,0.9257785395903532,0.37549282987583743,-0.0405141709042154,1.015480865920354,0.1891122767513145,0
3.0139999999998897,REACH,0.21049544205233242,-0.06198529813142785,0.9257591667609736,0.37549282987583743,-0.0405141709042154,1.015480865920354,0.18903737882501873,0
3.0159999999998894,REACH,0.21059290366532768,-0.06199135441638932,0.9257398051449047,0.37549282987583743,-0.0405141709042154,1.015480865920354,0.18896220009554832,0
3.017999999999889,REACH,0.2106907051389789,-0.06199740123291275,0.9257204555893405,0.37549282987583743,-0.0405141709042154,1.015480865920354,0.18888674057733876,0
3.019999999999889,REACH,0.21078884616936805,-0.06200343827689052,0.9257011189427556,0.37549282987583743,-0.0405141709042154,1.015480865920354,0.1888110002842971,0
3.0219999999998888,REACH,0.21088732645199326,-0.06200946524409343,0.9256817960548968,0.37549282987583743,-0.0405141709042154,1.015480865920354,0.188734979229809,0
3.0239999999998886,REACH,0.21098614568175575,-0.06201548183017651,0.9256624877767696,0.37549282987583743,-0.0405141709042154,1.015480865920354,0.1886586774267489,0
3.0259999999998883,REACH,0.21108530355294788,-0.062021487730685214,0.9256431949606304,0.37549282987583743,-0.0405141709042154,1.015480865920354,0.1885820948874875,0
3.027999999999888,REACH,0.21118479975924148,-0.062027482641062344,0.9256239184599757,0.37549282987583743,-0.0405141709042154,1.015480865920354,0.1885052316238999,0
3.029999999999888,REACH,0.2112846339936752,-0.062033466256653735,0.9256046591295318,0.37549282987583743,-0.0405141709042154,1.015480865920354,0.18842808764737456,0
3.0319999999998877,REACH,0.21138480594864267,-0.0620394382727152,0.925585417825244,0.37549282987583743,-0.0405141709042154,1.015480865920354,0.18835066296882197,0
3.0339999999998875,REACH,0.21148531531588075,-0.06204539838441864,0.9255661954042675,0.37549282987583743,-0.0405141709042154,1.015480865920354,0.18827295759868184,0
3.0359999999998872,REACH,0.21158616178645726,-0.062051346286858676,0.9255469927249553,0.37549282987583743,-0.0405141709042154,1.015480865920354,0.18819497154693327,0
3.037999999999887,REACH,0.21168734505075867,-0.06205728167505854,0.9255278106468501,0.37549282987583743,-0.0405141709042154,1.015480865920354,0.1881167048231017,0
3.039999999999887,REACH,0.21178886479847872,-0.06206320424397679,0.9255086500306723,0.37549282987583743,-0.0405141709042154,1.015480865920354,0.18803815743626806,0
3.0419999999998866,REACH,0.21189072071860618,-0.062069113688513845,0.9254895117383095,0.37549282987583743,-0.0405141709042154,1.015480865920354,0.18795932939507728,0
3.0439999999998864,REACH,0.21199291249941282,-0.06207500970351805,0.925470396632807,0.37549282987583743,-0.0405141709042154,1.015480865920354,0.1878802207077468,0
3.045999999999886,REACH,0.2120954398284416,-0.06208089198379226,0.9254513055783571,0.37549282987583743,-0.0405141709042154,1.015480865920354,0.18780083138207443,0
3.047999999999886,REACH,0.2121983023924949,-0.06208676022410012,0.9254322394402885,0.37549282987583743,-0.0405141709042154,1.015480865920354,0.18772116142544737,0
3.0499999999998857,REACH,0.21230149987762229,-0.06209261411917238,0.9254131990850558,0.37549282987583743,-0.0405141709042154,1.015480865920354,0.1876412108448508,0
3.0519999999998855,REACH,0.21240503196910893,-0.062098453363713634,0.925394185380229,0.37549282987583743,-0.0405141709042154,1.015480865920354,0.1875609796468761,0
3.0539999999998853,REACH,0.21250889835146375,-0.06210427765240824,0.9253751991944827,0.37549282987583743,-0.0405141709042154,1.015480865920354,0.18748046783772937,0
3.055999999999885,REACH,0.21261309870840753,-0.06211008667992713,0.9253562413975864,0.37549282987583743,-0.0405141709042154,1.015480865920354,0.18739967542324004,0
3.057999999999885,REACH,0.21271763272286096,-0.06211588014093367,0.9253373128603933,0.37549282987583743,-0.0405141709042154,1.015480865920354,0.18731860240886922,0
3.0599999999998846,REACH,0.21282250007693324,-0.06212165773009087,0.9253184144548284,0.37549282987583743,-0.0405141709042154,1.015480865920354,0.18723724879971906,0
3.0619999999998844,REACH,0.21292770045190998,-0.06212741914206685,0.9252995470538813,0.37549282987583743,-0.0405141709042154,1.015480865920354,0.18715561460053956,0
3.063999999999884,REACH,0.2130332335282416,-0.06213316407154203,0.9252807115315919,0.37549282987583743,-0.0405141709042154,1.015480865920354,0.18707369981573896,0
3.065999999999884,REACH,0.2131390989855318,-0.062138892213214995,0.9252619087630413,0.37549282987583743,-0.0405141709042154,1.015480865920354,0.18699150444939128,0
3.0679999999998837,REACH,0.21324529650252533,-0.062144603261809074,0.9252431396243419,0.37549282987583743,-0.0405141709042154,1.015480865920354,0.18690902850524493,0
3.0699999999998835,REACH,0.21335182575709685,-0.06215029691207855,0.9252244049926248,0.37549282987583743,-0.0405141709042154,1.015480865920354,0.18682627198673182,0
3.0719999999998833,REACH,0.2134586864262392,-0.06215597285881561,0.9252057057460304,0.37549282987583743,-0.0405141709042154,1.015480865920354,0.1867432348969753,0
3.073999999999883,REACH,0.21356587818605133,-0.06216163079685597,0.9251870427636975,0.37549282987583743,-0.0405141709042154,1.015480865920354,0.1866599172387992,0
3.075999999999883,REACH,0.2136734007117275,-0.06216727042108608,0.9251684169257511,0.37549282987583743,-0.0405141709042154,1.015480865920354,0.18657631901473629,0
3.0779999999998826,REACH,0.21378125367754489,-0.062172891426448704,0.9251498291132941,0.37549282987583743,-0.0405141709042154,1.015480865920354,0.18649244022703654,0
3.0799999999998824,REACH,0.2138894367568525,-0.0621784935079498,0.9251312802083935,0.37549282987583743,-0.0405141709042154,1.015480865920354,0.18640828087767655,0
3.081999999999882,REACH,0.21399794962205945,-0.062184076360664864,0.925112771094072,0.37549282987583743,-0.0405141709042154,1.015480865920354,0.18632384096836738,0
3.083999999999882,REACH,0.21410679194462381,-0.06218963967974562,0.9250943026542953,0.37549282987583743,-0.0405141709042154,1.015480865920354,0.18623912050056335,0
3.0859999999998817,REACH,0.2142159633950403,-0.06219518316042538,0.9250758757739617,0.37549282987583743,-0.0405141709042154,1.015480865920354,0.18615411947547145,0
3.0879999999998815,REACH,0.21432546364282973,-0.06220070649802654,0.9250574913388918,0.37549282987583743,-0.0405141709042154,1.015480865920354,0.1860688378940587,0
3.0899999999998813,REACH,0.21443529235652725,-0.0622062093879667,0.9250391502358167,0.37549282987583743,-0.0405141709042154,1.015480865920354,0.18598327575706164,0
3.091999999999881,REACH,0.21454544920367058,-0.06221169152576466,0.925020853352367,0.37549282987583743,-0.0405141709042154,1.015480865920354,0.18589743306499507,0
3.093999999999881,REACH,0.21465593385078896,-0.062217152607047015,0.9250026015770614,0.37549282987583743,-0.0405141709042154,1.015480865920354,0.18581130981816052,0
3.0959999999998806,REACH,0.21476674596339204,-0.06222259232755501,0.9249843957992974,0.37549282987583743,-0.0405141709042154,1.015480865920354,0.18572490601665423,0
3.0979999999998804,REACH,0.21487788520595796,-0.06222801038315016,0.924966236909337,0.37549282987583743,-0.0405141709042154,1.015480865920354,0.18563822166037744,0
3.09999999999988,REACH,0.21498935124192214,-0.06223340646982106,0.9249481257982991,0.37549282987583743,-0.0405141709042154,1.015480865920354,0.18555125674904363,0
3.10199999999988,REACH,0.21510114373366665,-0.062238780283689926,0.9249300633581446,0.37549282987583743,-0.0405141709042154,1.015480865920354,0.1854640112821881,0
3.1039999999998797,REACH,0.2152132623425081,-0.06224413152101863,0.9249120504816691,0.37549282987583743,-0.0405141709042154,1.015480865920354,0.1853764852591759,0
3.1059999999998795,REACH,0.2153257067286868,-0.062249459878215146,0.9248940880624884,0.37549282987583743,-0.0405141709042154,1.015480865920354,0.18528867867921148,0
3.1079999999998793,REACH,0.21543847655135542,-0.062254765051840244,0.924876176995029,0.37549282987583743,-0.0405141709042154,1.015480865920354,0.1852005915413468,0
3.109999999999879,REACH,0.21555157146856813,-0.06226004673861353,0.9248583181745156,0.37549282987583743,-0.0405141709042154,1.015480865920354,0.18511222384449041,0
3.111999999999879,REACH,0.21566499113726928,-0.062265304635420106,0.924840512496961,0.37549282987583743,-0.0405141709042154,1.015480865920354,0.1850235755874156,0
3.1139999999998786,REACH,0.2157787352132815,-0.062270538439316486,0.9248227608591538,0.37549282987583743,-0.0405141709042154,1.015480865920354,0.18493464676877042,0
3.1159999999998784,REACH,0.21589280335129588,-0.062275747847537546,0.9248050641586478,0.37549282987583743,-0.0405141709042154,1.015480865920354,0.18484543738708495,0
3.117999999999878,REACH,0.21600719520486034,-0.062280932557502736,0.9247874232937492,0.37549282987583743,-0.0405141709042154,1.015480865920354,0.18475594744078105,0
3.119999999999878,REACH,0.21612191042636805,-0.06228609226682229,0.9247698391635062,0.37549282987583743,-0.0405141709042154,1.015480865920354,0.1846661769281813,0
3.1219999999998778,REACH,0.21623694866704726,-0.06229122667330358,0.9247523126676982,0.37549282987583743,-0.0405141709042154,1.015480865920354,0.18457612584751656,0
3.1239999999998775,REACH,0.21635230957694981,-0.06229633547495759,0.9247348447068218,0.37549282987583743,-0.0405141709042154,1.015480865920354,0.18448579419693648,0
3.1259999999998773,REACH,0.21646799280494003,-0.06230141837000538,0.9247174361820818,0.37549282987583743,-0.0405141709042154,1.015480865920354,0.1843951819745172,0
3.127999999999877,REACH,0.21658399799868466,-0.06230647505688468,0.9247000879953787,0.37549282987583743,-0.0405141709042154,1.015480865920354,0.18430428917826988,0
3.129999999999877,REACH,0.2167003248046406,-0.06231150523425537,0.924682801049296,0.37549282987583743,-0.0405141709042154,1.015480865920354,0.18421311580615118,0
3.1319999999998767,REACH,0.21681697286804522,-0.062316508601006744,0.9246655762470901,0.37549282987583743,-0.0405141709042154,1.015480865920354,0.18412166185607026,0
3.1339999999998764,REACH,0.2169339418329046,-0.06232148485626352,0.924648414492678,0.37549282987583743,-0.0405141709042154,1.015480865920354,0.1840299273258989,0
3.135999999999876,REACH,0.2170512313419839,-0.06232643369939238,0.9246313166906253,0.37549282987583743,-0.0405141709042154,1.015480865920354,0.18393791221347922,0
3.137999999999876,REACH,0.21716884103679487,-0.06233135483000781,0.9246142837461345,0.37549282987583743,-0.0405141709042154,1.015480865920354,0.1838456165166342,0
3.139999999999876,REACH,0.2172867705575867,-0.0623362479479792,0.9245973165650339,0.37549282987583743,-0.0405141709042154,1.015480865920354,0.1837530402331748,0
3.1419999999998756,REACH,0.2174050195433343,-0.06234111275343682,0.9245804160537646,0.37549282987583743,-0.0405141709042154,1.015480865920354,0.18366018336091008,0
3.1439999999998753,REACH,0.21752358763172794,-0.06234594894677781,0.9245635831193699,0.37549282987583743,-0.0405141709042154,1.015480865920354,0.18356704589765555,0
3.145999999999875,REACH,0.21764247445916257,-0.06235075622867306,0.9245468186694824,0.37549282987583743,-0.0405141709042154,1.015480865920354,0.1834736278412422,0
3.147999999999875,REACH,0.2177616796607269,-0.06235553430007358,0.9245301236123129,0.37549282987583743,-0.0405141709042154,1.015480865920354,0.18337992918952553,0
3.1499999999998747,REACH,0.21788120287019347,-0.06236028286221642,0.9245134988566373,0.37549282987583743,-0.0405141709042154,1.015480865920354,0.18328594994039432,0
3.1519999999998745,REACH,0.21800104372000717,-0.0623650016166314,0.9244969453117857,0.37549282987583743,-0.0405141709042154,1.015480865920354,0.1831916900917798,0
3.1539999999998742,REACH,0.21812120184127562,-0.06236969026514709,0.9244804638876303,0.37549282987583743,-0.0405141709042154,1.015480865920354,0.183097149641664,0
3.155999999999874,REACH,0.21824167686375764,-0.062374348509897454,0.9244640554945727,0.37549282987583743,-0.0405141709042154,1.015480865920354,0.1830023285880896,0
3.157999999999874,REACH,0.2183624684158537,-0.06237897605332804,0.9244477210435316,0.37549282987583743,-0.0405141709042154,1.015480865920354,0.18290722692916853,0
3.1599999999998736,REACH,0.21848357612459463,-0.06238357259820218,0.9244314614459322,0.37549282987583743,-0.0405141709042154,1.015480865920354,0.18281184466309058,0
3.1619999999998734,REACH,0.21860499961563226,-0.06238813784760759,0.9244152776136928,0.37549282987583743,-0.0405141709042154,1.015480865920354,0.18271618178813248,0
3.163999999999873,REACH,0.2187267385132278,-0.062392671504962374,0.9243991704592118,0.37549282987583743,-0.0405141709042154,1.015480865920354,0.1826202383026679,0
3.165999999999873,REACH,0.2188487924402423,-0.06239717327402157,0.9243831408953583,0.37549282987583743,-0.0405141709042154,1.015480865920354,0.18252401420517464,0
3.1679999999998727,REACH,0.21897116101812597,-0.062401642858883256,0.9243671898354566,0.37549282987583743,-0.0405141709042154,1.015480865920354,0.18242750949424558,0
3.1699999999998725,REACH,0.21909384386690844,-0.06240607996399527,0.924351318193276,0.37549282987583743,-0.0405141709042154,1.015480865920354,0.182330724168596,0
3.1719999999998723,REACH,0.21921684060518773,-0.06241048429416095,0.9243355268830177,0.37549282987583743,-0.0405141709042154,1.015480865920354,0.1822336582270737,0
3.173999999999872,REACH,0.21934015085012035,-0.06241485555454562,0.9243198168193022,0.37549282987583743,-0.0405141709042154,1.015480865920354,0.18213631166866814,0
3.175999999999872,REACH,0.21946377421741123,-0.06241919345068308,0.9243041889171579,0.37549282987583743,-0.0405141709042154,1.015480865920354,0.18203868449251842,0
3.1779999999998716,REACH,0.21958771032130361,-0.06242349768848169,0.9242886440920076,0.37549282987583743,-0.0405141709042154,1.015480865920354,0.1819407766979233,0
3.1799999999998714,REACH,0.2197119587745685,-0.06242776797423069,0.9242731832596567,0.37549282987583743,-0.0405141709042154,1.015480865920354,0.18184258828435,0
3.181999999999871,REACH,0.2198365191884954,-0.06243200401460666,0.9242578073362805,0.37549282987583743,-0.0405141709042154,1.015480865920354,0.1817441192514427,0
3.183999999999871,REACH,0.21996139117288097,-0.06243620551667913,0.924242517238411,0.37549282987583743,-0.0405141709042154,1.015480865920354,0.1816453695990332,0
3.1859999999998707,REACH,0.2200865743360206,-0.06244037218791793,0.9242273138829252,0.37549282987583743,-0.0405141709042154,1.015480865920354,0.18154633932714814,0
3.1879999999998705,REACH,0.2202120682846969,-0.06244450373619826,0.924212198187033,0.37549282987583743,-0.0405141709042154,1.015480865920354,0.1814470284360191,0
3.1899999999998703,REACH,0.22033787262417093,-0.06244859986980783,0.9241971710682628,0.37549282987583743,-0.0405141709042154,1.015480865920354,0.18134743692609162,0
3.19199999999987,REACH,0.2204639869581718,-0.062452660297452806,0.9241822334444497,0.37549282987583743,-0.0405141709042154,1.015480865920354,0.18124756479803442,0
3.19399999999987,REACH,0.22059041088888662,-0.06245668472826387,0.9241673862337242,0.37549282987583743,-0.0405141709042154,1.015480865920354,0.18114741205274776,0
3.1959999999998696,REACH,0.22071714401695103,-0.06246067287180274,0.9241526303544968,0.37549282987583743,-0.0405141709042154,1.015480865920354,0.18104697869137368,0
3.1979999999998694,REACH,0.2208441859414393,-0.062464624438068224,0.9241379667254467,0.37549282987583743,-0.0405141709042154,1.015480865920354,0.1809462647153046,0
3.199999999999869,REACH,0.2209715362598544,-0.06246853913750224,0.9241233962655098,0.37549282987583743,-0.0405141709042154,1.015480865920354,0.18084527012619206,0
3.201999999999869,REACH,0.2210991945681185,-0.06247241668099673,0.9241089198938636,0.37549282987583743,-0.0405141709042154,1.015480865920354,0.1807439949259569,0
3.2039999999998687,REACH,0.22122716046056332,-0.062476256779899056,0.9240945385299164,0.37549282987583743,-0.0405141709042154,1.015480865920354,0.18064243911679723,0
3.2059999999998685,REACH,0.22135543352992001,-0.06248005914601864,0.9240802530932936,0.37549282987583743,-0.0405141709042154,1.015480865920354,0.1805406027011986,0
3.2079999999998683,REACH,0.22148401336731022,-0.0624838234916329,0.9240660645038243,0.37549282987583743,-0.0405141709042154,1.015480865920354,0.18043848568194254,0
3.209999999999868,REACH,0.22161289956223626,-0.062487549529494216,0.9240519736815281,0.37549282987583743,-0.0405141709042154,1.015480865920354,0.18033608806211654,0
3.211999999999868,REACH,0.22174209170257114,-0.062491236972834624,0.9240379815466043,0.37549282987583743,-0.0405141709042154,1.015480865920354,0.18023340984512193,0
3.2139999999998676,REACH,0.22187158937454976,-0.062494885535373294,0.924024089019416,0.37549282987583743,-0.0405141709042154,1.015480865920354,0.18013045103468434,0
3.2159999999998674,REACH,0.2220013921627593,-0.06249849493132255,0.9240102970204788,0.37549282987583743,-0.0405141709042154,1.015480865920354,0.18002721163486207,0
3.217999999999867,REACH,0.22213149965012918,-0.06250206487539303,0.9239966064704461,0.37549282987583743,-0.0405141709042154,1.015480865920354,0.1799236916500563,0
3.219999999999867,REACH,0.22226191141792281,-0.06250559508280112,0.9239830182900978,0.37549282987583743,-0.0405141709042154,1.015480865920354,0.17981989108501917,0
3.2219999999998667,REACH,0.2223926270457272,-0.06250908526927429,0.9239695334003258,0.37549282987583743,-0.0405141709042154,1.015480865920354,0.17971580994486358,0
3.2239999999998665,REACH,0.22252364611144426,-0.06251253515105754,0.9239561527221215,0.37549282987583743,-0.0405141709042154,1.015480865920354,0.17961144823507255,0
3.2259999999998663,REACH,0.22265496819128125,-0.06251594444491913,0.9239428771765615,0.37549282987583743,-0.0405141709042154,1.015480865920354,0.17950680596150836,0
3.227999999999866,REACH,0.222786592859742,-0.06251931286815733,0.9239297076847952,0.37549282987583743,-0.0405141709042154,1.015480865920354,0.17940188313042169,0
3.229999999999866,REACH,0.2229185196896172,-0.06252264013860614,0.9239166451680316,0.37549282987583743,-0.0405141709042154,1.015480865920354,0.17929667974846075,0
3.2319999999998656,REACH,0.22305074825197596,-0.06252592597464146,0.9239036905475249,0.37549282987583743,-0.0405141709042154,1.015480865920354,0.17919119582268092,0
3.2339999999998654,REACH,0.2231832781161557,-0.06252917009518694,0.9238908447445616,0.37549282987583743,-0.0405141709042154,1.015480865920354,0.17908543136055413,0
3.235999999999865,REACH,0.2233161088497542,-0.06253237221972054,0.9238781086804476,0.37549282987583743,-0.0405141709042154,1.015480865920354,0.17897938636997754,0
3.237999999999865,REACH,0.22344924001862002,-0.06253553206828022,0.923865483276494,0.37549282987583743,-0.0405141709042154,1.015480865920354,0.17887306085928317,0
3.2399999999998648,REACH,0.2235826711868434,-0.06253864936147009,0.923852969454004,0.37549282987583743,-0.0405141709042154,1.015480865920354,0.17876645483724732,0
3.2419999999998645,REACH,0.2237164019167483,-0.06254172382046695,0.9238405681342579,0.37549282987583743,-0.0405141709042154,1.015480865920354,0.17865956831309993,0
3.2439999999998643,REACH,0.22385043176888192,-0.06254475516702507,0.9238282802385027,0.37549282987583743,-0.0405141709042154,1.015480865920354,0.17855240129653321,0
3.245999999999864,REACH,0.2239847603020074,-0.06254774312348396,0.9238161066879343,0.37549282987583743,-0.0405141709042154,1.015480865920354,0.17844495379771239,0
3.247999999999864,REACH,0.22411938707309442,-0.06255068741277285,0.9238040484036881,0.37549282987583743,-0.0405141709042154,1.015480865920354,0.17833722582728287,0
3.2499999999998637,REACH,0.22425431163731013,-0.06255358775841752,0.9237921063068215,0.37549282987583743,-0.0405141709042154,1.015480865920354,0.178229217396382,0
3.2519999999998634,REACH,0.22438953354801125,-0.06255644388454643,0.9237802813183029,0.37549282987583743,-0.0405141709042154,1.015480865920354,0.1781209285166463,0
3.2539999999998632,REACH,0.22452505235673478,-0.062559255515896,0.923768574358996,0.37549282987583743,-0.0405141709042154,1.015480865920354,0.17801235920022232,0
3.255999999999863,REACH,0.22466086761318935,-0.06256202237781715,0.9237569863496472,0.37549282987583743,-0.0405141709042154,1.015480865920354,0.1779035094597755,0
3.257999999999863,REACH,0.2247969788652473,-0.06256474419628119,0.9237455182108717,0.37549282987583743,-0.0405141709042154,1.015480865920354,0.17779437930849887,0
3.2599999999998626,REACH,0.22493338565893553,-0.06256742069788582,0.9237341708631394,0.37549282987583743,-0.0405141709042154,1.015480865920354,0.17768496876012319,0
3.2619999999998623,REACH,0.2250700875384279,-0.06257005160986107,0.9237229452267596,0.37549282987583743,-0.0405141709042154,1.015480865920354,0.17757527782892624,0
3.263999999999862,REACH,0.22520708404603526,-0.06257263666007488,0.9237118422218696,0.37549282987583743,-0.0405141709042154,1.015480865920354,0.17746530652974207,0
3.265999999999862,REACH,0.2253443747221987,-0.0625751755770394,0.9237008627684196,0.37549282987583743,-0.0405141709042154,1.015480865920354,0.17735505487796993,0
3.2679999999998617,REACH,0.22548195910548025,-0.06257766808991697,0.9236900077861573,0.37549282987583743,-0.0405141709042154,1.015480865920354,0.17724452288958464,0
3.2699999999998615,REACH,0.22561983673255512,-0.062580113928526,0.9236792781946158,0.37549282987583743,-0.0405141709042154,1.015480865920354,0.1771337105811451,0
3.2719999999998612,REACH,0.22575800713820304,-0.06258251282334651,0.9236686749130987,0.37549282987583743,-0.0405141709042154,1.015480865920354,0.17702261796980412,0
3.273999999999861,REACH,0.22589646985530062,-0.06258486450552651,0.9236581988606656,0.37549282987583743,-0.0405141709042154,1.015480865920354,0.1769112450733175,0
3.275999999999861,REACH,0.2260352244148126,-0.06258716870688752,0.9236478509561193,0.37549282987583743,-0.0405141709042154,1.015480865920354,0.17679959191005357,0
3.2779999999998606,REACH,0.2261742703457841,-0.06258942515993063,0.9236376321179894,0.37549282987583743,-0.0405141709042154,1.015480865920354,0.17668765849900314,0
3.2799999999998604,REACH,0.2263136071753327,-0.06259163359784214,0.9236275432645199,0.37549282987583743,-0.0405141709042154,1.015480865920354,0.17657544485978802,0
3.28199999999986,REACH,0.2264532344286401,-0.06259379375449993,0.9236175853136543,0.37549282987583743,-0.0405141709042154,1.015480865920354,0.17646295101267093,0
3.28399999999986,REACH,0.22659315162894467,-0.06259590536447854,0.9236077591830212,0.37549282987583743,-0.0405141709042154,1.015480865920354,0.17635017697856478,0
3.2859999999998597,REACH,0.22673335829753283,-0.06259796816305534,0.9235980657899202,0.37549282987583743,-0.0405141709042154,1.015480865920354,0.17623712277904224,0
3.2879999999998595,REACH,0.22687385395373208,-0.06259998188621652,0.9235885060513072,0.37549282987583743,-0.0405141709042154,1.015480865920354,0.17612378843634505,0
3.2899999999998593,REACH,0.22701463811490244,-0.06260194627066276,0.9235790808837807,0.37549282987583743,-0.0405141709042154,1.015480865920354,0.17601017397339322,0
3.291999999999859,REACH,0.22715571029642942,-0.06260386105381477,0.9235697912035655,0.37549282987583743,-0.0405141709042154,1.015480865920354,0.17589627941379538,0
3.293999999999859,REACH,0.2272970700117155,-0.06260572597381932,0.9235606379265014,0.37549282987583743,-0.0405141709042154,1.015480865920354,0.17578210478185677,0
3.2959999999998586,REACH,0.22743871677217348,-0.06260754076955483,0.923551621968025,0.37549282987583743,-0.0405141709042154,1.015480865920354,0.17566765010259014,0
3.2979999999998584,REACH,0.2275806500872177,-0.06260930518063733,0.9235427442431584,0.37549282987583743,-0.0405141709042154,1.015480865920354,0.17555291540172413,0
3.299999999999858,REACH,0.22772286946425802,-0.06261101894742602,0.9235340056664924,0.37549282987583743,-0.0405141709042154,1.015480865920354,0.1754379007057131,0
3.301999999999858,REACH,0.22786537440869067,-0.06261268181102875,0.923525407152173,0.37549282987583743,-0.0405141709042154,1.015480865920354,0.1753226060417469,0
3.3039999999998577,REACH,0.22800816442389227,-0.06261429351330836,0.9235169496138863,0.37549282987583743,-0.0405141709042154,1.015480865920354,0.17520703143775973,0
3.3059999999998575,REACH,0.22815123901121137,-0.06261585379688774,0.923508633964844,0.37549282987583743,-0.0405141709042154,1.015480865920354,0.1750911769224402,0
3.3079999999998573,REACH,0.22829459766996188,-0.06261736240515567,0.9235004611177682,0.37549282987583743,-0.0405141709042154,1.015480865920354,0.1749750425252403,0
3.309999999999857,REACH,0.22843823989741527,-0.06261881908227265,0.9234924319848781,0.37549282987583743,-0.0405141709042154,1.015480865920354,0.17485862827638496,0
3.311999999999857,REACH,0.22858216518879385,-0.06262022357317648,0.9234845474778732,0.37549282987583743,-0.0405141709042154,1.015480865920354,0.1747419342068817,0
3.3139999999998566,REACH,0.22872637303726298,-0.06262157562358774,0.9234768085079197,0.37549282987583743,-0.0405141709042154,1.015480865920354,0.17462496034853028,0
3.3159999999998564,REACH,0.2288708629339247,-0.06262287498001545,0.9234692159856357,0.37549282987583743,-0.0405141709042154,1.015480865920354,0.1745077067339314,0
3.317999999999856,REACH,0.2290156343678098,-0.06262412138976273,0.9234617708210755,0.37549282987583743,-0.0405141709042154,1.015480865920354,0.17439017339649723,0
3.319999999999856,REACH,0.2291606868258719,-0.06262531460093253,0.9234544739237154,0.37549282987583743,-0.0405141709042154,1.015480865920354,0.1742723603704599,0
3.3219999999998557,REACH,0.22930601979297913,-0.06262645436243267,0.9234473262024393,0.37549282987583743,-0.0405141709042154,1.015480865920354,0.17415426769088152,0
3.3239999999998555,REACH,0.2294516327519088,-0.0626275404239822,0.9234403285655215,0.37549282987583743,-0.0405141709042154,1.015480865920354,0.1740358953936637,0
3.3259999999998553,REACH,0.22959752518333915,-0.06262857253611591,0.9234334819206144,0.37549282987583743,-0.0405141709042154,1.015480865920354,0.17391724351555668,0
3.327999999999855,REACH,0.2297436965658436,-0.06262955045019102,0.923426787174732,0.37549282987583743,-0.0405141709042154,1.015480865920354,0.17379831209416877,0
3.329999999999855,REACH,0.22989014637588326,-0.06263047391839173,0.9234202452342345,0.37549282987583743,-0.0405141709042154,1.015480865920354,0.17367910116797666,0
3.3319999999998546,REACH,0.23003687408780094,-0.06263134269373516,0.9234138570048136,0.37549282987583743,-0.0405141709042154,1.015480865920354,0.173559610776334,0
3.3339999999998544,REACH,0.23018387917381378,-0.06263215653007648,0.9234076233914783,0.37549282987583743,-0.0405141709042154,1.015480865920354,0.17343984095948112,0
3.335999999999854,REACH,0.23033116110400753,-0.06263291518211492,0.923401545298538,0.37549282987583743,-0.0405141709042154,1.015480865920354,0.1733197917585547,0
3.337999999999854,REACH,0.2304787193463295,-0.06263361840539894,0.9233956236295893,0.37549282987583743,-0.0405141709042154,1.015480865920354,0.17319946321559662,0
3.3399999999998538,REACH,0.23062655336658203,-0.06263426595633126,0.9233898592874978,0.37549282987583743,-0.0405141709042154,1.015480865920354,0.17307885537356504,0
3.3419999999998535,REACH,0.23077466262841662,-0.06263485759217494,0.9233842531743864,0.37549282987583743,-0.0405141709042154,1.015480865920354,0.17295796827634177,0
3.3439999999998533,REACH,0.23092304659332724,-0.06263539307105831,0.9233788061916176,0.37549282987583743,-0.0405141709042154,1.015480865920354,0.1728368019687431,0
3.345999999999853,REACH,0.23107170472064387,-0.06263587215198027,0.9233735192397783,0.37549282987583743,-0.0405141709042154,1.015480865920354,0.17271535649652933,0
3.347999999999853,REACH,0.23122063646752689,-0.06263629459481633,0.9233683932186655,0.37549282987583743,-0.0405141709042154,1.015480865920354,0.17259363190641341,0
3.3499999999998527,REACH,0.23136984128896035,-0.06263666016032299,0.9233634290272708,0.37549282987583743,-0.0405141709042154,1.015480865920354,0.17247162824607087,0
3.3519999999998524,REACH,0.23151931863774627,-0.0626369686101439,0.9233586275637631,0.37549282987583743,-0.0405141709042154,1.015480865920354,0.17234934556414988,0
3.353999999999852,REACH,0.2316690679644984,-0.06263721970681443,0.9233539897254759,0.37549282987583743,-0.0405141709042154,1.015480865920354,0.1722267839102795,0
3.355999999999852,REACH,0.23181908871763604,-0.0626374132137675,0.9233495164088896,0.37549282987583743,-0.0405141709042154,1.015480865920354,0.17210394333508056,0
3.3579999999998518,REACH,0.23196938034337877,-0.06263754889533889,0.9233452085096178,0.37549282987583743,-0.0405141709042154,1.015480865920354,0.17198082389017358,0
3.3599999999998515,REACH,0.2321199422857401,-0.06263762651677195,0.9233410669223895,0.37549282987583743,-0.0405141709042154,1.015480865920354,0.1718574256281897,0
3.3619999999998513,REACH,0.23227077398652168,-0.0626376458442233,0.923337092541036,0.37549282987583743,-0.0405141709042154,1.015480865920354,0.17173374860277915,0
3.363999999999851,REACH,0.2324218748853075,-0.06263760664476772,0.9233332862584733,0.37549282987583743,-0.0405141709042154,1.015480865920354,0.17160979286862169,0
3.365999999999851,REACH,0.23257324441945887,-0.06263750868640389,0.9233296489666879,0.37549282987583743,-0.0405141709042154,1.015480865920354,0.17148555848143468,0
3.3679999999998507,REACH,0.23272488202410807,-0.06263735173805879,0.92332618155672,0.37549282987583743,-0.0405141709042154,1.015480865920354,0.17136104549798378,0
3.3699999999998504,REACH,0.2328767871321528,-0.06263713556959327,0.9233228849186484,0.37549282987583743,-0.0405141709042154,1.015480865920354,0.17123625397609227,0
3.3719999999998502,REACH,0.2330289591742515,-0.06263685995180754,0.9233197599415748,0.37549282987583743,-0.0405141709042154,1.015480865920354,0.17111118397464972,0
3.37399999999985,REACH,0.233181397578817,-0.06263652465644544,0.9233168075136082,0.37549282987583743,-0.0405141709042154,1.015480865920354,0.17098583555362207,0
3.37599999999985,REACH,0.23333410177201164,-0.0626361294562005,0.9233140285218481,0.37549282987583743,-0.0405141709042154,1.015480865920354,0.1708602087740614,0
3.3779999999998496,REACH,0.23348707117774176,-0.06263567412472007,0.9233114238523703,0.37549282987583743,-0.0405141709042154,1.015480865920354,0.17073430369811446,0
3.3799999999998493,REACH,0.2336403052176528,-0.06263515843661122,0.9233089943902094,0.37549282987583743,-0.0405141709042154,1.015480865920354,0.17060812038903297,0
3.381999999999849,REACH,0.2337938033111241,-0.0626345821674453,0.9233067410193444,0.37549282987583743,-0.0405141709042154,1.015480865920354,0.17048165891118225,0
3.383999999999849,REACH,0.23394756487526297,-0.06263394509376283,0.9233046646226817,0.37549282987583743,-0.0405141709042154,1.015480865920354,0.1703549193300517,0
3.3859999999998487,REACH,0.2341015893249006,-0.06263324699307897,0.9233027660820401,0.37549282987583743,-0.0405141709042154,1.015480865920354,0.17022790171226335,0
3.3879999999998485,REACH,0.23425587607258683,-0.06263248764388818,0.9233010462781336,0.37549282987583743,-0.0405141709042154,1.015480865920354,0.1701006061255818,0
3.3899999999998482,REACH,0.23441042452858535,-0.06263166682566954,0.9232995060905569,0.37549282987583743,-0.0405141709042154,1.015480865920354,0.1699730326389231,0
3.391999999999848,REACH,0.23456523410086824,-0.06263078431889088,0.9232981463977684,0.37549282987583743,-0.0405141709042154,1.015480865920354,0.16984518132236487,0
3.393999999999848,REACH,0.23472030419511186,-0.0626298399050148,0.9232969680770747,0.37549282987583743,-0.0405141709042154,1.015480865920354,0.1697170522471552,0
3.3959999999998476,REACH,0.2348756342146918,-0.06262883336650249,0.9232959720046136,0.37549282987583743,-0.0405141709042154,1.015480865920354,0.1695886454857227,0
3.3979999999998474,REACH,0.23503122356067838,-0.06262776448681943,0.9232951590553395,0.37549282987583743,-0.0405141709042154,1.015480865920354,0.1694599611116847,0
3.399999999999847,REACH,0.23518707163183195,-0.06262663305044006,0.9232945301030069,0.37549282987583743,-0.0405141709042154,1.015480865920354,0.16933099919985778,0
3.401999999999847,REACH,0.23534317782459838,-0.06262543884285193,0.9232940860201525,0.37549282987583743,-0.0405141709042154,1.015480865920354,0.16920175982626703,0
3.4039999999998467,REACH,0.2354995415331045,-0.06262418165056158,0.9232938276780817,0.37549282987583743,-0.0405141709042154,1.015480865920354,0.16907224306815502,0
3.4059999999998465,REACH,0.23565616214915425,-0.06262286126109881,0.9232937559468506,0.37549282987583743,-0.0405141709042154,1.015480865920354,0.1689424490039912,0
3.4079999999998463,REACH,0.23581303906222367,-0.06262147746302131,0.9232938716952506,0.37549282987583743,-0.0405141709042154,1.015480865920354,0.1688123777134816,0
3.409999999999846,REACH,0.23597017165945672,-0.06262003004591923,0.9232941757907915,0.37549282987583743,-0.0405141709042154,1.015480865920354,0.1686820292775784,0
3.411999999999846,REACH,0.2361275593256619,-0.06261851880042113,0.9232946690996867,0.37549282987583743,-0.0405141709042154,1.015480865920354,0.1685514037784881,0
3.4139999999998456,REACH,0.23628520144330695,-0.06261694351819677,0.9232953524868345,0.37549282987583743,-0.0405141709042154,1.015480865920354,0.16842050129968278,0
3.4159999999998454,REACH,0.2364430973925155,-0.06261530399196352,0.923296226815804,0.37549282987583743,-0.0405141709042154,1.015480865920354,0.16828932192590793,0
3.417999999999845,REACH,0.23660124655106343,-0.06261360001549013,0.9232972929488181,0.37549282987583743,-0.0405141709042154,1.015480865920354,0.16815786574319197,0
3.419999999999845,REACH,0.23675964829437407,-0.0626118313836015,0.9232985517467369,0.37549282987583743,-0.0405141709042154,1.015480865920354,0.1680261328388562,0
3.4219999999998447,REACH,0.2369183019955145,-0.06260999789218319,0.923300004069041,0.37549282987583743,-0.0405141709042154,1.015480865920354,0.16789412330152434,0
3.4239999999998445,REACH,0.23707720702519294,-0.0626080993381867,0.9233016507738169,0.37549282987583743,-0.0405141709042154,1.015480865920354,0.1677618372211299,0
3.4259999999998443,REACH,0.23723636275175355,-0.06260613551963282,0.9233034927177373,0.37549282987583743,-0.0405141709042154,1.015480865920354,0.16762927468892846,0
3.427999999999844,REACH,0.23739576854117317,-0.06260410623561732,0.9233055307560478,0.37549282987583743,-0.0405141709042154,1.015480865920354,0.16749643579750503,0
3.429999999999844,REACH,0.23755542375705876,-0.06260201128631508,0.9233077657425497,0.37549282987583743,-0.0405141709042154,1.015480865920354,0.16736332064078302,0
3.4319999999998436,REACH,0.23771532776064253,-0.06259985047298414,0.923310198529582,0.37549282987583743,-0.0405141709042154,1.015480865920354,0.16722992931403516,0
3.4339999999998434,REACH,0.23787547991077937,-0.06259762359797091,0.9233128299680058,0.37549282987583743,-0.0405141709042154,1.015480865920354,0.1670962619138919,0
3.435999999999843,REACH,0.23803587956394315,-0.06259533046471413,0.9233156609071902,0.37549282987583743,-0.0405141709042154,1.015480865920354,0.16696231853834953,0
3.437999999999843,REACH,0.2381965260742236,-0.06259297087774957,0.9233186921949907,0.37549282987583743,-0.0405141709042154,1.015480865920354,0.16682809928678208,0
3.4399999999998427,REACH,0.23835741879332312,-0.0625905446427141,0.9233219246777372,0.37549282987583743,-0.0405141709042154,1.015480865920354,0.16669360425994803,0
3.4419999999998425,REACH,0.2385185570705532,-0.06258805156635051,0.9233253592002151,0.37549282987583743,-0.0405141709042154,1.015480865920354,0.16655883356000123,0
3.4439999999998423,REACH,0.2386799402528322,-0.06258549145651142,0.923328996605649,0.37549282987583743,-0.0405141709042154,1.015480865920354,0.16642378729049906,0
3.445999999999842,REACH,0.2388415676846815,-0.06258286412216421,0.9233328377356875,0.37549282987583743,-0.0405141709042154,1.015480865920354,0.16628846555641216,0
3.447999999999842,REACH,0.2390034387082232,-0.06258016937339451,0.9233368834303837,0.37549282987583743,-0.0405141709042154,1.015480865920354,0.16615286846413393,0
3.4499999999998416,REACH,0.23916555266317668,-0.06257740702141132,0.9233411345281816,0.37549282987583743,-0.0405141709042154,1.015480865920354,0.16601699612148896,0
3.4519999999998414,REACH,0.2393279088868564,-0.06257457687855059,0.9233455918658974,0.37549282987583743,-0.0405141709042154,1.015480865920354,0.16588084863774288,0
3.453999999999841,REACH,0.23949050671416894,-0.0625716787582799,0.9233502562787042,0.37549282987583743,-0.0405141709042154,1.015480865920354,0.16574442612361084,0
3.455999999999841,REACH,0.23965334547761014,-0.06256871247520249,0.9233551286001135,0.37549282987583743,-0.0405141709042154,1.015480865920354,0.16560772869126789,0
3.4579999999998408,REACH,0.23981642450726307,-0.06256567784506131,0.9233602096619603,0.37549282987583743,-0.0405141709042154,1.015480865920354,0.1654707564543567,0
3.4599999999998405,REACH,0.23997974313079481,-0.06256257468474366,0.9233655002943857,0.37549282987583743,-0.0405141709042154,1.015480865920354,0.16533350952799764,0
3.4619999999998403,REACH,0.2401433006734552,-0.06255940281228492,0.9233710013258195,0.37549282987583743,-0.0405141709042154,1.015480865920354,0.16519598802879737,0
3.46399999999984,REACH,0.24030709645807313,-0.06255616204687253,0.923376713582964,0.37549282987583743,-0.0405141709042154,1.015480865920354,0.16505819207485872,0
3.46599999999984,REACH,0.24047112980505517,-0.06255285220885051,0.9233826378907777,0.37549282987583743,-0.0405141709042154,1.015480865920354,0.16492012178578877,0
3.4679999999998397,REACH,0.240635400032383,-0.06254947311972303,0.9233887750724578,0.37549282987583743,-0.0405141709042154,1.015480865920354,0.16478177728270857,0
3.4699999999998394,REACH,0.2407999064556118,-0.06254602460215916,0.9233951259494226,0.37549282987583743,-0.0405141709042154,1.015480865920354,0.1646431586882624,0
3.471999999999839,REACH,0.2409646483878672,-0.06254250647999592,0.9234016913412969,0.37549282987583743,-0.0405141709042154,1.015480865920354,0.16450426612662644,0
3.473999999999839,REACH,0.24112962513984465,-0.06253891857824317,0.9234084720658928,0.37549282987583743,-0.0405141709042154,1.015480865920354,0.16436509972351773,0
3.4759999999998388,REACH,0.24129483601980653,-0.06253526072308693,0.9234154689391942,0.37549282987583743,-0.0405141709042154,1.015480865920354,0.16422565960620364,0
3.4779999999998386,REACH,0.24146028033358066,-0.06253153274189366,0.9234226827753398,0.37549282987583743,-0.0405141709042154,1.015480865920354,0.16408594590351042,0
3.4799999999998383,REACH,0.2416259573845588,-0.06252773446321389,0.923430114386606,0.37549282987583743,-0.0405141709042154,1.015480865920354,0.16394595874583223,0
3.481999999999838,REACH,0.2417918664736944,-0.06252386571678656,0.9234377645833894,0.37549282987583743,-0.0405141709042154,1.015480865920354,0.16380569826514108,0
3.483999999999838,REACH,0.2419580068995014,-0.06251992633354207,0.9234456341741911,0.37549282987583743,-0.0405141709042154,1.015480865920354,0.16366516459499456,0
3.4859999999998377,REACH,0.24212437795805306,-0.06251591614560689,0.9234537239655982,0.37549282987583743,-0.0405141709042154,1.015480865920354,0.16352435787054548,0
3.4879999999998375,REACH,0.24229097894298007,-0.06251183498630712,0.9234620347622686,0.37549282987583743,-0.0405141709042154,1.015480865920354,0.16338327822855045,0
3.4899999999998372,REACH,0.2424578091454689,-0.06250768269017204,0.9234705673669128,0.37549282987583743,-0.0405141709042154,1.015480865920354,0.16324192580737948,0
3.491999999999837,REACH,0.2426248678542618,-0.06250345909293814,0.9234793225802771,0.37549282987583743,-0.0405141709042154,1.015480865920354,0.16310030074702384,0
3.493999999999837,REACH,0.24279215435565368,-0.06249916403155235,0.9234883012011276,0.37549282987583743,-0.0405141709042154,1.015480865920354,0.16295840318910595,0
3.4959999999998366,REACH,0.24295966793349297,-0.062494797344176456,0.9234975040262317,0.37549282987583743,-0.0405141709042154,1.015480865920354,0.16281623327688766,0
3.4979999999998364,REACH,0.24312740786917905,-0.062490358870190194,0.9235069318503419,0.37549282987583743,-0.0405141709042154,1.015480865920354,0.1626737911552797,0
3.499999999999836,REACH,0.24329537344166233,-0.062485848450195045,0.9235165854661787,0.37549282987583743,-0.0405141709042154,1.015480865920354,0.16253107697084995,0
3.501999999999836,REACH,0.2434635639274427,-0.06248126592601794,0.923526465664414,0.37549282987583743,-0.0405141709042154,1.015480865920354,0.1623880908718323,0
3.5039999999998357,REACH,0.2436319786005692,-0.06247661114071472,0.9235365732336537,0.37549282987583743,-0.0405141709042154,1.015480865920354,0.16224483300813566,0
3.5059999999998355,REACH,0.24380061673263864,-0.06247188393857352,0.9235469089604195,0.37549282987583743,-0.0405141709042154,1.015480865920354,0.16210130353135357,0
3.5079999999998353,REACH,0.24396947759279614,-0.0624670841651189,0.9235574736291342,0.37549282987583743,-0.0405141709042154,1.015480865920354,0.1619575025947709,0
3.509999999999835,REACH,0.24413856044773305,-0.062462211667114444,0.9235682680221028,0.37549282987583743,-0.0405141709042154,1.015480865920354,0.16181343035337498,0
3.511999999999835,REACH,0.24430786456168746,-0.0624572662925668,0.9235792929194971,0.37549282987583743,-0.0405141709042154,1.015480865920354,0.16166908696386223,0
3.5139999999998346,REACH,0.24447738919644404,-0.06245224789072943,0.923590549099335,0.37549282987583743,-0.0405141709042154,1.015480865920354,0.16152447258464928,0
3.5159999999998344,REACH,0.24464713361133253,-0.06244715631210497,0.923602037337469,0.37549282987583743,-0.0405141709042154,1.015480865920354,0.16137958737587887,0
3.517999999999834,REACH,0.24481709706322857,-0.062441991408449665,0.923613758407564,0.37549282987583743,-0.0405141709042154,1.015480865920354,0.16123443149943123,0
3.519999999999834,REACH,0.24498727880655333,-0.062436753032776175,0.9236257130810834,0.37549282987583743,-0.0405141709042154,1.015480865920354,0.16108900511893037,0
3.5219999999998337,REACH,0.24515767809327274,-0.06243144103935682,0.9236379021272705,0.37549282987583743,-0.0405141709042154,1.015480865920354,0.16094330839975482,0
3.5239999999998335,REACH,0.24532829417289861,-0.062426055283727425,0.9236503263131315,0.37549282987583743,-0.0405141709042154,1.015480865920354,0.16079734150904487,0
3.5259999999998333,REACH,0.24549912629248796,-0.06242059562269008,0.9236629864034192,0.37549282987583743,-0.0405141709042154,1.015480865920354,0.16065110461571153,0
3.527999999999833,REACH,0.24567017369664293,-0.06241506191431613,0.9236758831606156,0.37549282987583743,-0.0405141709042154,1.015480865920354,0.1605045978904453,0
3.529999999999833,REACH,0.24584143562751157,-0.062409454017950096,0.9236890173449139,0.37549282987583743,-0.0405141709042154,1.015480865920354,0.16035782150572495,0
3.5319999999998326,REACH,0.24601291132478856,-0.0624037717942128,0.923702389714202,0.37549282987583743,-0.0405141709042154,1.015480865920354,0.16021077563582553,0
3.5339999999998324,REACH,0.24618460002571424,-0.0623980151050036,0.9237160010240465,0.37549282987583743,-0.0405141709042154,1.015480865920354,0.16006346045682704,0
3.535999999999832,REACH,0.2463565009650768,-0.06239218381350466,0.923729852027673,0.37549282987583743,-0.0405141709042154,1.015480865920354,0.1599158761466232,0
3.537999999999832,REACH,0.24652861337521081,-0.06238627778418283,0.9237439434759517,0.37549282987583743,-0.0405141709042154,1.015480865920354,0.15976802288492997,0
3.5399999999998317,REACH,0.24670093648599997,-0.06238029688279434,0.9237582761173787,0.37549282987583743,-0.0405141709042154,1.015480865920354,0.1596199008532934,0
3.5419999999998315,REACH,0.24687346952487688,-0.06237424097638619,0.9237728506980581,0.37549282987583743,-0.0405141709042154,1.015480865920354,0.1594715102350991,0
3.5439999999998313,REACH,0.24704621171682334,-0.06236810993329993,0.9237876679616882,0.37549282987583743,-0.0405141709042154,1.015480865920354,0.1593228512155792,0
3.545999999999831,REACH,0.24721916228437177,-0.06236190362317435,0.9238027286495407,0.37549282987583743,-0.0405141709042154,1.015480865920354,0.15917392398182242,0
3.547999999999831,REACH,0.2473923204476068,-0.062355621916949176,0.9238180335004442,0.37549282987583743,-0.0405141709042154,1.015480865920354,0.15902472872278173,0
3.5499999999998306,REACH,0.2475656854241651,-0.06234926468686677,0.9238335832507703,0.37549282987583743,-0.0405141709042154,1.015480865920354,0.15887526562928167,0
3.5519999999998304,REACH,0.24773925642923764,-0.062342831806476005,0.9238493786344112,0.37549282987583743,-0.0405141709042154,1.015480865920354,0.1587255348940288,0
3.55399999999983,REACH,0.2479130326755697,-0.06233632315063454,0.9238654203827681,0.37549282987583743,-0.0405141709042154,1.015480865920354,0.15857553671161803,0
3.55599999999983,REACH,0.24808701337346392,-0.06232973859551197,0.9238817092247295,0.37549282987583743,-0.0405141709042154,1.015480865920354,0.15842527127854192,0
3.5579999999998297,REACH,0.24826119773078018,-0.06232307801859246,0.9238982458866568,0.37549282987583743,-0.0405141709042154,1.015480865920354,0.15827473879319862,0
3.5599999999998295,REACH,0.24843558495293697,-0.06231634129867722,0.9239150310923661,0.37549282987583743,-0.0405141709042154,1.015480865920354,0.15812393945590097,0
3.5619999999998293,REACH,0.24861017424291446,-0.062309528315887854,0.9239320655631116,0.37549282987583743,-0.0405141709042154,1.015480865920354,0.15797287346888295,0
3.563999999999829,REACH,0.24878496480125473,-0.06230263895166848,0.9239493500175676,0.37549282987583743,-0.0405141709042154,1.015480865920354,0.1578215410363097,0
3.565999999999829,REACH,0.24895995582606442,-0.06229567308878902,0.923966885171813,0.37549282987583743,-0.0405141709042154,1.015480865920354,0.157669942364284,0
3.5679999999998286,REACH,0.24913514651301583,-0.062288630611347165,0.9239846717393119,0.37549282987583743,-0.0405141709042154,1.015480865920354,0.15751807766085632,0
3.5699999999998284,REACH,0.2493105360553493,-0.06228151140477135,0.9240027104308984,0.37549282987583743,-0.0405141709042154,1.015480865920354,0.15736594713603116,0
3.571999999999828,REACH,0.24948612364387465,-0.062274315355822805,0.9240210019547593,0.37549282987583743,-0.0405141709042154,1.015480865920354,0.15721355100177617,0
3.573999999999828,REACH,0.24966190846697406,-0.06226704235259915,0.9240395470164164,0.37549282987583743,-0.0405141709042154,1.015480865920354,0.15706088947202954,0
3.5759999999998278,REACH,0.24983788971060364,-0.062259692284536164,0.9240583463187088,0.37549282987583743,-0.0405141709042154,1.015480865920354,0.15690796276270905,0
3.5779999999998275,REACH,0.2500140665582959,-0.06225226504241004,0.9240774005617771,0.37549282987583743,-0.0405141709042154,1.015480865920354,0.1567547710917189,0
3.5799999999998273,REACH,0.25019043819116155,-0.06224476051834038,0.9240967104430468,0.37549282987583743,-0.0405141709042154,1.015480865920354,0.1566013146789583,0
3.581999999999827,REACH,0.25036700378789306,-0.06223717860579248,0.9241162766572084,0.37549282987583743,-0.0405141709042154,1.015480865920354,0.15644759374632958,0
3.583999999999827,REACH,0.2505437625247659,-0.062229519199579496,0.9241360998962036,0.37549282987583743,-0.0405141709042154,1.015480865920354,0.15629360851774576,0
3.5859999999998267,REACH,0.2507207135756417,-0.06222178219586486,0.924156180849207,0.37549282987583743,-0.0405141709042154,1.015480865920354,0.15613935921913827,0
3.5879999999998264,REACH,0.25089785611197096,-0.06221396749216467,0.9241765202026078,0.37549282987583743,-0.0405141709042154,1.015480865920354,0.15598484607846583,0
3.589999999999826,REACH,0.2510751893027958,-0.06220607498735027,0.9241971186399948,0.37549282987583743,-0.0405141709042154,1.015480865920354,0.15583006932572094,0
3.591999999999826,REACH,0.25125271231475266,-0.062198104581650066,0.9242179768421381,0.37549282987583743,-0.0405141709042154,1.015480865920354,0.1556750291929386,0
3.593999999999826,REACH,0.25143042431207513,-0.06219005617665156,0.9242390954869725,0.37549282987583743,-0.0405141709042154,1.015480865920354,0.15551972591420407,0
3.5959999999998256,REACH,0.25160832445659714,-0.06218192967530438,0.9242604752495805,0.37549282987583743,-0.0405141709042154,1.015480865920354,0.1553641597256601,0
3.5979999999998253,REACH,0.2517864119077561,-0.062173724981921606,0.9242821168021759,0.37549282987583743,-0.0405141709042154,1.015480865920354,0.15520833086551483,0
3.599999999999825,REACH,0.2519646858225959,-0.06216544200218243,0.9243040208140846,0.37549282987583743,-0.0405141709042154,1.015480865920354,0.15505223957405034,0
3.601999999999825,REACH,0.25214314535577004,-0.06215708064313382,0.9243261879517312,0.37549282987583743,-0.0405141709042154,1.015480865920354,0.15489588609362892,0
3.6039999999998247,REACH,0.25232178965954566,-0.06214864081319301,0.9243486188786185,0.37549282987583743,-0.0405141709042154,1.015480865920354,0.15473927066870172,0
3.6059999999998245,REACH,0.2525006178838064,-0.06214012242214941,0.9243713142553133,0.37549282987583743,-0.0405141709042154,1.015480865920354,0.15458239354581577,0
3.6079999999998242,REACH,0.25267962917605535,-0.062131525381166224,0.9243942747394273,0.37549282987583743,-0.0405141709042154,1.015480865920354,0.15442525497362272,0
3.609999999999824,REACH,0.2528588226814204,-0.06212284960278294,0.9244175009856025,0.37549282987583743,-0.0405141709042154,1.015480865920354,0.15426785520288402,0
3.611999999999824,REACH,0.25303819754265605,-0.06211409500091709,0.9244409936454913,0.37549282987583743,-0.0405141709042154,1.015480865920354,0.15411019448648175,0
3.6139999999998236,REACH,0.25321775290014875,-0.06210526149086628,0.9244647533677428,0.37549282987583743,-0.0405141709042154,1.015480865920354,0.15395227307942272,0
3.6159999999998234,REACH,0.25339748789191896,-0.062096348989309165,0.9244887807979842,0.37549282987583743,-0.0405141709042154,1.015480865920354,0.15379409123884863,0
3.617999999999823,REACH,0.2535774016536273,-0.06208735741430904,0.9245130765788037,0.37549282987583743,-0.0405141709042154,1.015480865920354,0.15363564922404188,0
3.619999999999823,REACH,0.2537574933185769,-0.0620782866853138,0.9245376413497347,0.37549282987583743,-0.0405141709042154,1.015480865920354,0.15347694729643344,0
3.6219999999998227,REACH,0.2539377620177181,-0.06206913672315904,0.9245624757472382,0.37549282987583743,-0.0405141709042154,1.015480865920354,0.1533179857196107,0
3.6239999999998225,REACH,0.254118206879653,-0.062059907450068924,0.9245875804046864,0.37549282987583743,-0.0405141709042154,1.015480865920354,0.15315876475932388,0
3.6259999999998223,REACH,0.2542988270306392,-0.06205059878965865,0.924612955952346,0.37549282987583743,-0.0405141709042154,1.015480865920354,0.1529992846834939,0
3.627999999999822,REACH,0.2544796215945943,-0.06204121066693543,0.9246386030173613,0.37549282987583743,-0.0405141709042154,1.015480865920354,0.15283954576221986,0
3.629999999999822,REACH,0.2546605896931008,-0.06203174300830057,0.924664522223737,0.37549282987583743,-0.0405141709042154,1.015480865920354,0.15267954826778582,0
3.6319999999998216,REACH,0.2548417304454101,-0.06202219574155093,0.9246907141923222,0.37549282987583743,-0.0405141709042154,1.015480865920354,0.1525192924746681,0
3.6339999999998214,REACH,0.2550230429684476,-0.06201256879588053,0.924717179540793,0.37549282987583743,-0.0405141709042154,1.015480865920354,0.15235877865954287,0
3.635999999999821,REACH,0.2552045263768172,-0.062002862101882064,0.9247439188836369,0.37549282987583743,-0.0405141709042154,1.015480865920354,0.15219800710129253,0
3.637999999999821,REACH,0.255386179782806,-0.06199307559154828,0.9247709328321354,0.37549282987583743,-0.0405141709042154,1.015480865920354,0.1520369780810133,0
3.6399999999998207,REACH,0.2555680022963898,-0.06198320919827399,0.9247982219943467,0.37549282987583743,-0.0405141709042154,1.015480865920354,0.15187569188202246,0
3.6419999999998205,REACH,0.2557499930252373,-0.061973262856856795,0.9248257869750905,0.37549282987583743,-0.0405141709042154,1.015480865920354,0.15171414878986506,0
3.6439999999998203,REACH,0.25593215107471584,-0.06196323650349883,0.9248536283759307,0.37549282987583743,-0.0405141709042154,1.015480865920354,0.1515523490923208,0
3.64599999999982,REACH,0.25611447554789596,-0.06195313007580838,0.9248817467951589,0.37549282987583743,-0.0405141709042154,1.015480865920354,0.15139029307941138,0
3.64799999999982,REACH,0.2562969655455575,-0.06194294351280083,0.9249101428277772,0.37549282987583743,-0.0405141709042154,1.015480865920354,0.15122798104340746,0
3.6499999999998196,REACH,0.256479620166194,-0.06193267675490008,0.9249388170654826,0.37549282987583743,-0.0405141709042154,1.015480865920354,0.15106541327883524,0
3.6519999999998194,REACH,0.256662438506019,-0.06192232974394009,0.9249677700966511,0.37549282987583743,-0.0405141709042154,1.015480865920354,0.1509025900824831,0
3.653999999999819,REACH,0.2568454196589708,-0.06191190242316571,0.9249970025063196,0.37549282987583743,-0.0405141709042154,1.015480865920354,0.15073951175340908,0
3.655999999999819,REACH,0.2570285627167187,-0.06190139473723417,0.9250265148761697,0.37549282987583743,-0.0405141709042154,1.015480865920354,0.15057617859294753,0
3.6579999999998187,REACH,0.25721186676866825,-0.06189080663221621,0.9250563077845125,0.37549282987583743,-0.0405141709042154,1.015480865920354,0.1504125909047156,0
3.6599999999998185,REACH,0.257395330901967,-0.061880138055597035,0.925086381806272,0.37549282987583743,-0.0405141709042154,1.015480865920354,0.15024874899461985,0
3.6619999999998183,REACH,0.2575789542015111,-0.06186938895627773,0.925116737512967,0.37549282987583743,-0.0405141709042154,1.015480865920354,0.1500846531708634,0
3.663999999999818,REACH,0.2577627357499505,-0.06185855928457643,0.9251473754726968,0.37549282987583743,-0.0405141709042154,1.015480865920354,0.14992030374395215,0
3.665999999999818,REACH,0.25794667462769516,-0.06184764899222879,0.9251782962501243,0.37549282987583743,-0.0405141709042154,1.015480865920354,0.14975570102670152,0
3.6679999999998176,REACH,0.2581307699129212,-0.06183665803238938,0.9252095004064588,0.37549282987583743,-0.0405141709042154,1.015480865920354,0.14959084533424352,0
3.6699999999998174,REACH,0.25831502068157763,-0.061825586359633,0.9252409884994409,0.37549282987583743,-0.0405141709042154,1.015480865920354,0.14942573698403228,0
3.671999999999817,REACH,0.25849942600739134,-0.061814433929954574,0.9252727610833262,0.37549282987583743,-0.0405141709042154,1.015480865920354,0.14926037629585157,0
3.673999999999817,REACH,0.2586839849618753,-0.06180320070077158,0.9253048187088688,0.37549282987583743,-0.0405141709042154,1.015480865920354,0.1490947635918201,0
3.6759999999998167,REACH,0.2588686966143335,-0.0617918866309233,0.9253371619233043,0.37549282987583743,-0.0405141709042154,1.015480865920354,0.14892889919639957,0
3.6779999999998165,REACH,0.2590535600318682,-0.061780491680672824,0.9253697912703353,0.37549282987583743,-0.0405141709042154,1.015480865920354,0.1487627834363996,0
3.6799999999998163,REACH,0.2592385742793866,-0.06176901581170772,0.9254027072901142,0.37549282987583743,-0.0405141709042154,1.015480865920354,0.14859641664098472,0
3.681999999999816,REACH,0.2594237384196076,-0.061757458987140065,0.9254359105192282,0.37549282987583743,-0.0405141709042154,1.015480865920354,0.14842979914168014,0
3.683999999999816,REACH,0.25960905151306846,-0.06174582117150828,0.9254694014906815,0.37549282987583743,-0.0405141709042154,1.015480865920354,0.1482629312723791,0
3.6859999999998156,REACH,0.2597945126181314,-0.06173410233077671,0.9255031807338809,0.37549282987583743,-0.0405141709042154,1.015480865920354,0.1480958133693482,0
3.6879999999998154,REACH,0.2599801207909916,-0.0617223024323373,0.9255372487746192,0.37549282987583743,-0.0405141709042154,1.015480865920354,0.14792844577123385,0
3.689999999999815,REACH,0.2601658750856832,-0.061710421445009545,0.9255716061350601,0.37549282987583743,-0.0405141709042154,1.015480865920354,0.14776082881906788,0
3.691999999999815,REACH,0.2603517745540869,-0.06169845933904154,0.9256062533337205,0.37549282987583743,-0.0405141709042154,1.015480865920354,0.14759296285627505,0
3.6939999999998148,REACH,0.2605378182459378,-0.06168641608611029,0.9256411908854564,0.37549282987583743,-0.0405141709042154,1.015480865920354,0.14742484822867766,0
3.6959999999998145,REACH,0.26072400520883143,-0.06167429165932208,0.9256764193014467,0.37549282987583743,-0.0405141709042154,1.015480865920354,0.14725648528450225,0
3.6979999999998143,REACH,0.26091033448823275,-0.06166208603321381,0.9257119390891766,0.37549282987583743,-0.0405141709042154,1.015480865920354,0.14708787437438564,0
3.699999999999814,REACH,0.26109680512748235,-0.0616497991837524,0.9257477507524229,0.37549282987583743,-0.0405141709042154,1.015480865920354,0.14691901585138062,0
3.701999999999814,REACH,0.26128341616780476,-0.0616374310883359,0.9257838547912371,0.37549282987583743,-0.0405141709042154,1.015480865920354,0.14674991007096233,0
3.7039999999998137,REACH,0.2614701666483159,-0.061624981725793844,0.9258202517019317,0.37549282987583743,-0.0405141709042154,1.015480865920354,0.14658055739103334,0
3.7059999999998134,REACH,0.2616570556060311,-0.06161245107638736,0.9258569419770628,0.37549282987583743,-0.0405141709042154,1.015480865920354,0.14641095817192992,0
3.7079999999998132,REACH,0.26184408207587284,-0.0615998391218098,0.9258939261054152,0.37549282987583743,-0.0405141709042154,1.015480865920354,0.14624111277642787,0
3.709999999999813,REACH,0.2620312450906784,-0.06158714584518677,0.9259312045719857,0.37549282987583743,-0.0405141709042154,1.015480865920354,0.14607102156974905,0
3.711999999999813,REACH,0.2622185436812083,-0.061574371231076716,0.9259687778579706,0.37549282987583743,-0.0405141709042154,1.015480865920354,0.14590068491956495,0
3.7139999999998126,REACH,0.26240597687615447,-0.061561515265470906,0.9260066464407468,0.37549282987583743,-0.0405141709042154,1.015480865920354,0.14573010319600443,0
3.7159999999998123,REACH,0.26259354370214805,-0.06154857793579365,0.9260448107938587,0.37549282987583743,-0.0405141709042154,1.015480865920354,0.14555927677165834,0
3.717999999999812,REACH,0.2627812431837679,-0.06153555923090274,0.9260832713870017,0.37549282987583743,-0.0405141709042154,1.015480865920354,0.14538820602158536,0
3.719999999999812,REACH,0.2629690743435492,-0.06152245914108945,0.9261220286860063,0.37549282987583743,-0.0405141709042154,1.015480865920354,0.1452168913233181,0
3.7219999999998117,REACH,0.26315703620199166,-0.06150927765807823,0.9261610831528259,0.37549282987583743,-0.0405141709042154,1.015480865920354,0.14504533305686662,0
3.7239999999998115,REACH,0.26334512777756786,-0.06149601477502749,0.9262004352455174,0.37549282987583743,-0.0405141709042154,1.015480865920354,0.1448735316047264,0
3.7259999999998112,REACH,0.26353334808673246,-0.061482670486529244,0.9262400854182286,0.37549282987583743,-0.0405141709042154,1.015480865920354,0.14470148735188235,0
3.727999999999811,REACH,0.2637216961439305,-0.06146924478860917,0.9262800341211821,0.37549282987583743,-0.0405141709042154,1.015480865920354,0.14452920068581432,0
3.729999999999811,REACH,0.2639101709616064,-0.0614557376787266,0.9263202818006613,0.37549282987583743,-0.0405141709042154,1.015480865920354,0.14435667199650223,0
3.7319999999998106,REACH,0.2640987715502125,-0.0614421491557743,0.9263608288989938,0.37549282987583743,-0.0405141709042154,1.015480865920354,0.14418390167643216,0
3.7339999999998104,REACH,0.26428749691821873,-0.06142847922007879,0.9264016758545373,0.37549282987583743,-0.0405141709042154,1.015480865920354,0.14401089012060073,0
3.73599999999981,REACH,0.26447634607212067,-0.06141472787339978,0.9264428231016647,0.37549282987583743,-0.0405141709042154,1.015480865920354,0.14383763772652058,0
3.73799999999981,REACH,0.2646653180164497,-0.06140089511893007,0.9264842710707484,0.37549282987583743,-0.0405141709042154,1.015480865920354,0.14366414489422588,0
3.7399999999998097,REACH,0.264854411753782,-0.06138698096129596,0.9265260201881463,0.37549282987583743,-0.0405141709042154,1.015480865920354,0.1434904120262765,0
3.7419999999998095,REACH,0.2650436262847469,-0.061372985406555995,0.926568070876187,0.37549282987583743,-0.0405141709042154,1.015480865920354,0.14331643952776413,0
3.7439999999998093,REACH,0.2652329606080375,-0.06135890846220142,0.9266104235531539,0.37549282987583743,-0.0405141709042154,1.015480865920354,0.14314222780631672,0
3.745999999999809,REACH,0.26542241372041986,-0.06134475013715587,0.9266530786332715,0.37549282987583743,-0.0405141709042154,1.015480865920354,0.14296777727210352,0
3.747999999999809,REACH,0.26561198461674185,-0.06133051044177492,0.9266960365266912,0.37549282987583743,-0.0405141709042154,1.015480865920354,0.14279308833783969,0
3.7499999999998086,REACH,0.2658016722899438,-0.06131618938784528,0.9267392976394746,0.37549282987583743,-0.0405141709042154,1.015480865920354,0.14261816141879202,0
3.7519999999998084,REACH,0.2659914757310674,-0.06130178698858533,0.9267828623735817,0.37549282987583743,-0.0405141709042154,1.015480865920354,0.1424429969327827,0
3.753999999999808,REACH,0.2661813939292662,-0.061287303258643865,0.9268267311268532,0.37549282987583743,-0.0405141709042154,1.015480865920354,0.14226759530019534,0
3.755999999999808,REACH,0.2663714258718148,-0.06127273821410012,0.926870904293,0.37549282987583743,-0.0405141709042154,1.015480865920354,0.142091956943978,0
3.7579999999998077,REACH,0.2665615705441195,-0.06125809187246309,0.9269153822615851,0.37549282987583743,-0.0405141709042154,1.015480865920354,0.14191608228964947,0
3.7599999999998075,REACH,0.2667518269297277,-0.06124336425267082,0.9269601654180103,0.37549282987583743,-0.0405141709042154,1.015480865920354,0.14173997176530384,0
3.7619999999998073,REACH,0.266942194010339,-0.06122855537509054,0.9270052541435037,0.37549282987583743,-0.0405141709042154,1.015480865920354,0.14156362580161336,0
3.763999999999807,REACH,0.26713267076581393,-0.06121366526151725,0.927050648815103,0.37549282987583743,-0.0405141709042154,1.015480865920354,0.1413870448318353,0
3.765999999999807,REACH,0.2673232561741861,-0.06119869393517347,0.9270963498056434,0.37549282987583743,-0.0405141709042154,1.015480865920354,0.14121022929181426,0
3.7679999999998066,REACH,0.2675139492116706,-0.06118364142070844,0.9271423574837411,0.37549282987583743,-0.0405141709042154,1.015480865920354,0.14103317961998904,0
3.7699999999998064,REACH,0.2677047488526765,-0.06116850774419801,0.9271886722137817,0.37549282987583743,-0.0405141709042154,1.015480865920354,0.14085589625739448,0
3.771999999999806,REACH,0.2678956540698156,-0.06115329293314295,0.927235294355904,0.37549282987583743,-0.0405141709042154,1.015480865920354,0.14067837964766797,0
3.773999999999806,REACH,0.2680866638339142,-0.06113799701646906,0.9272822242659879,0.37549282987583743,-0.0405141709042154,1.015480865920354,0.14050063023705245,0
3.7759999999998057,REACH,0.2682777771140236,-0.061122620024525905,0.9273294622956394,0.37549282987583743,-0.0405141709042154,1.015480865920354,0.14032264847440093,0
3.7779999999998055,REACH,0.26846899287743026,-0.06110716198908599,0.9273770087921765,0.37549282987583743,-0.0405141709042154,1.015480865920354,0.1401444348111815,0
3.7799999999998053,REACH,0.2686603100896678,-0.061091622943344526,0.9274248640986165,0.37549282987583743,-0.0405141709042154,1.015480865920354,0.1399659897014801,0
3.781999999999805,REACH,0.26885172771452653,-0.0610760029219173,0.9274730285536616,0.37549282987583743,-0.0405141709042154,1.015480865920354,0.1397873136020058,0
3.783999999999805,REACH,0.26904324471406604,-0.06106030196084135,0.9275215024916849,0.37549282987583743,-0.0405141709042154,1.015480865920354,0.13960840697209453,0
3.7859999999998046,REACH,0.2692348600486248,-0.061044520097572434,0.9275702862427171,0.37549282987583743,-0.0405141709042154,1.015480865920354,0.13942927027371319,0
3.7879999999998044,REACH,0.2694265726768329,-0.0610286573709856,0.9276193801324333,0.37549282987583743,-0.0405141709042154,1.015480865920354,0.13924990397146303,0
3.789999999999804,REACH,0.2696183815556216,-0.06101271382137273,0.9276687844821395,0.37549282987583743,-0.0405141709042154,1.015480865920354,0.13907030853258437,0
3.791999999999804,REACH,0.26981028564023607,-0.060996689490442284,0.9277184996087582,0.37549282987583743,-0.0405141709042154,1.015480865920354,0.1388904844269603,0
3.7939999999998038,REACH,0.2700022838842463,-0.06098058442131832,0.9277685258248162,0.37549282987583743,-0.0405141709042154,1.015480865920354,0.13871043212711998,0
3.7959999999998035,REACH,0.2701943752395586,-0.06096439865853906,0.9278188634384307,0.37549282987583743,-0.0405141709042154,1.015480865920354,0.13853015210824293,0
3.7979999999998033,REACH,0.2703865586564271,-0.06094813224805572,0.9278695127532959,0.37549282987583743,-0.0405141709042154,1.015480865920354,0.13834964484816287,0
3.799999999999803,REACH,0.2705788330834655,-0.06093178523723156,0.9279204740686704,0.37549282987583743,-0.0405141709042154,1.015480865920354,0.13816891082737104,0
3.801999999999803,REACH,0.2707711974676589,-0.06091535767484068,0.9279717476793634,0.37549282987583743,-0.0405141709042154,1.015480865920354,0.13798795052902005,0
3.8039999999998027,REACH,0.27096365075437523,-0.060898849611066175,0.9280233338757234,0.37549282987583743,-0.0405141709042154,1.015480865920354,0.13780676443892675,0
3.8059999999998024,REACH,0.2711561918873781,-0.060882261097500286,0.9280752329436213,0.37549282987583743,-0.0405141709042154,1.015480865920354,0.13762535304557774,0
3.807999999999802,REACH,0.27134881980883757,-0.060865592187141423,0.9281274451644419,0.37549282987583743,-0.0405141709042154,1.015480865920354,0.13744371684013032,0
3.809999999999802,REACH,0.27154153345934273,-0.06084884293439383,0.9281799708150692,0.37549282987583743,-0.0405141709042154,1.015480865920354,0.13726185631641738,0
3.8119999999998018,REACH,0.2717343317779139,-0.060832013395066,0.9282328101678732,0.37549282987583743,-0.0405141709042154,1.015480865920354,0.13707977197095064,0
3.8139999999998015,REACH,0.2719272137020149,-0.060815103626369334,0.9282859634906966,0.37549282987583743,-0.0405141709042154,1.015480865920354,0.1368974643029243,0
3.8159999999998013,REACH,0.2721201781675649,-0.06079811368691657,0.928339431046845,0.37549282987583743,-0.0405141709042154,1.015480865920354,0.13671493381421698,0
3.817999999999801,REACH,0.27231322410895137,-0.060781043636720496,0.9283932130950711,0.37549282987583743,-0.0405141709042154,1.015480865920354,0.13653218100939646,0
3.819999999999801,REACH,0.27250635045904176,-0.060763893537192394,0.9284473098895641,0.37549282987583743,-0.0405141709042154,1.015480865920354,0.1363492063957221,0
3.8219999999998007,REACH,0.27269955614919655,-0.06074666345114004,0.9285017216799367,0.37549282987583743,-0.0405141709042154,1.015480865920354,0.13616601048314808,0
3.8239999999998004,REACH,0.27289284010928194,-0.060729353442767586,0.928556448711212,0.37549282987583743,-0.0405141709042154,1.015480865920354,0.1359825937843269,0
3.8259999999998002,REACH,0.2730862012676817,-0.060711963577672105,0.9286114912238129,0.37549282987583743,-0.0405141709042154,1.015480865920354,0.13579895681461157,0
3.8279999999998,REACH,0.27327963855131077,-0.060694493922843304,0.9286668494535487,0.37549282987583743,-0.0405141709042154,1.015480865920354,0.13561510009205907,0
3.8299999999998,REACH,0.27347315088562735,-0.060676944546661234,0.9287225236316026,0.37549282987583743,-0.0405141709042154,1.015480865920354,0.1354310241374338,0
3.8319999999997996,REACH,0.27366673719464674,-0.06065931551889508,0.9287785139845212,0.37549282987583743,-0.0405141709042154,1.015480865920354,0.1352467294742088,0
3.8339999999997993,REACH,0.2738603964009529,-0.060641606910701126,0.9288348207341997,0.37549282987583743,-0.0405141709042154,1.015480865920354,0.1350622166285713,0
3.835999999999799,REACH,0.2740541274257127,-0.0606238187946212,0.9288914440978737,0.37549282987583743,-0.0405141709042154,1.015480865920354,0.13487748612942216,0
3.837999999999799,REACH,0.2742479291886882,-0.060605951244580535,0.9289483842881043,0.37549282987583743,-0.0405141709042154,1.015480865920354,0.13469253850838148,0
3.8399999999997987,REACH,0.2744418006082501,-0.060588004335886715,0.9290056415127672,0.37549282987583743,-0.0405141709042154,1.015480865920354,0.1345073742997899,0
3.8419999999997985,REACH,0.27463574060139095,-0.0605699781452268,0.929063215975042,0.37549282987583743,-0.0405141709042154,1.015480865920354,0.13432199404071082,0
3.8439999999997982,REACH,0.27482974808373856,-0.060551872750666466,0.9291211078733987,0.37549282987583743,-0.0405141709042154,1.015480865920354,0.13413639827093432,0
3.845999999999798,REACH,0.2750238219695694,-0.06053368823164789,0.9291793174015872,0.37549282987583743,-0.0405141709042154,1.015480865920354,0.13395058753297864,0
3.847999999999798,REACH,0.27521796117182146,-0.06051542466898718,0.9292378447486274,0.37549282987583743,-0.0405141709042154,1.015480865920354,0.13376456237209217,0
3.8499999999997976,REACH,0.27541216460210854,-0.06049708214487328,0.9292966900987935,0.37549282987583743,-0.0405141709042154,1.015480865920354,0.13357832333625783,0
3.8519999999997974,REACH,0.2756064311707333,-0.06047866074286536,0.9293558536316067,0.37549282987583743,-0.0405141709042154,1.015480865920354,0.13339187097619354,0
3.853999999999797,REACH,0.27580075978670093,-0.060460160547891134,0.9294153355218235,0.37549282987583743,-0.0405141709042154,1.015480865920354,0.1332052058453546,0
3.855999999999797,REACH,0.2759951493577332,-0.06044158164624486,0.9294751359394218,0.37549282987583743,-0.0405141709042154,1.015480865920354,0.1330183284999376,0
3.8579999999997967,REACH,0.2761895987902819,-0.060422924125585156,0.9295352550495919,0.37549282987583743,-0.0405141709042154,1.015480865920354,0.13283123949888112,0
3.8599999999997965,REACH,0.276384106989543,-0.060404188074932974,0.9295956930127255,0.37549282987583743,-0.0405141709042154,1.015480865920354,0.13264393940386793,0
3.8619999999997963,REACH,0.2765786728594703,-0.06038537358466906,0.9296564499844049,0.37549282987583743,-0.0405141709042154,1.015480865920354,0.13245642877932728,0
3.863999999999796,REACH,0.2767732953027893,-0.060366480746532676,0.9297175261153902,0.37549282987583743,-0.0405141709042154,1.015480865920354,0.13226870819243797,0
3.865999999999796,REACH,0.27696797322101185,-0.060347509653618514,0.9297789215516113,0.37549282987583743,-0.0405141709042154,1.015480865920354,0.13208077821312822,0
3.8679999999997956,REACH,0.27716270551444927,-0.06032846040037508,0.9298406364341547,0.37549282987583743,-0.0405141709042154,1.015480865920354,0.13189263941408014,0
3.8699999999997954,REACH,0.2773574910822278,-0.060309333082602244,0.9299026708992547,0.37549282987583743,-0.0405141709042154,1.015480865920354,0.1317042923707291,0
3.871999999999795,REACH,0.27755232882230146,-0.0602901277974487,0.9299650250782812,0.37549282987583743,-0.0405141709042154,1.015480865920354,0.1315157376612679,0
3.873999999999795,REACH,0.27774721763146754,-0.06027084464341029,0.9300276990977319,0.37549282987583743,-0.0405141709042154,1.015480865920354,0.1313269758666459,0
3.8759999999997947,REACH,0.2779421564053808,-0.06025148372032729,0.9300906930792184,0.37549282987583743,-0.0405141709042154,1.015480865920354,0.13113800757057323,0
3.8779999999997945,REACH,0.27813714403856665,-0.06023204512938174,0.930154007139459,0.37549282987583743,-0.0405141709042154,1.015480865920354,0.13094883335952123,0
3.8799999999997943,REACH,0.27833217942443744,-0.060212528973095814,0.9302176413902656,0.37549282987583743,-0.0405141709042154,1.015480865920354,0.13075945382272453,0
3.881999999999794,REACH,0.2785272614553058,-0.06019293535532875,0.9302815959385369,0.37549282987583743,-0.0405141709042154,1.015480865920354,0.13056986955218178,0
3.883999999999794,REACH,0.27872238902240004,-0.06017326438127477,0.9303458708862455,0.37549282987583743,-0.0405141709042154,1.015480865920354,0.1303800811426579,0
3.8859999999997936,REACH,0.27891756101587833,-0.06015351615746047,0.9304104663304291,0.37549282987583743,-0.0405141709042154,1.015480865920354,0.13019008919168557,0
3.8879999999997934,REACH,0.2791127763248431,-0.060133690791742425,0.9304753823631812,0.37549282987583743,-0.0405141709042154,1.015480865920354,0.1299998942995662,0
3.889999999999793,REACH,0.27930803383735725,-0.060113788393304314,0.9305406190716398,0.37549282987583743,-0.0405141709042154,1.015480865920354,0.12980949706937142,0
3.891999999999793,REACH,0.27950333244045766,-0.060093809072655116,0.9306061765379793,0.37549282987583743,-0.0405141709042154,1.015480865920354,0.12961889810694424,0
3.8939999999997927,REACH,0.2796986710201704,-0.06007375294162548,0.9306720548394001,0.37549282987583743,-0.0405141709042154,1.015480865920354,0.12942809802090072,0
3.8959999999997925,REACH,0.2798940484615266,-0.06005362011336631,0.9307382540481179,0.37549282987583743,-0.0405141709042154,1.015480865920354,0.129237097422631,0
3.8979999999997923,REACH,0.28008946364857606,-0.0600334107023448,0.930804774231357,0.37549282987583743,-0.0405141709042154,1.015480865920354,0.12904589692630009,0
3.899999999999792,REACH,0.2802849154644039,-0.060013124824343275,0.9308716154513388,0.37549282987583743,-0.0405141709042154,1.015480865920354,0.12885449714884875,0
3.901999999999792,REACH,0.2804804027911446,-0.059992762596454946,0.9309387777652731,0.37549282987583743,-0.0405141709042154,1.015480865920354,0.12866289870999537,0
3.9039999999997916,REACH,0.2806759245099978,-0.059972324137082575,0.9310062612253485,0.37549282987583743,-0.0405141709042154,1.015480865920354,0.12847110223223657,0
3.9059999999997914,REACH,0.2808714795012432,-0.059951809565934724,0.9310740658787244,0.37549282987583743,-0.0405141709042154,1.015480865920354,0.12827910834084766,0
3.907999999999791,REACH,0.2810670666442567,-0.059931219004023595,0.931142191767521,0.37549282987583743,-0.0405141709042154,1.015480865920354,0.12808691766388383,0
3.909999999999791,REACH,0.2812626848175247,-0.059910552573661804,0.9312106389288108,0.37549282987583743,-0.0405141709042154,1.015480865920354,0.12789453083218105,0
3.9119999999997908,REACH,0.2814583328986601,-0.05988981039845965,0.9312794073946102,0.37549282987583743,-0.0405141709042154,1.015480865920354,0.12770194847935656,0
3.9139999999997905,REACH,0.2816540097644186,-0.05986899260332295,0.931348497191869,0.37549282987583743,-0.0405141709042154,1.015480865920354,0.12750917124181005,0
3.9159999999997903,REACH,0.2818497142907128,-0.05984809931444875,0.9314179083424642,0.37549282987583743,-0.0405141709042154,1.015480865920354,0.12731619975872333,0
3.91799999999979,REACH,0.28204544535262904,-0.05982713065932412,0.9314876408631895,0.37549282987583743,-0.0405141709042154,1.015480865920354,0.12712303467206212,0
3.91999999999979,REACH,0.28224120182444223,-0.05980608676672167,0.9315576947657479,0.37549282987583743,-0.0405141709042154,1.015480865920354,0.12692967662657575,0
3.9219999999997897,REACH,0.2824369825796321,-0.059784967766697436,0.9316280700567439,0.37549282987583743,-0.0405141709042154,1.015480865920354,0.1267361262697973,0
3.9239999999997894,REACH,0.28263278649089935,-0.05976377379058802,0.9316987667376724,0.37549282987583743,-0.0405141709042154,1.015480865920354,0.1265423842520455,0
3.925999999999789,REACH,0.2828286124301804,-0.05974250497100716,0.9317697848049139,0.37549282987583743,-0.0405141709042154,1.015480865920354,0.1263484512264236,0
3.927999999999789,REACH,0.28302445926866426,-0.059721161441842495,0.9318411242497249,0.37549282987583743,-0.0405141709042154,1.015480865920354,0.12615432784882016,0
3.9299999999997888,REACH,0.2832203258768084,-0.059699743338253286,0.931912785058229,0.37549282987583743,-0.0405141709042154,1.015480865920354,0.12596001477790958,0
3.9319999999997886,REACH,0.283416211124354,-0.05967825079666682,0.9319847672114114,0.37549282987583743,-0.0405141709042154,1.015480865920354,0.12576551267515185,0
3.9339999999997883,REACH,0.2836121138803429,-0.059656683954775115,0.9320570706851088,0.37549282987583743,-0.0405141709042154,1.015480865920354,0.12557082220479285,0
3.935999999999788,REACH,0.2838080330131332,-0.05963504295153232,0.9321296954500019,0.37549282987583743,-0.0405141709042154,1.015480865920354,0.12537594403386523,0
3.937999999999788,REACH,0.28400396739041567,-0.059613327927151044,0.9322026414716095,0.37549282987583743,-0.0405141709042154,1.015480865920354,0.12518087883218681,0
3.9399999999997877,REACH,0.28419991587922994,-0.05959153902309966,0.9322759087102794,0.37549282987583743,-0.0405141709042154,1.015480865920354,0.12498562727236176,0
3.9419999999997875,REACH,0.28439587734598054,-0.05956967638209875,0.9323494971211818,0.37549282987583743,-0.0405141709042154,1.015480865920354,0.12479019002978012,0
3.9439999999997872,REACH,0.2845918506564532,-0.05954774014811768,0.9324234066543007,0.37549282987583743,-0.0405141709042154,1.015480865920354,0.12459456778261827,0
3.945999999999787,REACH,0.2847878346758318,-0.059525730466372224,0.9324976372544289,0.37549282987583743,-0.0405141709042154,1.015480865920354,0.12439876121183722,0
3.947999999999787,REACH,0.2849838282687141,-0.05950364748332001,0.9325721888611583,0.37549282987583743,-0.0405141709042154,1.015480865920354,0.12420277100118426,0
3.9499999999997866,REACH,0.2851798302991281,-0.059481491346658075,0.9326470614088747,0.37549282987583743,-0.0405141709042154,1.015480865920354,0.12400659783719166,0
3.9519999999997864,REACH,0.28537583963054974,-0.05945926220531972,0.9327222548267498,0.37549282987583743,-0.0405141709042154,1.015480865920354,0.12381024240917589,0
3.953999999999786,REACH,0.2855718551259177,-0.05943696020947041,0.9327977690387353,0.37549282987583743,-0.0405141709042154,1.015480865920354,0.12361370540923815,0
3.955999999999786,REACH,0.28576787564765144,-0.05941458551050482,0.9328736039635558,0.37549282987583743,-0.0405141709042154,1.015480865920354,0.12341698753226314,0
3.9579999999997857,REACH,0.28596390005766686,-0.05939213826104345,0.9329497595147006,0.37549282987583743,-0.0405141709042154,1.015480865920354,0.12322008947591973,0
3.9599999999997855,REACH,0.2861599272173938,-0.059369618614928905,0.9330262356004201,0.37549282987583743,-0.0405141709042154,1.015480865920354,0.12302301194065843,0
3.9619999999997852,REACH,0.286355955987792,-0.05934702672722306,0.933103032123717,0.37549282987583743,-0.0405141709042154,1.015480865920354,0.1228257556297125,0
3.963999999999785,REACH,0.28655198522936876,-0.05932436275420279,0.9331801489823407,0.37549282987583743,-0.0405141709042154,1.015480865920354,0.12262832124909645,0
3.965999999999785,REACH,0.2867480138021942,-0.059301626853356874,0.9332575860687806,0.37549282987583743,-0.0405141709042154,1.015480865920354,0.12243070950760618,0
3.9679999999997846,REACH,0.2869440405659205,-0.0592788191833832,0.9333353432702616,0.37549282987583743,-0.0405141709042154,1.015480865920354,0.1222329211168161,0
3.9699999999997844,REACH,0.28714006437979617,-0.05925593990418331,0.9334134204687353,0.37549282987583743,-0.0405141709042154,1.015480865920354,0.12203495679108109,0
3.971999999999784,REACH,0.28733608410268513,-0.05923298917686111,0.9334918175408764,0.37549282987583743,-0.0405141709042154,1.015480865920354,0.12183681724753345,0
3.973999999999784,REACH,0.2875320985930822,-0.0592099671637175,0.9335705343580759,0.37549282987583743,-0.0405141709042154,1.015480865920354,0.12163850320608283,0
3.9759999999997837,REACH,0.2877281067091313,-0.05918687402824778,0.9336495707864356,0.37549282987583743,-0.0405141709042154,1.015480865920354,0.12144001538941467,0
3.9779999999997835,REACH,0.2879241073086413,-0.059163709935137664,0.9337289266867614,0.37549282987583743,-0.0405141709042154,1.015480865920354,0.1212413545229905,0
3.9799999999997833,REACH,0.28812009924910437,-0.059140475050259586,0.9338086019145599,0.37549282987583743,-0.0405141709042154,1.015480865920354,0.1210425213350446,0
3.981999999999783,REACH,0.2883160813877121,-0.05911716954066921,0.9338885963200305,0.37549282987583743,-0.0405141709042154,1.015480865920354,0.12084351655658504,0
3.983999999999783,REACH,0.28851205258137297,-0.05909379357460171,0.9339689097480616,0.37549282987583743,-0.0405141709042154,1.015480865920354,0.12064434092139127,0
3.9859999999997826,REACH,0.28870801168673016,-0.05907034732146766,0.934049542038225,0.37549282987583743,-0.0405141709042154,1.015480865920354,0.12044499516601256,0
3.9879999999997824,REACH,0.28890395756017767,-0.05904683095184978,0.9341304930247708,0.37549282987583743,-0.0405141709042154,1.015480865920354,0.12024548002976766,0
3.989999999999782,REACH,0.2890998890578787,-0.05902324463749927,0.934211762536622,0.37549282987583743,-0.0405141709042154,1.015480865920354,0.12004579625474267,0
3.991999999999782,REACH,0.2892958050357819,-0.05899958855133106,0.93429335039737,0.37549282987583743,-0.0405141709042154,1.015480865920354,0.11984594458578984,0
3.9939999999997817,REACH,0.28949170434964044,-0.058975862867421736,0.9343752564252698,0.37549282987583743,-0.0405141709042154,1.015480865920354,0.11964592577052556,0
3.9959999999997815,REACH,0.2896875858550271,-0.05895206776100386,0.9344574804332341,0.37549282987583743,-0.0405141709042154,1.015480865920354,0.11944574055933022,0
3.9979999999997813,REACH,0.2898834484073533,-0.05892820340846322,0.9345400222288309,0.37549282987583743,-0.0405141709042154,1.015480865920354,0.1192453897053446,0
3.999999999999781,REACH,0.2900792908618862,-0.05890426998733464,0.9346228816142765,0.37549282987583743,-0.0405141709042154,1.015480865920354,0.11904487396447015,0
4.001999999999781,REACH,0.2902751120737659,-0.05888026767629826,0.9347060583864331,0.37549282987583743,-0.0405141709042154,1.015480865920354,0.11884419409536584,0
4.003999999999781,REACH,0.29047091089802335,-0.05885619665517553,0.9347895523368034,0.37549282987583743,-0.0405141709042154,1.015480865920354,0.11864335085944669,0
4.005999999999781,REACH,0.29066668618959757,-0.05883205710492528,0.9348733632515264,0.37549282987583743,-0.0405141709042154,1.015480865920354,0.11844234502088274,0
4.007999999999781,REACH,0.29086243680335344,-0.05880784920763964,0.9349574909113739,0.37549282987583743,-0.0405141709042154,1.015480865920354,0.11824117734659598,0
4.00999999999978,REACH,0.29105816159409925,-0.05878357314654033,0.9350419350917457,0.37549282987583743,-0.0405141709042154,1.015480865920354,0.1180398486062595,0
4.01199999999978,REACH,0.2912538594166041,-0.058759229105974586,0.9351266955626668,0.37549282987583743,-0.0405141709042154,1.015480865920354,0.11783835957229458,0
4.01399999999978,REACH,0.2914495291256159,-0.058734817271410895,0.9352117720887823,0.37549282987583743,-0.0405141709042154,1.015480865920354,0.11763671101986937,0
4.01599999999978,REACH,0.29164516957587927,-0.05871033782943582,0.9352971644293542,0.37549282987583743,-0.0405141709042154,1.015480865920354,0.11743490372689645,0
4.0179999999997795,REACH,0.2918407796221526,-0.05868579096774849,0.9353828723382588,0.37549282987583743,-0.0405141709042154,1.015480865920354,0.11723293847403032,0
4.019999999999779,REACH,0.2920363581192258,-0.05866117687515793,0.9354688955639817,0.37549282987583743,-0.0405141709042154,1.015480865920354,0.11703081604466638,0
4.021999999999779,REACH,0.2922319039219395,-0.058636495741578545,0.9355552338496154,0.37549282987583743,-0.0405141709042154,1.015480865920354,0.11682853722493694,0
4.023999999999779,REACH,0.29242741588520077,-0.05861174775802538,0.935641886932856,0.37549282987583743,-0.0405141709042154,1.015480865920354,0.11662610280371015,0
4.025999999999779,REACH,0.29262289286400206,-0.05858693311661098,0.9357288545459994,0.37549282987583743,-0.0405141709042154,1.015480865920354,0.11642351357258783,0
4.027999999999778,REACH,0.2928183337134397,-0.05856205201054099,0.9358161364159395,0.37549282987583743,-0.0405141709042154,1.015480865920354,0.11622077032590136,0
4.029999999999778,REACH,0.29301373728873015,-0.05853710463410902,0.935903732264163,0.37549282987583743,-0.0405141709042154,1.015480865920354,0.11601787386071183,0
4.031999999999778,REACH,0.2932091024452291,-0.05851209118269433,0.9359916418067492,0.37549282987583743,-0.0405141709042154,1.015480865920354,0.11581482497680523,0
4.033999999999778,REACH,0.2934044280384489,-0.05848701185275568,0.9360798647543662,0.37549282987583743,-0.0405141709042154,1.015480865920354,0.11561162447669047,0
4.0359999999997775,REACH,0.29359971292407727,-0.05846186684182854,0.9361684008122677,0.37549282987583743,-0.0405141709042154,1.015480865920354,0.11540827316559715,0
4.037999999999777,REACH,0.2937949559579938,-0.05843665634852041,0.9362572496802907,0.37549282987583743,-0.0405141709042154,1.015480865920354,0.11520477185147335,0
4.039999999999777,REACH,0.2939901559962894,-0.058411380572506166,0.936346411052854,0.37549282987583743,-0.0405141709042154,1.015480865920354,0.11500112134498133,0
4.041999999999777,REACH,0.29418531189528335,-0.058386039714524475,0.9364358846189552,0.37549282987583743,-0.0405141709042154,1.015480865920354,0.11479732245949603,0
4.043999999999777,REACH,0.29438042251154184,-0.058360633976373165,0.9365256700621694,0.37549282987583743,-0.0405141709042154,1.015480865920354,0.11459337601110121,0
4.045999999999776,REACH,0.29457548670189576,-0.05833516356090479,0.9366157670606438,0.37549282987583743,-0.0405141709042154,1.015480865920354,0.11438928281858882,0
4.047999999999776,REACH,0.29477050332345883,-0.058309628672022565,0.9367061752871013,0.37549282987583743,-0.0405141709042154,1.015480865920354,0.11418504370345237,0
4.049999999999776,REACH,0.29496547123364564,-0.05828402951467626,0.9367968944088342,0.37549282987583743,-0.0405141709042154,1.015480865920354,0.11398065948988723,0
4.051999999999776,REACH,0.2951603892901901,-0.058258366294857235,0.9368879240877037,0.37549282987583743,-0.0405141709042154,1.015480865920354,0.11377613100478581,0
4.053999999999776,REACH,0.2953552563511629,-0.058232639219594734,0.9369792639801395,0.37549282987583743,-0.0405141709042154,1.015480865920354,0.11357145907773487,0
4.055999999999775,REACH,0.2955500712749898,-0.05820684849695088,0.9370709137371365,0.37549282987583743,-0.0405141709042154,1.015480865920354,0.1133666445410128,0
4.057999999999775,REACH,0.2957448329204706,-0.05818099433601675,0.9371628730042537,0.37549282987583743,-0.0405141709042154,1.015480865920354,0.1131616882295858,0
4.059999999999775,REACH,0.29593954014679585,-0.05815507694690787,0.9372551414216147,0.37549282987583743,-0.0405141709042154,1.015480865920354,0.11295659098110478,0
4.061999999999775,REACH,0.2961341918135666,-0.05812909654075982,0.9373477186239042,0.37549282987583743,-0.0405141709042154,1.015480865920354,0.11275135363590194,0
4.0639999999997745,REACH,0.29632878678081115,-0.05810305332972358,0.9374406042403679,0.37549282987583743,-0.0405141709042154,1.015480865920354,0.11254597703698804,0
4.065999999999774,REACH,0.2965233239090043,-0.05807694752696127,0.9375337978948122,0.37549282987583743,-0.0405141709042154,1.015480865920354,0.11234046203004779,0
4.067999999999774,REACH,0.29671780205908466,-0.05805077934664148,0.9376272992056015,0.37549282987583743,-0.0405141709042154,1.015480865920354,0.11213480946343808,0
4.069999999999774,REACH,0.2969122200924739,-0.0580245490039355,0.9377211077856596,0.37549282987583743,-0.0405141709042154,1.015480865920354,0.11192902018818253,0
4.071999999999774,REACH,0.2971065768710941,-0.05799825671501148,0.9378152232424677,0.37549282987583743,-0.0405141709042154,1.015480865920354,0.11172309505796925,0
4.073999999999773,REACH,0.29730087125738625,-0.0579719026970314,0.9379096451780639,0.37549282987583743,-0.0405141709042154,1.015480865920354,0.111517034929147,0
4.075999999999773,REACH,0.2974951021143288,-0.057945487168145515,0.9380043731890436,0.37549282987583743,-0.0405141709042154,1.015480865920354,0.11131084066072075,0
4.077999999999773,REACH,0.29768926830545545,-0.05791901034748826,0.9380994068665582,0.37549282987583743,-0.0405141709042154,1.015480865920354,0.11110451311434924,0
4.079999999999773,REACH,0.2978833686948735,-0.05789247245517336,0.938194745796316,0.37549282987583743,-0.0405141709042154,1.015480865920354,0.11089805315433997,0
4.0819999999997725,REACH,0.2980774021472824,-0.05786587371228986,0.9382903895585807,0.37549282987583743,-0.0405141709042154,1.015480865920354,0.11069146164764632,0
4.083999999999772,REACH,0.2982713675279921,-0.057839214340896915,0.938386337728173,0.37549282987583743,-0.0405141709042154,1.015480865920354,0.11048473946386254,0
4.085999999999772,REACH,0.2984652637029404,-0.057812494564019566,0.9384825898744698,0.37549282987583743,-0.0405141709042154,1.015480865920354,0.11027788747522127,0
4.087999999999772,REACH,0.29865908953871273,-0.05778571460564404,0.9385791455614041,0.37549282987583743,-0.0405141709042154,1.015480865920354,0.11007090655658831,0
4.089999999999772,REACH,0.2988528439025587,-0.057758874690712954,0.9386760043474661,0.37549282987583743,-0.0405141709042154,1.015480865920354,0.10986379758545979,0
4.091999999999771,REACH,0.2990465256624122,-0.057731975045121245,0.9387731657857045,0.37549282987583743,-0.0405141709042154,1.015480865920354,0.10965656144195599,0
4.093999999999771,REACH,0.2992401336869081,-0.05770501589571056,0.9388706294237237,0.37549282987583743,-0.0405141709042154,1.015480865920354,0.10944919900882055,0
4.095999999999771,REACH,0.2994336668454017,-0.057677997470265675,0.9389683948036888,0.37549282987583743,-0.0405141709042154,1.015480865920354,0.10924171117141288,0
4.097999999999771,REACH,0.2996271240079862,-0.05765091999750893,0.939066461462324,0.37549282987583743,-0.0405141709042154,1.015480865920354,0.10903409881770572,0
4.0999999999997705,REACH,0.2998205040455116,-0.05762378370709613,0.9391648289309135,0.37549282987583743,-0.0405141709042154,1.015480865920354,0.10882636283828087,0
4.10199999999977,REACH,0.3000138058296026,-0.05759658882961159,0.9392634967353032,0.37549282987583743,-0.0405141709042154,1.015480865920354,0.10861850412632433,0
4.10399999999977,REACH,0.3002070282326772,-0.05756933559656332,0.9393624643959015,0.37549282987583743,-0.0405141709042154,1.015480865920354,0.10841052357762206,0
4.10599999999977,REACH,0.3004001701279646,-0.05754202424037873,0.9394617314276809,0.37549282987583743,-0.0405141709042154,1.015480865920354,0.1082024220905559,0
4.10799999999977,REACH,0.3005932303895241,-0.05751465499439964,0.9395612973401789,0.37549282987583743,-0.0405141709042154,1.015480865920354,0.1079942005660983,0
4.109999999999769,REACH,0.3007862078922627,-0.057487228092877166,0.9396611616374998,0.37549282987583743,-0.0405141709042154,1.015480865920354,0.10778585990780878,0
4.111999999999769,REACH,0.30097910151195345,-0.05745974377096769,0.9397613238183156,0.37549282987583743,-0.0405141709042154,1.015480865920354,0.10757740102182928,0
4.113999999999769,REACH,0.3011719101252549,-0.05743220226472757,0.9398617833758691,0.37549282987583743,-0.0405141709042154,1.015480865920354,0.10736882481687793,0
4.115999999999769,REACH,0.30136463260972735,-0.05740460381110842,0.9399625397979743,0.37549282987583743,-0.0405141709042154,1.015480865920354,0.10716013220424696,0
4.1179999999997685,REACH,0.30155726784385317,-0.05737694864795287,0.9400635925670192,0.37549282987583743,-0.0405141709042154,1.015480865920354,0.10695132409779555,0
4.119999999999768,REACH,0.3017498147070533,-0.057349237013988745,0.9401649411599677,0.37549282987583743,-0.0405141709042154,1.015480865920354,0.10674240141394671,0
4.121999999999768,REACH,0.3019422720797068,-0.05732146914882513,0.9402665850483607,0.37549282987583743,-0.0405141709042154,1.015480865920354,0.10653336507168219,0
4.123999999999768,REACH,0.30213463884316855,-0.05729364529294738,0.9403685236983204,0.37549282987583743,-0.0405141709042154,1.015480865920354,0.10632421599253651,0
4.125999999999768,REACH,0.30232691387978783,-0.05726576568771205,0.9404707565705502,0.37549282987583743,-0.0405141709042154,1.015480865920354,0.10611495510059353,0
4.127999999999767,REACH,0.30251909607292554,-0.05723783057534212,0.9405732831203398,0.37549282987583743,-0.0405141709042154,1.015480865920354,0.10590558332248068,0
4.129999999999767,REACH,0.30271118430697397,-0.05720984019892227,0.9406761027975653,0.37549282987583743,-0.0405141709042154,1.015480865920354,0.1056961015873642,0
4.131999999999767,REACH,0.3029031774673735,-0.057181794802393854,0.9407792150466942,0.37549282987583743,-0.0405141709042154,1.015480865920354,0.10548651082694371,0
4.133999999999767,REACH,0.30309507444063216,-0.05715369463055038,0.9408826193067861,0.37549282987583743,-0.0405141709042154,1.015480865920354,0.10527681197544768,0
4.1359999999997665,REACH,0.30328687411434274,-0.05712553992903217,0.9409863150114967,0.37549282987583743,-0.0405141709042154,1.015480865920354,0.10506700596962833,0
4.137999999999766,REACH,0.3034785753772017,-0.057097330944321845,0.9410903015890814,0.37549282987583743,-0.0405141709042154,1.015480865920354,0.1048570937487554,0
4.139999999999766,REACH,0.30367017711902644,-0.0570690679237392,0.9411945784623972,0.37549282987583743,-0.0405141709042154,1.015480865920354,0.10464707625461249,0
4.141999999999766,REACH,0.3038616782307749,-0.05704075111543648,0.9412991450489065,0.37549282987583743,-0.0405141709042154,1.015480865920354,0.10443695443149044,0
4.143999999999766,REACH,0.30405307760456196,-0.05701238076839324,0.9414040007606814,0.37549282987583743,-0.0405141709042154,1.015480865920354,0.10422672922618256,0
4.145999999999765,REACH,0.30424437413367894,-0.05698395713241162,0.941509145004405,0.37549282987583743,-0.0405141709042154,1.015480865920354,0.10401640158797965,0
4.147999999999765,REACH,0.30443556671261107,-0.0569554804581113,0.9416145771813775,0.37549282987583743,-0.0405141709042154,1.015480865920354,0.1038059724686633,0
4.149999999999765,REACH,0.3046266542370558,-0.056926950996924894,0.9417202966875173,0.37549282987583743,-0.0405141709042154,1.015480865920354,0.10359544282250248,0
4.151999999999765,REACH,0.3048176356039405,-0.05689836900109241,0.9418263029133679,0.37549282987583743,-0.0405141709042154,1.015480865920354,0.10338481360624574,0
4.1539999999997645,REACH,0.30500850971144094,-0.0568697347236569,0.9419325952440987,0.37549282987583743,-0.0405141709042154,1.015480865920354,0.1031740857791175,0
4.155999999999764,REACH,0.30519927545899905,-0.0568410484184588,0.9420391730595112,0.37549282987583743,-0.0405141709042154,1.015480865920354,0.10296326030281137,0
4.157999999999764,REACH,0.3053899317473413,-0.05681231034013215,0.9421460357340425,0.37549282987583743,-0.0405141709042154,1.015480865920354,0.10275233814148481,0
4.159999999999764,REACH,0.30558047747849604,-0.05678352074409802,0.9422531826367689,0.37549282987583743,-0.0405141709042154,1.015480865920354,0.10254132026175392,0
4.161999999999764,REACH,0.305770911555812,-0.056754679886560834,0.9423606131314116,0.37549282987583743,-0.0405141709042154,1.015480865920354,0.10233020763268676,0
4.1639999999997634,REACH,0.30596123288397625,-0.05672578802450286,0.9424683265763398,0.37549282987583743,-0.0405141709042154,1.015480865920354,0.10211900122579841,0
4.165999999999763,REACH,0.30615144036903175,-0.05669684541567936,0.9425763223245763,0.37549282987583743,-0.0405141709042154,1.015480865920354,0.10190770201504484,0
4.167999999999763,REACH,0.30634153291839583,-0.05666785231861339,0.9426845997238016,0.37549282987583743,-0.0405141709042154,1.015480865920354,0.10169631097681696,0
4.169999999999763,REACH,0.30653150944087715,-0.0566388089925909,0.9427931581163591,0.37549282987583743,-0.0405141709042154,1.015480865920354,0.10148482908993493,0
4.171999999999763,REACH,0.3067213688466944,-0.056609715697655716,0.9429019968392596,0.37549282987583743,-0.0405141709042154,1.015480865920354,0.10127325733564234,0
4.173999999999762,REACH,0.30691111004749433,-0.05658057269460479,0.9430111152241873,0.37549282987583743,-0.0405141709042154,1.015480865920354,0.10106159669759887,0
4.175999999999762,REACH,0.30710073195636817,-0.056551380244982755,0.9431205125975032,0.37549282987583743,-0.0405141709042154,1.015480865920354,0.10084984816187716,0
4.177999999999762,REACH,0.3072902334878709,-0.0565221386110769,0.943230188280252,0.37549282987583743,-0.0405141709042154,1.015480865920354,0.1006380127169537,0
4.179999999999762,REACH,0.3074796135580386,-0.05649284805591281,0.9433401415881668,0.37549282987583743,-0.0405141709042154,1.015480865920354,0.100426091353704,0
4.1819999999997615,REACH,0.30766887108440527,-0.05646350884324822,0.9434503718316748,0.37549282987583743,-0.0405141709042154,1.015480865920354,0.10021408506539693,0
4.183999999999761,REACH,0.3078580049860218,-0.05643412123756898,0.9435608783159024,0.37549282987583743,-0.0405141709042154,1.015480865920354,0.10000199484768764,0
4.185999999999761,REACH,0.308047014183473,-0.05640468550408366,0.9436716603406806,0.37549282987583743,-0.0405141709042154,1.015480865920354,0.0997898216986122,0
4.187999999999761,REACH,0.30823589759889514,-0.05637520190871781,0.9437827172005532,0.37549282987583743,-0.0405141709042154,1.015480865920354,0.09957756661857965,0
4.189999999999761,REACH,0.30842465415599407,-0.05634567071811044,0.9438940481847784,0.37549282987583743,-0.0405141709042154,1.015480865920354,0.09936523061036828,0
4.19199999999976,REACH,0.308613282780062,-0.05631609219960739,0.9440056525773393,0.37549282987583743,-0.0405141709042154,1.015480865920354,0.09915281467911681,0
4.19399999999976,REACH,0.3088017823979957,-0.05628646662125708,0.9441175296569474,0.37549282987583743,-0.0405141709042154,1.015480865920354,0.09894031983231912,0
4.19599999999976,REACH,0.3089901519383141,-0.056256794251805534,0.9442296786970491,0.37549282987583743,-0.0405141709042154,1.015480865920354,0.09872774707981792,0
4.19799999999976,REACH,0.309178390331175,-0.05622707536069045,0.9443420989658327,0.37549282987583743,-0.0405141709042154,1.015480865920354,0.09851509743379795,0
4.1999999999997595,REACH,0.30936649650839343,-0.05619731021803753,0.9444547897262348,0.37549282987583743,-0.0405141709042154,1.015480865920354,0.09830237190877913,0
4.201999999999759,REACH,0.3095544694034579,-0.05616749909465378,0.9445677502359457,0.37549282987583743,-0.0405141709042154,1.015480865920354,0.09808957152161137,0
4.203999999999759,REACH,0.30974230795154917,-0.05613764226202378,0.9446809797474182,0.37549282987583743,-0.0405141709042154,1.015480865920354,0.09787669729146589,0
4.205999999999759,REACH,0.3099300110895569,-0.05610773999230395,0.944794477507872,0.37549282987583743,-0.0405141709042154,1.015480865920354,0.09766375023983011,0
4.207999999999759,REACH,0.3101175777560966,-0.056077792558317414,0.9449082427593027,0.37549282987583743,-0.0405141709042154,1.015480865920354,0.09745073139050041,0
4.209999999999758,REACH,0.3103050068915271,-0.05604780023354887,0.9450222747384872,0.37549282987583743,-0.0405141709042154,1.015480865920354,0.09723764176957576,0
4.211999999999758,REACH,0.3104922974379687,-0.05601776329214033,0.9451365726769911,0.37549282987583743,-0.0405141709042154,1.015480865920354,0.09702448240545053,0
4.213999999999758,REACH,0.3106794483393185,-0.05598768200888456,0.945251135801177,0.37549282987583743,-0.0405141709042154,1.015480865920354,0.09681125432880791,0
4.215999999999758,REACH,0.3108664585412692,-0.055957556659221086,0.9453659633322103,0.37549282987583743,-0.0405141709042154,1.015480865920354,0.09659795857261318,0
4.2179999999997575,REACH,0.3110533269913259,-0.05592738751923109,0.945481054486068,0.37549282987583743,-0.0405141709042154,1.015480865920354,0.0963845961721061,0
4.219999999999757,REACH,0.3112400526388221,-0.055897174865631734,0.9455964084735445,0.37549282987583743,-0.0405141709042154,1.015480865920354,0.0961711681647956,0
4.221999999999757,REACH,0.31142663443493807,-0.05586691897577095,0.945712024500261,0.37549282987583743,-0.0405141709042154,1.015480865920354,0.09595767559045107,0
4.223999999999757,REACH,0.311613071332717,-0.05583662012762329,0.945827901766673,0.37549282987583743,-0.0405141709042154,1.015480865920354,0.09574411949109596,0
4.225999999999757,REACH,0.31179936228708255,-0.05580627859978393,0.9459440394680757,0.37549282987583743,-0.0405141709042154,1.015480865920354,0.09553050091100176,0
4.227999999999756,REACH,0.31198550625485477,-0.05577589467146381,0.9460604367946159,0.37549282987583743,-0.0405141709042154,1.015480865920354,0.09531682089667932,0
4.229999999999756,REACH,0.3121715021947681,-0.0557454686224845,0.9461770929312969,0.37549282987583743,-0.0405141709042154,1.015480865920354,0.09510308049687281,0
4.231999999999756,REACH,0.3123573490674874,-0.05571500073327336,0.9462940070579882,0.37549282987583743,-0.0405141709042154,1.015480865920354,0.09488928076255213,0
4.233999999999756,REACH,0.3125430458356249,-0.05568449128485803,0.9464111783494323,0.37549282987583743,-0.0405141709042154,1.015480865920354,0.09467542274690655,0
4.2359999999997555,REACH,0.31272859146375703,-0.05565394055886131,0.9465286059752552,0.37549282987583743,-0.0405141709042154,1.015480865920354,0.09446150750533616,0
4.237999999999755,REACH,0.31291398491844097,-0.05562334883749663,0.9466462890999736,0.37549282987583743,-0.0405141709042154,1.015480865920354,0.09424753609544533,0
4.239999999999755,REACH,0.31309922516823097,-0.055592716403562,0.9467642268830033,0.37549282987583743,-0.0405141709042154,1.015480865920354,0.09403350957703571,0
4.241999999999755,REACH,0.3132843111836964,-0.05556204354043596,0.9468824184786673,0.37549282987583743,-0.0405141709042154,1.015480865920354,0.09381942901209876,0
4.243999999999755,REACH,0.31346924193743575,-0.05553133053207154,0.9470008630362063,0.37549282987583743,-0.0405141709042154,1.015480865920354,0.09360529546480816,0
4.245999999999754,REACH,0.31365401640409507,-0.05550057766299153,0.9471195596997873,0.37549282987583743,-0.0405141709042154,1.015480865920354,0.09339111000151205,0
4.247999999999754,REACH,0.3138386335603836,-0.055469785218283205,0.9472385076085106,0.37549282987583743,-0.0405141709042154,1.015480865920354,0.09317687369072702,0
4.249999999999754,REACH,0.31402309238509096,-0.05543895348359397,0.9473577058964207,0.37549282987583743,-0.0405141709042154,1.015480865920354,0.09296258760312902,0
4.251999999999754,REACH,0.3142073918591017,-0.05540808274512461,0.9474771536925152,0.37549282987583743,-0.0405141709042154,1.015480865920354,0.0927482528115471,0
4.2539999999997535,REACH,0.31439153096541383,-0.05537717328962624,0.947596850120754,0.37549282987583743,-0.0405141709042154,1.015480865920354,0.0925338703909547,0
4.255999999999753,REACH,0.3145755086891531,-0.05534622540439328,0.9477167943000677,0.37549282987583743,-0.0405141709042154,1.015480865920354,0.09231944141846393,0
4.257999999999753,REACH,0.3147593240175901,-0.0553152393772596,0.9478369853443696,0.37549282987583743,-0.0405141709042154,1.015480865920354,0.09210496697331559,0
4.259999999999753,REACH,0.31494297594015674,-0.05528421549659303,0.9479574223625618,0.37549282987583743,-0.0405141709042154,1.015480865920354,0.09189044813687355,0
4.261999999999753,REACH,0.3151264634484609,-0.05525315405128982,0.9480781044585479,0.37549282987583743,-0.0405141709042154,1.015480865920354,0.09167588599261625,0
4.263999999999752,REACH,0.3153097855363043,-0.05522205533077048,0.9481990307312406,0.37549282987583743,-0.0405141709042154,1.015480865920354,0.0914612816261293,0
4.265999999999752,REACH,0.31549294119969645,-0.05519091962497365,0.9483202002745736,0.37549282987583743,-0.0405141709042154,1.015480865920354,0.0912466361250972,0
4.267999999999752,REACH,0.31567592943687206,-0.0551597472243515,0.9484416121775104,0.37549282987583743,-0.0405141709042154,1.015480865920354,0.09103195057929603,0
4.269999999999752,REACH,0.31585874924830615,-0.05512853841986494,0.948563265524054,0.37549282987583743,-0.0405141709042154,1.015480865920354,0.09081722608058598,0
4.2719999999997516,REACH,0.3160413996367301,-0.055097293502978,0.9486851593932573,0.37549282987583743,-0.0405141709042154,1.015480865920354,0.09060246372290337,0
4.273999999999751,REACH,0.3162238796071472,-0.055066012765652456,0.9488072928592352,0.37549282987583743,-0.0405141709042154,1.015480865920354,0.09038766460225148,0
4.275999999999751,REACH,0.316406188166848,-0.05503469650034375,0.9489296649911719,0.37549282987583743,-0.0405141709042154,1.015480865920354,0.0901728298166952,0
4.277999999999751,REACH,0.31658832432542666,-0.055003344999995,0.9490522748533342,0.37549282987583743,-0.0405141709042154,1.015480865920354,0.08995796046635077,0
4.279999999999751,REACH,0.31677028709479593,-0.05497195855803237,0.9491751215050797,0.37549282987583743,-0.0405141709042154,1.015480865920354,0.08974305765337952,0
4.2819999999997505,REACH,0.3169520754892023,-0.05494053746835953,0.9492982040008691,0.37549282987583743,-0.0405141709042154,1.015480865920354,0.08952812248197904,0
4.28399999999975,REACH,0.31713368852524254,-0.054909082025353356,0.9494215213902766,0.37549282987583743,-0.0405141709042154,1.015480865920354,0.089313156058375,0
4.28599999999975,REACH,0.31731512522187766,-0.05487759252385799,0.949545072718,0.37549282987583743,-0.0405141709042154,1.015480865920354,0.08909815949081429,0
4.28799999999975,REACH,0.31749638460044904,-0.05484606925918005,0.9496688570238737,0.37549282987583743,-0.0405141709042154,1.015480865920354,0.088883133889555,0
4.28999999999975,REACH,0.3176774656846937,-0.054814512527084004,0.9497928733428763,0.37549282987583743,-0.0405141709042154,1.015480865920354,0.08866808036686089,0
4.291999999999749,REACH,0.3178583675007588,-0.05478292262378648,0.9499171207051453,0.37549282987583743,-0.0405141709042154,1.015480865920354,0.08845300003699093,0
4.293999999999749,REACH,0.31803908907721723,-0.05475129984595131,0.9500415981359869,0.37549282987583743,-0.0405141709042154,1.015480865920354,0.08823789401619217,0
4.295999999999749,REACH,0.3182196294450827,-0.054719644490684824,0.9501663046558857,0.37549282987583743,-0.0405141709042154,1.015480865920354,0.08802276342269238,0
4.297999999999749,REACH,0.3183999876378243,-0.0546879568555308,0.9502912392805191,0.37549282987583743,-0.0405141709042154,1.015480865920354,0.08780760937669037,0
4.2999999999997485,REACH,0.31858016269138156,-0.05465623723846454,0.9504164010207666,0.37549282987583743,-0.0405141709042154,1.015480865920354,0.08759243300034875,0
4.301999999999748,REACH,0.31876015364417926,-0.054624485937888906,0.9505417888827234,0.37549282987583743,-0.0405141709042154,1.015480865920354,0.08737723541778479,0
4.303999999999748,REACH,0.3189399595371424,-0.05459270325262873,0.9506674018677094,0.37549282987583743,-0.0405141709042154,1.015480865920354,0.08716201775506367,0
4.305999999999748,REACH,0.3191195794137103,-0.054560889481925626,0.9507932389722838,0.37549282987583743,-0.0405141709042154,1.015480865920354,0.08694678114018829,0
4.307999999999748,REACH,0.31929901231985175,-0.05452904492543344,0.9509192991882548,0.37549282987583743,-0.0405141709042154,1.015480865920354,0.0867315267030929,0
4.309999999999747,REACH,0.31947825730407986,-0.05449716988321323,0.9510455815026935,0.37549282987583743,-0.0405141709042154,1.015480865920354,0.08651625557563249,0
4.311999999999747,REACH,0.3196573134174652,-0.05446526465572727,0.9511720848979441,0.37549282987583743,-0.0405141709042154,1.015480865920354,0.08630096889157672,0
4.313999999999747,REACH,0.3198361797136517,-0.05443332954383534,0.9512988083516375,0.37549282987583743,-0.0405141709042154,1.015480865920354,0.08608566778660011,0
4.315999999999747,REACH,0.32001485524886975,-0.0544013648487886,0.9514257508367026,0.37549282987583743,-0.0405141709042154,1.015480865920354,0.08587035339827416,0
4.3179999999997465,REACH,0.3201933390819515,-0.054369370872225556,0.95155291132138,0.37549282987583743,-0.0405141709042154,1.015480865920354,0.08565502686605794,0
4.319999999999746,REACH,0.3203716302743443,-0.05433734791616619,0.9516802887692325,0.37549282987583743,-0.0405141709042154,1.015480865920354,0.08543968933129137,0
4.321999999999746,REACH,0.32054972789012554,-0.05430529628300783,0.951807882139159,0.37549282987583743,-0.0405141709042154,1.015480865920354,0.08522434193718503,0
4.323999999999746,REACH,0.32072763099601515,-0.05427321627551898,0.9519356903854077,0.37549282987583743,-0.0405141709042154,1.015480865920354,0.08500898582881235,0
4.325999999999746,REACH,0.32090533866139154,-0.05424110819683559,0.9520637124575865,0.37549282987583743,-0.0405141709042154,1.015480865920354,0.08479362215310149,0
4.327999999999745,REACH,0.3210828499583042,-0.054208972350455326,0.9521919473006775,0.37549282987583743,-0.0405141709042154,1.015480865920354,0.08457825205882624,0
4.329999999999745,REACH,0.32126016396148815,-0.05417680904023281,0.9523203938550503,0.37549282987583743,-0.0405141709042154,1.015480865920354,0.08436287669659678,0
4.331999999999745,REACH,0.32143727974837694,-0.054144618570374496,0.952449051056474,0.37549282987583743,-0.0405141709042154,1.015480865920354,0.0841474972188522,0
4.333999999999745,REACH,0.321614196399117,-0.054112401245434184,0.9525779178361302,0.37549282987583743,-0.0405141709042154,1.015480865920354,0.08393211477985157,0
4.3359999999997445,REACH,0.3217909129965804,-0.05408015737030707,0.9527069931206269,0.37549282987583743,-0.0405141709042154,1.015480865920354,0.08371673053566493,0
4.337999999999744,REACH,0.32196742862638,-0.05404788725022637,0.9528362758320099,0.37549282987583743,-0.0405141709042154,1.015480865920354,0.08350134564416531,0
4.339999999999744,REACH,0.3221437423768807,-0.05401559119075648,0.9529657648877798,0.37549282987583743,-0.0405141709042154,1.015480865920354,0.08328596126501826,0
4.341999999999744,REACH,0.32231985333921453,-0.05398326949778995,0.9530954592009013,0.37549282987583743,-0.0405141709042154,1.015480865920354,0.08307057855967548,0
4.343999999999744,REACH,0.32249576060729257,-0.05395092247754075,0.9532253576798194,0.37549282987583743,-0.0405141709042154,1.015480865920354,0.08285519869136442,0
4.345999999999743,REACH,0.3226714632778196,-0.053918550436541125,0.9533554592284716,0.37549282987583743,-0.0405141709042154,1.015480865920354,0.08263982282507998,0
4.347999999999743,REACH,0.32284696045030564,-0.05388615368163509,0.9534857627463017,0.37549282987583743,-0.0405141709042154,1.015480865920354,0.08242445212757646,0
4.349999999999743,REACH,0.3230222512270798,-0.05385373251997451,0.9536162671282752,0.37549282987583743,-0.0405141709042154,1.015480865920354,0.08220908776735683,0
4.351999999999743,REACH,0.3231973347133033,-0.05382128725901396,0.95374697126489,0.37549282987583743,-0.0405141709042154,1.015480865920354,0.08199373091466627,0
4.3539999999997425,REACH,0.32337221001698224,-0.05378881820650572,0.9538778740421937,0.37549282987583743,-0.0405141709042154,1.015480865920354,0.08177838274148114,0
4.355999999999742,REACH,0.3235468762489798,-0.053756325670495056,0.9540089743417947,0.37549282987583743,-0.0405141709042154,1.015480865920354,0.08156304442150196,0
4.357999999999742,REACH,0.32372133252303004,-0.053723809959315375,0.9541402710408784,0.37549282987583743,-0.0405141709042154,1.015480865920354,0.08134771713014273,0
4.359999999999742,REACH,0.323895577955749,-0.053691271381583104,0.9542717630122199,0.37549282987583743,-0.0405141709042154,1.015480865920354,0.08113240204452385,0
4.361999999999742,REACH,0.32406961166664877,-0.05365871024619312,0.954403449124199,0.37549282987583743,-0.0405141709042154,1.015480865920354,0.0809171003434618,0
4.363999999999741,REACH,0.3242434327781488,-0.05362612686231379,0.9545353282408142,0.37549282987583743,-0.0405141709042154,1.015480865920354,0.08070181320746078,0
4.365999999999741,REACH,0.3244170404155888,-0.05359352153938206,0.9546673992216972,0.37549282987583743,-0.0405141709042154,1.015480865920354,0.08048654181870361,0
4.367999999999741,REACH,0.32459043370724033,-0.05356089458709873,0.9547996609221276,0.37549282987583743,-0.0405141709042154,1.015480865920354,0.08027128736104269,0
4.369999999999741,REACH,0.3247636117843203,-0.053528246315423786,0.9549321121930473,0.37549282987583743,-0.0405141709042154,1.015480865920354,0.0800560510199908,0
4.3719999999997405,REACH,0.3249365737810019,-0.05349557703457124,0.955064751881074,0.37549282987583743,-0.0405141709042154,1.015480865920354,0.07984083398271294,0
4.37399999999974,REACH,0.3251093188344263,-0.053462887055004626,0.9551975788285181,0.37549282987583743,-0.0405141709042154,1.015480865920354,0.0796256374380163,0
4.37599999999974,REACH,0.3252818460847163,-0.05343017668743206,0.9553305918733961,0.37549282987583743,-0.0405141709042154,1.015480865920354,0.07941046257634103,0
4.37799999999974,REACH,0.3254541546749856,-0.05339744624280152,0.9554637898494447,0.37549282987583743,-0.0405141709042154,1.015480865920354,0.07919531058975324,0
4.37999999999974,REACH,0.32562624375135374,-0.053364696032296335,0.9555971715861378,0.37549282987583743,-0.0405141709042154,1.015480865920354,0.07898018267193255,0
4.381999999999739,REACH,0.32579811246295415,-0.05333192636732949,0.9557307359086998,0.37549282987583743,-0.0405141709042154,1.015480865920354,0.07876508001816601,0
4.383999999999739,REACH,0.32596975996194855,-0.05329913755954034,0.9558644816381218,0.37549282987583743,-0.0405141709042154,1.015480865920354,0.0785500038253372,0
4.385999999999739,REACH,0.3261411854035369,-0.053266329920788565,0.9559984075911749,0.37549282987583743,-0.0405141709042154,1.015480865920354,0.07833495529191833,0
4.387999999999739,REACH,0.32631238794596945,-0.053233503763150114,0.9561325125804282,0.37549282987583743,-0.0405141709042154,1.015480865920354,0.07811993561795977,0
4.3899999999997386,REACH,0.32648336675055795,-0.0532006593989126,0.9562667954142615,0.37549282987583743,-0.0405141709042154,1.015480865920354,0.07790494600508178,0
4.391999999999738,REACH,0.3266541209816859,-0.0531677971405699,0.9564012548968833,0.37549282987583743,-0.0405141709042154,1.015480865920354,0.07768998765646469,0
4.393999999999738,REACH,0.32682464980682085,-0.05313491730081793,0.9565358898283431,0.37549282987583743,-0.0405141709042154,1.015480865920354,0.0774750617768409,0
4.395999999999738,REACH,0.32699495239652504,-0.05310202019255028,0.9566706990045492,0.37549282987583743,-0.0405141709042154,1.015480865920354,0.0772601695724845,0
4.397999999999738,REACH,0.3271650279244663,-0.053069106128853,0.9568056812172838,0.37549282987583743,-0.0405141709042154,1.015480865920354,0.07704531225120191,0
4.3999999999997375,REACH,0.327334875567428,-0.05303617542299989,0.9569408352542191,0.37549282987583743,-0.0405141709042154,1.015480865920354,0.07683049102232344,0
4.401999999999737,REACH,0.3275044945053211,-0.053003228388448495,0.9570761598989305,0.37549282987583743,-0.0405141709042154,1.015480865920354,0.07661570709669485,0
4.403999999999737,REACH,0.3276738839211942,-0.05297026533883468,0.9572116539309168,0.37549282987583743,-0.0405141709042154,1.015480865920354,0.0764009616866648,0
4.405999999999737,REACH,0.32784304300124373,-0.05293728658796856,0.9573473161256121,0.37549282987583743,-0.0405141709042154,1.015480865920354,0.07618625600607933,0
4.407999999999737,REACH,0.3280119709348249,-0.05290429244982971,0.9574831452544033,0.37549282987583743,-0.0405141709042154,1.015480865920354,0.07597159127027073,0
4.409999999999736,REACH,0.32818066691446146,-0.05287128323856241,0.9576191400846468,0.37549282987583743,-0.0405141709042154,1.015480865920354,0.07575696869604814,0
4.411999999999736,REACH,0.3283491301358564,-0.05283825926847122,0.9577552993796833,0.37549282987583743,-0.0405141709042154,1.015480865920354,0.07554238950168889,0
4.413999999999736,REACH,0.32851735979790225,-0.05280522085401646,0.9578916218988545,0.37549282987583743,-0.0405141709042154,1.015480865920354,0.07532785490692875,0
4.415999999999736,REACH,0.3286853551026905,-0.0527721683098093,0.9580281063975197,0.37549282987583743,-0.0405141709042154,1.015480865920354,0.07511336613295246,0
4.4179999999997355,REACH,0.32885311525552147,-0.05273910195060778,0.9581647516270706,0.37549282987583743,-0.0405141709042154,1.015480865920354,0.07489892440238573,0
4.419999999999735,REACH,0.32902063946491533,-0.052706022091311686,0.9583015563349503,0.37549282987583743,-0.0405141709042154,1.015480865920354,0.07468453093928316,0
4.421999999999735,REACH,0.3291879269426205,-0.05267292904695829,0.9584385192646669,0.37549282987583743,-0.0405141709042154,1.015480865920354,0.07447018696912164,0
4.423999999999735,REACH,0.32935497690362403,-0.05263982313271795,0.9585756391558116,0.37549282987583743,-0.0405141709042154,1.015480865920354,0.07425589371878955,0
4.425999999999735,REACH,0.3295217885661605,-0.05260670466388915,0.9587129147440747,0.37549282987583743,-0.0405141709042154,1.015480865920354,0.07404165241657769,0
4.427999999999734,REACH,0.3296883611517223,-0.0525735739558945,0.9588503447612622,0.37549282987583743,-0.0405141709042154,1.015480865920354,0.07382746429217002,0
4.429999999999734,REACH,0.3298546938850683,-0.05254043132427596,0.958987927935313,0.37549282987583743,-0.0405141709042154,1.015480865920354,0.07361333057663368,0
4.431999999999734,REACH,0.3300207859942335,-0.05250727708469076,0.9591256629903147,0.37549282987583743,-0.0405141709042154,1.015480865920354,0.0733992525024103,0
4.433999999999734,REACH,0.3301866367105377,-0.05247411155290592,0.9592635486465213,0.37549282987583743,-0.0405141709042154,1.015480865920354,0.07318523130330615,0
4.4359999999997335,REACH,0.33035224526859513,-0.052440935044795425,0.959401583620369,0.37549282987583743,-0.0405141709042154,1.015480865920354,0.07297126821448317,0
4.437999999999733,REACH,0.3305176109063228,-0.052407747876334336,0.9595397666244944,0.37549282987583743,-0.0405141709042154,1.015480865920354,0.07275736447244867,0
4.439999999999733,REACH,0.33068273286494976,-0.052374550363594924,0.9596780963677504,0.37549282987583743,-0.0405141709042154,1.015480865920354,0.07254352131504664,0
4.441999999999733,REACH,0.3308476103890252,-0.05234134282274251,0.9598165715552239,0.37549282987583743,-0.0405141709042154,1.015480865920354,0.07232973998144807,0
4.443999999999733,REACH,0.3310122427264283,-0.052308125570030874,0.9599551908882518,0.37549282987583743,-0.0405141709042154,1.015480865920354,0.07211602171214185,0
4.445999999999732,REACH,0.33117662912837487,-0.05227489892179736,0.9600939530644401,0.37549282987583743,-0.0405141709042154,1.015480865920354,0.07190236774892424,0
4.447999999999732,REACH,0.3313407688494281,-0.05224166319445954,0.9602328567776791,0.37549282987583743,-0.0405141709042154,1.015480865920354,0.07168877933489035,0
4.449999999999732,REACH,0.33150466114750454,-0.052208418704510165,0.9603719007181614,0.37549282987583743,-0.0405141709042154,1.015480865920354,0.07147525771442495,0
4.451999999999732,REACH,0.33166830528388386,-0.0521751657685129,0.9605110835724002,0.37549282987583743,-0.0405141709042154,1.015480865920354,0.07126180413319136,0
4.4539999999997315,REACH,0.33183170052321614,-0.052141904703097985,0.9606504040232448,0.37549282987583743,-0.0405141709042154,1.015480865920354,0.07104841983812417,0
4.455999999999731,REACH,0.3319948461335303,-0.05210863582495804,0.9607898607498996,0.37549282987583743,-0.0405141709042154,1.015480865920354,0.07083510607741772,0
4.457999999999731,REACH,0.3321577413862422,-0.052075359450844155,0.96092945242794,0.37549282987583743,-0.0405141709042154,1.015480865920354,0.0706218641005183,0
4.459999999999731,REACH,0.3323203855561613,-0.05204207589756066,0.9610691777293328,0.37549282987583743,-0.0405141709042154,1.015480865920354,0.0704086951581128,0
4.461999999999731,REACH,0.33248277792149944,-0.05200878548196164,0.96120903532245,0.37549282987583743,-0.0405141709042154,1.015480865920354,0.07019560050212112,0
4.46399999999973,REACH,0.33264491776387783,-0.05197548852094646,0.9613490238720893,0.37549282987583743,-0.0405141709042154,1.015480865920354,0.06998258138568542,0
4.46599999999973,REACH,0.33280680436833543,-0.05194218533145566,0.9614891420394909,0.37549282987583743,-0.0405141709042154,1.015480865920354,0.0697696390631605,0
4.46799999999973,REACH,0.33296843702333434,-0.05190887623046632,0.9616293884823541,0.37549282987583743,-0.0405141709042154,1.015480865920354,0.06955677479010595,0
4.46999999999973,REACH,0.3331298150207691,-0.05187556153498822,0.9617697618548575,0.37549282987583743,-0.0405141709042154,1.015480865920354,0.06934398982327414,0
4.4719999999997295,REACH,0.33329093765597273,-0.05184224156205956,0.9619102608076745,0.37549282987583743,-0.0405141709042154,1.015480865920354,0.06913128542060268,0
4.473999999999729,REACH,0.33345180422772386,-0.0518089166287428,0.9620508839879932,0.37549282987583743,-0.0405141709042154,1.015480865920354,0.06891866284120345,0
4.475999999999729,REACH,0.33361241403825365,-0.051775587052120445,0.9621916300395322,0.37549282987583743,-0.0405141709042154,1.015480865920354,0.06870612334535474,0
4.477999999999729,REACH,0.33377276639325276,-0.05174225314929096,0.9623324976025612,0.37549282987583743,-0.0405141709042154,1.015480865920354,0.0684936681944896,0
4.479999999999729,REACH,0.33393286060187843,-0.05170891523736455,0.9624734853139159,0.37549282987583743,-0.0405141709042154,1.015480865920354,0.06828129865118844,0
4.481999999999728,REACH,0.3340926959767598,-0.05167557363345904,0.9626145918070191,0.37549282987583743,-0.0405141709042154,1.015480865920354,0.0680690159791677,0
4.483999999999728,REACH,0.33425227183400547,-0.051642228654696025,0.9627558157118968,0.37549282987583743,-0.0405141709042154,1.015480865920354,0.06785682144327183,0
4.485999999999728,REACH,0.3344115874932095,-0.05160888061819637,0.9628971556551976,0.37549282987583743,-0.0405141709042154,1.015480865920354,0.06764471630946238,0
4.487999999999728,REACH,0.3345706422774576,-0.05157552984107652,0.9630386102602109,0.37549282987583743,-0.0405141709042154,1.015480865920354,0.06743270184480886,0
4.4899999999997275,REACH,0.3347294355133334,-0.05154217664044407,0.9631801781468828,0.37549282987583743,-0.0405141709042154,1.015480865920354,0.06722077931748066,0
4.491999999999727,REACH,0.3348879665309245,-0.05150882133339414,0.9633218579318383,0.37549282987583743,-0.0405141709042154,1.015480865920354,0.06700894999673504,0
4.493999999999727,REACH,0.3350462346638279,-0.05147546423700512,0.9634636482283976,0.37549282987583743,-0.0405141709042154,1.015480865920354,0.06679721515290889,0
4.495999999999727,REACH,0.33520423924915654,-0.05144210566833462,0.9636055476465929,0.37549282987583743,-0.0405141709042154,1.015480865920354,0.06658557605741006,0
4.497999999999727,REACH,0.3353619796275441,-0.051408745944415406,0.963747554793191,0.37549282987583743,-0.0405141709042154,1.015480865920354,0.06637403398270551,0
4.499999999999726,REACH,0.3355194551431518,-0.051375385382251997,0.9638896682717073,0.37549282987583743,-0.0405141709042154,1.015480865920354,0.06616259020231413,0
4.501999999999726,REACH,0.33567666514367206,-0.05134202429881565,0.964031886682428,0.37549282987583743,-0.0405141709042154,1.015480865920354,0.06595124599079556,0
4.503999999999726,REACH,0.33583360898033593,-0.05130866301104188,0.9641742086224259,0.37549282987583743,-0.0405141709042154,1.015480865920354,0.06574000262374172,0
4.505999999999726,REACH,0.33599028600791647,-0.051275301835824766,0.9643166326855812,0.37549282987583743,-0.0405141709042154,1.015480865920354,0.06552886137776615,0
4.507999999999726,REACH,0.33614669558473476,-0.05124194109001445,0.9644591574625982,0.37549282987583743,-0.0405141709042154,1.015480865920354,0.06531782353049612,0
4.509999999999725,REACH,0.3363028370726652,-0.05120858109041291,0.964601781541026,0.37549282987583743,-0.0405141709042154,1.015480865920354,0.06510689036056103,0
4.511999999999725,REACH,0.33645870983713966,-0.051175222153769684,0.964744503505276,0.37549282987583743,-0.0405141709042154,1.015480865920354,0.0648960631475842,0
4.513999999999725,REACH,0.33661431324715235,-0.05114186459677821,0.9648873219366401,0.37549282987583743,-0.0405141709042154,1.015480865920354,0.06468534317217371,0
4.515999999999725,REACH,0.33676964667526493,-0.051108508736072214,0.9650302354133111,0.37549282987583743,-0.0405141709042154,1.015480865920354,0.06447473171591163,0
4.5179999999997245,REACH,0.33692470949761083,-0.05107515488822155,0.965173242510401,0.37549282987583743,-0.0405141709042154,1.015480865920354,0.06426423006134488,0
4.519999999999724,REACH,0.33707950109389917,-0.05104180336972855,0.9653163417999593,0.37549282987583743,-0.0405141709042154,1.015480865920354,0.06405383949197642,0
4.521999999999724,REACH,0.33723402084741977,-0.05100845449702433,0.965459531850992,0.37549282987583743,-0.0405141709042154,1.015480865920354,0.06384356129225524,0
4.523999999999724,REACH,0.337388268145047,-0.05097510858646469,0.9656028112294812,0.37549282987583743,-0.0405141709042154,1.015480865920354,0.06363339674756659,0
4.525999999999724,REACH,0.3375422423772441,-0.050941765954326916,0.9657461784984038,0.37549282987583743,-0.0405141709042154,1.015480865920354,0.06342334714422275,0
4.527999999999723,REACH,0.33769594293806626,-0.05090842691680516,0.9658896322177511,0.37549282987583743,-0.0405141709042154,1.015480865920354,0.06321341376945316,0
4.529999999999723,REACH,0.337849369225166,-0.050875091790007876,0.9660331709445459,0.37549282987583743,-0.0405141709042154,1.015480865920354,0.06300359791139598,0
4.531999999999723,REACH,0.33800252063979513,-0.0508417608899526,0.9661767932328648,0.37549282987583743,-0.0405141709042154,1.015480865920354,0.06279390085908665,0
4.533999999999723,REACH,0.33815539658680993,-0.05080843453256417,0.9663204976338527,0.37549282987583743,-0.0405141709042154,1.015480865920354,0.06258432390245151,0
4.5359999999997225,REACH,0.3383079964746737,-0.0507751130336694,0.9664642826957481,0.37549282987583743,-0.0405141709042154,1.015480865920354,0.06237486833229408,0
4.537999999999722,REACH,0.3384603197154595,-0.05074179670899388,0.9666081469638967,0.37549282987583743,-0.0405141709042154,1.015480865920354,0.06216553544028979,0
4.539999999999722,REACH,0.3386123657248555,-0.05070848587415889,0.9667520889807738,0.37549282987583743,-0.0405141709042154,1.015480865920354,0.06195632651897338,0
4.541999999999722,REACH,0.3387641339221658,-0.05067518084467713,0.9668961072860026,0.37549282987583743,-0.0405141709042154,1.015480865920354,0.06174724286173108,0
4.543999999999722,REACH,0.33891562373031503,-0.05064188193594952,0.9670402004163724,0.37549282987583743,-0.0405141709042154,1.015480865920354,0.061538285762791495,0
4.545999999999721,REACH,0.33906683457585035,-0.0506085894632614,0.9671843669058614,0.37549282987583743,-0.0405141709042154,1.015480865920354,0.06132945651721349,0
4.547999999999721,REACH,0.33921776588894476,-0.050575303741779,0.9673286052856517,0.37549282987583743,-0.0405141709042154,1.015480865920354,0.06112075642088017,0
4.549999999999721,REACH,0.3393684171033992,-0.050542025086545886,0.9674729140841507,0.37549282987583743,-0.0405141709042154,1.015480865920354,0.06091218677048788,0
4.551999999999721,REACH,0.33951878765664567,-0.05050875381247945,0.9676172918270121,0.37549282987583743,-0.0405141709042154,1.015480865920354,0.06070374886353553,0
4.5539999999997205,REACH,0.33966887698974896,-0.050475490234367607,0.9677617370371518,0.37549282987583743,-0.0405141709042154,1.015480865920354,0.06049544399831785,0
4.55599999999972,REACH,0.3398186845474099,-0.05044223466686464,0.9679062482347708,0.37549282987583743,-0.0405141709042154,1.015480865920354,0.060287273473913286,0
4.55799999999972,REACH,0.3399682097779663,-0.05040898742448874,0.9680508239373717,0.37549282987583743,-0.0405141709042154,1.015480865920354,0.06007923859017692,0
4.55999999999972,REACH,0.3401174521333963,-0.05037574882161748,0.9681954626597804,0.37549282987583743,-0.0405141709042154,1.015480865920354,0.05987134064772944,0
4.56199999999972,REACH,0.34026641106931865,-0.050342519172484924,0.9683401629141654,0.37549282987583743,-0.0405141709042154,1.015480865920354,0.05966358094794798,0
4.563999999999719,REACH,0.34041508604499693,-0.05030929879117865,0.9684849232100553,0.37549282987583743,-0.0405141709042154,1.015480865920354,0.05945596079295762,0
4.565999999999719,REACH,0.34056347652333846,-0.050276087991634896,0.9686297420543615,0.37549282987583743,-0.0405141709042154,1.015480865920354,0.05924848148562088,0
4.567999999999719,REACH,0.3407115819708979,-0.0502428870876371,0.9687746179513952,0.37549282987583743,-0.0405141709042154,1.015480865920354,0.05904114432952924,0
4.569999999999719,REACH,0.34085940185787805,-0.05020969639281109,0.9689195494028877,0.37549282987583743,-0.0405141709042154,1.015480865920354,0.05883395062899366,0
4.5719999999997185,REACH,0.3410069356581312,-0.05017651622062209,0.9690645349080113,0.37549282987583743,-0.0405141709042154,1.015480865920354,0.05862690168903421,0
4.573999999999718,REACH,0.34115418284915955,-0.050143346884371505,0.9692095729633975,0.37549282987583743,-0.0405141709042154,1.015480865920354,0.05841999881537216,0
4.575999999999718,REACH,0.341301142912118,-0.05011018869719387,0.9693546620631568,0.37549282987583743,-0.0405141709042154,1.015480865920354,0.05821324331441994,0
4.577999999999718,REACH,0.3414478153318134,-0.05007704197205294,0.9694998006988998,0.37549282987583743,-0.0405141709042154,1.015480865920354,0.05800663649327131,0
4.579999999999718,REACH,0.34159419959670634,-0.05004390702173898,0.9696449873597542,0.37549282987583743,-0.0405141709042154,1.015480865920354,0.057800179659694036,0
4.581999999999717,REACH,0.34174029519891175,-0.050010784158865076,0.9697902205323882,0.37549282987583743,-0.0405141709042154,1.015480865920354,0.057593874122117396,0
4.583999999999717,REACH,0.34188610163419936,-0.04997767369586436,0.9699354987010261,0.37549282987583743,-0.0405141709042154,1.015480865920354,0.05738772118962635,0
4.585999999999717,REACH,0.3420316184019939,-0.0499445759449862,0.9700808203474727,0.37549282987583743,-0.0405141709042154,1.015480865920354,0.057181722171949105,0
4.587999999999717,REACH,0.342176845005376,-0.04991149121829341,0.9702261839511285,0.37549282987583743,-0.0405141709042154,1.015480865920354,0.05697587837945061,0
4.5899999999997165,REACH,0.3423217809510822,-0.04987841982765918,0.9703715879890128,0.37549282987583743,-0.0405141709042154,1.015480865920354,0.05677019112312124,0
4.591999999999716,REACH,0.34246642574950475,-0.04984536208476335,0.9705170309357822,0.37549282987583743,-0.0405141709042154,1.015480865920354,0.0565646617145686,0
4.593999999999716,REACH,0.34261077891469216,-0.049812318301089994,0.9706625112637499,0.37549282987583743,-0.0405141709042154,1.015480865920354,0.056359291466008585,0
4.595999999999716,REACH,0.3427548399643488,-0.04977928878792376,0.9708080274429075,0.37549282987583743,-0.0405141709042154,1.015480865920354,0.05615408169025445,0
4.597999999999716,REACH,0.34289860841983405,-0.04974627385634687,0.9709535779409421,0.37549282987583743,-0.0405141709042154,1.015480865920354,0.05594903370071043,0
4.599999999999715,REACH,0.3430420838061629,-0.049713273817236066,0.971099161223259,0.37549282987583743,-0.0405141709042154,1.015480865920354,0.05574414881135945,0
4.601999999999715,REACH,0.3431852656520052,-0.049680288981259715,0.9712447757529996,0.37549282987583743,-0.0405141709042154,1.015480865920354,0.05553942833675616,0
4.603999999999715,REACH,0.34332815348968426,-0.04964731965887445,0.971390419991062,0.37549282987583743,-0.0405141709042154,1.015480865920354,0.0553348735920171,0
4.605999999999715,REACH,0.343470746855177,-0.049614366160322276,0.971536092396121,0.37549282987583743,-0.0405141709042154,1.015480865920354,0.055130485892811325,0
4.6079999999997145,REACH,0.3436130452881131,-0.04958142879562799,0.9716817914246484,0.37549282987583743,-0.0405141709042154,1.015480865920354,0.054926266555350926,0
4.609999999999714,REACH,0.34375504833177284,-0.049548507874595235,0.9718275155309308,0.37549282987583743,-0.0405141709042154,1.015480865920354,0.054722216896383985,0
4.611999999999714,REACH,0.3438967555330874,-0.04951560370680423,0.9719732631670938,0.37549282987583743,-0.0405141709042154,1.015480865920354,0.054518338233181765,0
4.613999999999714,REACH,0.34403816644263696,-0.049482716601608905,0.9721190327831166,0.37549282987583743,-0.0405141709042154,1.015480865920354,0.05431463188353369,0
4.615999999999714,REACH,0.34417928061464914,-0.049449846868133404,0.9722648228268571,0.37549282987583743,-0.0405141709042154,1.015480865920354,0.054111099165734845,0
4.6179999999997134,REACH,0.34432009760699755,-0.04941699481526965,0.9724106317440674,0.37549282987583743,-0.0405141709042154,1.015480865920354,0.05390774139858003,0
4.619999999999713,REACH,0.3444606169812008,-0.049384160751674254,0.9725564579784169,0.37549282987583743,-0.0405141709042154,1.015480865920354,0.05370455990135202,0
4.621999999999713,REACH,0.3446008383024207,-0.04935134498576581,0.9727022999715124,0.37549282987583743,-0.0405141709042154,1.015480865920354,0.05350155599381265,0
4.623999999999713,REACH,0.34474076113945906,-0.049318547825721655,0.9728481561629138,0.37549282987583743,-0.0405141709042154,1.015480865920354,0.05329873099619759,0
4.625999999999713,REACH,0.34488038506475704,-0.04928576957947533,0.9729940249901606,0.37549282987583743,-0.0405141709042154,1.015480865920354,0.053096086229201686,0
4.627999999999712,REACH,0.34501970965439305,-0.04925301055471394,0.9731399048887861,0.37549282987583743,-0.0405141709042154,1.015480865920354,0.05289362301397477,0
4.629999999999712,REACH,0.34515873448807965,-0.049220271058874845,0.9732857942923416,0.37549282987583743,-0.0405141709042154,1.015480865920354,0.05269134267210929,0
4.631999999999712,REACH,0.34529745914916204,-0.049187551399143555,0.9734316916324133,0.37549282987583743,-0.0405141709042154,1.015480865920354,0.05248924652563401,0
4.633999999999712,REACH,0.345435883224615,-0.04915485188245006,0.9735775953386443,0.37549282987583743,-0.0405141709042154,1.015480865920354,0.05228733589700319,0
4.6359999999997115,REACH,0.3455740063050406,-0.049122172815466915,0.9737235038387543,0.37549282987583743,-0.0405141709042154,1.015480865920354,0.05208561210908827,0
4.637999999999711,REACH,0.34571182798466565,-0.049089514504606385,0.9738694155585581,0.37549282987583743,-0.0405141709042154,1.015480865920354,0.051884076485169794,0
4.639999999999711,REACH,0.3458493478613381,-0.049056877256017345,0.9740153289219884,0.37549282987583743,-0.0405141709042154,1.015480865920354,0.05168273034892693,0
4.641999999999711,REACH,0.3459865655365247,-0.04902426137558283,0.9741612423511132,0.37549282987583743,-0.0405141709042154,1.015480865920354,0.05148157502443002,0
4.643999999999711,REACH,0.3461234806153081,-0.04899166716891769,0.9743071542661573,0.37549282987583743,-0.0405141709042154,1.015480865920354,0.05128061183613089,0
4.64599999999971,REACH,0.34626009270638314,-0.04895909494136526,0.9744530630855216,0.37549282987583743,-0.0405141709042154,1.015480865920354,0.051079842108854544,0
4.64799999999971,REACH,0.3463964014220533,-0.04892654499799524,0.9745989672258039,0.37549282987583743,-0.0405141709042154,1.015480865920354,0.050879267167789864,0
4.64999999999971,REACH,0.34653240637822835,-0.04889401764360145,0.9747448651018181,0.37549282987583743,-0.0405141709042154,1.015480865920354,0.05067888833848099,0
4.65199999999971,REACH,0.34666810719441893,-0.04886151318269795,0.9748907551266147,0.37549282987583743,-0.0405141709042154,1.015480865920354,0.05047870694681924,0
4.6539999999997095,REACH,0.34680350349373495,-0.04882903191951804,0.9750366357115008,0.37549282987583743,-0.0405141709042154,1.015480865920354,0.05027872431903297,0
4.655999999999709,REACH,0.34693859490288004,-0.04879657415801064,0.9751825052660603,0.37549282987583743,-0.0405141709042154,1.015480865920354,0.05007894178167974,0
4.657999999999709,REACH,0.3470733810521487,-0.0487641402018384,0.9753283621981726,0.37549282987583743,-0.0405141709042154,1.015480865920354,0.049879360661638145,0
4.659999999999709,REACH,0.34720786157542144,-0.0487317303543747,0.975474204914035,0.37549282987583743,-0.0405141709042154,1.015480865920354,0.04967998228609754,0
4.661999999999709,REACH,0.3473420361101611,-0.048699344918701495,0.9756200318181808,0.37549282987583743,-0.0405141709042154,1.015480865920354,0.04948080798255051,0
4.663999999999708,REACH,0.3474759042974086,-0.04866698419760693,0.9757658413134995,0.37549282987583743,-0.0405141709042154,1.015480865920354,0.04928183907878418,0
4.665999999999708,REACH,0.3476094657817774,-0.04863464849358225,0.9759116318012584,0.37549282987583743,-0.0405141709042154,1.015480865920354,0.04908307690287076,0
4.667999999999708,REACH,0.34774272021145025,-0.048602338108820343,0.9760574016811199,0.37549282987583743,-0.0405141709042154,1.015480865920354,0.048884522783160474,0
4.669999999999708,REACH,0.3478756672381742,-0.04857005334521286,0.9762031493511635,0.37549282987583743,-0.0405141709042154,1.015480865920354,0.04868617804827135,0
4.6719999999997075,REACH,0.3480083065172552,-0.04853779450434756,0.9763488732079063,0.37549282987583743,-0.0405141709042154,1.015480865920354,0.04848804402708066,0
4.673999999999707,REACH,0.34814063770755366,-0.04850556188750643,0.9764945716463211,0.37549282987583743,-0.0405141709042154,1.015480865920354,0.04829012204871757,0
4.675999999999707,REACH,0.34827266047147903,-0.04847335579566324,0.9766402430598569,0.37549282987583743,-0.0405141709042154,1.015480865920354,0.04809241344255449,0
4.677999999999707,REACH,0.348404374474985,-0.048441176529480795,0.9767858858404592,0.37549282987583743,-0.0405141709042154,1.015480865920354,0.04789491953819753,0
4.679999999999707,REACH,0.3485357793875639,-0.0484090243893094,0.9769314983785916,0.37549282987583743,-0.0405141709042154,1.015480865920354,0.04769764166547769,0
4.681999999999706,REACH,0.3486668748822415,-0.04837689967518381,0.9770770790632516,0.37549282987583743,-0.0405141709042154,1.015480865920354,0.04750058115444486,0
4.683999999999706,REACH,0.34879766063557094,-0.048344802686821564,0.9772226262819952,0.37549282987583743,-0.0405141709042154,1.015480865920354,0.04730373933535618,0
4.685999999999706,REACH,0.34892813632762754,-0.04831273372362031,0.977368138420953,0.37549282987583743,-0.0405141709042154,1.015480865920354,0.04710711753867036,0
4.687999999999706,REACH,0.34905830164200324,-0.04828069308465616,0.9775136138648535,0.37549282987583743,-0.0405141709042154,1.015480865920354,0.04691071709503668,0
4.6899999999997055,REACH,0.34918815626579963,-0.04824868106868065,0.9776590509970396,0.37549282987583743,-0.0405141709042154,1.015480865920354,0.0467145393352892,0
4.691999999999705,REACH,0.3493176998896228,-0.048216697974119226,0.9778044481994914,0.37549282987583743,-0.0405141709042154,1.015480865920354,0.04651858559043647,0
4.693999999999705,REACH,0.3494469322075773,-0.04818474409906902,0.9779498038528445,0.37549282987583743,-0.0405141709042154,1.015480865920354,0.04632285719165368,0
4.695999999999705,REACH,0.3495758529172589,-0.04815281974129655,0.9780951163364099,0.37549282987583743,-0.0405141709042154,1.015480865920354,0.04612735547027502,0
4.697999999999705,REACH,0.3497044617197491,-0.04812092519823564,0.9782403840281942,0.37549282987583743,-0.0405141709042154,1.015480865920354,0.045932081757784786,0
4.699999999999704,REACH,0.3498327583196078,-0.04808906076698486,0.9783856053049211,0.37549282987583743,-0.0405141709042154,1.015480865920354,0.045737037385808,0
4.701999999999704,REACH,0.3499607424248674,-0.048057226744306555,0.9785307785420474,0.37549282987583743,-0.0405141709042154,1.015480865920354,0.04554222368610484,0
4.703999999999704,REACH,0.35008841374702576,-0.0480254234266242,0.978675902113786,0.37549282987583743,-0.0405141709042154,1.015480865920354,0.04534764199056004,0
4.705999999999704,REACH,0.35021577200103843,-0.04799365111001953,0.9788209743931249,0.37549282987583743,-0.0405141709042154,1.015480865920354,0.04515329363117559,0
4.7079999999997035,REACH,0.35034281690531355,-0.047961910090232276,0.9789659937518467,0.37549282987583743,-0.0405141709042154,1.015480865920354,0.04495917994006211,1
4.709999999999703,REACH,0.3504695481817024,-0.047930200662656325,0.979110958560548,0.37549282987583743,-0.0405141709042154,1.015480865920354,0.044765302249431864,1
4.711999999999703,REACH,0.3505959655554943,-0.04789852312233954,0.9792558671886605,0.37549282987583743,-0.0405141709042154,1.015480865920354,0.04457166189158851,1
4.713999999999703,REACH,0.35072206875540735,-0.04786687776397998,0.9794007180044685,0.37549282987583743,-0.0405141709042154,1.015480865920354,0.044378260198921944,1
4.715999999999703,REACH,0.3508478575135821,-0.04783526488192545,0.9795455093751329,0.37549282987583743,-0.0405141709042154,1.015480865920354,0.04418509850389565,1
4.717999999999702,REACH,0.3509733315655735,-0.04780368477017091,0.9796902396667041,0.37549282987583743,-0.0405141709042154,1.015480865920354,0.04399217813904478,1
4.719999999999702,REACH,0.3510984906503432,-0.047772137722356584,0.9798349072441493,0.37549282987583743,-0.0405141709042154,1.015480865920354,0.04379950043696179,1
4.721999999999702,REACH,0.35122333451025156,-0.047740624031766245,0.9799795104713659,0.37549282987583743,-0.0405141709042154,1.015480865920354,0.04360706673029365,1
4.723999999999702,REACH,0.3513478628910499,-0.04770914399132531,0.980124047711205,0.37549282987583743,-0.0405141709042154,1.015480865920354,0.04341487835173016,1
4.7259999999997016,REACH,0.35147207554187243,-0.04767769789359906,0.98026851732549,0.37549282987583743,-0.0405141709042154,1.015480865920354,0.04322293663399731,1
4.727999999999701,REACH,0.3515959722152272,-0.047646286030790595,0.9804129176750348,0.37549282987583743,-0.0405141709042154,1.015480865920354,0.0430312429098507,1
4.729999999999701,REACH,0.3517195526669892,-0.04761490869473962,0.9805572471196663,0.37549282987583743,-0.0405141709042154,1.015480865920354,0.04283979851206436,1
4.731999999999701,REACH,0.3518428166563901,-0.047583566176919626,0.9807015040182409,0.37549282987583743,-0.0405141709042154,1.015480865920354,0.04264860477342637,1
4.733999999999701,REACH,0.35196576394601176,-0.04755225876843741,0.9808456867286656,0.37549282987583743,-0.0405141709042154,1.015480865920354,0.04245766302672867,1
4.7359999999997004,REACH,0.35208839430177524,-0.04752098676003047,0.9809897936079185,0.37549282987583743,-0.0405141709042154,1.015480865920354,0.04226697460475952,1
4.7379999999997,REACH,0.3522107074929336,-0.04748975044206531,0.9811338230120668,0.37549282987583743,-0.0405141709042154,1.015480865920354,0.04207654084029614,1
4.7399999999997,REACH,0.35233270329206234,-0.04745855010453644,0.9812777732962854,0.37549282987583743,-0.0405141709042154,1.015480865920354,0.04188636306609771,1
4.7419999999997,REACH,0.3524543814750502,-0.0474273860370637,0.9814216428148792,0.37549282987583743,-0.0405141709042154,1.015480865920354,0.041696442614895676,1
4.7439999999997,REACH,0.3525757418210907,-0.04739625852889183,0.9815654299213005,0.37549282987583743,-0.0405141709042154,1.015480865920354,0.041506780819387065,1
4.745999999999699,REACH,0.3526967841126716,-0.047365167868887566,0.9817091329681688,0.37549282987583743,-0.0405141709042154,1.015480865920354,0.04131737901222699,1
4.747999999999699,REACH,0.3528175081355665,-0.04733411434553897,0.9818527503072906,0.37549282987583743,-0.0405141709042154,1.015480865920354,0.04112823852602026,1
4.749999999999699,REACH,0.352937913678825,-0.04730309824695317,0.9819962802896788,0.37549282987583743,-0.0405141709042154,1.015480865920354,0.04093936069331384,1
4.751999999999699,REACH,0.35305800053476266,-0.04727211986085551,0.9821397212655707,0.37549282987583743,-0.0405141709042154,1.015480865920354,0.0407507468465903,1
4.7539999999996985,REACH,0.3531777684989517,-0.047241179474587267,0.98228307158445,0.37549282987583743,-0.0405141709042154,1.015480865920354,0.0405623983182579,1
4.755999999999698,REACH,0.353297217370211,-0.04721027737510484,0.9824263295950629,0.37549282987583743,-0.0405141709042154,1.015480865920354,0.040374316440645715,1
4.757999999999698,REACH,0.35341634695059576,-0.047179413848977315,0.9825694936454411,0.37549282987583743,-0.0405141709042154,1.015480865920354,0.04018650254599288,1
4.759999999999698,REACH,0.3535351570453877,-0.047148589182386146,0.982712562082916,0.37549282987583743,-0.0405141709042154,1.015480865920354,0.03999895796644522,1
4.761999999999698,REACH,0.3536536474630847,-0.04711780366112252,0.982855533254144,0.37549282987583743,-0.0405141709042154,1.015480865920354,0.039811684034042776,1
4.763999999999697,REACH,0.3537718180153902,-0.04708705757058661,0.9829984055051204,0.37549282987583743,-0.0405141709042154,1.015480865920354,0.039624682080716664,1
4.765999999999697,REACH,0.3538896685172032,-0.04705635119578641,0.9831411771812016,0.37549282987583743,-0.0405141709042154,1.015480865920354,0.03943795343827905,1
4.767999999999697,REACH,0.35400719878660697,-0.047025684821334984,0.9832838466271235,0.37549282987583743,-0.0405141709042154,1.015480865920354,0.03925149943841642,1
4.769999999999697,REACH,0.35412440864485895,-0.04699505873145077,0.9834264121870206,0.37549282987583743,-0.0405141709042154,1.015480865920354,0.039065321412681986,1
4.7719999999996965,REACH,0.3542412979163798,-0.0469644732099553,0.9835688722044452,0.37549282987583743,-0.0405141709042154,1.015480865920354,0.038879420692488266,1
4.773999999999696,REACH,0.3543578664287419,-0.04693392854027151,0.9837112250223845,0.37549282987583743,-0.0405141709042154,1.015480865920354,0.03869379860910147,1
4.775999999999696,REACH,0.35447411401265894,-0.04690342500542337,0.983853468983284,0.37549282987583743,-0.0405141709042154,1.015480865920354,0.03850845649363037,1
4.777999999999696,REACH,0.3545900405019744,-0.04687296288803404,0.9839956024290623,0.37549282987583743,-0.0405141709042154,1.015480865920354,0.03832339567702251,1
4.779999999999696,REACH,0.3547056457336504,-0.0468425424703243,0.984137623701133,0.37549282987583743,-0.0405141709042154,1.015480865920354,0.038138617490054455,1
4.781999999999695,REACH,0.35482092954775585,-0.04681216403411181,0.9842795311404209,0.37549282987583743,-0.0405141709042154,1.015480865920354,0.0379541232633271,1
4.783999999999695,REACH,0.35493589178745544,-0.04678182786080967,0.9844213230873836,0.37549282987583743,-0.0405141709042154,1.015480865920354,0.03776991432725574,1
4.785999999999695,REACH,0.35505053229899813,-0.046751534231425085,0.9845629978820278,0.37549282987583743,-0.0405141709042154,1.015480865920354,0.03758599201206511,1
4.787999999999695,REACH,0.3551648509317043,-0.04672128342655811,0.9847045538639314,0.37549282987583743,-0.0405141709042154,1.015480865920354,0.03740235764778001,1
4.7899999999996945,REACH,0.3552788475379552,-0.0466910757264008,0.9848459893722591,0.37549282987583743,-0.0405141709042154,1.015480865920354,0.03721901256422005,1
4.791999999999694,REACH,0.35539252197318005,-0.046660911410735834,0.9849873027457829,0.37549282987583743,-0.0405141709042154,1.015480865920354,0.03703595809099161,1
4.793999999999694,REACH,0.35550587409584433,-0.04663079075893508,0.9851284923229005,0.37549282987583743,-0.0405141709042154,1.015480865920354,0.036853195557481136,1
4.795999999999694,REACH,0.35561890376743766,-0.046600714049958955,0.9852695564416541,0.37549282987583743,-0.0405141709042154,1.015480865920354,0.03667072629284718,1
4.797999999999694,REACH,0.35573161085246086,-0.046570681562354985,0.9854104934397495,0.37549282987583743,-0.0405141709042154,1.015480865920354,0.036488551626014366,1
4.799999999999693,REACH,0.3558439952184142,-0.04654069357425679,0.9855513016545737,0.37549282987583743,-0.0405141709042154,1.015480865920354,0.03630667288566597,1
4.801999999999693,REACH,0.3559560567357845,-0.04651075036338312,0.985691979423214,0.37549282987583743,-0.0405141709042154,1.015480865920354,0.03612509140023731,1
4.803999999999693,REACH,0.3560677952780323,-0.046480852207036655,0.9858325250824778,0.37549282987583743,-0.0405141709042154,1.015480865920354,0.035943808497907466,1
4.805999999999693,REACH,0.3561792107215797,-0.04645099938210287,0.9859729369689088,0.37549282987583743,-0.0405141709042154,1.015480865920354,0.03576282550659425,1
4.8079999999996925,REACH,0.3562903029457965,-0.046421192165049543,0.986113213418808,0.37549282987583743,-0.0405141709042154,1.015480865920354,0.03558214375394571,1
4.809999999999692,REACH,0.3564010718329882,-0.046391430831924985,0.9862533527682507,0.37549282987583743,-0.0405141709042154,1.015480865920354,0.035401764567333856,1
4.811999999999692,REACH,0.3565115172683822,-0.04636171565835777,0.9863933533531053,0.37549282987583743,-0.0405141709042154,1.015480865920354,0.03522168927384786,1
4.813999999999692,REACH,0.35662163914011424,-0.046332046919555045,0.986533213509051,0.37549282987583743,-0.0405141709042154,1.015480865920354,0.03504191920028821,1
4.815999999999692,REACH,0.35673143733921653,-0.046302424890302604,0.986672931571599,0.37549282987583743,-0.0405141709042154,1.015480865920354,0.03486245567315662,1
4.817999999999691,REACH,0.35684091175960303,-0.046272849844963035,0.986812505876107,0.37549282987583743,-0.0405141709042154,1.015480865920354,0.034683300018653086,1
4.819999999999691,REACH,0.35695006229805565,-0.046243322057475146,0.9869519347578,0.37549282987583743,-0.0405141709042154,1.015480865920354,0.03450445356266754,1
4.821999999999691,REACH,0.3570588888542117,-0.04621384180135313,0.9870912165517876,0.37549282987583743,-0.0405141709042154,1.015480865920354,0.03432591763077283,1
4.823999999999691,REACH,0.3571673913305491,-0.04618440934968576,0.9872303495930838,0.37549282987583743,-0.0405141709042154,1.015480865920354,0.034147693548217777,1
4.8259999999996905,REACH,0.3572755696323736,-0.04615502497513539,0.9873693322166226,0.37549282987583743,-0.0405141709042154,1.015480865920354,0.033969782639921765,1
4.82799999999969,REACH,0.35738342366780296,-0.04612568894993725,0.9875081627572785,0.37549282987583743,-0.0405141709042154,1.015480865920354,0.03379218623046748,1
4.82999999999969,REACH,0.35749095334775494,-0.046096401545898474,0.9876468395498834,0.37549282987583743,-0.0405141709042154,1.015480865920354,0.03361490564409376,1
4.83199999999969,REACH,0.3575981585859317,-0.04606716303439764,0.9877853609292451,0.37549282987583743,-0.0405141709042154,1.015480865920354,0.03343794220468992,1
4.83399999999969,REACH,0.3577050392988061,-0.046037973686383654,0.9879237252301662,0.37549282987583743,-0.0405141709042154,1.015480865920354,0.03326129723578768,1
4.835999999999689,REACH,0.3578115954056062,-0.04600883377237516,0.988061930787461,0.37549282987583743,-0.0405141709042154,1.015480865920354,0.03308497206055681,1
4.837999999999689,REACH,0.35791782682830264,-0.045979743562459936,0.9881999759359723,0.37549282987583743,-0.0405141709042154,1.015480865920354,0.03290896800179772,1
4.839999999999689,REACH,0.3580237334915924,-0.04595070332629368,0.988337859010593,0.37549282987583743,-0.0405141709042154,1.015480865920354,0.03273328638193369,1
4.841999999999689,REACH,0.358129315322884,-0.04592171333310004,0.9884755783462802,0.37549282987583743,-0.0405141709042154,1.015480865920354,0.0325579285230071,1
4.8439999999996886,REACH,0.3582345722522842,-0.04589277385166968,0.9886131322780761,0.37549282987583743,-0.0405141709042154,1.015480865920354,0.032382895746669846,1
4.845999999999688,REACH,0.3583395042125806,-0.04586388515035876,0.9887505191411242,0.37549282987583743,-0.0405141709042154,1.015480865920354,0.03220818937417961,1
4.847999999999688,REACH,0.3584441111392294,-0.04583504749709012,0.9888877372706874,0.37549282987583743,-0.0405141709042154,1.015480865920354,0.03203381072639179,1
4.849999999999688,REACH,0.3585483929703377,-0.04580626115935106,0.9890247850021662,0.37549282987583743,-0.0405141709042154,1.015480865920354,0.031859761123754,1
4.851999999999688,REACH,0.35865234964664966,-0.04577752640419321,0.9891616606711146,0.37549282987583743,-0.0405141709042154,1.015480865920354,0.03168604188630075,1
4.8539999999996875,REACH,0.35875598111153023,-0.04574884349823216,0.9892983626132614,0.37549282987583743,-0.0405141709042154,1.015480865920354,0.031512654333644384,1
4.855999999999687,REACH,0.35885928731095074,-0.04572021270764689,0.9894348891645233,0.37549282987583743,-0.0405141709042154,1.015480865920354,0.03133959978497252,1
4.857999999999687,REACH,0.35896226819347227,-0.04569163429817891,0.9895712386610288,0.37549282987583743,-0.0405141709042154,1.015480865920354,0.031166879559036385,1
4.859999999999687,REACH,0.3590649237102302,-0.04566310853513204,0.989707409439127,0.37549282987583743,-0.0405141709042154,1.015480865920354,0.030994494974152534,1
4.861999999999687,REACH,0.3591672538149188,-0.0456346356833719,0.9898433998354147,0.37549282987583743,-0.0405141709042154,1.015480865920354,0.030822447348188228,1
4.863999999999686,REACH,0.359269258463775,-0.04560621600732509,0.9899792081867462,0.37549282987583743,-0.0405141709042154,1.015480865920354,0.03065073799856165,1
4.865999999999686,REACH,0.359370937615562,-0.045577849770979194,0.9901148328302547,0.37549282987583743,-0.0405141709042154,1.015480865920354,0.03047936824223319,1
4.867999999999686,REACH,0.35947229123155366,-0.045549537237881646,0.9902502721033698,0.37549282987583743,-0.0405141709042154,1.015480865920354,0.030308339395698533,1
4.869999999999686,REACH,0.3595733192755182,-0.04552127867114024,0.9903855243438321,0.37549282987583743,-0.0405141709042154,1.015480865920354,0.0301376527749854,1
4.8719999999996855,REACH,0.35967402171370216,-0.045493074333422194,0.9905205878897142,0.37549282987583743,-0.0405141709042154,1.015480865920354,0.029967309695644113,1
4.873999999999685,REACH,0.35977439851481285,-0.045464924486953454,0.9906554610794354,0.37549282987583743,-0.0405141709042154,1.015480865920354,0.029797311472744354,1
4.875999999999685,REACH,0.35987444965000287,-0.04543682939351853,0.9907901422517795,0.37549282987583743,-0.0405141709042154,1.015480865920354,0.029627659420868084,1
4.877999999999685,REACH,0.3599741750928533,-0.04540878931446061,0.9909246297459131,0.37549282987583743,-0.0405141709042154,1.015480865920354,0.02945835485410325,1
4.879999999999685,REACH,0.36007357481935687,-0.04538080451068083,0.9910589219014009,0.37549282987583743,-0.0405141709042154,1.015480865920354,0.02928939908603899,1
4.881999999999684,REACH,0.3601726488079006,-0.045352875242637515,0.9911930170582249,0.37549282987583743,-0.0405141709042154,1.015480865920354,0.029120793429758398,1
4.883999999999684,REACH,0.36027139703924993,-0.0453250017703468,0.9913269135567994,0.37549282987583743,-0.0405141709042154,1.015480865920354,0.028952539197834356,1
4.885999999999684,REACH,0.3603698194965305,-0.04529718435338155,0.9914606097379903,0.37549282987583743,-0.0405141709042154,1.015480865920354,0.028784637702321533,1
4.887999999999684,REACH,0.3604679161652119,-0.04526942325087155,0.9915941039431295,0.37549282987583743,-0.0405141709042154,1.015480865920354,0.028617090254753366,1
4.8899999999996835,REACH,0.36056568703308994,-0.045241718721502774,0.9917273945140358,0.37549282987583743,-0.0405141709042154,1.015480865920354,0.0284498981661324,1
4.891999999999683,REACH,0.3606631320902697,-0.04521407102351789,0.9918604797930258,0.37549282987583743,-0.0405141709042154,1.015480865920354,0.02828306274692985,1
4.893999999999683,REACH,0.3607602513291475,-0.045186480414715346,0.9919933581229374,0.37549282987583743,-0.0405141709042154,1.015480865920354,0.028116585307074567,1
4.895999999999683,REACH,0.3608570447443944,-0.045158947152449544,0.9921260278471423,0.37549282987583743,-0.0405141709042154,1.015480865920354,0.027950467155950506,1
4.897999999999683,REACH,0.36095351233293677,-0.045131471493630046,0.9922584873095647,0.37549282987583743,-0.0405141709042154,1.015480865920354,0.02778470960239021,1
4.899999999999682,REACH,0.3610496540939409,-0.04510405369472284,0.9923907348546959,0.37549282987583743,-0.0405141709042154,1.015480865920354,0.02761931395467003,1
4.901999999999682,REACH,0.3611454700287935,-0.045076694011748436,0.9925227688276146,0.37549282987583743,-0.0405141709042154,1.015480865920354,0.027454281520502274,1
4.903999999999682,REACH,0.36124096014108364,-0.04504939270028273,0.9926545875740003,0.37549282987583743,-0.0405141709042154,1.015480865920354,0.0272896136070325,1
4.905999999999682,REACH,0.36133612443658625,-0.0450221500154569,0.9927861894401522,0.37549282987583743,-0.0405141709042154,1.015480865920354,0.027125311520831252,1
4.9079999999996815,REACH,0.3614309629232422,-0.04499496621195662,0.9929175727730035,0.37549282987583743,-0.0405141709042154,1.015480865920354,0.02696137656789132,1
4.909999999999681,REACH,0.36152547561114157,-0.04496784154402295,0.9930487359201394,0.37549282987583743,-0.0405141709042154,1.015480865920354,0.026797810053620603,1
4.911999999999681,REACH,0.36161966251250494,-0.04494077626545176,0.9931796772298156,0.37549282987583743,-0.0405141709042154,1.015480865920354,0.026634613282834795,1
4.913999999999681,REACH,0.36171352364166365,-0.04491377062959325,0.9933103950509694,0.37549282987583743,-0.0405141709042154,1.015480865920354,0.02647178755975722,1
4.915999999999681,REACH,0.36180705901504373,-0.044886824889352805,0.9934408877332416,0.37549282987583743,-0.0405141709042154,1.015480865920354,0.02630933418800789,1
4.91799999999968,REACH,0.3619002686511449,-0.04485993929718991,0.9935711536269907,0.37549282987583743,-0.0405141709042154,1.015480865920354,0.026147254470600716,1
4.91999999999968,REACH,0.3619931525705236,-0.04483311410511959,0.9937011910833067,0.37549282987583743,-0.0405141709042154,1.015480865920354,0.025985549709939847,1
4.92199999999968,REACH,0.36208571079577345,-0.0448063495647108,0.9938309984540338,0.37549282987583743,-0.0405141709042154,1.015480865920354,0.025824221207809146,1
4.92399999999968,REACH,0.36217794335150666,-0.044779645927088024,0.9939605740917788,0.37549282987583743,-0.0405141709042154,1.015480865920354,0.025663270265373333,1
4.9259999999996795,REACH,0.3622698502643344,-0.044753003442929574,0.9940899163499339,0.37549282987583743,-0.0405141709042154,1.015480865920354,0.025502698183167652,1
4.927999999999679,REACH,0.3623614315628489,-0.04472642236246977,0.9942190235826895,0.37549282987583743,-0.0405141709042154,1.015480865920354,0.025342506261094744,1
4.929999999999679,REACH,0.3624526872776029,-0.04469990293549686,0.9943478941450505,0.37549282987583743,-0.0405141709042154,1.015480865920354,0.02518269579842001,1
4.931999999999679,REACH,0.3625436174410919,-0.044673445411354915,0.9944765263928534,0.37549282987583743,-0.0405141709042154,1.015480865920354,0.025023268093764883,1
4.933999999999679,REACH,0.3626342220877339,-0.044647050038942815,0.9946049186827826,0.37549282987583743,-0.0405141709042154,1.015480865920354,0.02486422444510205,1
4.935999999999678,REACH,0.36272450125384964,-0.0446207170667145,0.9947330693723844,0.37549282987583743,-0.0405141709042154,1.015480865920354,0.024705566149751564,1
4.937999999999678,REACH,0.36281445497764425,-0.04459444674267967,0.994860976820085,0.37549282987583743,-0.0405141709042154,1.015480865920354,0.024547294504374272,1
4.939999999999678,REACH,0.36290408329918644,-0.04456823931440356,0.9949886393852045,0.37549282987583743,-0.0405141709042154,1.015480865920354,0.024389410804968457,1
4.941999999999678,REACH,0.3629933862603898,-0.04454209502900711,0.9951160554279768,0.37549282987583743,-0.0405141709042154,1.015480865920354,0.02423191634686107,1
4.9439999999996775,REACH,0.3630823639049923,-0.04451601413316729,0.9952432233095593,0.37549282987583743,-0.0405141709042154,1.015480865920354,0.024074812424707857,1
4.945999999999677,REACH,0.36317101627853715,-0.044489996873117235,0.9953701413920542,0.37549282987583743,-0.0405141709042154,1.015480865920354,0.023918100332483982,1
4.947999999999677,REACH,0.36325934342835153,-0.044464043494646194,0.9954968080385209,0.37549282987583743,-0.0405141709042154,1.015480865920354,0.02376178136348185,1
4.949999999999677,REACH,0.3633473454035282,-0.0444381542431006,0.9956232216129929,0.37549282987583743,-0.0405141709042154,1.015480865920354,0.02360585681030506,1
4.951999999999677,REACH,0.3634350222549041,-0.04441232936338315,0.995749380480494,0.37549282987583743,-0.0405141709042154,1.015480865920354,0.023450327964862825,1
4.953999999999676,REACH,0.3635223740350407,-0.04438656909995424,0.9958752830070531,0.37549282987583743,-0.0405141709042154,1.015480865920354,0.02329519611836622,1
4.955999999999676,REACH,0.36360940079820353,-0.04436087369683095,0.996000927559719,0.37549282987583743,-0.0405141709042154,1.015480865920354,0.0231404625613234,1
4.957999999999676,REACH,0.36369610260034196,-0.04433524339758916,0.9961263125065788,0.37549282987583743,-0.0405141709042154,1.015480865920354,0.022986128583533043,1
4.959999999999676,REACH,0.36378247949906833,-0.04430967844536173,0.9962514362167699,0.37549282987583743,-0.0405141709042154,1.015480865920354,0.022832195474081707,1
4.961999999999676,REACH,0.3638685315536377,-0.04428417908284063,0.9963762970604978,0.37549282987583743,-0.0405141709042154,1.015480865920354,0.02267866452133779,1
4.963999999999675,REACH,0.3639542588249275,-0.04425874555227615,0.9965008934090508,0.37549282987583743,-0.0405141709042154,1.015480865920354,0.022525537012946496,1
4.965999999999675,REACH,0.3640396613754156,-0.04423337809547781,0.9966252236348153,0.37549282987583743,-0.0405141709042154,1.015480865920354,0.022372814235826217,1
4.967999999999675,REACH,0.36412473926916106,-0.04420807695381464,0.9967492861112905,0.37549282987583743,-0.0405141709042154,1.015480865920354,0.022220497476163403,1
4.969999999999675,REACH,0.364209492571782,-0.0441828423682152,0.9968730792131055,0.37549282987583743,-0.0405141709042154,1.015480865920354,0.022068588019406896,1
4.9719999999996745,REACH,0.3642939213504352,-0.044157674579168714,0.9969966013160328,0.37549282987583743,-0.0405141709042154,1.015480865920354,0.02191708715026442,1
4.973999999999674,REACH,0.36437802567379507,-0.044132573826724676,0.9971198507970042,0.37549282987583743,-0.0405141709042154,1.015480865920354,0.021765996152697552,1
4.975999999999674,REACH,0.36446180561203195,-0.04410754035049394,0.997242826034126,0.37549282987583743,-0.0405141709042154,1.015480865920354,0.021615316309916897,1
4.977999999999674,REACH,0.3645452612367915,-0.044082574389648854,0.9973655254066935,0.37549282987583743,-0.0405141709042154,1.015480865920354,0.021465048904378132,1
4.979999999999674,REACH,0.364628392621173,-0.044057676182923416,0.9974879472952078,0.37549282987583743,-0.0405141709042154,1.015480865920354,0.02131519521777607,1
4.981999999999673,REACH,0.3647111998397079,-0.044032845968614655,0.9976100900813881,0.37549282987583743,-0.0405141709042154,1.015480865920354,0.021165756531042378,1
4.983999999999673,REACH,0.36479368296833914,-0.0440080839845821,0.9977319521481894,0.37549282987583743,-0.0405141709042154,1.015480865920354,0.021016734124338195,1
4.985999999999673,REACH,0.364875842084398,-0.04398339046824894,0.9978535318798148,0.37549282987583743,-0.0405141709042154,1.015480865920354,0.020868129277053043,1
4.987999999999673,REACH,0.36495767726658396,-0.04395876565660226,0.9979748276617351,0.37549282987583743,-0.0405141709042154,1.015480865920354,0.020719943267795457,1
4.9899999999996725,REACH,0.3650391885949422,-0.043934209786193654,0.9980958378806962,0.37549282987583743,-0.0405141709042154,1.015480865920354,0.02057217737439495,1
4.991999999999672,REACH,0.36512037615084236,-0.04390972309313974,0.998216560924741,0.37549282987583743,-0.0405141709042154,1.015480865920354,0.020424832873892077,1
4.993999999999672,REACH,0.3652012400169556,-0.04388530581312286,0.9983369951832212,0.37549282987583743,-0.0405141709042154,1.015480865920354,0.020277911042536272,1
4.995999999999672,REACH,0.3652817802772341,-0.04386095818139116,0.9984571390468118,0.37549282987583743,-0.0405141709042154,1.015480865920354,0.020131413155781364,1
4.997999999999672,REACH,0.36536199701688754,-0.04383668043276002,0.9985769909075247,0.37549282987583743,-0.0405141709042154,1.015480865920354,0.019985340488282995,1
4.999999999999671,REACH,0.36544189032236246,-0.04381247280161189,0.9986965491587287,0.37549282987583743,-0.0405141709042154,1.015480865920354,0.01983969431388882,1
5.001999999999671,REACH,0.36552146028131854,-0.043788335521897044,0.9988158121951568,0.37549282987583743,-0.0405141709042154,1.015480865920354,0.019694475905641256,1
5.003999999999671,REACH,0.3656007069826076,-0.04376426882713478,0.9989347784129267,0.37549282987583743,-0.0405141709042154,1.015480865920354,0.019549686535767535,1
5.005999999999671,REACH,0.3656796305162506,-0.043740272950413134,0.9990534462095512,0.37549282987583743,-0.0405141709042154,1.015480865920354,0.019405327475679236,1
5.0079999999996705,REACH,0.3657582309734152,-0.04371634812439026,0.9991718139839565,0.37549282987583743,-0.0405141709042154,1.015480865920354,0.019261399995964962,1
5.00999999999967,REACH,0.36583650844639387,-0.04369249458129479,0.999289880136493,0.37549282987583743,-0.0405141709042154,1.015480865920354,0.01911790536638897,1
5.01199999999967,REACH,0.36591446302857983,-0.04366871255292621,0.9994076430689524,0.37549282987583743,-0.0405141709042154,1.015480865920354,0.018974844855885263,1
5.01399999999967,REACH,0.36599209481444706,-0.04364500227065683,0.9995251011845817,0.37549282987583743,-0.0405141709042154,1.015480865920354,0.01883221973255254,1
5.01599999999967,REACH,0.3660694038995242,-0.043621363965430315,0.999642252888096,0.37549282987583743,-0.0405141709042154,1.015480865920354,0.018690031263653074,1
5.017999999999669,REACH,0.3661463903803748,-0.043597797867764534,0.9997590965856941,0.37549282987583743,-0.0405141709042154,1.015480865920354,0.01854828071560612,1
5.019999999999669,REACH,0.36622305435457225,-0.04357430420775085,0.9998756306850733,0.37549282987583743,-0.0405141709042154,1.015480865920354,0.01840696935398382,1
5.021999999999669,REACH,0.3662993959206788,-0.04355088321505589,0.9999918535954416,0.37549282987583743,-0.0405141709042154,1.015480865920354,0.018266098443509012,1
5.023999999999669,REACH,0.3663754151782203,-0.0435275351189212,1.000107763727535,0.37549282987583743,-0.0405141709042154,1.015480865920354,0.018125669248048447,1
5.0259999999996685,REACH,0.3664511122276652,-0.04350426014816498,1.0002233594936292,0.37549282987583743,-0.0405141709042154,1.015480865920354,0.017985683030610836,1
5.027999999999668,REACH,0.3665264871703998,-0.043481058531182205,1.0003386393075533,0.37549282987583743,-0.0405141709042154,1.015480865920354,0.017846141053342986,1
5.029999999999668,REACH,0.3666015401087062,-0.04345793049594583,1.000453601584707,0.37549282987583743,-0.0405141709042154,1.015480865920354,0.017707044577523572,1
5.031999999999668,REACH,0.3666762711457385,-0.043434876270007416,1.0005682447420707,0.37549282987583743,-0.0405141709042154,1.015480865920354,0.01756839486356206,1
5.033999999999668,REACH,0.36675068038549885,-0.04341189608049793,1.0006825671982233,0.37549282987583743,-0.0405141709042154,1.015480865920354,0.0174301931709922,1
5.035999999999667,REACH,0.3668247679328155,-0.04338899015412853,1.0007965673733539,0.37549282987583743,-0.0405141709042154,1.015480865920354,0.01729244075846921,1
5.037999999999667,REACH,0.3668985338933172,-0.04336615871719131,1.0009102436892765,0.37549282987583743,-0.0405141709042154,1.015480865920354,0.017155138883765898,1
5.039999999999667,REACH,0.3669719783734121,-0.0433434019955605,1.0010235945694426,0.37549282987583743,-0.0405141709042154,1.015480865920354,0.017018288803769398,1
5.041999999999667,REACH,0.367045101480262,-0.04332072021469299,1.0011366184389578,0.37549282987583743,-0.0405141709042154,1.015480865920354,0.016881891774475234,1
5.0439999999996665,REACH,0.36711790332175953,-0.04329811359962921,1.0012493137245941,0.37549282987583743,-0.0405141709042154,1.015480865920354,0.01674594905098499,1
5.045999999999666,REACH,0.36719038400650444,-0.043275582374994084,1.0013616788548019,0.37549282987583743,-0.0405141709042154,1.015480865920354,0.01661046188750354,1
5.047999999999666,REACH,0.36726254364377936,-0.043253126764998207,1.001473712259727,0.37549282987583743,-0.0405141709042154,1.015480865920354,0.01647543153733271,1
5.049999999999666,REACH,0.36733438234352644,-0.04323074699343796,1.0015854123712233,0.37549282987583743,-0.0405141709042154,1.015480865920354,0.016340859252868423,1
5.051999999999666,REACH,0.3674059002163228,-0.04320844328369723,1.0016967776228647,0.37549282987583743,-0.0405141709042154,1.015480865920354,0.01620674628559843,1
5.053999999999665,REACH,0.36747709737335693,-0.04318621585874805,1.0018078064499625,0.37549282987583743,-0.0405141709042154,1.015480865920354,0.016073093886095163,1
5.055999999999665,REACH,0.36754797392640415,-0.04316406494115129,1.0019184972895745,0.37549282987583743,-0.0405141709042154,1.015480865920354,0.015939903304016196,1
5.057999999999665,REACH,0.36761852998780264,-0.043141990753057635,1.0020288485805224,0.37549282987583743,-0.0405141709042154,1.015480865920354,0.015807175788097115,1
5.059999999999665,REACH,0.3676887656704291,-0.04311999351620907,1.002138858763403,0.37549282987583743,-0.0405141709042154,1.015480865920354,0.015674912586150044,1
5.0619999999996645,REACH,0.36775868108767484,-0.04309807345193903,1.0022485262806033,0.37549282987583743,-0.0405141709042154,1.015480865920354,0.015543114945058039,1
5.063999999999664,REACH,0.3678282763534211,-0.04307623078117419,1.0023578495763132,0.37549282987583743,-0.0405141709042154,1.015480865920354,0.015411784110772786,1
5.065999999999664,REACH,0.3678975515820145,-0.04305446572443479,1.00246682709654,0.37549282987583743,-0.0405141709042154,1.015480865920354,0.015280921328309697,1
5.067999999999664,REACH,0.3679665068882428,-0.04303277850183583,1.0025754572891192,0.37549282987583743,-0.0405141709042154,1.015480865920354,0.01515052784174652,1
5.069999999999664,REACH,0.3680351423873099,-0.04301116933308813,1.0026837386037313,0.37549282987583743,-0.0405141709042154,1.015480865920354,0.015020604894217318,1
5.0719999999996634,REACH,0.36810345819481194,-0.042989638437499464,1.0027916694919132,0.37549282987583743,-0.0405141709042154,1.015480865920354,0.014891153727909725,1
5.073999999999663,REACH,0.368171454426712,-0.04296818603397515,1.002899248407072,0.37549282987583743,-0.0405141709042154,1.015480865920354,0.014762175584061822,1
5.075999999999663,REACH,0.3682391311993157,-0.04294681234101956,1.0030064738044984,0.37549282987583743,-0.0405141709042154,1.015480865920354,0.014633671702957941,1
5.077999999999663,REACH,0.3683064886292458,-0.042925517576736696,1.00311334414138,0.37549282987583743,-0.0405141709042154,1.015480865920354,0.014505643323925376,1
5.079999999999663,REACH,0.36837352683341884,-0.04290430195883184,1.0032198578768157,0.37549282987583743,-0.0405141709042154,1.015480865920354,0.01437809168532962,1
5.081999999999662,REACH,0.3684402459290184,-0.04288316570461187,1.0033260134718254,0.37549282987583743,-0.0405141709042154,1.015480865920354,0.014251018024574165,1
5.083999999999662,REACH,0.3685066460334712,-0.04286210903098686,1.0034318093893682,0.37549282987583743,-0.0405141709042154,1.015480865920354,0.01412442357809263,1
5.085999999999662,REACH,0.36857272726442153,-0.042841132154470954,1.0035372440943502,0.37549282987583743,-0.0405141709042154,1.015480865920354,0.01399830958134986,1
5.087999999999662,REACH,0.3686384897397065,-0.04282023529118331,1.003642316053644,0.37549282987583743,-0.0405141709042154,1.015480865920354,0.013872677268832997,1
5.0899999999996615,REACH,0.36870393357733133,-0.042799418656849685,1.0037470237360961,0.37549282987583743,-0.0405141709042154,1.015480865920354,0.013747527874052833,1
5.091999999999661,REACH,0.36876905889544287,-0.042778682466802775,1.0038513656125425,0.37549282987583743,-0.0405141709042154,1.015480865920354,0.01362286262953848,1
5.093999999999661,REACH,0.3688338658123056,-0.04275802693598417,1.0039553401558217,0.37549282987583743,-0.0405141709042154,1.015480865920354,0.013498682766833688,1
5.095999999999661,REACH,0.36889835444627506,-0.04273745227894436,1.004058945840788,0.37549282987583743,-0.0405141709042154,1.015480865920354,0.013374989516493515,1
5.097999999999661,REACH,0.3689625249157746,-0.0427169587098452,1.004162181144324,0.37549282987583743,-0.0405141709042154,1.015480865920354,0.013251784108080958,1
5.09999999999966,REACH,0.36902637733926696,-0.04269654644246006,1.0042650445453534,0.37549282987583743,-0.0405141709042154,1.015480865920354,0.013129067770164373,1
5.10199999999966,REACH,0.3690899118352315,-0.042676215690175164,1.0043675345248546,0.37549282987583743,-0.0405141709042154,1.015480865920354,0.013006841730312775,1
5.10399999999966,REACH,0.369153128522137,-0.04265596666599089,1.0044696495658743,0.37549282987583743,-0.0405141709042154,1.015480865920354,0.012885107215092674,1
5.10599999999966,REACH,0.3692160275184167,-0.042635799582522727,1.0045713881535376,0.37549282987583743,-0.0405141709042154,1.015480865920354,0.012763865450066435,1
5.1079999999996595,REACH,0.36927860894244235,-0.04261571465200264,1.0046727487750648,0.37549282987583743,-0.0405141709042154,1.015480865920354,0.012643117659786412,1
5.109999999999659,REACH,0.36934087291249956,-0.042595712086280435,1.0047737299197808,0.37549282987583743,-0.0405141709042154,1.015480865920354,0.012522865067793636,1
5.111999999999659,REACH,0.3694028195467602,-0.04257579209682398,1.004874330079131,0.37549282987583743,-0.0405141709042154,1.015480865920354,0.012403108896612567,1
5.113999999999659,REACH,0.36946444896325803,-0.0425559548947215,1.0049745477466916,0.37549282987583743,-0.0405141709042154,1.015480865920354,0.01228385036774985,1
5.115999999999659,REACH,0.369525761279863,-0.04253620069068235,1.0050743814181848,0.37549282987583743,-0.0405141709042154,1.015480865920354,0.01216509070168865,1
5.117999999999658,REACH,0.3695867566142529,-0.04251652969503743,1.0051738295914878,0.37549282987583743,-0.0405141709042154,1.015480865920354,0.012046831117889628,1
5.119999999999658,REACH,0.3696474350838916,-0.042496942117742055,1.0052728907666513,0.37549282987583743,-0.0405141709042154,1.015480865920354,0.011929072834781014,1
5.121999999999658,REACH,0.3697077968059998,-0.04247743816837595,1.0053715634459066,0.37549282987583743,-0.0405141709042154,1.015480865920354,0.011811817069761452,1
5.123999999999658,REACH,0.36976784189752915,-0.042458018056144034,1.0054698461336815,0.37549282987583743,-0.0405141709042154,1.015480865920354,0.011695065039194269,1
5.1259999999996575,REACH,0.36982757047513765,-0.04243868198987883,1.005567737336613,0.37549282987583743,-0.0405141709042154,1.015480865920354,0.011578817958403289,1
5.127999999999657,REACH,0.369886982655163,-0.04241943017804142,1.0056652355635594,0.37549282987583743,-0.0405141709042154,1.015480865920354,0.011463077041670454,1
5.129999999999657,REACH,0.36994607855359557,-0.042400262828722,1.005762339325611,0.37549282987583743,-0.0405141709042154,1.015480865920354,0.011347843502234624,1
5.131999999999657,REACH,0.37000485828605273,-0.042381180149641394,1.0058590471361066,0.37549282987583743,-0.0405141709042154,1.015480865920354,0.011233118552284854,1
5.133999999999657,REACH,0.370063321967753,-0.042362182348152935,1.0059553575106441,0.37549282987583743,-0.0405141709042154,1.015480865920354,0.011118903402958832,1
5.135999999999656,REACH,0.3701214697134891,-0.042343269631242776,1.0060512689670924,0.37549282987583743,-0.0405141709042154,1.015480865920354,0.011005199264340328,1
5.137999999999656,REACH,0.37017930163760165,-0.042324442205531845,1.0061467800256054,0.37549282987583743,-0.0405141709042154,1.015480865920354,0.01089200734545491,1
5.139999999999656,REACH,0.37023681785395285,-0.042305700277276564,1.006241889208634,0.37549282987583743,-0.0405141709042154,1.015480865920354,0.010779328854267373,1
5.141999999999656,REACH,0.37029401847590004,-0.04228704405237038,1.0063365950409389,0.37549282987583743,-0.0405141709042154,1.015480865920354,0.010667164997678062,1
5.1439999999996555,REACH,0.3703509036162691,-0.04226847373634515,1.0064308960496027,0.37549282987583743,-0.0405141709042154,1.015480865920354,0.01055551698152033,1
5.145999999999655,REACH,0.37040747338732793,-0.04224998953437223,1.006524790764043,0.37549282987583743,-0.0405141709042154,1.015480865920354,0.010444386010556809,1
5.147999999999655,REACH,0.3704637279007599,-0.04223159165126361,1.0066182777160255,0.37549282987583743,-0.0405141709042154,1.015480865920354,0.010333773288476157,1
5.149999999999655,REACH,0.37051966726763697,-0.04221328029147374,1.0067113554396743,0.37549282987583743,-0.0405141709042154,1.015480865920354,0.010223680017891049,1
5.151999999999655,REACH,0.3705752915983933,-0.04219505565909992,1.0068040224714871,0.37549282987583743,-0.0405141709042154,1.015480865920354,0.010114107400333227,1
5.153999999999654,REACH,0.3706306010027987,-0.04217691795788442,1.0068962773503454,0.37549282987583743,-0.0405141709042154,1.015480865920354,0.010005056636252473,1
5.155999999999654,REACH,0.370685595589931,-0.04215886739121551,1.0069881186175298,0.37549282987583743,-0.0405141709042154,1.015480865920354,0.009896528925010669,1
5.157999999999654,REACH,0.37074027546814997,-0.04214090416212829,1.0070795448167285,0.37549282987583743,-0.0405141709042154,1.015480865920354,0.00978852546488253,1
5.159999999999654,REACH,0.37079464074507057,-0.04212302847330694,1.0071705544940535,0.37549282987583743,-0.0405141709042154,1.015480865920354,0.009681047453048701,1
5.1619999999996535,REACH,0.370848691527535,-0.04210524052708495,1.0072611461980523,0.37549282987583743,-0.0405141709042154,1.015480865920354,0.00957409608559405,1
5.163999999999653,REACH,0.37090242792158756,-0.042087540525447165,1.0073513184797178,0.37549282987583743,-0.0405141709042154,1.015480865920354,0.009467672557505922,1
5.165999999999653,REACH,0.370955850032446,-0.04206992867003106,1.0074410698925045,0.37549282987583743,-0.0405141709042154,1.015480865920354,0.00936177806266849,1
5.167999999999653,REACH,0.3710089579644754,-0.04205240516212746,1.0075303989923365,0.37549282987583743,-0.0405141709042154,1.015480865920354,0.009256413793862897,1
5.169999999999653,REACH,0.3710617518211607,-0.0420349702026826,1.0076193043376251,0.37549282987583743,-0.0405141709042154,1.015480865920354,0.00915158094276037,1
5.171999999999652,REACH,0.3711142317050799,-0.04201762399229875,1.0077077844892768,0.37549282987583743,-0.0405141709042154,1.015480865920354,0.009047280699922293,1
5.173999999999652,REACH,0.3711663977178768,-0.04200036673123604,1.007795838010709,0.37549282987583743,-0.0405141709042154,1.015480865920354,0.008943514254794465,1
5.175999999999652,REACH,0.37121824996023417,-0.04198319861941384,1.0078834634678588,0.37549282987583743,-0.0405141709042154,1.015480865920354,0.008840282795707373,1
5.177999999999652,REACH,0.37126978853184583,-0.0419661198564115,1.0079706594291997,0.37549282987583743,-0.0405141709042154,1.015480865920354,0.008737587509869181,1
5.1799999999996515,REACH,0.37132101353139,-0.04194913064147006,1.0080574244657508,0.37549282987583743,-0.0405141709042154,1.015480865920354,0.008635429583365432,1
5.181999999999651,REACH,0.37137192505650196,-0.0419322311734938,1.0081437571510896,0.37549282987583743,-0.0405141709042154,1.015480865920354,0.008533810201155458,1
5.183999999999651,REACH,0.37142252320374736,-0.041915421651051304,1.0082296560613664,0.37549282987583743,-0.0405141709042154,1.015480865920354,0.0084327305470677,1
5.185999999999651,REACH,0.3714728080685924,-0.04189870227237621,1.0083151197753137,0.37549282987583743,-0.0405141709042154,1.015480865920354,0.00833219180379968,1
5.187999999999651,REACH,0.37152277974538034,-0.041882073235370104,1.0084001468742607,0.37549282987583743,-0.0405141709042154,1.015480865920354,0.008232195152912094,1
5.1899999999996504,REACH,0.37157243832730086,-0.04186553473760199,1.0084847359421458,0.37549282987583743,-0.0405141709042154,1.015480865920354,0.008132741774826356,1
5.19199999999965,REACH,0.3716217839063641,-0.04184908697631108,1.008568885565528,0.37549282987583743,-0.0405141709042154,1.015480865920354,0.008033832848822357,1
5.19399999999965,REACH,0.371670816573373,-0.04183273014840741,1.0086525943335984,0.37549282987583743,-0.0405141709042154,1.015480865920354,0.007935469553035479,1
5.19599999999965,REACH,0.37171953641789546,-0.04181646445047328,1.0087358608381956,0.37549282987583743,-0.0405141709042154,1.015480865920354,0.007837653064452154,1
5.19799999999965,REACH,0.37176794352823805,-0.04180029007876486,1.0088186836738147,0.37549282987583743,-0.0405141709042154,1.015480865920354,0.007740384558907926,1
5.199999999999649,REACH,0.37181603799141566,-0.04178420722921287,1.0089010614376226,0.37549282987583743,-0.0405141709042154,1.015480865920354,0.007643665211083982,1
5.201999999999649,REACH,0.37186381989312745,-0.041768216097424773,1.0089829927294678,0.37549282987583743,-0.0405141709042154,1.015480865920354,0.007547496194504399,1
5.203999999999649,REACH,0.3719112893177272,-0.04175231687868562,1.0090644761518943,0.37549282987583743,-0.0405141709042154,1.015480865920354,0.007451878681532576,1
5.205999999999649,REACH,0.3719584463481953,-0.041736509767959326,1.0091455103101539,0.37549282987583743,-0.0405141709042154,1.015480865920354,0.007356813843368702,1
5.2079999999996485,REACH,0.3720052910661127,-0.04172079495989051,1.0092260938122177,0.37549282987583743,-0.0405141709042154,1.015480865920354,0.007262302850046252,1
5.209999999999648,REACH,0.3720518235516316,-0.04170517264880513,1.0093062252687914,0.37549282987583743,-0.0405141709042154,1.015480865920354,0.007168346870427642,1
5.211999999999648,REACH,0.37209804388344875,-0.04168964302871222,1.0093859032933226,0.37549282987583743,-0.0405141709042154,1.015480865920354,0.0070749470722046934,1
5.213999999999648,REACH,0.3721439521387776,-0.041674206293305385,1.0094651265020171,0.37549282987583743,-0.0405141709042154,1.015480865920354,0.006982104621892193,1
5.215999999999648,REACH,0.37218954839332,-0.041658862635963814,1.0095438935138514,0.37549282987583743,-0.0405141709042154,1.015480865920354,0.006889820684825462,1
5.217999999999647,REACH,0.3722348327212391,-0.0416436122497537,1.0096222029505821,0.37549282987583743,-0.0405141709042154,1.015480865920354,0.0067980964251589315,1
5.219999999999647,REACH,0.37227980519513065,-0.04162845532742983,1.0097000534367617,0.37549282987583743,-0.0405141709042154,1.015480865920354,0.00670693300586086,1
5.221999999999647,REACH,0.3723244658859961,-0.04161339206143617,1.0097774435997493,0.37549282987583743,-0.0405141709042154,1.015480865920354,0.006616331588711163,1
5.223999999999647,REACH,0.372368814863214,-0.04159842264390824,1.009854372069724,0.37549282987583743,-0.0405141709042154,1.015480865920354,0.006526293334297934,1
5.2259999999996465,REACH,0.37241285219451314,-0.04158354726667421,1.0099308374796938,0.37549282987583743,-0.0405141709042154,1.015480865920354,0.006436819402016699,1
5.227999999999646,REACH,0.3724565779459427,-0.041568766121255145,1.0100068384655143,0.37549282987583743,-0.0405141709042154,1.015480865920354,0.006347910950063131,1
5.229999999999646,REACH,0.3724999921818464,-0.041554079398867697,1.010082373665897,0.37549282987583743,-0.0405141709042154,1.015480865920354,0.006259569135432231,1
5.231999999999646,REACH,0.3725430949648332,-0.04153948729042468,1.0101574417224217,0.37549282987583743,-0.0405141709042154,1.015480865920354,0.006171795113916024,1
5.233999999999646,REACH,0.37258588635575035,-0.04152498998653664,1.0102320412795507,0.37549282987583743,-0.0405141709042154,1.015480865920354,0.006084590040098457,1
5.235999999999645,REACH,0.3726283664136541,-0.04151058767751326,1.0103061709846395,0.37549282987583743,-0.0405141709042154,1.015480865920354,0.0059979550673544026,1
5.237999999999645,REACH,0.3726705351957828,-0.041496280553364434,1.010379829487953,0.37549282987583743,-0.0405141709042154,1.015480865920354,0.005911891347842906,1
5.239999999999645,REACH,0.3727123927575289,-0.041482068803801724,1.0104530154426723,0.37549282987583743,-0.0405141709042154,1.015480865920354,0.00582640003250858,1
5.241999999999645,REACH,0.37275393915240906,-0.04146795261823949,1.010525727504912,0.37549282987583743,-0.0405141709042154,1.015480865920354,0.005741482271075836,1
5.2439999999996445,REACH,0.37279517443203936,-0.04145393218579675,1.0105979643337317,0.37549282987583743,-0.0405141709042154,1.015480865920354,0.005657139212044494,1
5.245999999999644,REACH,0.37283609864610323,-0.04144000769529749,1.0106697245911473,0.37549282987583743,-0.0405141709042154,1.015480865920354,0.005573372002689826,1
5.247999999999644,REACH,0.37287671184232735,-0.041426179335273275,1.0107410069421445,0.37549282987583743,-0.0405141709042154,1.015480865920354,0.005490181789056763,1
5.249999999999644,REACH,0.37291701406645034,-0.04141244729396314,1.0108118100546912,0.37549282987583743,-0.0405141709042154,1.015480865920354,0.005407569715958074,1
5.251999999999644,REACH,0.37295700536219684,-0.04139881175931644,1.0108821325997512,0.37549282987583743,-0.0405141709042154,1.015480865920354,0.005325536926969599,1
5.253999999999643,REACH,0.37299668577124717,-0.0413852729189924,1.0109519732512946,0.37549282987583743,-0.0405141709042154,1.015480865920354,0.005244084564429664,1
5.255999999999643,REACH,0.37303605533321116,-0.04137183096036282,1.011021330686313,0.37549282987583743,-0.0405141709042154,1.015480865920354,0.005163213769432866,1
5.257999999999643,REACH,0.37307511408559935,-0.041358486070512596,1.0110902035848313,0.37549282987583743,-0.0405141709042154,1.015480865920354,0.0050829256818277655,1
5.259999999999643,REACH,0.37311386206379454,-0.04134523843624162,1.0111585906299194,0.37549282987583743,-0.0405141709042154,1.015480865920354,0.005003221440214879,1
5.2619999999996425,REACH,0.37315229930102284,-0.04133208824406511,1.0112264905077057,0.37549282987583743,-0.0405141709042154,1.015480865920354,0.004924102181942916,1
5.263999999999642,REACH,0.37319042582832723,-0.04131903568021579,1.0112939019073908,0.37549282987583743,-0.0405141709042154,1.015480865920354,0.004845569043103904,1
5.265999999999642,REACH,0.3732282416745382,-0.041306080930644994,1.0113608235212599,0.37549282987583743,-0.0405141709042154,1.015480865920354,0.004767623158530536,1
5.267999999999642,REACH,0.3732657468662454,-0.041293224181023123,1.0114272540446936,0.37549282987583743,-0.0405141709042154,1.015480865920354,0.00469026566179504,1
5.269999999999642,REACH,0.3733029414277697,-0.04128046561674202,1.0114931921761838,0.37549282987583743,-0.0405141709042154,1.015480865920354,0.004613497685202742,1
5.271999999999641,REACH,0.37333982538113464,-0.04126780542291549,1.011558636617345,0.37549282987583743,-0.0405141709042154,1.015480865920354,0.004537320359790486,1
5.273999999999641,REACH,0.37337639874603906,-0.041255243784380835,1.0116235860729268,0.37549282987583743,-0.0405141709042154,1.015480865920354,0.004461734815322907,1
5.275999999999641,REACH,0.3734126615398274,-0.04124278088569991,1.0116880392508287,0.37549282987583743,-0.0405141709042154,1.015480865920354,0.004386742180288238,1
5.277999999999641,REACH,0.37344861377746247,-0.041230416911160736,1.011751994862111,0.37549282987583743,-0.0405141709042154,1.015480865920354,0.004312343581896402,1
5.2799999999996405,REACH,0.3734842554714969,-0.04121815204477793,1.0118154516210085,0.37549282987583743,-0.0405141709042154,1.015480865920354,0.004238540146074631,1
5.28199999999964,REACH,0.37351958663204454,-0.04120598647029504,1.0118784082449441,0.37549282987583743,-0.0405141709042154,1.015480865920354,0.004165332997464195,1
5.28399999999964,REACH,0.3735546072667525,-0.041193920371184495,1.0119408634545421,0.37549282987583743,-0.0405141709042154,1.015480865920354,0.004092723259416273,1
5.28599999999964,REACH,0.37358931738077233,-0.041181953930649995,1.01200281597364,0.37549282987583743,-0.0405141709042154,1.015480865920354,0.004020712053989956,1
5.28799999999964,REACH,0.3736237169767325,-0.04117008733162682,1.0120642645293023,0.37549282987583743,-0.0405141709042154,1.015480865920354,0.00394930050194778,1
5.289999999999639,REACH,0.3736578060547095,-0.041158320756783745,1.0121252078518344,0.37549282987583743,-0.0405141709042154,1.015480865920354,0.0038784897227518824,1
5.291999999999639,REACH,0.37369158461219915,-0.04114665438852342,1.0121856446747943,0.37549282987583743,-0.0405141709042154,1.015480865920354,0.0038082808345616765,1
5.293999999999639,REACH,0.3737250526440897,-0.04113508840898436,1.0122455737350076,0.37549282987583743,-0.0405141709042154,1.015480865920354,0.0037386749542288587,1
5.295999999999639,REACH,0.3737582101426309,-0.04112362300004102,1.012304993772579,0.37549282987583743,-0.0405141709042154,1.015480865920354,0.0036696731972955055,1
5.2979999999996386,REACH,0.37379105709740884,-0.04111225834330648,1.0123639035309073,0.37549282987583743,-0.0405141709042154,1.015480865920354,0.0036012766779885655,1
5.299999999999638,REACH,0.3738235934953153,-0.04110099462013243,1.0124223017566967,0.37549282987583743,-0.0405141709042154,1.015480865920354,0.0035334865092186635,1
5.301999999999638,REACH,0.3738558193205202,-0.04108983201161044,1.0124801871999736,0.37549282987583743,-0.0405141709042154,1.015480865920354,0.003466303802572909,1
5.303999999999638,REACH,0.37388773455444285,-0.04107877069857341,1.0125375586140968,0.37549282987583743,-0.0405141709042154,1.015480865920354,0.003399729668314698,1
5.305999999999638,REACH,0.3739193391757242,-0.041067810861596485,1.0125944147557706,0.37549282987583743,-0.0405141709042154,1.015480865920354,0.003333765215379869,1
5.3079999999996375,REACH,0.3739506331601986,-0.04105695268099868,1.0126507543850625,0.37549282987583743,-0.0405141709042154,1.015480865920354,0.003268411551369491,1
5.309999999999637,REACH,0.3739816164808644,-0.041046196336843005,1.0127065762654126,0.37549282987583743,-0.0405141709042154,1.015480865920354,0.0032036697825499156,1
5.311999999999637,REACH,0.37401228910785683,-0.04103554200893843,1.0127618791636486,0.37549282987583743,-0.0405141709042154,1.015480865920354,0.003139541013847779,1
5.313999999999637,REACH,0.37404265100841827,-0.041024989876840307,1.0128166618500005,0.37549282987583743,-0.0405141709042154,1.015480865920354,0.0030760263488453514,1
5.315999999999637,REACH,0.37407270214687144,-0.04101454011985203,1.0128709230981119,0.37549282987583743,-0.0405141709042154,1.015480865920354,0.003013126889778821,1
5.317999999999636,REACH,0.3741024424845906,-0.04100419291702595,1.0129246616850571,0.37549282987583743,-0.0405141709042154,1.015480865920354,0.00295084373753115,1
5.319999999999636,REACH,0.374131871979972,-0.0409939484471642,1.0129778763913515,0.37549282987583743,-0.0405141709042154,1.015480865920354,0.0028891779916323445,1
5.321999999999636,REACH,0.37416099058840724,-0.04098380688881963,1.0130305660009675,0.37549282987583743,-0.0405141709042154,1.015480865920354,0.0028281307502524057,1
5.323999999999636,REACH,0.374189798262254,-0.04097376842029725,1.013082729301348,0.37549282987583743,-0.0405141709042154,1.015480865920354,0.0027677031101987757,1
5.3259999999996355,REACH,0.37421829495080833,-0.04096383321965537,1.01313436508342,0.37549282987583743,-0.0405141709042154,1.015480865920354,0.002707896166912284,1
5.327999999999635,REACH,0.3742464806002754,-0.04095400146470585,1.013185472141608,0.37549282987583743,-0.0405141709042154,1.015480865920354,0.002648711014463676,1
5.329999999999635,REACH,0.3742743551537418,-0.040944273333015535,1.0132360492738517,0.37549282987583743,-0.0405141709042154,1.015480865920354,0.0025901487455472104,1
5.331999999999635,REACH,0.374301918551148,-0.040934649001907596,1.013286095281613,0.37549282987583743,-0.0405141709042154,1.015480865920354,0.002532210451481514,1
5.333999999999635,REACH,0.37432917072925836,-0.04092512864846187,1.013335608969898,0.37549282987583743,-0.0405141709042154,1.015480865920354,0.002474897222200029,1
5.335999999999634,REACH,0.37435611162163474,-0.04091571244951653,1.0133845891472657,0.37549282987583743,-0.0405141709042154,1.015480865920354,0.0024182101462507425,1
5.337999999999634,REACH,0.3743827411586058,-0.04090640058166779,1.0134330346258447,0.37549282987583743,-0.0405141709042154,1.015480865920354,0.002362150310791257,1
5.339999999999634,REACH,0.37440905926724194,-0.04089719322127272,1.013480944221347,0.37549282987583743,-0.0405141709042154,1.015480865920354,0.0023067188015834014,1
5.341999999999634,REACH,0.3744350658713243,-0.040888090544448114,1.0135283167530822,0.37549282987583743,-0.0405141709042154,1.015480865920354,0.0022519167029908856,1
5.3439999999996335,REACH,0.3744607608913181,-0.04087909272707324,1.0135751510439728,0.37549282987583743,-0.0405141709042154,1.015480865920354,0.00219774509797326,1
5.345999999999633,REACH,0.3744861442443437,-0.04087019994478948,1.013621445920567,0.37549282987583743,-0.0405141709042154,1.015480865920354,0.002144205068083736,1
5.347999999999633,REACH,0.3745112158441483,-0.040861412373001414,1.0136672002130542,0.37549282987583743,-0.0405141709042154,1.015480865920354,0.0020912976934642498,1
5.349999999999633,REACH,0.37453597560107876,-0.04085273018687843,1.013712412755281,0.37549282987583743,-0.0405141709042154,1.015480865920354,0.0020390240528394958,1
5.351999999999633,REACH,0.3745604234220526,-0.04084415356135468,1.0137570823847628,0.37549282987583743,-0.0405141709042154,1.015480865920354,0.0019873852235154804,1
5.353999999999632,REACH,0.374584559210529,-0.04083568267113055,1.0138012079427023,0.37549282987583743,-0.0405141709042154,1.015480865920354,0.001936382281372566,1
5.355999999999632,REACH,0.3746083828664832,-0.040827317690672854,1.0138447882739996,0.37549282987583743,-0.0405141709042154,1.015480865920354,0.00188601630086406,1
5.357999999999632,REACH,0.3746318942863755,-0.04081905879421632,1.013887822227272,0.37549282987583743,-0.0405141709042154,1.015480865920354,0.0018362883550084679,1
5.359999999999632,REACH,0.3746550933631257,-0.04081090615576437,1.0139303086548663,0.37549282987583743,-0.0405141709042154,1.015480865920354,0.0017871995153868345,1
5.3619999999996315,REACH,0.3746779799860825,-0.04080285994908888,1.0139722464128735,0.37549282987583743,-0.0405141709042154,1.015480865920354,0.0017387508521390534,1
5.363999999999631,REACH,0.37470055404099756,-0.04079492034773227,1.0140136343611452,0.37549282987583743,-0.0405141709042154,1.015480865920354,0.0016909434339576674,1
5.365999999999631,REACH,0.3747228154099968,-0.04078708752500751,1.0140544713633068,0.37549282987583743,-0.0405141709042154,1.015480865920354,0.0016437783280850997,1
5.367999999999631,REACH,0.3747447639715516,-0.04077936165399912,1.0140947562867757,0.37549282987583743,-0.0405141709042154,1.015480865920354,0.0015972566003070612,1
5.369999999999631,REACH,0.3747663996004516,-0.04077174290756364,1.0141344880027736,0.37549282987583743,-0.0405141709042154,1.015480865920354,0.0015513793149498013,1
5.37199999999963,REACH,0.3747877221677765,-0.04076423145833037,1.0141736653863445,0.37549282987583743,-0.0405141709042154,1.015480865920354,0.0015061475348736976,1
5.37399999999963,REACH,0.37480873154086863,-0.04075682747870278,1.0142122873163668,0.37549282987583743,-0.0405141709042154,1.015480865920354,0.001461562321470822,1
5.37599999999963,REACH,0.37482942758330356,-0.040749531140857755,1.0142503526755724,0.37549282987583743,-0.0405141709042154,1.015480865920354,0.0014176247346581342,1
5.37799999999963,REACH,0.374849810154864,-0.040742342616747584,1.01428786035056,0.37549282987583743,-0.0405141709042154,1.015480865920354,0.0013743358328734672,1
5.3799999999996295,REACH,0.3748698791115104,-0.04073526207810014,1.0143248092318102,0.37549282987583743,-0.0405141709042154,1.015480865920354,0.0013316966730724529,1
5.381999999999629,REACH,0.37488963430535416,-0.04072828969641906,1.014361198213705,0.37549282987583743,-0.0405141709042154,1.015480865920354,0.0012897083107191024,1
5.383999999999629,REACH,0.3749090755846293,-0.0407214256429849,1.0143970261945379,0.37549282987583743,-0.0405141709042154,1.015480865920354,0.0012483717997870429,1
5.385999999999629,REACH,0.3749282027936648,-0.04071467008885589,1.0144322920765356,0.37549282987583743,-0.0405141709042154,1.015480865920354,0.001207688192748604,1
5.387999999999629,REACH,0.37494701577285644,-0.04070802320486758,1.0144669947658687,0.37549282987583743,-0.0405141709042154,1.015480865920354,0.0011676585405753599,1
5.389999999999628,REACH,0.3749655143586393,-0.040701485161634125,1.0145011331726714,0.37549282987583743,-0.0405141709042154,1.015480865920354,0.0011282838927291134,1
5.391999999999628,REACH,0.37498369838346046,-0.040695056129548865,1.0145347062110577,0.37549282987583743,-0.0405141709042154,1.015480865920354,0.0010895652971573955,1
5.393999999999628,REACH,0.375001567675751,-0.04068873627878455,1.014567712799133,0.37549282987583743,-0.0405141709042154,1.015480865920354,0.001051503800291682,1
5.395999999999628,REACH,0.3750191220598981,-0.040682525779293946,1.0146001518590162,0.37549282987583743,-0.0405141709042154,1.015480865920354,0.0010141004470380992,1
5.3979999999996275,REACH,0.3750363613562173,-0.04067642480080984,1.014632022316854,0.37549282987583743,-0.0405141709042154,1.015480865920354,0.0009773562807734628,1
5.399999999999627,REACH,0.37505328538092575,-0.040670433512846355,1.0146633231028344,0.37549282987583743,-0.0405141709042154,1.015480865920354,0.0009412723433424103,1
5.401999999999627,REACH,0.3750698939461136,-0.04066455208469874,1.0146940531512074,0.37549282987583743,-0.0405141709042154,1.015480865920354,0.0009058496750493744,1
5.403999999999627,REACH,0.37508618685971723,-0.04065878068544418,1.0147242114003006,0.37549282987583743,-0.0405141709042154,1.015480865920354,0.00087108931465362,1
5.405999999999627,REACH,0.3751021639254917,-0.04065311948394172,1.0147537967925329,0.37549282987583743,-0.0405141709042154,1.015480865920354,0.0008369922993660732,1
5.407999999999626,REACH,0.3751178249429827,-0.040647568648833024,1.014782808274436,0.37549282987583743,-0.0405141709042154,1.015480865920354,0.000803559664840901,1
5.409999999999626,REACH,0.37513316970749955,-0.040642128348542465,1.0148112447966668,0.37549282987583743,-0.0405141709042154,1.015480865920354,0.0007707924451729086,1
5.411999999999626,REACH,0.37514819801008803,-0.04063679875127779,1.0148391053140298,0.37549282987583743,-0.0405141709042154,1.015480865920354,0.0007386916728884603,1
5.413999999999626,REACH,0.3751629096375026,-0.0406315800250301,1.0148663887854856,0.37549282987583743,-0.0405141709042154,1.015480865920354,0.0007072583789461033,1
5.415999999999626,REACH,0.37517730437217955,-0.04062647233757435,1.0148930941741787,0.37549282987583743,-0.0405141709042154,1.015480865920354,0.0006764935927227954,1
5.417999999999625,REACH,0.375191381992209,-0.04062147585646929,1.0149192204474466,0.37549282987583743,-0.0405141709042154,1.015480865920354,0.000646398342014896,1
5.419999999999625,REACH,0.3752051422713086,-0.04061659074905823,1.0149447665768394,0.37549282987583743,-0.0405141709042154,1.015480865920354,0.000616973653030649,1
5.421999999999625,REACH,0.3752185849787954,-0.04061181718246869,1.0149697315381394,0.37549282987583743,-0.0405141709042154,1.015480865920354,0.0005882205503824491,1
5.423999999999625,REACH,0.3752317098795594,-0.040607155323613024,1.0149941143113759,0.37549282987583743,-0.0405141709042154,1.015480865920354,0.0005601400570837405,1
5.4259999999996245,REACH,0.37524451673403686,-0.04060260533918841,1.0150179138808455,0.37549282987583743,-0.0405141709042154,1.015480865920354,0.0005327331945401647,1
5.427999999999624,REACH,0.37525700529818135,-0.04059816739567692,1.0150411292351254,0.37549282987583743,-0.0405141709042154,1.015480865920354,0.0005060009825488676,1
5.429999999999624,REACH,0.37526917532343906,-0.040593841659346055,1.015063759367097,0.37549282987583743,-0.0405141709042154,1.015480865920354,0.0004799444392859805,1
5.431999999999624,REACH,0.3752810265567202,-0.040589628296248154,1.0150858032739596,0.37549282987583743,-0.0405141709042154,1.015480865920354,0.0004545645813057188,1
5.433999999999624,REACH,0.3752925587403729,-0.04058552747222095,1.0151072599572502,0.37549282987583743,-0.0405141709042154,1.015480865920354,0.00042986242353172427,1
5.435999999999623,REACH,0.3753037716121561,-0.04058153935288775,1.01512812842286,0.37549282987583743,-0.0405141709042154,1.015480865920354,0.0004058389792529905,1
5.437999999999623,REACH,0.3753146649052126,-0.04057766410365703,1.0151484076810557,0.37549282987583743,-0.0405141709042154,1.015480865920354,0.000382495260114944,1
5.439999999999623,REACH,0.37532523834804266,-0.04057390188972287,1.015168096746495,0.37549282987583743,-0.0405141709042154,1.015480865920354,0.00035983227611578993,1
5.441999999999623,REACH,0.3753354916644764,-0.04057025287606439,1.0151871946382465,0.37549282987583743,-0.0405141709042154,1.015480865920354,0.000337851035599211,1
5.4439999999996225,REACH,0.37534542457364817,-0.04056671722744626,1.0152057003798067,0.37549282987583743,-0.0405141709042154,1.015480865920354,0.00031655254524845484,1
5.445999999999622,REACH,0.3753550367899698,-0.04056329510841844,1.0152236129991223,0.37549282987583743,-0.0405141709042154,1.015480865920354,0.00029593781007797353,1
5.447999999999622,REACH,0.3753643280231032,-0.04055998668331601,1.0152409315286042,0.37549282987583743,-0.0405141709042154,1.015480865920354,0.00027600783343067315,1
5.449999999999622,REACH,0.3753732979779343,-0.04055679211625883,1.0152576550051498,0.37549282987583743,-0.0405141709042154,1.015480865920354,0.0002567636169684277,1
5.451999999999622,REACH,0.3753819463545469,-0.04055371157115193,1.0152737824701603,0.37549282987583743,-0.0405141709042154,1.015480865920354,0.0002382061606669777,1
5.453999999999621,REACH,0.37539027284819615,-0.040550745211685044,1.01528931296956,0.37549282987583743,-0.0405141709042154,1.015480865920354,0.00022033646280954764,1
5.455999999999621,REACH,0.3753982771492815,-0.04054789320133221,1.0153042455538184,0.37549282987583743,-0.0405141709042154,1.015480865920354,0.00020315551997715178,1
5.457999999999621,REACH,0.3754059589433215,-0.04054515570335186,1.015318579277964,0.37549282987583743,-0.0405141709042154,1.015480865920354,0.00018666432704709477,1
5.459999999999621,REACH,0.3754133179109268,-0.04054253288078637,1.0153323132016088,0.37549282987583743,-0.0405141709042154,1.015480865920354,0.00017086387718171322,1
5.4619999999996205,REACH,0.3754203537277737,-0.04054002489646185,1.0153454463889655,0.37549282987583743,-0.0405141709042154,1.015480865920354,0.00015575516182367126,1
5.46399999999962,REACH,0.3754270660645795,-0.04053763191298789,1.0153579779088668,0.37549282987583743,-0.0405141709042154,1.015480865920354,0.00014133917068905174,1
5.46599999999962,REACH,0.3754334545870746,-0.040535354092757166,1.015369906834787,0.37549282987583743,-0.0405141709042154,1.015480865920354,0.00012761689175941167,1
5.46799999999962,REACH,0.3754395189559776,-0.040533191597944676,1.0153812322448603,0.37549282987583743,-0.0405141709042154,1.015480865920354,0.00011458931127565412,1
5.46999999999962,REACH,0.37544525882696905,-0.040531144590508064,1.0153919532219025,0.37549282987583743,-0.0405141709042154,1.015480865920354,0.00010225741372995591,1
5.471999999999619,REACH,0.3754506738506658,-0.04052921323218684,1.015402068853429,0.37549282987583743,-0.0405141709042154,1.015480865920354,9.06221818598828e-05,1
5.473999999999619,REACH,0.3754557636725948,-0.04052739768450181,1.0154115782316768,0.37549282987583743,-0.0405141709042154,1.015480865920354,7.96845966407354e-05,1
5.475999999999619,REACH,0.3754605279331675,-0.04052569810875438,1.0154204804536244,0.37549282987583743,-0.0405141709042154,1.015480865920354,6.944563727756844e-05,1
5.477999999999619,REACH,0.3754649662676549,-0.04052411466602707,1.0154287746210122,0.37549282987583743,-0.0405141709042154,1.015480865920354,5.9906281198500586e-05,1
5.4799999999996185,REACH,0.37546907830616044,-0.04052264751718157,1.0154364598403627,0.37549282987583743,-0.0405141709042154,1.015480865920354,5.1067504048041354e-05,1
5.481999999999618,REACH,0.37547286367359534,-0.04052129682285878,1.015443535223004,0.37549282987583743,-0.0405141709042154,1.015480865920354,4.293027967673361e-05,1
5.483999999999618,REACH,0.3754763219896539,-0.04052006274347883,1.0154499998850859,0.37549282987583743,-0.0405141709042154,1.015480865920354,3.549558013792746e-05,1
5.485999999999618,REACH,0.3754794528687865,-0.040518945439239326,1.015455852947605,0.37549282987583743,-0.0405141709042154,1.015480865920354,2.876437567686962e-05,1
5.487999999999618,REACH,0.3754822559201755,-0.040517945070115434,1.0154610935364248,0.37549282987583743,-0.0405141709042154,1.015480865920354,2.2737634723682433e-05,1
5.489999999999617,REACH,0.37548473074770883,-0.040517061795858664,1.015465720782296,0.37549282987583743,-0.0405141709042154,1.015480865920354,1.7416323886973703e-05,1
5.491999999999617,REACH,0.37548687694995664,-0.0405162957759968,1.0154697338208787,0.37549282987583743,-0.0405141709042154,1.015480865920354,1.280140794438297e-05,1
5.493999999999617,REACH,0.375488694120144,-0.04051564716983237,1.0154731317927648,0.37549282987583743,-0.0405141709042154,1.015480865920354,8.893849835381411e-06,1
5.495999999999617,REACH,0.3754901818461275,-0.04051511613644218,1.015475913843498,0.37549282987583743,-0.0405141709042154,1.015480865920354,5.694610653626544e-06,1
5.4979999999996165,REACH,0.3754913397103695,-0.040514702834676806,1.0154780791235973,0.37549282987583743,-0.0405141709042154,1.015480865920354,3.204649637735665e-06,1
5.499999999999616,REACH,0.3754921672899133,-0.04051440742315904,1.0154796267885773,0.37549282987583743,-0.0405141709042154,1.015480865920354,1.4249241655906445e-06,1
5.501999999999616,REACH,0.3754926641563589,-0.0405142300602835,1.0154805559989715,0.37549282987583743,-0.0405141709042154,1.015480865920354,3.563897435717998e-07,1
5.503999999999616,REACH,0.37549282987583743,-0.0405141709042154,1.015480865920354,0.37549282987583743,-0.0405141709042154,1.015480865920354,0.0,1
5.505999999999616,TOUCH/HOLD,0.37549282987583743,-0.0405141709042154,1.015480865920354,0.37549282987583743,-0.0405141709042154,1.015480865920354,0.0,1
5.507999999999615,TOUCH/HOLD,0.37549282987583743,-0.0405141709042154,1.015480865920354,0.37549282987583743,-0.0405141709042154,1.015480865920354,0.0,1
5.509999999999615,TOUCH/HOLD,0.37549282987583743,-0.0405141709042154,1.015480865920354,0.37549282987583743,-0.0405141709042154,1.015480865920354,0.0,1
5.511999999999615,TOUCH/HOLD,0.37549282987583743,-0.0405141709042154,1.015480865920354,0.37549282987583743,-0.0405141709042154,1.015480865920354,0.0,1
5.513999999999615,TOUCH/HOLD,0.37549282987583743,-0.0405141709042154,1.015480865920354,0.37549282987583743,-0.0405141709042154,1.015480865920354,0.0,1
5.5159999999996145,TOUCH/HOLD,0.37549282987583743,-0.0405141709042154,1.015480865920354,0.37549282987583743,-0.0405141709042154,1.015480865920354,0.0,1
5.517999999999614,TOUCH/HOLD,0.37549282987583743,-0.0405141709042154,1.015480865920354,0.37549282987583743,-0.0405141709042154,1.015480865920354,0.0,1
5.519999999999614,TOUCH/HOLD,0.37549282987583743,-0.0405141709042154,1.015480865920354,0.37549282987583743,-0.0405141709042154,1.015480865920354,0.0,1
5.521999999999614,TOUCH/HOLD,0.37549282987583743,-0.0405141709042154,1.015480865920354,0.37549282987583743,-0.0405141709042154,1.015480865920354,0.0,1
5.523999999999614,TOUCH/HOLD,0.37549282987583743,-0.0405141709042154,1.015480865920354,0.37549282987583743,-0.0405141709042154,1.015480865920354,0.0,1
5.525999999999613,TOUCH/HOLD,0.37549282987583743,-0.0405141709042154,1.015480865920354,0.37549282987583743,-0.0405141709042154,1.015480865920354,0.0,1
5.527999999999613,TOUCH/HOLD,0.37549282987583743,-0.0405141709042154,1.015480865920354,0.37549282987583743,-0.0405141709042154,1.015480865920354,0.0,1
5.529999999999613,TOUCH/HOLD,0.37549282987583743,-0.0405141709042154,1.015480865920354,0.37549282987583743,-0.0405141709042154,1.015480865920354,0.0,1
5.531999999999613,TOUCH/HOLD,0.37549282987583743,-0.0405141709042154,1.015480865920354,0.37549282987583743,-0.0405141709042154,1.015480865920354,0.0,1
5.533999999999613,TOUCH/HOLD,0.37549282987583743,-0.0405141709042154,1.015480865920354,0.37549282987583743,-0.0405141709042154,1.015480865920354,0.0,1
5.535999999999612,TOUCH/HOLD,0.37549282987583743,-0.0405141709042154,1.015480865920354,0.37549282987583743,-0.0405141709042154,1.015480865920354,0.0,1
5.537999999999612,TOUCH/HOLD,0.37549282987583743,-0.0405141709042154,1.015480865920354,0.37549282987583743,-0.0405141709042154,1.015480865920354,0.0,1
5.539999999999612,TOUCH/HOLD,0.37549282987583743,-0.0405141709042154,1.015480865920354,0.37549282987583743,-0.0405141709042154,1.015480865920354,0.0,1
5.541999999999612,TOUCH/HOLD,0.37549282987583743,-0.0405141709042154,1.015480865920354,0.37549282987583743,-0.0405141709042154,1.015480865920354,0.0,1
5.5439999999996115,TOUCH/HOLD,0.37549282987583743,-0.0405141709042154,1.015480865920354,0.37549282987583743,-0.0405141709042154,1.015480865920354,0.0,1
5.545999999999611,TOUCH/HOLD,0.37549282987583743,-0.0405141709042154,1.015480865920354,0.37549282987583743,-0.0405141709042154,1.015480865920354,0.0,1
5.547999999999611,TOUCH/HOLD,0.37549282987583743,-0.0405141709042154,1.015480865920354,0.37549282987583743,-0.0405141709042154,1.015480865920354,0.0,1
5.549999999999611,TOUCH/HOLD,0.37549282987583743,-0.0405141709042154,1.015480865920354,0.37549282987583743,-0.0405141709042154,1.015480865920354,0.0,1
5.551999999999611,TOUCH/HOLD,0.37549282987583743,-0.0405141709042154,1.015480865920354,0.37549282987583743,-0.0405141709042154,1.015480865920354,0.0,1
5.55399999999961,TOUCH/HOLD,0.37549282987583743,-0.0405141709042154,1.015480865920354,0.37549282987583743,-0.0405141709042154,1.015480865920354,0.0,1
5.55599999999961,TOUCH/HOLD,0.37549282987583743,-0.0405141709042154,1.015480865920354,0.37549282987583743,-0.0405141709042154,1.015480865920354,0.0,1
5.55799999999961,TOUCH/HOLD,0.37549282987583743,-0.0405141709042154,1.015480865920354,0.37549282987583743,-0.0405141709042154,1.015480865920354,0.0,1
5.55999999999961,TOUCH/HOLD,0.37549282987583743,-0.0405141709042154,1.015480865920354,0.37549282987583743,-0.0405141709042154,1.015480865920354,0.0,1
5.5619999999996095,TOUCH/HOLD,0.37549282987583743,-0.0405141709042154,1.015480865920354,0.37549282987583743,-0.0405141709042154,1.015480865920354,0.0,1
5.563999999999609,TOUCH/HOLD,0.37549282987583743,-0.0405141709042154,1.015480865920354,0.37549282987583743,-0.0405141709042154,1.015480865920354,0.0,1
5.565999999999609,TOUCH/HOLD,0.37549282987583743,-0.0405141709042154,1.015480865920354,0.37549282987583743,-0.0405141709042154,1.015480865920354,0.0,1
5.567999999999609,TOUCH/HOLD,0.37549282987583743,-0.0405141709042154,1.015480865920354,0.37549282987583743,-0.0405141709042154,1.015480865920354,0.0,1
5.569999999999609,TOUCH/HOLD,0.37549282987583743,-0.0405141709042154,1.015480865920354,0.37549282987583743,-0.0405141709042154,1.015480865920354,0.0,1
5.571999999999608,TOUCH/HOLD,0.37549282987583743,-0.0405141709042154,1.015480865920354,0.37549282987583743,-0.0405141709042154,1.015480865920354,0.0,1
5.573999999999608,TOUCH/HOLD,0.37549282987583743,-0.0405141709042154,1.015480865920354,0.37549282987583743,-0.0405141709042154,1.015480865920354,0.0,1
5.575999999999608,TOUCH/HOLD,0.37549282987583743,-0.0405141709042154,1.015480865920354,0.37549282987583743,-0.0405141709042154,1.015480865920354,0.0,1
5.577999999999608,TOUCH/HOLD,0.37549282987583743,-0.0405141709042154,1.015480865920354,0.37549282987583743,-0.0405141709042154,1.015480865920354,0.0,1
5.5799999999996075,TOUCH/HOLD,0.37549282987583743,-0.0405141709042154,1.015480865920354,0.37549282987583743,-0.0405141709042154,1.015480865920354,0.0,1
5.581999999999607,TOUCH/HOLD,0.37549282987583743,-0.0405141709042154,1.015480865920354,0.37549282987583743,-0.0405141709042154,1.015480865920354,0.0,1
5.583999999999607,TOUCH/HOLD,0.37549282987583743,-0.0405141709042154,1.015480865920354,0.37549282987583743,-0.0405141709042154,1.015480865920354,0.0,1
5.585999999999607,TOUCH/HOLD,0.37549282987583743,-0.0405141709042154,1.015480865920354,0.37549282987583743,-0.0405141709042154,1.015480865920354,0.0,1
5.587999999999607,TOUCH/HOLD,0.37549282987583743,-0.0405141709042154,1.015480865920354,0.37549282987583743,-0.0405141709042154,1.015480865920354,0.0,1
5.589999999999606,TOUCH/HOLD,0.37549282987583743,-0.0405141709042154,1.015480865920354,0.37549282987583743,-0.0405141709042154,1.015480865920354,0.0,1
5.591999999999606,TOUCH/HOLD,0.37549282987583743,-0.0405141709042154,1.015480865920354,0.37549282987583743,-0.0405141709042154,1.015480865920354,0.0,1
5.593999999999606,TOUCH/HOLD,0.37549282987583743,-0.0405141709042154,1.015480865920354,0.37549282987583743,-0.0405141709042154,1.015480865920354,0.0,1
5.595999999999606,TOUCH/HOLD,0.37549282987583743,-0.0405141709042154,1.015480865920354,0.37549282987583743,-0.0405141709042154,1.015480865920354,0.0,1
5.5979999999996055,TOUCH/HOLD,0.37549282987583743,-0.0405141709042154,1.015480865920354,0.37549282987583743,-0.0405141709042154,1.015480865920354,0.0,1
5.599999999999605,TOUCH/HOLD,0.37549282987583743,-0.0405141709042154,1.015480865920354,0.37549282987583743,-0.0405141709042154,1.015480865920354,0.0,1
5.601999999999605,TOUCH/HOLD,0.37549282987583743,-0.0405141709042154,1.015480865920354,0.37549282987583743,-0.0405141709042154,1.015480865920354,0.0,1
5.603999999999605,TOUCH/HOLD,0.37549282987583743,-0.0405141709042154,1.015480865920354,0.37549282987583743,-0.0405141709042154,1.015480865920354,0.0,1
5.605999999999605,TOUCH/HOLD,0.37549282987583743,-0.0405141709042154,1.015480865920354,0.37549282987583743,-0.0405141709042154,1.015480865920354,0.0,1
5.607999999999604,TOUCH/HOLD,0.37549282987583743,-0.0405141709042154,1.015480865920354,0.37549282987583743,-0.0405141709042154,1.015480865920354,0.0,1
5.609999999999604,TOUCH/HOLD,0.37549282987583743,-0.0405141709042154,1.015480865920354,0.37549282987583743,-0.0405141709042154,1.015480865920354,0.0,1
5.611999999999604,TOUCH/HOLD,0.37549282987583743,-0.0405141709042154,1.015480865920354,0.37549282987583743,-0.0405141709042154,1.015480865920354,0.0,1
5.613999999999604,TOUCH/HOLD,0.37549282987583743,-0.0405141709042154,1.015480865920354,0.37549282987583743,-0.0405141709042154,1.015480865920354,0.0,1
5.6159999999996035,TOUCH/HOLD,0.37549282987583743,-0.0405141709042154,1.015480865920354,0.37549282987583743,-0.0405141709042154,1.015480865920354,0.0,1
5.617999999999603,TOUCH/HOLD,0.37549282987583743,-0.0405141709042154,1.015480865920354,0.37549282987583743,-0.0405141709042154,1.015480865920354,0.0,1
5.619999999999603,TOUCH/HOLD,0.37549282987583743,-0.0405141709042154,1.015480865920354,0.37549282987583743,-0.0405141709042154,1.015480865920354,0.0,1
5.621999999999603,TOUCH/HOLD,0.37549282987583743,-0.0405141709042154,1.015480865920354,0.37549282987583743,-0.0405141709042154,1.015480865920354,0.0,1
5.623999999999603,TOUCH/HOLD,0.37549282987583743,-0.0405141709042154,1.015480865920354,0.37549282987583743,-0.0405141709042154,1.015480865920354,0.0,1
5.625999999999602,TOUCH/HOLD,0.37549282987583743,-0.0405141709042154,1.015480865920354,0.37549282987583743,-0.0405141709042154,1.015480865920354,0.0,1
5.627999999999602,TOUCH/HOLD,0.37549282987583743,-0.0405141709042154,1.015480865920354,0.37549282987583743,-0.0405141709042154,1.015480865920354,0.0,1
5.629999999999602,TOUCH/HOLD,0.37549282987583743,-0.0405141709042154,1.015480865920354,0.37549282987583743,-0.0405141709042154,1.015480865920354,0.0,1
5.631999999999602,TOUCH/HOLD,0.37549282987583743,-0.0405141709042154,1.015480865920354,0.37549282987583743,-0.0405141709042154,1.015480865920354,0.0,1
5.6339999999996015,TOUCH/HOLD,0.37549282987583743,-0.0405141709042154,1.015480865920354,0.37549282987583743,-0.0405141709042154,1.015480865920354,0.0,1
5.635999999999601,TOUCH/HOLD,0.37549282987583743,-0.0405141709042154,1.015480865920354,0.37549282987583743,-0.0405141709042154,1.015480865920354,0.0,1
5.637999999999601,TOUCH/HOLD,0.37549282987583743,-0.0405141709042154,1.015480865920354,0.37549282987583743,-0.0405141709042154,1.015480865920354,0.0,1
5.639999999999601,TOUCH/HOLD,0.37549282987583743,-0.0405141709042154,1.015480865920354,0.37549282987583743,-0.0405141709042154,1.015480865920354,0.0,1
5.641999999999601,TOUCH/HOLD,0.37549282987583743,-0.0405141709042154,1.015480865920354,0.37549282987583743,-0.0405141709042154,1.015480865920354,0.0,1
5.6439999999996004,TOUCH/HOLD,0.37549282987583743,-0.0405141709042154,1.015480865920354,0.37549282987583743,-0.0405141709042154,1.015480865920354,0.0,1
5.6459999999996,TOUCH/HOLD,0.37549282987583743,-0.0405141709042154,1.015480865920354,0.37549282987583743,-0.0405141709042154,1.015480865920354,0.0,1
5.6479999999996,TOUCH/HOLD,0.37549282987583743,-0.0405141709042154,1.015480865920354,0.37549282987583743,-0.0405141709042154,1.015480865920354,0.0,1
5.6499999999996,TOUCH/HOLD,0.37549282987583743,-0.0405141709042154,1.015480865920354,0.37549282987583743,-0.0405141709042154,1.015480865920354,0.0,1
5.6519999999996,TOUCH/HOLD,0.37549282987583743,-0.0405141709042154,1.015480865920354,0.37549282987583743,-0.0405141709042154,1.015480865920354,0.0,1
5.653999999999599,TOUCH/HOLD,0.37549282987583743,-0.0405141709042154,1.015480865920354,0.37549282987583743,-0.0405141709042154,1.015480865920354,0.0,1
5.655999999999599,TOUCH/HOLD,0.37549282987583743,-0.0405141709042154,1.015480865920354,0.37549282987583743,-0.0405141709042154,1.015480865920354,0.0,1
5.657999999999599,TOUCH/HOLD,0.37549282987583743,-0.0405141709042154,1.015480865920354,0.37549282987583743,-0.0405141709042154,1.015480865920354,0.0,1
5.659999999999599,TOUCH/HOLD,0.37549282987583743,-0.0405141709042154,1.015480865920354,0.37549282987583743,-0.0405141709042154,1.015480865920354,0.0,1
5.6619999999995985,TOUCH/HOLD,0.37549282987583743,-0.0405141709042154,1.015480865920354,0.37549282987583743,-0.0405141709042154,1.015480865920354,0.0,1
5.663999999999598,TOUCH/HOLD,0.37549282987583743,-0.0405141709042154,1.015480865920354,0.37549282987583743,-0.0405141709042154,1.015480865920354,0.0,1
5.665999999999598,TOUCH/HOLD,0.37549282987583743,-0.0405141709042154,1.015480865920354,0.37549282987583743,-0.0405141709042154,1.015480865920354,0.0,1
5.667999999999598,TOUCH/HOLD,0.37549282987583743,-0.0405141709042154,1.015480865920354,0.37549282987583743,-0.0405141709042154,1.015480865920354,0.0,1
5.669999999999598,TOUCH/HOLD,0.37549282987583743,-0.0405141709042154,1.015480865920354,0.37549282987583743,-0.0405141709042154,1.015480865920354,0.0,1
5.671999999999597,TOUCH/HOLD,0.37549282987583743,-0.0405141709042154,1.015480865920354,0.37549282987583743,-0.0405141709042154,1.015480865920354,0.0,1
5.673999999999597,TOUCH/HOLD,0.37549282987583743,-0.0405141709042154,1.015480865920354,0.37549282987583743,-0.0405141709042154,1.015480865920354,0.0,1
5.675999999999597,TOUCH/HOLD,0.37549282987583743,-0.0405141709042154,1.015480865920354,0.37549282987583743,-0.0405141709042154,1.015480865920354,0.0,1
5.677999999999597,TOUCH/HOLD,0.37549282987583743,-0.0405141709042154,1.015480865920354,0.37549282987583743,-0.0405141709042154,1.015480865920354,0.0,1
5.6799999999995965,TOUCH/HOLD,0.37549282987583743,-0.0405141709042154,1.015480865920354,0.37549282987583743,-0.0405141709042154,1.015480865920354,0.0,1
5.681999999999596,TOUCH/HOLD,0.37549282987583743,-0.0405141709042154,1.015480865920354,0.37549282987583743,-0.0405141709042154,1.015480865920354,0.0,1
5.683999999999596,TOUCH/HOLD,0.37549282987583743,-0.0405141709042154,1.015480865920354,0.37549282987583743,-0.0405141709042154,1.015480865920354,0.0,1
5.685999999999596,TOUCH/HOLD,0.37549282987583743,-0.0405141709042154,1.015480865920354,0.37549282987583743,-0.0405141709042154,1.015480865920354,0.0,1
5.687999999999596,TOUCH/HOLD,0.37549282987583743,-0.0405141709042154,1.015480865920354,0.37549282987583743,-0.0405141709042154,1.015480865920354,0.0,1
5.689999999999595,TOUCH/HOLD,0.37549282987583743,-0.0405141709042154,1.015480865920354,0.37549282987583743,-0.0405141709042154,1.015480865920354,0.0,1
5.691999999999595,TOUCH/HOLD,0.37549282987583743,-0.0405141709042154,1.015480865920354,0.37549282987583743,-0.0405141709042154,1.015480865920354,0.0,1
5.693999999999595,TOUCH/HOLD,0.37549282987583743,-0.0405141709042154,1.015480865920354,0.37549282987583743,-0.0405141709042154,1.015480865920354,0.0,1
5.695999999999595,TOUCH/HOLD,0.37549282987583743,-0.0405141709042154,1.015480865920354,0.37549282987583743,-0.0405141709042154,1.015480865920354,0.0,1
5.6979999999995945,TOUCH/HOLD,0.37549282987583743,-0.0405141709042154,1.015480865920354,0.37549282987583743,-0.0405141709042154,1.015480865920354,0.0,1
5.699999999999594,TOUCH/HOLD,0.37549282987583743,-0.0405141709042154,1.015480865920354,0.37549282987583743,-0.0405141709042154,1.015480865920354,0.0,1
5.701999999999594,TOUCH/HOLD,0.37549282987583743,-0.0405141709042154,1.015480865920354,0.37549282987583743,-0.0405141709042154,1.015480865920354,0.0,1
5.703999999999594,TOUCH/HOLD,0.37549282987583743,-0.0405141709042154,1.015480865920354,0.37549282987583743,-0.0405141709042154,1.015480865920354,0.0,1
5.705999999999594,TOUCH/HOLD,0.37549282987583743,-0.0405141709042154,1.015480865920354,0.37549282987583743,-0.0405141709042154,1.015480865920354,0.0,1
5.707999999999593,TOUCH/HOLD,0.37549282987583743,-0.0405141709042154,1.015480865920354,0.37549282987583743,-0.0405141709042154,1.015480865920354,0.0,1
5.709999999999593,TOUCH/HOLD,0.37549282987583743,-0.0405141709042154,1.015480865920354,0.37549282987583743,-0.0405141709042154,1.015480865920354,0.0,1
5.711999999999593,TOUCH/HOLD,0.37549282987583743,-0.0405141709042154,1.015480865920354,0.37549282987583743,-0.0405141709042154,1.015480865920354,0.0,1
5.713999999999593,TOUCH/HOLD,0.37549282987583743,-0.0405141709042154,1.015480865920354,0.37549282987583743,-0.0405141709042154,1.015480865920354,0.0,1
5.7159999999995925,TOUCH/HOLD,0.37549282987583743,-0.0405141709042154,1.015480865920354,0.37549282987583743,-0.0405141709042154,1.015480865920354,0.0,1
5.717999999999592,TOUCH/HOLD,0.37549282987583743,-0.0405141709042154,1.015480865920354,0.37549282987583743,-0.0405141709042154,1.015480865920354,0.0,1
5.719999999999592,TOUCH/HOLD,0.37549282987583743,-0.0405141709042154,1.015480865920354,0.37549282987583743,-0.0405141709042154,1.015480865920354,0.0,1
5.721999999999592,TOUCH/HOLD,0.37549282987583743,-0.0405141709042154,1.015480865920354,0.37549282987583743,-0.0405141709042154,1.015480865920354,0.0,1
5.723999999999592,TOUCH/HOLD,0.37549282987583743,-0.0405141709042154,1.015480865920354,0.37549282987583743,-0.0405141709042154,1.015480865920354,0.0,1
5.725999999999591,TOUCH/HOLD,0.37549282987583743,-0.0405141709042154,1.015480865920354,0.37549282987583743,-0.0405141709042154,1.015480865920354,0.0,1
5.727999999999591,TOUCH/HOLD,0.37549282987583743,-0.0405141709042154,1.015480865920354,0.37549282987583743,-0.0405141709042154,1.015480865920354,0.0,1
5.729999999999591,TOUCH/HOLD,0.37549282987583743,-0.0405141709042154,1.015480865920354,0.37549282987583743,-0.0405141709042154,1.015480865920354,0.0,1
5.731999999999591,TOUCH/HOLD,0.37549282987583743,-0.0405141709042154,1.015480865920354,0.37549282987583743,-0.0405141709042154,1.015480865920354,0.0,1
5.7339999999995905,TOUCH/HOLD,0.37549282987583743,-0.0405141709042154,1.015480865920354,0.37549282987583743,-0.0405141709042154,1.015480865920354,0.0,1
5.73599999999959,TOUCH/HOLD,0.37549282987583743,-0.0405141709042154,1.015480865920354,0.37549282987583743,-0.0405141709042154,1.015480865920354,0.0,1
5.73799999999959,TOUCH/HOLD,0.37549282987583743,-0.0405141709042154,1.015480865920354,0.37549282987583743,-0.0405141709042154,1.015480865920354,0.0,1
5.73999999999959,TOUCH/HOLD,0.37549282987583743,-0.0405141709042154,1.015480865920354,0.37549282987583743,-0.0405141709042154,1.015480865920354,0.0,1
5.74199999999959,TOUCH/HOLD,0.37549282987583743,-0.0405141709042154,1.015480865920354,0.37549282987583743,-0.0405141709042154,1.015480865920354,0.0,1
5.743999999999589,TOUCH/HOLD,0.37549282987583743,-0.0405141709042154,1.015480865920354,0.37549282987583743,-0.0405141709042154,1.015480865920354,0.0,1
5.745999999999589,TOUCH/HOLD,0.37549282987583743,-0.0405141709042154,1.015480865920354,0.37549282987583743,-0.0405141709042154,1.015480865920354,0.0,1
5.747999999999589,TOUCH/HOLD,0.37549282987583743,-0.0405141709042154,1.015480865920354,0.37549282987583743,-0.0405141709042154,1.015480865920354,0.0,1
5.749999999999589,TOUCH/HOLD,0.37549282987583743,-0.0405141709042154,1.015480865920354,0.37549282987583743,-0.0405141709042154,1.015480865920354,0.0,1
5.7519999999995886,TOUCH/HOLD,0.37549282987583743,-0.0405141709042154,1.015480865920354,0.37549282987583743,-0.0405141709042154,1.015480865920354,0.0,1
5.753999999999588,TOUCH/HOLD,0.37549282987583743,-0.0405141709042154,1.015480865920354,0.37549282987583743,-0.0405141709042154,1.015480865920354,0.0,1
5.755999999999588,TOUCH/HOLD,0.37549282987583743,-0.0405141709042154,1.015480865920354,0.37549282987583743,-0.0405141709042154,1.015480865920354,0.0,1
5.757999999999588,TOUCH/HOLD,0.37549282987583743,-0.0405141709042154,1.015480865920354,0.37549282987583743,-0.0405141709042154,1.015480865920354,0.0,1
5.759999999999588,TOUCH/HOLD,0.37549282987583743,-0.0405141709042154,1.015480865920354,0.37549282987583743,-0.0405141709042154,1.015480865920354,0.0,1
5.7619999999995875,TOUCH/HOLD,0.37549282987583743,-0.0405141709042154,1.015480865920354,0.37549282987583743,-0.0405141709042154,1.015480865920354,0.0,1
5.763999999999587,TOUCH/HOLD,0.37549282987583743,-0.0405141709042154,1.015480865920354,0.37549282987583743,-0.0405141709042154,1.015480865920354,0.0,1
5.765999999999587,TOUCH/HOLD,0.37549282987583743,-0.0405141709042154,1.015480865920354,0.37549282987583743,-0.0405141709042154,1.015480865920354,0.0,1
5.767999999999587,TOUCH/HOLD,0.37549282987583743,-0.0405141709042154,1.015480865920354,0.37549282987583743,-0.0405141709042154,1.015480865920354,0.0,1
5.769999999999587,TOUCH/HOLD,0.37549282987583743,-0.0405141709042154,1.015480865920354,0.37549282987583743,-0.0405141709042154,1.015480865920354,0.0,1
5.771999999999586,TOUCH/HOLD,0.37549282987583743,-0.0405141709042154,1.015480865920354,0.37549282987583743,-0.0405141709042154,1.015480865920354,0.0,1
5.773999999999586,TOUCH/HOLD,0.37549282987583743,-0.0405141709042154,1.015480865920354,0.37549282987583743,-0.0405141709042154,1.015480865920354,0.0,1
5.775999999999586,TOUCH/HOLD,0.37549282987583743,-0.0405141709042154,1.015480865920354,0.37549282987583743,-0.0405141709042154,1.015480865920354,0.0,1
5.777999999999586,TOUCH/HOLD,0.37549282987583743,-0.0405141709042154,1.015480865920354,0.37549282987583743,-0.0405141709042154,1.015480865920354,0.0,1
5.7799999999995855,TOUCH/HOLD,0.37549282987583743,-0.0405141709042154,1.015480865920354,0.37549282987583743,-0.0405141709042154,1.015480865920354,0.0,1
5.781999999999585,TOUCH/HOLD,0.37549282987583743,-0.0405141709042154,1.015480865920354,0.37549282987583743,-0.0405141709042154,1.015480865920354,0.0,1
5.783999999999585,TOUCH/HOLD,0.37549282987583743,-0.0405141709042154,1.015480865920354,0.37549282987583743,-0.0405141709042154,1.015480865920354,0.0,1
5.785999999999585,TOUCH/HOLD,0.37549282987583743,-0.0405141709042154,1.015480865920354,0.37549282987583743,-0.0405141709042154,1.015480865920354,0.0,1
5.787999999999585,TOUCH/HOLD,0.37549282987583743,-0.0405141709042154,1.015480865920354,0.37549282987583743,-0.0405141709042154,1.015480865920354,0.0,1
5.789999999999584,TOUCH/HOLD,0.37549282987583743,-0.0405141709042154,1.015480865920354,0.37549282987583743,-0.0405141709042154,1.015480865920354,0.0,1
5.791999999999584,TOUCH/HOLD,0.37549282987583743,-0.0405141709042154,1.015480865920354,0.37549282987583743,-0.0405141709042154,1.015480865920354,0.0,1
5.793999999999584,TOUCH/HOLD,0.37549282987583743,-0.0405141709042154,1.015480865920354,0.37549282987583743,-0.0405141709042154,1.015480865920354,0.0,1
5.795999999999584,TOUCH/HOLD,0.37549282987583743,-0.0405141709042154,1.015480865920354,0.37549282987583743,-0.0405141709042154,1.015480865920354,0.0,1
5.7979999999995835,TOUCH/HOLD,0.37549282987583743,-0.0405141709042154,1.015480865920354,0.37549282987583743,-0.0405141709042154,1.015480865920354,0.0,1
5.799999999999583,TOUCH/HOLD,0.37549282987583743,-0.0405141709042154,1.015480865920354,0.37549282987583743,-0.0405141709042154,1.015480865920354,0.0,1
5.801999999999583,TOUCH/HOLD,0.37549282987583743,-0.0405141709042154,1.015480865920354,0.37549282987583743,-0.0405141709042154,1.015480865920354,0.0,1
5.803999999999583,TOUCH/HOLD,0.37549282987583743,-0.0405141709042154,1.015480865920354,0.37549282987583743,-0.0405141709042154,1.015480865920354,0.0,1
5.805999999999583,TOUCH/HOLD,0.37549282987583743,-0.0405141709042154,1.015480865920354,0.37549282987583743,-0.0405141709042154,1.015480865920354,0.0,1
5.807999999999582,TOUCH/HOLD,0.37549282987583743,-0.0405141709042154,1.015480865920354,0.37549282987583743,-0.0405141709042154,1.015480865920354,0.0,1
5.809999999999582,TOUCH/HOLD,0.37549282987583743,-0.0405141709042154,1.015480865920354,0.37549282987583743,-0.0405141709042154,1.015480865920354,0.0,1
5.811999999999582,TOUCH/HOLD,0.37549282987583743,-0.0405141709042154,1.015480865920354,0.37549282987583743,-0.0405141709042154,1.015480865920354,0.0,1
5.813999999999582,TOUCH/HOLD,0.37549282987583743,-0.0405141709042154,1.015480865920354,0.37549282987583743,-0.0405141709042154,1.015480865920354,0.0,1
5.8159999999995815,TOUCH/HOLD,0.37549282987583743,-0.0405141709042154,1.015480865920354,0.37549282987583743,-0.0405141709042154,1.015480865920354,0.0,1
5.817999999999581,TOUCH/HOLD,0.37549282987583743,-0.0405141709042154,1.015480865920354,0.37549282987583743,-0.0405141709042154,1.015480865920354,0.0,1
5.819999999999581,TOUCH/HOLD,0.37549282987583743,-0.0405141709042154,1.015480865920354,0.37549282987583743,-0.0405141709042154,1.015480865920354,0.0,1
5.821999999999581,TOUCH/HOLD,0.37549282987583743,-0.0405141709042154,1.015480865920354,0.37549282987583743,-0.0405141709042154,1.015480865920354,0.0,1
5.823999999999581,TOUCH/HOLD,0.37549282987583743,-0.0405141709042154,1.015480865920354,0.37549282987583743,-0.0405141709042154,1.015480865920354,0.0,1
5.82599999999958,TOUCH/HOLD,0.37549282987583743,-0.0405141709042154,1.015480865920354,0.37549282987583743,-0.0405141709042154,1.015480865920354,0.0,1
5.82799999999958,TOUCH/HOLD,0.37549282987583743,-0.0405141709042154,1.015480865920354,0.37549282987583743,-0.0405141709042154,1.015480865920354,0.0,1
5.82999999999958,TOUCH/HOLD,0.37549282987583743,-0.0405141709042154,1.015480865920354,0.37549282987583743,-0.0405141709042154,1.015480865920354,0.0,1
5.83199999999958,TOUCH/HOLD,0.37549282987583743,-0.0405141709042154,1.015480865920354,0.37549282987583743,-0.0405141709042154,1.015480865920354,0.0,1
5.8339999999995795,TOUCH/HOLD,0.37549282987583743,-0.0405141709042154,1.015480865920354,0.37549282987583743,-0.0405141709042154,1.015480865920354,0.0,1
5.835999999999579,TOUCH/HOLD,0.37549282987583743,-0.0405141709042154,1.015480865920354,0.37549282987583743,-0.0405141709042154,1.015480865920354,0.0,1
5.837999999999579,TOUCH/HOLD,0.37549282987583743,-0.0405141709042154,1.015480865920354,0.37549282987583743,-0.0405141709042154,1.015480865920354,0.0,1
5.839999999999579,TOUCH/HOLD,0.37549282987583743,-0.0405141709042154,1.015480865920354,0.37549282987583743,-0.0405141709042154,1.015480865920354,0.0,1
5.841999999999579,TOUCH/HOLD,0.37549282987583743,-0.0405141709042154,1.015480865920354,0.37549282987583743,-0.0405141709042154,1.015480865920354,0.0,1
5.843999999999578,TOUCH/HOLD,0.37549282987583743,-0.0405141709042154,1.015480865920354,0.37549282987583743,-0.0405141709042154,1.015480865920354,0.0,1
5.845999999999578,TOUCH/HOLD,0.37549282987583743,-0.0405141709042154,1.015480865920354,0.37549282987583743,-0.0405141709042154,1.015480865920354,0.0,1
5.847999999999578,TOUCH/HOLD,0.37549282987583743,-0.0405141709042154,1.015480865920354,0.37549282987583743,-0.0405141709042154,1.015480865920354,0.0,1
5.849999999999578,TOUCH/HOLD,0.37549282987583743,-0.0405141709042154,1.015480865920354,0.37549282987583743,-0.0405141709042154,1.015480865920354,0.0,1
5.8519999999995775,TOUCH/HOLD,0.37549282987583743,-0.0405141709042154,1.015480865920354,0.37549282987583743,-0.0405141709042154,1.015480865920354,0.0,1
5.853999999999577,TOUCH/HOLD,0.37549282987583743,-0.0405141709042154,1.015480865920354,0.37549282987583743,-0.0405141709042154,1.015480865920354,0.0,1
5.855999999999577,TOUCH/HOLD,0.37549282987583743,-0.0405141709042154,1.015480865920354,0.37549282987583743,-0.0405141709042154,1.015480865920354,0.0,1
5.857999999999577,TOUCH/HOLD,0.37549282987583743,-0.0405141709042154,1.015480865920354,0.37549282987583743,-0.0405141709042154,1.015480865920354,0.0,1
5.859999999999577,TOUCH/HOLD,0.37549282987583743,-0.0405141709042154,1.015480865920354,0.37549282987583743,-0.0405141709042154,1.015480865920354,0.0,1
5.861999999999576,TOUCH/HOLD,0.37549282987583743,-0.0405141709042154,1.015480865920354,0.37549282987583743,-0.0405141709042154,1.015480865920354,0.0,1
5.863999999999576,TOUCH/HOLD,0.37549282987583743,-0.0405141709042154,1.015480865920354,0.37549282987583743,-0.0405141709042154,1.015480865920354,0.0,1
5.865999999999576,TOUCH/HOLD,0.37549282987583743,-0.0405141709042154,1.015480865920354,0.37549282987583743,-0.0405141709042154,1.015480865920354,0.0,1
5.867999999999576,TOUCH/HOLD,0.37549282987583743,-0.0405141709042154,1.015480865920354,0.37549282987583743,-0.0405141709042154,1.015480865920354,0.0,1
5.869999999999576,TOUCH/HOLD,0.37549282987583743,-0.0405141709042154,1.015480865920354,0.37549282987583743,-0.0405141709042154,1.015480865920354,0.0,1
5.871999999999575,TOUCH/HOLD,0.37549282987583743,-0.0405141709042154,1.015480865920354,0.37549282987583743,-0.0405141709042154,1.015480865920354,0.0,1
5.873999999999575,TOUCH/HOLD,0.37549282987583743,-0.0405141709042154,1.015480865920354,0.37549282987583743,-0.0405141709042154,1.015480865920354,0.0,1
5.875999999999575,TOUCH/HOLD,0.37549282987583743,-0.0405141709042154,1.015480865920354,0.37549282987583743,-0.0405141709042154,1.015480865920354,0.0,1
5.877999999999575,TOUCH/HOLD,0.37549282987583743,-0.0405141709042154,1.015480865920354,0.37549282987583743,-0.0405141709042154,1.015480865920354,0.0,1
5.8799999999995745,TOUCH/HOLD,0.37549282987583743,-0.0405141709042154,1.015480865920354,0.37549282987583743,-0.0405141709042154,1.015480865920354,0.0,1
5.881999999999574,TOUCH/HOLD,0.37549282987583743,-0.0405141709042154,1.015480865920354,0.37549282987583743,-0.0405141709042154,1.015480865920354,0.0,1
5.883999999999574,TOUCH/HOLD,0.37549282987583743,-0.0405141709042154,1.015480865920354,0.37549282987583743,-0.0405141709042154,1.015480865920354,0.0,1
5.885999999999574,TOUCH/HOLD,0.37549282987583743,-0.0405141709042154,1.015480865920354,0.37549282987583743,-0.0405141709042154,1.015480865920354,0.0,1
5.887999999999574,TOUCH/HOLD,0.37549282987583743,-0.0405141709042154,1.015480865920354,0.37549282987583743,-0.0405141709042154,1.015480865920354,0.0,1
5.889999999999573,TOUCH/HOLD,0.37549282987583743,-0.0405141709042154,1.015480865920354,0.37549282987583743,-0.0405141709042154,1.015480865920354,0.0,1
5.891999999999573,TOUCH/HOLD,0.37549282987583743,-0.0405141709042154,1.015480865920354,0.37549282987583743,-0.0405141709042154,1.015480865920354,0.0,1
5.893999999999573,TOUCH/HOLD,0.37549282987583743,-0.0405141709042154,1.015480865920354,0.37549282987583743,-0.0405141709042154,1.015480865920354,0.0,1
5.895999999999573,TOUCH/HOLD,0.37549282987583743,-0.0405141709042154,1.015480865920354,0.37549282987583743,-0.0405141709042154,1.015480865920354,0.0,1
5.8979999999995725,TOUCH/HOLD,0.37549282987583743,-0.0405141709042154,1.015480865920354,0.37549282987583743,-0.0405141709042154,1.015480865920354,0.0,1
5.899999999999572,TOUCH/HOLD,0.37549282987583743,-0.0405141709042154,1.015480865920354,0.37549282987583743,-0.0405141709042154,1.015480865920354,0.0,1
5.901999999999572,TOUCH/HOLD,0.37549282987583743,-0.0405141709042154,1.015480865920354,0.37549282987583743,-0.0405141709042154,1.015480865920354,0.0,1
5.903999999999572,TOUCH/HOLD,0.37549282987583743,-0.0405141709042154,1.015480865920354,0.37549282987583743,-0.0405141709042154,1.015480865920354,0.0,1
5.905999999999572,TOUCH/HOLD,0.37549282987583743,-0.0405141709042154,1.015480865920354,0.37549282987583743,-0.0405141709042154,1.015480865920354,0.0,1
5.907999999999571,TOUCH/HOLD,0.37549282987583743,-0.0405141709042154,1.015480865920354,0.37549282987583743,-0.0405141709042154,1.015480865920354,0.0,1
5.909999999999571,TOUCH/HOLD,0.37549282987583743,-0.0405141709042154,1.015480865920354,0.37549282987583743,-0.0405141709042154,1.015480865920354,0.0,1
5.911999999999571,TOUCH/HOLD,0.37549282987583743,-0.0405141709042154,1.015480865920354,0.37549282987583743,-0.0405141709042154,1.015480865920354,0.0,1
5.913999999999571,TOUCH/HOLD,0.37549282987583743,-0.0405141709042154,1.015480865920354,0.37549282987583743,-0.0405141709042154,1.015480865920354,0.0,1
5.9159999999995705,TOUCH/HOLD,0.37549282987583743,-0.0405141709042154,1.015480865920354,0.37549282987583743,-0.0405141709042154,1.015480865920354,0.0,1
5.91799999999957,TOUCH/HOLD,0.37549282987583743,-0.0405141709042154,1.015480865920354,0.37549282987583743,-0.0405141709042154,1.015480865920354,0.0,1
5.91999999999957,TOUCH/HOLD,0.37549282987583743,-0.0405141709042154,1.015480865920354,0.37549282987583743,-0.0405141709042154,1.015480865920354,0.0,1
5.92199999999957,TOUCH/HOLD,0.37549282987583743,-0.0405141709042154,1.015480865920354,0.37549282987583743,-0.0405141709042154,1.015480865920354,0.0,1
5.92399999999957,TOUCH/HOLD,0.37549282987583743,-0.0405141709042154,1.015480865920354,0.37549282987583743,-0.0405141709042154,1.015480865920354,0.0,1
5.925999999999569,TOUCH/HOLD,0.37549282987583743,-0.0405141709042154,1.015480865920354,0.37549282987583743,-0.0405141709042154,1.015480865920354,0.0,1
5.927999999999569,TOUCH/HOLD,0.37549282987583743,-0.0405141709042154,1.015480865920354,0.37549282987583743,-0.0405141709042154,1.015480865920354,0.0,1
5.929999999999569,TOUCH/HOLD,0.37549282987583743,-0.0405141709042154,1.015480865920354,0.37549282987583743,-0.0405141709042154,1.015480865920354,0.0,1
5.931999999999569,TOUCH/HOLD,0.37549282987583743,-0.0405141709042154,1.015480865920354,0.37549282987583743,-0.0405141709042154,1.015480865920354,0.0,1
5.9339999999995685,TOUCH/HOLD,0.37549282987583743,-0.0405141709042154,1.015480865920354,0.37549282987583743,-0.0405141709042154,1.015480865920354,0.0,1
5.935999999999568,TOUCH/HOLD,0.37549282987583743,-0.0405141709042154,1.015480865920354,0.37549282987583743,-0.0405141709042154,1.015480865920354,0.0,1
5.937999999999568,TOUCH/HOLD,0.37549282987583743,-0.0405141709042154,1.015480865920354,0.37549282987583743,-0.0405141709042154,1.015480865920354,0.0,1
5.939999999999568,TOUCH/HOLD,0.37549282987583743,-0.0405141709042154,1.015480865920354,0.37549282987583743,-0.0405141709042154,1.015480865920354,0.0,1
5.941999999999568,TOUCH/HOLD,0.37549282987583743,-0.0405141709042154,1.015480865920354,0.37549282987583743,-0.0405141709042154,1.015480865920354,0.0,1
5.943999999999567,TOUCH/HOLD,0.37549282987583743,-0.0405141709042154,1.015480865920354,0.37549282987583743,-0.0405141709042154,1.015480865920354,0.0,1
5.945999999999567,TOUCH/HOLD,0.37549282987583743,-0.0405141709042154,1.015480865920354,0.37549282987583743,-0.0405141709042154,1.015480865920354,0.0,1
5.947999999999567,TOUCH/HOLD,0.37549282987583743,-0.0405141709042154,1.015480865920354,0.37549282987583743,-0.0405141709042154,1.015480865920354,0.0,1
5.949999999999567,TOUCH/HOLD,0.37549282987583743,-0.0405141709042154,1.015480865920354,0.37549282987583743,-0.0405141709042154,1.015480865920354,0.0,1
5.9519999999995665,TOUCH/HOLD,0.37549282987583743,-0.0405141709042154,1.015480865920354,0.37549282987583743,-0.0405141709042154,1.015480865920354,0.0,1
5.953999999999566,TOUCH/HOLD,0.37549282987583743,-0.0405141709042154,1.015480865920354,0.37549282987583743,-0.0405141709042154,1.015480865920354,0.0,1
5.955999999999566,TOUCH/HOLD,0.37549282987583743,-0.0405141709042154,1.015480865920354,0.37549282987583743,-0.0405141709042154,1.015480865920354,0.0,1
5.957999999999566,TOUCH/HOLD,0.37549282987583743,-0.0405141709042154,1.015480865920354,0.37549282987583743,-0.0405141709042154,1.015480865920354,0.0,1
5.959999999999566,TOUCH/HOLD,0.37549282987583743,-0.0405141709042154,1.015480865920354,0.37549282987583743,-0.0405141709042154,1.015480865920354,0.0,1
5.961999999999565,TOUCH/HOLD,0.37549282987583743,-0.0405141709042154,1.015480865920354,0.37549282987583743,-0.0405141709042154,1.015480865920354,0.0,1
5.963999999999565,TOUCH/HOLD,0.37549282987583743,-0.0405141709042154,1.015480865920354,0.37549282987583743,-0.0405141709042154,1.015480865920354,0.0,1
5.965999999999565,TOUCH/HOLD,0.37549282987583743,-0.0405141709042154,1.015480865920354,0.37549282987583743,-0.0405141709042154,1.015480865920354,0.0,1
5.967999999999565,TOUCH/HOLD,0.37549282987583743,-0.0405141709042154,1.015480865920354,0.37549282987583743,-0.0405141709042154,1.015480865920354,0.0,1
5.9699999999995645,TOUCH/HOLD,0.37549282987583743,-0.0405141709042154,1.015480865920354,0.37549282987583743,-0.0405141709042154,1.015480865920354,0.0,1
5.971999999999564,TOUCH/HOLD,0.37549282987583743,-0.0405141709042154,1.015480865920354,0.37549282987583743,-0.0405141709042154,1.015480865920354,0.0,1
5.973999999999564,TOUCH/HOLD,0.37549282987583743,-0.0405141709042154,1.015480865920354,0.37549282987583743,-0.0405141709042154,1.015480865920354,0.0,1
5.975999999999564,TOUCH/HOLD,0.37549282987583743,-0.0405141709042154,1.015480865920354,0.37549282987583743,-0.0405141709042154,1.015480865920354,0.0,1
5.977999999999564,TOUCH/HOLD,0.37549282987583743,-0.0405141709042154,1.015480865920354,0.37549282987583743,-0.0405141709042154,1.015480865920354,0.0,1
5.979999999999563,TOUCH/HOLD,0.37549282987583743,-0.0405141709042154,1.015480865920354,0.37549282987583743,-0.0405141709042154,1.015480865920354,0.0,1
5.981999999999563,TOUCH/HOLD,0.37549282987583743,-0.0405141709042154,1.015480865920354,0.37549282987583743,-0.0405141709042154,1.015480865920354,0.0,1
5.983999999999563,TOUCH/HOLD,0.37549282987583743,-0.0405141709042154,1.015480865920354,0.37549282987583743,-0.0405141709042154,1.015480865920354,0.0,1
5.985999999999563,TOUCH/HOLD,0.37549282987583743,-0.0405141709042154,1.015480865920354,0.37549282987583743,-0.0405141709042154,1.015480865920354,0.0,1
5.987999999999563,TOUCH/HOLD,0.37549282987583743,-0.0405141709042154,1.015480865920354,0.37549282987583743,-0.0405141709042154,1.015480865920354,0.0,1
5.989999999999562,TOUCH/HOLD,0.37549282987583743,-0.0405141709042154,1.015480865920354,0.37549282987583743,-0.0405141709042154,1.015480865920354,0.0,1
5.991999999999562,TOUCH/HOLD,0.37549282987583743,-0.0405141709042154,1.015480865920354,0.37549282987583743,-0.0405141709042154,1.015480865920354,0.0,1
5.993999999999562,TOUCH/HOLD,0.37549282987583743,-0.0405141709042154,1.015480865920354,0.37549282987583743,-0.0405141709042154,1.015480865920354,0.0,1
5.995999999999562,TOUCH/HOLD,0.37549282987583743,-0.0405141709042154,1.015480865920354,0.37549282987583743,-0.0405141709042154,1.015480865920354,0.0,1
5.9979999999995615,TOUCH/HOLD,0.37549282987583743,-0.0405141709042154,1.015480865920354,0.37549282987583743,-0.0405141709042154,1.015480865920354,0.0,1
5.999999999999561,TOUCH/HOLD,0.37549282987583743,-0.0405141709042154,1.015480865920354,0.37549282987583743,-0.0405141709042154,1.015480865920354,0.0,1
6.001999999999561,TOUCH/HOLD,0.37549282987583743,-0.0405141709042154,1.015480865920354,0.37549282987583743,-0.0405141709042154,1.015480865920354,0.0,1
6.003999999999561,TOUCH/HOLD,0.37549282987583743,-0.0405141709042154,1.015480865920354,0.37549282987583743,-0.0405141709042154,1.015480865920354,0.0,1
6.005999999999561,TOUCH/HOLD,0.37549282987583743,-0.0405141709042154,1.015480865920354,0.37549282987583743,-0.0405141709042154,1.015480865920354,0.0,1
6.00799999999956,TOUCH/HOLD,0.37549282987583743,-0.0405141709042154,1.015480865920354,0.37549282987583743,-0.0405141709042154,1.015480865920354,0.0,1
6.00999999999956,TOUCH/HOLD,0.37549282987583743,-0.0405141709042154,1.015480865920354,0.37549282987583743,-0.0405141709042154,1.015480865920354,0.0,1
6.01199999999956,TOUCH/HOLD,0.37549282987583743,-0.0405141709042154,1.015480865920354,0.37549282987583743,-0.0405141709042154,1.015480865920354,0.0,1
6.01399999999956,TOUCH/HOLD,0.37549282987583743,-0.0405141709042154,1.015480865920354,0.37549282987583743,-0.0405141709042154,1.015480865920354,0.0,1
6.0159999999995595,TOUCH/HOLD,0.37549282987583743,-0.0405141709042154,1.015480865920354,0.37549282987583743,-0.0405141709042154,1.015480865920354,0.0,1
6.017999999999559,TOUCH/HOLD,0.37549282987583743,-0.0405141709042154,1.015480865920354,0.37549282987583743,-0.0405141709042154,1.015480865920354,0.0,1
6.019999999999559,TOUCH/HOLD,0.37549282987583743,-0.0405141709042154,1.015480865920354,0.37549282987583743,-0.0405141709042154,1.015480865920354,0.0,1
6.021999999999559,TOUCH/HOLD,0.37549282987583743,-0.0405141709042154,1.015480865920354,0.37549282987583743,-0.0405141709042154,1.015480865920354,0.0,1
6.023999999999559,TOUCH/HOLD,0.37549282987583743,-0.0405141709042154,1.015480865920354,0.37549282987583743,-0.0405141709042154,1.015480865920354,0.0,1
6.025999999999558,TOUCH/HOLD,0.37549282987583743,-0.0405141709042154,1.015480865920354,0.37549282987583743,-0.0405141709042154,1.015480865920354,0.0,1
6.027999999999558,TOUCH/HOLD,0.37549282987583743,-0.0405141709042154,1.015480865920354,0.37549282987583743,-0.0405141709042154,1.015480865920354,0.0,1
6.029999999999558,TOUCH/HOLD,0.37549282987583743,-0.0405141709042154,1.015480865920354,0.37549282987583743,-0.0405141709042154,1.015480865920354,0.0,1
6.031999999999558,TOUCH/HOLD,0.37549282987583743,-0.0405141709042154,1.015480865920354,0.37549282987583743,-0.0405141709042154,1.015480865920354,0.0,1
6.0339999999995575,TOUCH/HOLD,0.37549282987583743,-0.0405141709042154,1.015480865920354,0.37549282987583743,-0.0405141709042154,1.015480865920354,0.0,1
6.035999999999557,TOUCH/HOLD,0.37549282987583743,-0.0405141709042154,1.015480865920354,0.37549282987583743,-0.0405141709042154,1.015480865920354,0.0,1
6.037999999999557,TOUCH/HOLD,0.37549282987583743,-0.0405141709042154,1.015480865920354,0.37549282987583743,-0.0405141709042154,1.015480865920354,0.0,1
6.039999999999557,TOUCH/HOLD,0.37549282987583743,-0.0405141709042154,1.015480865920354,0.37549282987583743,-0.0405141709042154,1.015480865920354,0.0,1
6.041999999999557,TOUCH/HOLD,0.37549282987583743,-0.0405141709042154,1.015480865920354,0.37549282987583743,-0.0405141709042154,1.015480865920354,0.0,1
6.043999999999556,TOUCH/HOLD,0.37549282987583743,-0.0405141709042154,1.015480865920354,0.37549282987583743,-0.0405141709042154,1.015480865920354,0.0,1
6.045999999999556,TOUCH/HOLD,0.37549282987583743,-0.0405141709042154,1.015480865920354,0.37549282987583743,-0.0405141709042154,1.015480865920354,0.0,1
6.047999999999556,TOUCH/HOLD,0.37549282987583743,-0.0405141709042154,1.015480865920354,0.37549282987583743,-0.0405141709042154,1.015480865920354,0.0,1
6.049999999999556,TOUCH/HOLD,0.37549282987583743,-0.0405141709042154,1.015480865920354,0.37549282987583743,-0.0405141709042154,1.015480865920354,0.0,1
6.0519999999995555,TOUCH/HOLD,0.37549282987583743,-0.0405141709042154,1.015480865920354,0.37549282987583743,-0.0405141709042154,1.015480865920354,0.0,1
6.053999999999555,TOUCH/HOLD,0.37549282987583743,-0.0405141709042154,1.015480865920354,0.37549282987583743,-0.0405141709042154,1.015480865920354,0.0,1
6.055999999999555,TOUCH/HOLD,0.37549282987583743,-0.0405141709042154,1.015480865920354,0.37549282987583743,-0.0405141709042154,1.015480865920354,0.0,1
6.057999999999555,TOUCH/HOLD,0.37549282987583743,-0.0405141709042154,1.015480865920354,0.37549282987583743,-0.0405141709042154,1.015480865920354,0.0,1
6.059999999999555,TOUCH/HOLD,0.37549282987583743,-0.0405141709042154,1.015480865920354,0.37549282987583743,-0.0405141709042154,1.015480865920354,0.0,1
6.061999999999554,TOUCH/HOLD,0.37549282987583743,-0.0405141709042154,1.015480865920354,0.37549282987583743,-0.0405141709042154,1.015480865920354,0.0,1
6.063999999999554,TOUCH/HOLD,0.37549282987583743,-0.0405141709042154,1.015480865920354,0.37549282987583743,-0.0405141709042154,1.015480865920354,0.0,1
6.065999999999554,TOUCH/HOLD,0.37549282987583743,-0.0405141709042154,1.015480865920354,0.37549282987583743,-0.0405141709042154,1.015480865920354,0.0,1
6.067999999999554,TOUCH/HOLD,0.37549282987583743,-0.0405141709042154,1.015480865920354,0.37549282987583743,-0.0405141709042154,1.015480865920354,0.0,1
6.0699999999995535,TOUCH/HOLD,0.37549282987583743,-0.0405141709042154,1.015480865920354,0.37549282987583743,-0.0405141709042154,1.015480865920354,0.0,1
6.071999999999553,TOUCH/HOLD,0.37549282987583743,-0.0405141709042154,1.015480865920354,0.37549282987583743,-0.0405141709042154,1.015480865920354,0.0,1
6.073999999999553,TOUCH/HOLD,0.37549282987583743,-0.0405141709042154,1.015480865920354,0.37549282987583743,-0.0405141709042154,1.015480865920354,0.0,1
6.075999999999553,TOUCH/HOLD,0.37549282987583743,-0.0405141709042154,1.015480865920354,0.37549282987583743,-0.0405141709042154,1.015480865920354,0.0,1
6.077999999999553,TOUCH/HOLD,0.37549282987583743,-0.0405141709042154,1.015480865920354,0.37549282987583743,-0.0405141709042154,1.015480865920354,0.0,1
6.079999999999552,TOUCH/HOLD,0.37549282987583743,-0.0405141709042154,1.015480865920354,0.37549282987583743,-0.0405141709042154,1.015480865920354,0.0,1
6.081999999999552,TOUCH/HOLD,0.37549282987583743,-0.0405141709042154,1.015480865920354,0.37549282987583743,-0.0405141709042154,1.015480865920354,0.0,1
6.083999999999552,TOUCH/HOLD,0.37549282987583743,-0.0405141709042154,1.015480865920354,0.37549282987583743,-0.0405141709042154,1.015480865920354,0.0,1
6.085999999999552,TOUCH/HOLD,0.37549282987583743,-0.0405141709042154,1.015480865920354,0.37549282987583743,-0.0405141709042154,1.015480865920354,0.0,1
6.0879999999995515,TOUCH/HOLD,0.37549282987583743,-0.0405141709042154,1.015480865920354,0.37549282987583743,-0.0405141709042154,1.015480865920354,0.0,1
6.089999999999551,TOUCH/HOLD,0.37549282987583743,-0.0405141709042154,1.015480865920354,0.37549282987583743,-0.0405141709042154,1.015480865920354,0.0,1
6.091999999999551,TOUCH/HOLD,0.37549282987583743,-0.0405141709042154,1.015480865920354,0.37549282987583743,-0.0405141709042154,1.015480865920354,0.0,1
6.093999999999551,TOUCH/HOLD,0.37549282987583743,-0.0405141709042154,1.015480865920354,0.37549282987583743,-0.0405141709042154,1.015480865920354,0.0,1
6.095999999999551,TOUCH/HOLD,0.37549282987583743,-0.0405141709042154,1.015480865920354,0.37549282987583743,-0.0405141709042154,1.015480865920354,0.0,1
6.0979999999995504,TOUCH/HOLD,0.37549282987583743,-0.0405141709042154,1.015480865920354,0.37549282987583743,-0.0405141709042154,1.015480865920354,0.0,1
6.09999999999955,TOUCH/HOLD,0.37549282987583743,-0.0405141709042154,1.015480865920354,0.37549282987583743,-0.0405141709042154,1.015480865920354,0.0,1
6.10199999999955,TOUCH/HOLD,0.37549282987583743,-0.0405141709042154,1.015480865920354,0.37549282987583743,-0.0405141709042154,1.015480865920354,0.0,1
6.10399999999955,TOUCH/HOLD,0.37549282987583743,-0.0405141709042154,1.015480865920354,0.37549282987583743,-0.0405141709042154,1.015480865920354,0.0,1
6.10599999999955,TOUCH/HOLD,0.37549282987583743,-0.0405141709042154,1.015480865920354,0.37549282987583743,-0.0405141709042154,1.015480865920354,0.0,1
6.107999999999549,TOUCH/HOLD,0.37549282987583743,-0.0405141709042154,1.015480865920354,0.37549282987583743,-0.0405141709042154,1.015480865920354,0.0,1
6.109999999999549,TOUCH/HOLD,0.37549282987583743,-0.0405141709042154,1.015480865920354,0.37549282987583743,-0.0405141709042154,1.015480865920354,0.0,1
6.111999999999549,TOUCH/HOLD,0.37549282987583743,-0.0405141709042154,1.015480865920354,0.37549282987583743,-0.0405141709042154,1.015480865920354,0.0,1
6.113999999999549,TOUCH/HOLD,0.37549282987583743,-0.0405141709042154,1.015480865920354,0.37549282987583743,-0.0405141709042154,1.015480865920354,0.0,1
6.1159999999995485,TOUCH/HOLD,0.37549282987583743,-0.0405141709042154,1.015480865920354,0.37549282987583743,-0.0405141709042154,1.015480865920354,0.0,1
6.117999999999548,TOUCH/HOLD,0.37549282987583743,-0.0405141709042154,1.015480865920354,0.37549282987583743,-0.0405141709042154,1.015480865920354,0.0,1
6.119999999999548,TOUCH/HOLD,0.37549282987583743,-0.0405141709042154,1.015480865920354,0.37549282987583743,-0.0405141709042154,1.015480865920354,0.0,1
6.121999999999548,TOUCH/HOLD,0.37549282987583743,-0.0405141709042154,1.015480865920354,0.37549282987583743,-0.0405141709042154,1.015480865920354,0.0,1
6.123999999999548,TOUCH/HOLD,0.37549282987583743,-0.0405141709042154,1.015480865920354,0.37549282987583743,-0.0405141709042154,1.015480865920354,0.0,1
6.125999999999547,TOUCH/HOLD,0.37549282987583743,-0.0405141709042154,1.015480865920354,0.37549282987583743,-0.0405141709042154,1.015480865920354,0.0,1
6.127999999999547,TOUCH/HOLD,0.37549282987583743,-0.0405141709042154,1.015480865920354,0.37549282987583743,-0.0405141709042154,1.015480865920354,0.0,1
6.129999999999547,TOUCH/HOLD,0.37549282987583743,-0.0405141709042154,1.015480865920354,0.37549282987583743,-0.0405141709042154,1.015480865920354,0.0,1
6.131999999999547,TOUCH/HOLD,0.37549282987583743,-0.0405141709042154,1.015480865920354,0.37549282987583743,-0.0405141709042154,1.015480865920354,0.0,1
6.1339999999995465,TOUCH/HOLD,0.37549282987583743,-0.0405141709042154,1.015480865920354,0.37549282987583743,-0.0405141709042154,1.015480865920354,0.0,1
6.135999999999546,TOUCH/HOLD,0.37549282987583743,-0.0405141709042154,1.015480865920354,0.37549282987583743,-0.0405141709042154,1.015480865920354,0.0,1
6.137999999999546,TOUCH/HOLD,0.37549282987583743,-0.0405141709042154,1.015480865920354,0.37549282987583743,-0.0405141709042154,1.015480865920354,0.0,1
6.139999999999546,TOUCH/HOLD,0.37549282987583743,-0.0405141709042154,1.015480865920354,0.37549282987583743,-0.0405141709042154,1.015480865920354,0.0,1
6.141999999999546,TOUCH/HOLD,0.37549282987583743,-0.0405141709042154,1.015480865920354,0.37549282987583743,-0.0405141709042154,1.015480865920354,0.0,1
6.143999999999545,TOUCH/HOLD,0.37549282987583743,-0.0405141709042154,1.015480865920354,0.37549282987583743,-0.0405141709042154,1.015480865920354,0.0,1
6.145999999999545,TOUCH/HOLD,0.37549282987583743,-0.0405141709042154,1.015480865920354,0.37549282987583743,-0.0405141709042154,1.015480865920354,0.0,1
6.147999999999545,TOUCH/HOLD,0.37549282987583743,-0.0405141709042154,1.015480865920354,0.37549282987583743,-0.0405141709042154,1.015480865920354,0.0,1
6.149999999999545,TOUCH/HOLD,0.37549282987583743,-0.0405141709042154,1.015480865920354,0.37549282987583743,-0.0405141709042154,1.015480865920354,0.0,1
6.1519999999995445,TOUCH/HOLD,0.37549282987583743,-0.0405141709042154,1.015480865920354,0.37549282987583743,-0.0405141709042154,1.015480865920354,0.0,1
6.153999999999544,TOUCH/HOLD,0.37549282987583743,-0.0405141709042154,1.015480865920354,0.37549282987583743,-0.0405141709042154,1.015480865920354,0.0,1
6.155999999999544,TOUCH/HOLD,0.37549282987583743,-0.0405141709042154,1.015480865920354,0.37549282987583743,-0.0405141709042154,1.015480865920354,0.0,1
6.157999999999544,TOUCH/HOLD,0.37549282987583743,-0.0405141709042154,1.015480865920354,0.37549282987583743,-0.0405141709042154,1.015480865920354,0.0,1
6.159999999999544,TOUCH/HOLD,0.37549282987583743,-0.0405141709042154,1.015480865920354,0.37549282987583743,-0.0405141709042154,1.015480865920354,0.0,1
6.161999999999543,TOUCH/HOLD,0.37549282987583743,-0.0405141709042154,1.015480865920354,0.37549282987583743,-0.0405141709042154,1.015480865920354,0.0,1
6.163999999999543,TOUCH/HOLD,0.37549282987583743,-0.0405141709042154,1.015480865920354,0.37549282987583743,-0.0405141709042154,1.015480865920354,0.0,1
6.165999999999543,TOUCH/HOLD,0.37549282987583743,-0.0405141709042154,1.015480865920354,0.37549282987583743,-0.0405141709042154,1.015480865920354,0.0,1
6.167999999999543,TOUCH/HOLD,0.37549282987583743,-0.0405141709042154,1.015480865920354,0.37549282987583743,-0.0405141709042154,1.015480865920354,0.0,1
6.1699999999995425,TOUCH/HOLD,0.37549282987583743,-0.0405141709042154,1.015480865920354,0.37549282987583743,-0.0405141709042154,1.015480865920354,0.0,1
6.171999999999542,TOUCH/HOLD,0.37549282987583743,-0.0405141709042154,1.015480865920354,0.37549282987583743,-0.0405141709042154,1.015480865920354,0.0,1
6.173999999999542,TOUCH/HOLD,0.37549282987583743,-0.0405141709042154,1.015480865920354,0.37549282987583743,-0.0405141709042154,1.015480865920354,0.0,1
6.175999999999542,TOUCH/HOLD,0.37549282987583743,-0.0405141709042154,1.015480865920354,0.37549282987583743,-0.0405141709042154,1.015480865920354,0.0,1
6.177999999999542,TOUCH/HOLD,0.37549282987583743,-0.0405141709042154,1.015480865920354,0.37549282987583743,-0.0405141709042154,1.015480865920354,0.0,1
6.179999999999541,TOUCH/HOLD,0.37549282987583743,-0.0405141709042154,1.015480865920354,0.37549282987583743,-0.0405141709042154,1.015480865920354,0.0,1
6.181999999999541,TOUCH/HOLD,0.37549282987583743,-0.0405141709042154,1.015480865920354,0.37549282987583743,-0.0405141709042154,1.015480865920354,0.0,1
6.183999999999541,TOUCH/HOLD,0.37549282987583743,-0.0405141709042154,1.015480865920354,0.37549282987583743,-0.0405141709042154,1.015480865920354,0.0,1
6.185999999999541,TOUCH/HOLD,0.37549282987583743,-0.0405141709042154,1.015480865920354,0.37549282987583743,-0.0405141709042154,1.015480865920354,0.0,1
6.1879999999995405,TOUCH/HOLD,0.37549282987583743,-0.0405141709042154,1.015480865920354,0.37549282987583743,-0.0405141709042154,1.015480865920354,0.0,1
6.18999999999954,TOUCH/HOLD,0.37549282987583743,-0.0405141709042154,1.015480865920354,0.37549282987583743,-0.0405141709042154,1.015480865920354,0.0,1
6.19199999999954,TOUCH/HOLD,0.37549282987583743,-0.0405141709042154,1.015480865920354,0.37549282987583743,-0.0405141709042154,1.015480865920354,0.0,1
6.19399999999954,TOUCH/HOLD,0.37549282987583743,-0.0405141709042154,1.015480865920354,0.37549282987583743,-0.0405141709042154,1.015480865920354,0.0,1
6.19599999999954,TOUCH/HOLD,0.37549282987583743,-0.0405141709042154,1.015480865920354,0.37549282987583743,-0.0405141709042154,1.015480865920354,0.0,1
6.197999999999539,TOUCH/HOLD,0.37549282987583743,-0.0405141709042154,1.015480865920354,0.37549282987583743,-0.0405141709042154,1.015480865920354,0.0,1
6.199999999999539,TOUCH/HOLD,0.37549282987583743,-0.0405141709042154,1.015480865920354,0.37549282987583743,-0.0405141709042154,1.015480865920354,0.0,1
6.201999999999539,TOUCH/HOLD,0.37549282987583743,-0.0405141709042154,1.015480865920354,0.37549282987583743,-0.0405141709042154,1.015480865920354,0.0,1
6.203999999999539,TOUCH/HOLD,0.37549282987583743,-0.0405141709042154,1.015480865920354,0.37549282987583743,-0.0405141709042154,1.015480865920354,0.0,1
6.2059999999995386,TOUCH/HOLD,0.37549282987583743,-0.0405141709042154,1.015480865920354,0.37549282987583743,-0.0405141709042154,1.015480865920354,0.0,1
6.207999999999538,TOUCH/HOLD,0.37549282987583743,-0.0405141709042154,1.015480865920354,0.37549282987583743,-0.0405141709042154,1.015480865920354,0.0,1
6.209999999999538,TOUCH/HOLD,0.37549282987583743,-0.0405141709042154,1.015480865920354,0.37549282987583743,-0.0405141709042154,1.015480865920354,0.0,1
6.211999999999538,TOUCH/HOLD,0.37549282987583743,-0.0405141709042154,1.015480865920354,0.37549282987583743,-0.0405141709042154,1.015480865920354,0.0,1
6.213999999999538,TOUCH/HOLD,0.37549282987583743,-0.0405141709042154,1.015480865920354,0.37549282987583743,-0.0405141709042154,1.015480865920354,0.0,1
6.2159999999995375,TOUCH/HOLD,0.37549282987583743,-0.0405141709042154,1.015480865920354,0.37549282987583743,-0.0405141709042154,1.015480865920354,0.0,1
6.217999999999537,TOUCH/HOLD,0.37549282987583743,-0.0405141709042154,1.015480865920354,0.37549282987583743,-0.0405141709042154,1.015480865920354,0.0,1
6.219999999999537,TOUCH/HOLD,0.37549282987583743,-0.0405141709042154,1.015480865920354,0.37549282987583743,-0.0405141709042154,1.015480865920354,0.0,1
6.221999999999537,TOUCH/HOLD,0.37549282987583743,-0.0405141709042154,1.015480865920354,0.37549282987583743,-0.0405141709042154,1.015480865920354,0.0,1
6.223999999999537,TOUCH/HOLD,0.37549282987583743,-0.0405141709042154,1.015480865920354,0.37549282987583743,-0.0405141709042154,1.015480865920354,0.0,1
6.225999999999536,TOUCH/HOLD,0.37549282987583743,-0.0405141709042154,1.015480865920354,0.37549282987583743,-0.0405141709042154,1.015480865920354,0.0,1
6.227999999999536,TOUCH/HOLD,0.37549282987583743,-0.0405141709042154,1.015480865920354,0.37549282987583743,-0.0405141709042154,1.015480865920354,0.0,1
6.229999999999536,TOUCH/HOLD,0.37549282987583743,-0.0405141709042154,1.015480865920354,0.37549282987583743,-0.0405141709042154,1.015480865920354,0.0,1
6.231999999999536,TOUCH/HOLD,0.37549282987583743,-0.0405141709042154,1.015480865920354,0.37549282987583743,-0.0405141709042154,1.015480865920354,0.0,1
6.2339999999995355,TOUCH/HOLD,0.37549282987583743,-0.0405141709042154,1.015480865920354,0.37549282987583743,-0.0405141709042154,1.015480865920354,0.0,1
6.235999999999535,TOUCH/HOLD,0.37549282987583743,-0.0405141709042154,1.015480865920354,0.37549282987583743,-0.0405141709042154,1.015480865920354,0.0,1
6.237999999999535,TOUCH/HOLD,0.37549282987583743,-0.0405141709042154,1.015480865920354,0.37549282987583743,-0.0405141709042154,1.015480865920354,0.0,1
6.239999999999535,TOUCH/HOLD,0.37549282987583743,-0.0405141709042154,1.015480865920354,0.37549282987583743,-0.0405141709042154,1.015480865920354,0.0,1
6.241999999999535,TOUCH/HOLD,0.37549282987583743,-0.0405141709042154,1.015480865920354,0.37549282987583743,-0.0405141709042154,1.015480865920354,0.0,1
6.243999999999534,TOUCH/HOLD,0.37549282987583743,-0.0405141709042154,1.015480865920354,0.37549282987583743,-0.0405141709042154,1.015480865920354,0.0,1
6.245999999999534,TOUCH/HOLD,0.37549282987583743,-0.0405141709042154,1.015480865920354,0.37549282987583743,-0.0405141709042154,1.015480865920354,0.0,1
6.247999999999534,TOUCH/HOLD,0.37549282987583743,-0.0405141709042154,1.015480865920354,0.37549282987583743,-0.0405141709042154,1.015480865920354,0.0,1
6.249999999999534,TOUCH/HOLD,0.37549282987583743,-0.0405141709042154,1.015480865920354,0.37549282987583743,-0.0405141709042154,1.015480865920354,0.0,1
6.2519999999995335,TOUCH/HOLD,0.37549282987583743,-0.0405141709042154,1.015480865920354,0.37549282987583743,-0.0405141709042154,1.015480865920354,0.0,1
6.253999999999533,TOUCH/HOLD,0.37549282987583743,-0.0405141709042154,1.015480865920354,0.37549282987583743,-0.0405141709042154,1.015480865920354,0.0,1
6.255999999999533,TOUCH/HOLD,0.37549282987583743,-0.0405141709042154,1.015480865920354,0.37549282987583743,-0.0405141709042154,1.015480865920354,0.0,1
6.257999999999533,TOUCH/HOLD,0.37549282987583743,-0.0405141709042154,1.015480865920354,0.37549282987583743,-0.0405141709042154,1.015480865920354,0.0,1
6.259999999999533,TOUCH/HOLD,0.37549282987583743,-0.0405141709042154,1.015480865920354,0.37549282987583743,-0.0405141709042154,1.015480865920354,0.0,1
6.261999999999532,TOUCH/HOLD,0.37549282987583743,-0.0405141709042154,1.015480865920354,0.37549282987583743,-0.0405141709042154,1.015480865920354,0.0,1
6.263999999999532,TOUCH/HOLD,0.37549282987583743,-0.0405141709042154,1.015480865920354,0.37549282987583743,-0.0405141709042154,1.015480865920354,0.0,1
6.265999999999532,TOUCH/HOLD,0.37549282987583743,-0.0405141709042154,1.015480865920354,0.37549282987583743,-0.0405141709042154,1.015480865920354,0.0,1
6.267999999999532,TOUCH/HOLD,0.37549282987583743,-0.0405141709042154,1.015480865920354,0.37549282987583743,-0.0405141709042154,1.015480865920354,0.0,1
6.2699999999995315,TOUCH/HOLD,0.37549282987583743,-0.0405141709042154,1.015480865920354,0.37549282987583743,-0.0405141709042154,1.015480865920354,0.0,1
6.271999999999531,TOUCH/HOLD,0.37549282987583743,-0.0405141709042154,1.015480865920354,0.37549282987583743,-0.0405141709042154,1.015480865920354,0.0,1
6.273999999999531,TOUCH/HOLD,0.37549282987583743,-0.0405141709042154,1.015480865920354,0.37549282987583743,-0.0405141709042154,1.015480865920354,0.0,1
6.275999999999531,TOUCH/HOLD,0.37549282987583743,-0.0405141709042154,1.015480865920354,0.37549282987583743,-0.0405141709042154,1.015480865920354,0.0,1
6.277999999999531,TOUCH/HOLD,0.37549282987583743,-0.0405141709042154,1.015480865920354,0.37549282987583743,-0.0405141709042154,1.015480865920354,0.0,1
6.27999999999953,TOUCH/HOLD,0.37549282987583743,-0.0405141709042154,1.015480865920354,0.37549282987583743,-0.0405141709042154,1.015480865920354,0.0,1
6.28199999999953,TOUCH/HOLD,0.37549282987583743,-0.0405141709042154,1.015480865920354,0.37549282987583743,-0.0405141709042154,1.015480865920354,0.0,1
6.28399999999953,TOUCH/HOLD,0.37549282987583743,-0.0405141709042154,1.015480865920354,0.37549282987583743,-0.0405141709042154,1.015480865920354,0.0,1
6.28599999999953,TOUCH/HOLD,0.37549282987583743,-0.0405141709042154,1.015480865920354,0.37549282987583743,-0.0405141709042154,1.015480865920354,0.0,1
6.2879999999995295,TOUCH/HOLD,0.37549282987583743,-0.0405141709042154,1.015480865920354,0.37549282987583743,-0.0405141709042154,1.015480865920354,0.0,1
6.289999999999529,TOUCH/HOLD,0.37549282987583743,-0.0405141709042154,1.015480865920354,0.37549282987583743,-0.0405141709042154,1.015480865920354,0.0,1
6.291999999999529,TOUCH/HOLD,0.37549282987583743,-0.0405141709042154,1.015480865920354,0.37549282987583743,-0.0405141709042154,1.015480865920354,0.0,1
6.293999999999529,TOUCH/HOLD,0.37549282987583743,-0.0405141709042154,1.015480865920354,0.37549282987583743,-0.0405141709042154,1.015480865920354,0.0,1
6.295999999999529,TOUCH/HOLD,0.37549282987583743,-0.0405141709042154,1.015480865920354,0.37549282987583743,-0.0405141709042154,1.015480865920354,0.0,1
6.297999999999528,TOUCH/HOLD,0.37549282987583743,-0.0405141709042154,1.015480865920354,0.37549282987583743,-0.0405141709042154,1.015480865920354,0.0,1
6.299999999999528,TOUCH/HOLD,0.37549282987583743,-0.0405141709042154,1.015480865920354,0.37549282987583743,-0.0405141709042154,1.015480865920354,0.0,1
6.301999999999528,TOUCH/HOLD,0.37549282987583743,-0.0405141709042154,1.015480865920354,0.37549282987583743,-0.0405141709042154,1.015480865920354,0.0,1
6.303999999999528,TOUCH/HOLD,0.37549282987583743,-0.0405141709042154,1.015480865920354,0.37549282987583743,-0.0405141709042154,1.015480865920354,0.0,1
6.3059999999995275,TOUCH/HOLD,0.37549282987583743,-0.0405141709042154,1.015480865920354,0.37549282987583743,-0.0405141709042154,1.015480865920354,0.0,1
6.307999999999527,TOUCH/HOLD,0.37549282987583743,-0.0405141709042154,1.015480865920354,0.37549282987583743,-0.0405141709042154,1.015480865920354,0.0,1
6.309999999999527,TOUCH/HOLD,0.37549282987583743,-0.0405141709042154,1.015480865920354,0.37549282987583743,-0.0405141709042154,1.015480865920354,0.0,1
6.311999999999527,TOUCH/HOLD,0.37549282987583743,-0.0405141709042154,1.015480865920354,0.37549282987583743,-0.0405141709042154,1.015480865920354,0.0,1
6.313999999999527,TOUCH/HOLD,0.37549282987583743,-0.0405141709042154,1.015480865920354,0.37549282987583743,-0.0405141709042154,1.015480865920354,0.0,1
6.315999999999526,TOUCH/HOLD,0.37549282987583743,-0.0405141709042154,1.015480865920354,0.37549282987583743,-0.0405141709042154,1.015480865920354,0.0,1
6.317999999999526,TOUCH/HOLD,0.37549282987583743,-0.0405141709042154,1.015480865920354,0.37549282987583743,-0.0405141709042154,1.015480865920354,0.0,1
6.319999999999526,TOUCH/HOLD,0.37549282987583743,-0.0405141709042154,1.015480865920354,0.37549282987583743,-0.0405141709042154,1.015480865920354,0.0,1
6.321999999999526,TOUCH/HOLD,0.37549282987583743,-0.0405141709042154,1.015480865920354,0.37549282987583743,-0.0405141709042154,1.015480865920354,0.0,1
6.323999999999526,TOUCH/HOLD,0.37549282987583743,-0.0405141709042154,1.015480865920354,0.37549282987583743,-0.0405141709042154,1.015480865920354,0.0,1
6.325999999999525,TOUCH/HOLD,0.37549282987583743,-0.0405141709042154,1.015480865920354,0.37549282987583743,-0.0405141709042154,1.015480865920354,0.0,1
6.327999999999525,TOUCH/HOLD,0.37549282987583743,-0.0405141709042154,1.015480865920354,0.37549282987583743,-0.0405141709042154,1.015480865920354,0.0,1
6.329999999999525,TOUCH/HOLD,0.37549282987583743,-0.0405141709042154,1.015480865920354,0.37549282987583743,-0.0405141709042154,1.015480865920354,0.0,1
6.331999999999525,TOUCH/HOLD,0.37549282987583743,-0.0405141709042154,1.015480865920354,0.37549282987583743,-0.0405141709042154,1.015480865920354,0.0,1
6.3339999999995245,TOUCH/HOLD,0.37549282987583743,-0.0405141709042154,1.015480865920354,0.37549282987583743,-0.0405141709042154,1.015480865920354,0.0,1
6.335999999999524,TOUCH/HOLD,0.37549282987583743,-0.0405141709042154,1.015480865920354,0.37549282987583743,-0.0405141709042154,1.015480865920354,0.0,1
6.337999999999524,TOUCH/HOLD,0.37549282987583743,-0.0405141709042154,1.015480865920354,0.37549282987583743,-0.0405141709042154,1.015480865920354,0.0,1
6.339999999999524,TOUCH/HOLD,0.37549282987583743,-0.0405141709042154,1.015480865920354,0.37549282987583743,-0.0405141709042154,1.015480865920354,0.0,1
6.341999999999524,TOUCH/HOLD,0.37549282987583743,-0.0405141709042154,1.015480865920354,0.37549282987583743,-0.0405141709042154,1.015480865920354,0.0,1
6.343999999999523,TOUCH/HOLD,0.37549282987583743,-0.0405141709042154,1.015480865920354,0.37549282987583743,-0.0405141709042154,1.015480865920354,0.0,1
6.345999999999523,TOUCH/HOLD,0.37549282987583743,-0.0405141709042154,1.015480865920354,0.37549282987583743,-0.0405141709042154,1.015480865920354,0.0,1
6.347999999999523,TOUCH/HOLD,0.37549282987583743,-0.0405141709042154,1.015480865920354,0.37549282987583743,-0.0405141709042154,1.015480865920354,0.0,1
6.349999999999523,TOUCH/HOLD,0.37549282987583743,-0.0405141709042154,1.015480865920354,0.37549282987583743,-0.0405141709042154,1.015480865920354,0.0,1
6.3519999999995225,TOUCH/HOLD,0.37549282987583743,-0.0405141709042154,1.015480865920354,0.37549282987583743,-0.0405141709042154,1.015480865920354,0.0,1
6.353999999999522,TOUCH/HOLD,0.37549282987583743,-0.0405141709042154,1.015480865920354,0.37549282987583743,-0.0405141709042154,1.015480865920354,0.0,1
6.355999999999522,TOUCH/HOLD,0.37549282987583743,-0.0405141709042154,1.015480865920354,0.37549282987583743,-0.0405141709042154,1.015480865920354,0.0,1
6.357999999999522,TOUCH/HOLD,0.37549282987583743,-0.0405141709042154,1.015480865920354,0.37549282987583743,-0.0405141709042154,1.015480865920354,0.0,1
6.359999999999522,TOUCH/HOLD,0.37549282987583743,-0.0405141709042154,1.015480865920354,0.37549282987583743,-0.0405141709042154,1.015480865920354,0.0,1
6.361999999999521,TOUCH/HOLD,0.37549282987583743,-0.0405141709042154,1.015480865920354,0.37549282987583743,-0.0405141709042154,1.015480865920354,0.0,1
6.363999999999521,TOUCH/HOLD,0.37549282987583743,-0.0405141709042154,1.015480865920354,0.37549282987583743,-0.0405141709042154,1.015480865920354,0.0,1
6.365999999999521,TOUCH/HOLD,0.37549282987583743,-0.0405141709042154,1.015480865920354,0.37549282987583743,-0.0405141709042154,1.015480865920354,0.0,1
6.367999999999521,TOUCH/HOLD,0.37549282987583743,-0.0405141709042154,1.015480865920354,0.37549282987583743,-0.0405141709042154,1.015480865920354,0.0,1
6.3699999999995205,TOUCH/HOLD,0.37549282987583743,-0.0405141709042154,1.015480865920354,0.37549282987583743,-0.0405141709042154,1.015480865920354,0.0,1
6.37199999999952,TOUCH/HOLD,0.37549282987583743,-0.0405141709042154,1.015480865920354,0.37549282987583743,-0.0405141709042154,1.015480865920354,0.0,1
6.37399999999952,TOUCH/HOLD,0.37549282987583743,-0.0405141709042154,1.015480865920354,0.37549282987583743,-0.0405141709042154,1.015480865920354,0.0,1
6.37599999999952,TOUCH/HOLD,0.37549282987583743,-0.0405141709042154,1.015480865920354,0.37549282987583743,-0.0405141709042154,1.015480865920354,0.0,1
6.37799999999952,TOUCH/HOLD,0.37549282987583743,-0.0405141709042154,1.015480865920354,0.37549282987583743,-0.0405141709042154,1.015480865920354,0.0,1
6.379999999999519,TOUCH/HOLD,0.37549282987583743,-0.0405141709042154,1.015480865920354,0.37549282987583743,-0.0405141709042154,1.015480865920354,0.0,1
6.381999999999519,TOUCH/HOLD,0.37549282987583743,-0.0405141709042154,1.015480865920354,0.37549282987583743,-0.0405141709042154,1.015480865920354,0.0,1
6.383999999999519,TOUCH/HOLD,0.37549282987583743,-0.0405141709042154,1.015480865920354,0.37549282987583743,-0.0405141709042154,1.015480865920354,0.0,1
6.385999999999519,TOUCH/HOLD,0.37549282987583743,-0.0405141709042154,1.015480865920354,0.37549282987583743,-0.0405141709042154,1.015480865920354,0.0,1
6.3879999999995185,TOUCH/HOLD,0.37549282987583743,-0.0405141709042154,1.015480865920354,0.37549282987583743,-0.0405141709042154,1.015480865920354,0.0,1
6.389999999999518,TOUCH/HOLD,0.37549282987583743,-0.0405141709042154,1.015480865920354,0.37549282987583743,-0.0405141709042154,1.015480865920354,0.0,1
6.391999999999518,TOUCH/HOLD,0.37549282987583743,-0.0405141709042154,1.015480865920354,0.37549282987583743,-0.0405141709042154,1.015480865920354,0.0,1
6.393999999999518,TOUCH/HOLD,0.37549282987583743,-0.0405141709042154,1.015480865920354,0.37549282987583743,-0.0405141709042154,1.015480865920354,0.0,1
6.395999999999518,TOUCH/HOLD,0.37549282987583743,-0.0405141709042154,1.015480865920354,0.37549282987583743,-0.0405141709042154,1.015480865920354,0.0,1
6.397999999999517,TOUCH/HOLD,0.37549282987583743,-0.0405141709042154,1.015480865920354,0.37549282987583743,-0.0405141709042154,1.015480865920354,0.0,1
6.399999999999517,TOUCH/HOLD,0.37549282987583743,-0.0405141709042154,1.015480865920354,0.37549282987583743,-0.0405141709042154,1.015480865920354,0.0,1
6.401999999999517,TOUCH/HOLD,0.37549282987583743,-0.0405141709042154,1.015480865920354,0.37549282987583743,-0.0405141709042154,1.015480865920354,0.0,1
6.403999999999517,TOUCH/HOLD,0.37549282987583743,-0.0405141709042154,1.015480865920354,0.37549282987583743,-0.0405141709042154,1.015480865920354,0.0,1
6.4059999999995165,TOUCH/HOLD,0.37549282987583743,-0.0405141709042154,1.015480865920354,0.37549282987583743,-0.0405141709042154,1.015480865920354,0.0,1
6.407999999999516,TOUCH/HOLD,0.37549282987583743,-0.0405141709042154,1.015480865920354,0.37549282987583743,-0.0405141709042154,1.015480865920354,0.0,1
6.409999999999516,TOUCH/HOLD,0.37549282987583743,-0.0405141709042154,1.015480865920354,0.37549282987583743,-0.0405141709042154,1.015480865920354,0.0,1
6.411999999999516,TOUCH/HOLD,0.37549282987583743,-0.0405141709042154,1.015480865920354,0.37549282987583743,-0.0405141709042154,1.015480865920354,0.0,1
6.413999999999516,TOUCH/HOLD,0.37549282987583743,-0.0405141709042154,1.015480865920354,0.37549282987583743,-0.0405141709042154,1.015480865920354,0.0,1
6.415999999999515,TOUCH/HOLD,0.37549282987583743,-0.0405141709042154,1.015480865920354,0.37549282987583743,-0.0405141709042154,1.015480865920354,0.0,1
6.417999999999515,TOUCH/HOLD,0.37549282987583743,-0.0405141709042154,1.015480865920354,0.37549282987583743,-0.0405141709042154,1.015480865920354,0.0,1
6.419999999999515,TOUCH/HOLD,0.37549282987583743,-0.0405141709042154,1.015480865920354,0.37549282987583743,-0.0405141709042154,1.015480865920354,0.0,1
6.421999999999515,TOUCH/HOLD,0.37549282987583743,-0.0405141709042154,1.015480865920354,0.37549282987583743,-0.0405141709042154,1.015480865920354,0.0,1
6.4239999999995145,TOUCH/HOLD,0.37549282987583743,-0.0405141709042154,1.015480865920354,0.37549282987583743,-0.0405141709042154,1.015480865920354,0.0,1
6.425999999999514,TOUCH/HOLD,0.37549282987583743,-0.0405141709042154,1.015480865920354,0.37549282987583743,-0.0405141709042154,1.015480865920354,0.0,1
6.427999999999514,TOUCH/HOLD,0.37549282987583743,-0.0405141709042154,1.015480865920354,0.37549282987583743,-0.0405141709042154,1.015480865920354,0.0,1
6.429999999999514,TOUCH/HOLD,0.37549282987583743,-0.0405141709042154,1.015480865920354,0.37549282987583743,-0.0405141709042154,1.015480865920354,0.0,1
6.431999999999514,TOUCH/HOLD,0.37549282987583743,-0.0405141709042154,1.015480865920354,0.37549282987583743,-0.0405141709042154,1.015480865920354,0.0,1
6.433999999999513,TOUCH/HOLD,0.37549282987583743,-0.0405141709042154,1.015480865920354,0.37549282987583743,-0.0405141709042154,1.015480865920354,0.0,1
6.435999999999513,TOUCH/HOLD,0.37549282987583743,-0.0405141709042154,1.015480865920354,0.37549282987583743,-0.0405141709042154,1.015480865920354,0.0,1
6.437999999999513,TOUCH/HOLD,0.37549282987583743,-0.0405141709042154,1.015480865920354,0.37549282987583743,-0.0405141709042154,1.015480865920354,0.0,1
6.439999999999513,TOUCH/HOLD,0.37549282987583743,-0.0405141709042154,1.015480865920354,0.37549282987583743,-0.0405141709042154,1.015480865920354,0.0,1
6.441999999999513,TOUCH/HOLD,0.37549282987583743,-0.0405141709042154,1.015480865920354,0.37549282987583743,-0.0405141709042154,1.015480865920354,0.0,1
6.443999999999512,TOUCH/HOLD,0.37549282987583743,-0.0405141709042154,1.015480865920354,0.37549282987583743,-0.0405141709042154,1.015480865920354,0.0,1
6.445999999999512,TOUCH/HOLD,0.37549282987583743,-0.0405141709042154,1.015480865920354,0.37549282987583743,-0.0405141709042154,1.015480865920354,0.0,1
6.447999999999512,TOUCH/HOLD,0.37549282987583743,-0.0405141709042154,1.015480865920354,0.37549282987583743,-0.0405141709042154,1.015480865920354,0.0,1
6.449999999999512,TOUCH/HOLD,0.37549282987583743,-0.0405141709042154,1.015480865920354,0.37549282987583743,-0.0405141709042154,1.015480865920354,0.0,1
6.4519999999995115,TOUCH/HOLD,0.37549282987583743,-0.0405141709042154,1.015480865920354,0.37549282987583743,-0.0405141709042154,1.015480865920354,0.0,1
6.453999999999511,TOUCH/HOLD,0.37549282987583743,-0.0405141709042154,1.015480865920354,0.37549282987583743,-0.0405141709042154,1.015480865920354,0.0,1
6.455999999999511,TOUCH/HOLD,0.37549282987583743,-0.0405141709042154,1.015480865920354,0.37549282987583743,-0.0405141709042154,1.015480865920354,0.0,1
6.457999999999511,TOUCH/HOLD,0.37549282987583743,-0.0405141709042154,1.015480865920354,0.37549282987583743,-0.0405141709042154,1.015480865920354,0.0,1
6.459999999999511,TOUCH/HOLD,0.37549282987583743,-0.0405141709042154,1.015480865920354,0.37549282987583743,-0.0405141709042154,1.015480865920354,0.0,1
6.46199999999951,TOUCH/HOLD,0.37549282987583743,-0.0405141709042154,1.015480865920354,0.37549282987583743,-0.0405141709042154,1.015480865920354,0.0,1
6.46399999999951,TOUCH/HOLD,0.37549282987583743,-0.0405141709042154,1.015480865920354,0.37549282987583743,-0.0405141709042154,1.015480865920354,0.0,1
6.46599999999951,TOUCH/HOLD,0.37549282987583743,-0.0405141709042154,1.015480865920354,0.37549282987583743,-0.0405141709042154,1.015480865920354,0.0,1
6.46799999999951,TOUCH/HOLD,0.37549282987583743,-0.0405141709042154,1.015480865920354,0.37549282987583743,-0.0405141709042154,1.015480865920354,0.0,1
6.4699999999995095,TOUCH/HOLD,0.37549282987583743,-0.0405141709042154,1.015480865920354,0.37549282987583743,-0.0405141709042154,1.015480865920354,0.0,1
6.471999999999509,TOUCH/HOLD,0.37549282987583743,-0.0405141709042154,1.015480865920354,0.37549282987583743,-0.0405141709042154,1.015480865920354,0.0,1
6.473999999999509,TOUCH/HOLD,0.37549282987583743,-0.0405141709042154,1.015480865920354,0.37549282987583743,-0.0405141709042154,1.015480865920354,0.0,1
6.475999999999509,TOUCH/HOLD,0.37549282987583743,-0.0405141709042154,1.015480865920354,0.37549282987583743,-0.0405141709042154,1.015480865920354,0.0,1
6.477999999999509,TOUCH/HOLD,0.37549282987583743,-0.0405141709042154,1.015480865920354,0.37549282987583743,-0.0405141709042154,1.015480865920354,0.0,1
6.479999999999508,TOUCH/HOLD,0.37549282987583743,-0.0405141709042154,1.015480865920354,0.37549282987583743,-0.0405141709042154,1.015480865920354,0.0,1
6.481999999999508,TOUCH/HOLD,0.37549282987583743,-0.0405141709042154,1.015480865920354,0.37549282987583743,-0.0405141709042154,1.015480865920354,0.0,1
6.483999999999508,TOUCH/HOLD,0.37549282987583743,-0.0405141709042154,1.015480865920354,0.37549282987583743,-0.0405141709042154,1.015480865920354,0.0,1
6.485999999999508,TOUCH/HOLD,0.37549282987583743,-0.0405141709042154,1.015480865920354,0.37549282987583743,-0.0405141709042154,1.015480865920354,0.0,1
6.4879999999995075,TOUCH/HOLD,0.37549282987583743,-0.0405141709042154,1.015480865920354,0.37549282987583743,-0.0405141709042154,1.015480865920354,0.0,1
6.489999999999507,TOUCH/HOLD,0.37549282987583743,-0.0405141709042154,1.015480865920354,0.37549282987583743,-0.0405141709042154,1.015480865920354,0.0,1
6.491999999999507,TOUCH/HOLD,0.37549282987583743,-0.0405141709042154,1.015480865920354,0.37549282987583743,-0.0405141709042154,1.015480865920354,0.0,1
6.493999999999507,TOUCH/HOLD,0.37549282987583743,-0.0405141709042154,1.015480865920354,0.37549282987583743,-0.0405141709042154,1.015480865920354,0.0,1
6.495999999999507,TOUCH/HOLD,0.37549282987583743,-0.0405141709042154,1.015480865920354,0.37549282987583743,-0.0405141709042154,1.015480865920354,0.0,1
6.497999999999506,TOUCH/HOLD,0.37549282987583743,-0.0405141709042154,1.015480865920354,0.37549282987583743,-0.0405141709042154,1.015480865920354,0.0,1
6.499999999999506,TOUCH/HOLD,0.37549282987583743,-0.0405141709042154,1.015480865920354,0.37549282987583743,-0.0405141709042154,1.015480865920354,0.0,1
6.501999999999506,TOUCH/HOLD,0.37549282987583743,-0.0405141709042154,1.015480865920354,0.37549282987583743,-0.0405141709042154,1.015480865920354,0.0,1
6.503999999999506,TOUCH/HOLD,0.37549282987583743,-0.0405141709042154,1.015480865920354,0.37549282987583743,-0.0405141709042154,1.015480865920354,0.0,1
6.5059999999995055,TOUCH/HOLD,0.37549282987583743,-0.0405141709042154,1.015480865920354,0.37549282987583743,-0.0405141709042154,1.015480865920354,0.0,1
6.507999999999505,TOUCH/HOLD,0.37549282987583743,-0.0405141709042154,1.015480865920354,0.37549282987583743,-0.0405141709042154,1.015480865920354,0.0,1
6.509999999999505,TOUCH/HOLD,0.37549282987583743,-0.0405141709042154,1.015480865920354,0.37549282987583743,-0.0405141709042154,1.015480865920354,0.0,1
6.511999999999505,TOUCH/HOLD,0.37549282987583743,-0.0405141709042154,1.015480865920354,0.37549282987583743,-0.0405141709042154,1.015480865920354,0.0,1
6.513999999999505,TOUCH/HOLD,0.37549282987583743,-0.0405141709042154,1.015480865920354,0.37549282987583743,-0.0405141709042154,1.015480865920354,0.0,1
6.515999999999504,TOUCH/HOLD,0.37549282987583743,-0.0405141709042154,1.015480865920354,0.37549282987583743,-0.0405141709042154,1.015480865920354,0.0,1
6.517999999999504,TOUCH/HOLD,0.37549282987583743,-0.0405141709042154,1.015480865920354,0.37549282987583743,-0.0405141709042154,1.015480865920354,0.0,1
6.519999999999504,TOUCH/HOLD,0.37549282987583743,-0.0405141709042154,1.015480865920354,0.37549282987583743,-0.0405141709042154,1.015480865920354,0.0,1
6.521999999999504,TOUCH/HOLD,0.37549282987583743,-0.0405141709042154,1.015480865920354,0.37549282987583743,-0.0405141709042154,1.015480865920354,0.0,1
6.5239999999995035,TOUCH/HOLD,0.37549282987583743,-0.0405141709042154,1.015480865920354,0.37549282987583743,-0.0405141709042154,1.015480865920354,0.0,1
6.525999999999503,TOUCH/HOLD,0.37549282987583743,-0.0405141709042154,1.015480865920354,0.37549282987583743,-0.0405141709042154,1.015480865920354,0.0,1
6.527999999999503,TOUCH/HOLD,0.37549282987583743,-0.0405141709042154,1.015480865920354,0.37549282987583743,-0.0405141709042154,1.015480865920354,0.0,1
6.529999999999503,TOUCH/HOLD,0.37549282987583743,-0.0405141709042154,1.015480865920354,0.37549282987583743,-0.0405141709042154,1.015480865920354,0.0,1
6.531999999999503,TOUCH/HOLD,0.37549282987583743,-0.0405141709042154,1.015480865920354,0.37549282987583743,-0.0405141709042154,1.015480865920354,0.0,1
6.533999999999502,TOUCH/HOLD,0.37549282987583743,-0.0405141709042154,1.015480865920354,0.37549282987583743,-0.0405141709042154,1.015480865920354,0.0,1
6.535999999999502,TOUCH/HOLD,0.37549282987583743,-0.0405141709042154,1.015480865920354,0.37549282987583743,-0.0405141709042154,1.015480865920354,0.0,1
6.537999999999502,TOUCH/HOLD,0.37549282987583743,-0.0405141709042154,1.015480865920354,0.37549282987583743,-0.0405141709042154,1.015480865920354,0.0,1
6.539999999999502,TOUCH/HOLD,0.37549282987583743,-0.0405141709042154,1.015480865920354,0.37549282987583743,-0.0405141709042154,1.015480865920354,0.0,1
6.5419999999995015,TOUCH/HOLD,0.37549282987583743,-0.0405141709042154,1.015480865920354,0.37549282987583743,-0.0405141709042154,1.015480865920354,0.0,1
6.543999999999501,TOUCH/HOLD,0.37549282987583743,-0.0405141709042154,1.015480865920354,0.37549282987583743,-0.0405141709042154,1.015480865920354,0.0,1
6.545999999999501,TOUCH/HOLD,0.37549282987583743,-0.0405141709042154,1.015480865920354,0.37549282987583743,-0.0405141709042154,1.015480865920354,0.0,1
6.547999999999501,TOUCH/HOLD,0.37549282987583743,-0.0405141709042154,1.015480865920354,0.37549282987583743,-0.0405141709042154,1.015480865920354,0.0,1
6.549999999999501,TOUCH/HOLD,0.37549282987583743,-0.0405141709042154,1.015480865920354,0.37549282987583743,-0.0405141709042154,1.015480865920354,0.0,1
6.5519999999995004,TOUCH/HOLD,0.37549282987583743,-0.0405141709042154,1.015480865920354,0.37549282987583743,-0.0405141709042154,1.015480865920354,0.0,1
6.5539999999995,TOUCH/HOLD,0.37549282987583743,-0.0405141709042154,1.015480865920354,0.37549282987583743,-0.0405141709042154,1.015480865920354,0.0,1
6.5559999999995,TOUCH/HOLD,0.37549282987583743,-0.0405141709042154,1.015480865920354,0.37549282987583743,-0.0405141709042154,1.015480865920354,0.0,1
6.5579999999995,TOUCH/HOLD,0.37549282987583743,-0.0405141709042154,1.015480865920354,0.37549282987583743,-0.0405141709042154,1.015480865920354,0.0,1
6.5599999999995,TOUCH/HOLD,0.37549282987583743,-0.0405141709042154,1.015480865920354,0.37549282987583743,-0.0405141709042154,1.015480865920354,0.0,1
6.561999999999499,TOUCH/HOLD,0.37549282987583743,-0.0405141709042154,1.015480865920354,0.37549282987583743,-0.0405141709042154,1.015480865920354,0.0,1
6.563999999999499,TOUCH/HOLD,0.37549282987583743,-0.0405141709042154,1.015480865920354,0.37549282987583743,-0.0405141709042154,1.015480865920354,0.0,1
6.565999999999499,TOUCH/HOLD,0.37549282987583743,-0.0405141709042154,1.015480865920354,0.37549282987583743,-0.0405141709042154,1.015480865920354,0.0,1
6.567999999999499,TOUCH/HOLD,0.37549282987583743,-0.0405141709042154,1.015480865920354,0.37549282987583743,-0.0405141709042154,1.015480865920354,0.0,1
6.5699999999994985,TOUCH/HOLD,0.37549282987583743,-0.0405141709042154,1.015480865920354,0.37549282987583743,-0.0405141709042154,1.015480865920354,0.0,1
6.571999999999498,TOUCH/HOLD,0.37549282987583743,-0.0405141709042154,1.015480865920354,0.37549282987583743,-0.0405141709042154,1.015480865920354,0.0,1
6.573999999999498,TOUCH/HOLD,0.37549282987583743,-0.0405141709042154,1.015480865920354,0.37549282987583743,-0.0405141709042154,1.015480865920354,0.0,1
6.575999999999498,TOUCH/HOLD,0.37549282987583743,-0.0405141709042154,1.015480865920354,0.37549282987583743,-0.0405141709042154,1.015480865920354,0.0,1
6.577999999999498,TOUCH/HOLD,0.37549282987583743,-0.0405141709042154,1.015480865920354,0.37549282987583743,-0.0405141709042154,1.015480865920354,0.0,1
6.579999999999497,TOUCH/HOLD,0.37549282987583743,-0.0405141709042154,1.015480865920354,0.37549282987583743,-0.0405141709042154,1.015480865920354,0.0,1
6.581999999999497,TOUCH/HOLD,0.37549282987583743,-0.0405141709042154,1.015480865920354,0.37549282987583743,-0.0405141709042154,1.015480865920354,0.0,1
6.583999999999497,TOUCH/HOLD,0.37549282987583743,-0.0405141709042154,1.015480865920354,0.37549282987583743,-0.0405141709042154,1.015480865920354,0.0,1
6.585999999999497,TOUCH/HOLD,0.37549282987583743,-0.0405141709042154,1.015480865920354,0.37549282987583743,-0.0405141709042154,1.015480865920354,0.0,1
6.5879999999994965,TOUCH/HOLD,0.37549282987583743,-0.0405141709042154,1.015480865920354,0.37549282987583743,-0.0405141709042154,1.015480865920354,0.0,1
6.589999999999496,TOUCH/HOLD,0.37549282987583743,-0.0405141709042154,1.015480865920354,0.37549282987583743,-0.0405141709042154,1.015480865920354,0.0,1
6.591999999999496,TOUCH/HOLD,0.37549282987583743,-0.0405141709042154,1.015480865920354,0.37549282987583743,-0.0405141709042154,1.015480865920354,0.0,1
6.593999999999496,TOUCH/HOLD,0.37549282987583743,-0.0405141709042154,1.015480865920354,0.37549282987583743,-0.0405141709042154,1.015480865920354,0.0,1
6.595999999999496,TOUCH/HOLD,0.37549282987583743,-0.0405141709042154,1.015480865920354,0.37549282987583743,-0.0405141709042154,1.015480865920354,0.0,1
6.597999999999495,TOUCH/HOLD,0.37549282987583743,-0.0405141709042154,1.015480865920354,0.37549282987583743,-0.0405141709042154,1.015480865920354,0.0,1
6.599999999999495,TOUCH/HOLD,0.37549282987583743,-0.0405141709042154,1.015480865920354,0.37549282987583743,-0.0405141709042154,1.015480865920354,0.0,1
6.601999999999495,TOUCH/HOLD,0.37549282987583743,-0.0405141709042154,1.015480865920354,0.37549282987583743,-0.0405141709042154,1.015480865920354,0.0,1
6.603999999999495,TOUCH/HOLD,0.37549282987583743,-0.0405141709042154,1.015480865920354,0.37549282987583743,-0.0405141709042154,1.015480865920354,0.0,1
6.6059999999994945,TOUCH/HOLD,0.37549282987583743,-0.0405141709042154,1.015480865920354,0.37549282987583743,-0.0405141709042154,1.015480865920354,0.0,1
6.607999999999494,TOUCH/HOLD,0.37549282987583743,-0.0405141709042154,1.015480865920354,0.37549282987583743,-0.0405141709042154,1.015480865920354,0.0,1
6.609999999999494,TOUCH/HOLD,0.37549282987583743,-0.0405141709042154,1.015480865920354,0.37549282987583743,-0.0405141709042154,1.015480865920354,0.0,1
6.611999999999494,TOUCH/HOLD,0.37549282987583743,-0.0405141709042154,1.015480865920354,0.37549282987583743,-0.0405141709042154,1.015480865920354,0.0,1
6.613999999999494,TOUCH/HOLD,0.37549282987583743,-0.0405141709042154,1.015480865920354,0.37549282987583743,-0.0405141709042154,1.015480865920354,0.0,1
6.615999999999493,TOUCH/HOLD,0.37549282987583743,-0.0405141709042154,1.015480865920354,0.37549282987583743,-0.0405141709042154,1.015480865920354,0.0,1
6.617999999999493,TOUCH/HOLD,0.37549282987583743,-0.0405141709042154,1.015480865920354,0.37549282987583743,-0.0405141709042154,1.015480865920354,0.0,1
6.619999999999493,TOUCH/HOLD,0.37549282987583743,-0.0405141709042154,1.015480865920354,0.37549282987583743,-0.0405141709042154,1.015480865920354,0.0,1
6.621999999999493,TOUCH/HOLD,0.37549282987583743,-0.0405141709042154,1.015480865920354,0.37549282987583743,-0.0405141709042154,1.015480865920354,0.0,1
6.6239999999994925,TOUCH/HOLD,0.37549282987583743,-0.0405141709042154,1.015480865920354,0.37549282987583743,-0.0405141709042154,1.015480865920354,0.0,1
6.625999999999492,TOUCH/HOLD,0.37549282987583743,-0.0405141709042154,1.015480865920354,0.37549282987583743,-0.0405141709042154,1.015480865920354,0.0,1
6.627999999999492,TOUCH/HOLD,0.37549282987583743,-0.0405141709042154,1.015480865920354,0.37549282987583743,-0.0405141709042154,1.015480865920354,0.0,1
6.629999999999492,TOUCH/HOLD,0.37549282987583743,-0.0405141709042154,1.015480865920354,0.37549282987583743,-0.0405141709042154,1.015480865920354,0.0,1
6.631999999999492,TOUCH/HOLD,0.37549282987583743,-0.0405141709042154,1.015480865920354,0.37549282987583743,-0.0405141709042154,1.015480865920354,0.0,1
6.633999999999491,TOUCH/HOLD,0.37549282987583743,-0.0405141709042154,1.015480865920354,0.37549282987583743,-0.0405141709042154,1.015480865920354,0.0,1
6.635999999999491,TOUCH/HOLD,0.37549282987583743,-0.0405141709042154,1.015480865920354,0.37549282987583743,-0.0405141709042154,1.015480865920354,0.0,1
6.637999999999491,TOUCH/HOLD,0.37549282987583743,-0.0405141709042154,1.015480865920354,0.37549282987583743,-0.0405141709042154,1.015480865920354,0.0,1
6.639999999999491,TOUCH/HOLD,0.37549282987583743,-0.0405141709042154,1.015480865920354,0.37549282987583743,-0.0405141709042154,1.015480865920354,0.0,1
6.6419999999994905,TOUCH/HOLD,0.37549282987583743,-0.0405141709042154,1.015480865920354,0.37549282987583743,-0.0405141709042154,1.015480865920354,0.0,1
6.64399999999949,TOUCH/HOLD,0.37549282987583743,-0.0405141709042154,1.015480865920354,0.37549282987583743,-0.0405141709042154,1.015480865920354,0.0,1
6.64599999999949,TOUCH/HOLD,0.37549282987583743,-0.0405141709042154,1.015480865920354,0.37549282987583743,-0.0405141709042154,1.015480865920354,0.0,1
6.64799999999949,TOUCH/HOLD,0.37549282987583743,-0.0405141709042154,1.015480865920354,0.37549282987583743,-0.0405141709042154,1.015480865920354,0.0,1
6.64999999999949,TOUCH/HOLD,0.37549282987583743,-0.0405141709042154,1.015480865920354,0.37549282987583743,-0.0405141709042154,1.015480865920354,0.0,1
6.651999999999489,TOUCH/HOLD,0.37549282987583743,-0.0405141709042154,1.015480865920354,0.37549282987583743,-0.0405141709042154,1.015480865920354,0.0,1
6.653999999999489,TOUCH/HOLD,0.37549282987583743,-0.0405141709042154,1.015480865920354,0.37549282987583743,-0.0405141709042154,1.015480865920354,0.0,1
6.655999999999489,TOUCH/HOLD,0.37549282987583743,-0.0405141709042154,1.015480865920354,0.37549282987583743,-0.0405141709042154,1.015480865920354,0.0,1
6.657999999999489,TOUCH/HOLD,0.37549282987583743,-0.0405141709042154,1.015480865920354,0.37549282987583743,-0.0405141709042154,1.015480865920354,0.0,1
6.6599999999994886,TOUCH/HOLD,0.37549282987583743,-0.0405141709042154,1.015480865920354,0.37549282987583743,-0.0405141709042154,1.015480865920354,0.0,1
6.661999999999488,TOUCH/HOLD,0.37549282987583743,-0.0405141709042154,1.015480865920354,0.37549282987583743,-0.0405141709042154,1.015480865920354,0.0,1
6.663999999999488,TOUCH/HOLD,0.37549282987583743,-0.0405141709042154,1.015480865920354,0.37549282987583743,-0.0405141709042154,1.015480865920354,0.0,1
6.665999999999488,TOUCH/HOLD,0.37549282987583743,-0.0405141709042154,1.015480865920354,0.37549282987583743,-0.0405141709042154,1.015480865920354,0.0,1
6.667999999999488,TOUCH/HOLD,0.37549282987583743,-0.0405141709042154,1.015480865920354,0.37549282987583743,-0.0405141709042154,1.015480865920354,0.0,1
6.6699999999994874,TOUCH/HOLD,0.37549282987583743,-0.0405141709042154,1.015480865920354,0.37549282987583743,-0.0405141709042154,1.015480865920354,0.0,1
6.671999999999487,TOUCH/HOLD,0.37549282987583743,-0.0405141709042154,1.015480865920354,0.37549282987583743,-0.0405141709042154,1.015480865920354,0.0,1
6.673999999999487,TOUCH/HOLD,0.37549282987583743,-0.0405141709042154,1.015480865920354,0.37549282987583743,-0.0405141709042154,1.015480865920354,0.0,1
6.675999999999487,TOUCH/HOLD,0.37549282987583743,-0.0405141709042154,1.015480865920354,0.37549282987583743,-0.0405141709042154,1.015480865920354,0.0,1
6.677999999999487,TOUCH/HOLD,0.37549282987583743,-0.0405141709042154,1.015480865920354,0.37549282987583743,-0.0405141709042154,1.015480865920354,0.0,1
6.679999999999486,TOUCH/HOLD,0.37549282987583743,-0.0405141709042154,1.015480865920354,0.37549282987583743,-0.0405141709042154,1.015480865920354,0.0,1
6.681999999999486,TOUCH/HOLD,0.37549282987583743,-0.0405141709042154,1.015480865920354,0.37549282987583743,-0.0405141709042154,1.015480865920354,0.0,1
6.683999999999486,TOUCH/HOLD,0.37549282987583743,-0.0405141709042154,1.015480865920354,0.37549282987583743,-0.0405141709042154,1.015480865920354,0.0,1
6.685999999999486,TOUCH/HOLD,0.37549282987583743,-0.0405141709042154,1.015480865920354,0.37549282987583743,-0.0405141709042154,1.015480865920354,0.0,1
6.6879999999994855,TOUCH/HOLD,0.37549282987583743,-0.0405141709042154,1.015480865920354,0.37549282987583743,-0.0405141709042154,1.015480865920354,0.0,1
6.689999999999485,TOUCH/HOLD,0.37549282987583743,-0.0405141709042154,1.015480865920354,0.37549282987583743,-0.0405141709042154,1.015480865920354,0.0,1
6.691999999999485,TOUCH/HOLD,0.37549282987583743,-0.0405141709042154,1.015480865920354,0.37549282987583743,-0.0405141709042154,1.015480865920354,0.0,1
6.693999999999485,TOUCH/HOLD,0.37549282987583743,-0.0405141709042154,1.015480865920354,0.37549282987583743,-0.0405141709042154,1.015480865920354,0.0,1
6.695999999999485,TOUCH/HOLD,0.37549282987583743,-0.0405141709042154,1.015480865920354,0.37549282987583743,-0.0405141709042154,1.015480865920354,0.0,1
6.697999999999484,TOUCH/HOLD,0.37549282987583743,-0.0405141709042154,1.015480865920354,0.37549282987583743,-0.0405141709042154,1.015480865920354,0.0,1
6.699999999999484,TOUCH/HOLD,0.37549282987583743,-0.0405141709042154,1.015480865920354,0.37549282987583743,-0.0405141709042154,1.015480865920354,0.0,1
6.701999999999484,TOUCH/HOLD,0.37549282987583743,-0.0405141709042154,1.015480865920354,0.37549282987583743,-0.0405141709042154,1.015480865920354,0.0,1
6.703999999999484,TOUCH/HOLD,0.37549282987583743,-0.0405141709042154,1.015480865920354,0.37549282987583743,-0.0405141709042154,1.015480865920354,0.0,1
6.7059999999994835,TOUCH/HOLD,0.37549282987583743,-0.0405141709042154,1.015480865920354,0.37549282987583743,-0.0405141709042154,1.015480865920354,0.0,1
6.707999999999483,TOUCH/HOLD,0.37549282987583743,-0.0405141709042154,1.015480865920354,0.37549282987583743,-0.0405141709042154,1.015480865920354,0.0,1
6.709999999999483,TOUCH/HOLD,0.37549282987583743,-0.0405141709042154,1.015480865920354,0.37549282987583743,-0.0405141709042154,1.015480865920354,0.0,1
6.711999999999483,TOUCH/HOLD,0.37549282987583743,-0.0405141709042154,1.015480865920354,0.37549282987583743,-0.0405141709042154,1.015480865920354,0.0,1
6.713999999999483,TOUCH/HOLD,0.37549282987583743,-0.0405141709042154,1.015480865920354,0.37549282987583743,-0.0405141709042154,1.015480865920354,0.0,1
6.715999999999482,TOUCH/HOLD,0.37549282987583743,-0.0405141709042154,1.015480865920354,0.37549282987583743,-0.0405141709042154,1.015480865920354,0.0,1
6.717999999999482,TOUCH/HOLD,0.37549282987583743,-0.0405141709042154,1.015480865920354,0.37549282987583743,-0.0405141709042154,1.015480865920354,0.0,1
6.719999999999482,TOUCH/HOLD,0.37549282987583743,-0.0405141709042154,1.015480865920354,0.37549282987583743,-0.0405141709042154,1.015480865920354,0.0,1
6.721999999999482,TOUCH/HOLD,0.37549282987583743,-0.0405141709042154,1.015480865920354,0.37549282987583743,-0.0405141709042154,1.015480865920354,0.0,1
6.7239999999994815,TOUCH/HOLD,0.37549282987583743,-0.0405141709042154,1.015480865920354,0.37549282987583743,-0.0405141709042154,1.015480865920354,0.0,1
6.725999999999481,TOUCH/HOLD,0.37549282987583743,-0.0405141709042154,1.015480865920354,0.37549282987583743,-0.0405141709042154,1.015480865920354,0.0,1
6.727999999999481,TOUCH/HOLD,0.37549282987583743,-0.0405141709042154,1.015480865920354,0.37549282987583743,-0.0405141709042154,1.015480865920354,0.0,1
6.729999999999481,TOUCH/HOLD,0.37549282987583743,-0.0405141709042154,1.015480865920354,0.37549282987583743,-0.0405141709042154,1.015480865920354,0.0,1
6.731999999999481,TOUCH/HOLD,0.37549282987583743,-0.0405141709042154,1.015480865920354,0.37549282987583743,-0.0405141709042154,1.015480865920354,0.0,1
6.73399999999948,TOUCH/HOLD,0.37549282987583743,-0.0405141709042154,1.015480865920354,0.37549282987583743,-0.0405141709042154,1.015480865920354,0.0,1
6.73599999999948,TOUCH/HOLD,0.37549282987583743,-0.0405141709042154,1.015480865920354,0.37549282987583743,-0.0405141709042154,1.015480865920354,0.0,1
6.73799999999948,TOUCH/HOLD,0.37549282987583743,-0.0405141709042154,1.015480865920354,0.37549282987583743,-0.0405141709042154,1.015480865920354,0.0,1
6.73999999999948,TOUCH/HOLD,0.37549282987583743,-0.0405141709042154,1.015480865920354,0.37549282987583743,-0.0405141709042154,1.015480865920354,0.0,1
6.7419999999994795,TOUCH/HOLD,0.37549282987583743,-0.0405141709042154,1.015480865920354,0.37549282987583743,-0.0405141709042154,1.015480865920354,0.0,1
6.743999999999479,TOUCH/HOLD,0.37549282987583743,-0.0405141709042154,1.015480865920354,0.37549282987583743,-0.0405141709042154,1.015480865920354,0.0,1
6.745999999999479,TOUCH/HOLD,0.37549282987583743,-0.0405141709042154,1.015480865920354,0.37549282987583743,-0.0405141709042154,1.015480865920354,0.0,1
6.747999999999479,TOUCH/HOLD,0.37549282987583743,-0.0405141709042154,1.015480865920354,0.37549282987583743,-0.0405141709042154,1.015480865920354,0.0,1
6.749999999999479,TOUCH/HOLD,0.37549282987583743,-0.0405141709042154,1.015480865920354,0.37549282987583743,-0.0405141709042154,1.015480865920354,0.0,1
6.751999999999478,TOUCH/HOLD,0.37549282987583743,-0.0405141709042154,1.015480865920354,0.37549282987583743,-0.0405141709042154,1.015480865920354,0.0,1
6.753999999999478,TOUCH/HOLD,0.37549282987583743,-0.0405141709042154,1.015480865920354,0.37549282987583743,-0.0405141709042154,1.015480865920354,0.0,1
6.755999999999478,TOUCH/HOLD,0.37549282987583743,-0.0405141709042154,1.015480865920354,0.37549282987583743,-0.0405141709042154,1.015480865920354,0.0,1
6.757999999999478,TOUCH/HOLD,0.37549282987583743,-0.0405141709042154,1.015480865920354,0.37549282987583743,-0.0405141709042154,1.015480865920354,0.0,1
6.7599999999994775,TOUCH/HOLD,0.37549282987583743,-0.0405141709042154,1.015480865920354,0.37549282987583743,-0.0405141709042154,1.015480865920354,0.0,1
6.761999999999477,TOUCH/HOLD,0.37549282987583743,-0.0405141709042154,1.015480865920354,0.37549282987583743,-0.0405141709042154,1.015480865920354,0.0,1
6.763999999999477,TOUCH/HOLD,0.37549282987583743,-0.0405141709042154,1.015480865920354,0.37549282987583743,-0.0405141709042154,1.015480865920354,0.0,1
6.765999999999477,TOUCH/HOLD,0.37549282987583743,-0.0405141709042154,1.015480865920354,0.37549282987583743,-0.0405141709042154,1.015480865920354,0.0,1
6.767999999999477,TOUCH/HOLD,0.37549282987583743,-0.0405141709042154,1.015480865920354,0.37549282987583743,-0.0405141709042154,1.015480865920354,0.0,1
6.769999999999476,TOUCH/HOLD,0.37549282987583743,-0.0405141709042154,1.015480865920354,0.37549282987583743,-0.0405141709042154,1.015480865920354,0.0,1
6.771999999999476,TOUCH/HOLD,0.37549282987583743,-0.0405141709042154,1.015480865920354,0.37549282987583743,-0.0405141709042154,1.015480865920354,0.0,1
6.773999999999476,TOUCH/HOLD,0.37549282987583743,-0.0405141709042154,1.015480865920354,0.37549282987583743,-0.0405141709042154,1.015480865920354,0.0,1
6.775999999999476,TOUCH/HOLD,0.37549282987583743,-0.0405141709042154,1.015480865920354,0.37549282987583743,-0.0405141709042154,1.015480865920354,0.0,1
6.7779999999994756,TOUCH/HOLD,0.37549282987583743,-0.0405141709042154,1.015480865920354,0.37549282987583743,-0.0405141709042154,1.015480865920354,0.0,1
6.779999999999475,TOUCH/HOLD,0.37549282987583743,-0.0405141709042154,1.015480865920354,0.37549282987583743,-0.0405141709042154,1.015480865920354,0.0,1
6.781999999999475,TOUCH/HOLD,0.37549282987583743,-0.0405141709042154,1.015480865920354,0.37549282987583743,-0.0405141709042154,1.015480865920354,0.0,1
6.783999999999475,TOUCH/HOLD,0.37549282987583743,-0.0405141709042154,1.015480865920354,0.37549282987583743,-0.0405141709042154,1.015480865920354,0.0,1
6.785999999999475,TOUCH/HOLD,0.37549282987583743,-0.0405141709042154,1.015480865920354,0.37549282987583743,-0.0405141709042154,1.015480865920354,0.0,1
6.7879999999994745,TOUCH/HOLD,0.37549282987583743,-0.0405141709042154,1.015480865920354,0.37549282987583743,-0.0405141709042154,1.015480865920354,0.0,1
6.789999999999474,TOUCH/HOLD,0.37549282987583743,-0.0405141709042154,1.015480865920354,0.37549282987583743,-0.0405141709042154,1.015480865920354,0.0,1
6.791999999999474,TOUCH/HOLD,0.37549282987583743,-0.0405141709042154,1.015480865920354,0.37549282987583743,-0.0405141709042154,1.015480865920354,0.0,1
6.793999999999474,TOUCH/HOLD,0.37549282987583743,-0.0405141709042154,1.015480865920354,0.37549282987583743,-0.0405141709042154,1.015480865920354,0.0,1
6.795999999999474,TOUCH/HOLD,0.37549282987583743,-0.0405141709042154,1.015480865920354,0.37549282987583743,-0.0405141709042154,1.015480865920354,0.0,1
6.797999999999473,TOUCH/HOLD,0.37549282987583743,-0.0405141709042154,1.015480865920354,0.37549282987583743,-0.0405141709042154,1.015480865920354,0.0,1
6.799999999999473,TOUCH/HOLD,0.37549282987583743,-0.0405141709042154,1.015480865920354,0.37549282987583743,-0.0405141709042154,1.015480865920354,0.0,1
6.801999999999473,TOUCH/HOLD,0.37549282987583743,-0.0405141709042154,1.015480865920354,0.37549282987583743,-0.0405141709042154,1.015480865920354,0.0,1
6.803999999999473,TOUCH/HOLD,0.37549282987583743,-0.0405141709042154,1.015480865920354,0.37549282987583743,-0.0405141709042154,1.015480865920354,0.0,1
6.8059999999994725,TOUCH/HOLD,0.37549282987583743,-0.0405141709042154,1.015480865920354,0.37549282987583743,-0.0405141709042154,1.015480865920354,0.0,1
6.807999999999472,TOUCH/HOLD,0.37549282987583743,-0.0405141709042154,1.015480865920354,0.37549282987583743,-0.0405141709042154,1.015480865920354,0.0,1
6.809999999999472,TOUCH/HOLD,0.37549282987583743,-0.0405141709042154,1.015480865920354,0.37549282987583743,-0.0405141709042154,1.015480865920354,0.0,1
6.811999999999472,TOUCH/HOLD,0.37549282987583743,-0.0405141709042154,1.015480865920354,0.37549282987583743,-0.0405141709042154,1.015480865920354,0.0,1
6.813999999999472,TOUCH/HOLD,0.37549282987583743,-0.0405141709042154,1.015480865920354,0.37549282987583743,-0.0405141709042154,1.015480865920354,0.0,1
6.815999999999471,TOUCH/HOLD,0.37549282987583743,-0.0405141709042154,1.015480865920354,0.37549282987583743,-0.0405141709042154,1.015480865920354,0.0,1
6.817999999999471,TOUCH/HOLD,0.37549282987583743,-0.0405141709042154,1.015480865920354,0.37549282987583743,-0.0405141709042154,1.015480865920354,0.0,1
6.819999999999471,TOUCH/HOLD,0.37549282987583743,-0.0405141709042154,1.015480865920354,0.37549282987583743,-0.0405141709042154,1.015480865920354,0.0,1
6.821999999999471,TOUCH/HOLD,0.37549282987583743,-0.0405141709042154,1.015480865920354,0.37549282987583743,-0.0405141709042154,1.015480865920354,0.0,1
6.8239999999994705,TOUCH/HOLD,0.37549282987583743,-0.0405141709042154,1.015480865920354,0.37549282987583743,-0.0405141709042154,1.015480865920354,0.0,1
6.82599999999947,TOUCH/HOLD,0.37549282987583743,-0.0405141709042154,1.015480865920354,0.37549282987583743,-0.0405141709042154,1.015480865920354,0.0,1
6.82799999999947,TOUCH/HOLD,0.37549282987583743,-0.0405141709042154,1.015480865920354,0.37549282987583743,-0.0405141709042154,1.015480865920354,0.0,1
6.82999999999947,TOUCH/HOLD,0.37549282987583743,-0.0405141709042154,1.015480865920354,0.37549282987583743,-0.0405141709042154,1.015480865920354,0.0,1
6.83199999999947,TOUCH/HOLD,0.37549282987583743,-0.0405141709042154,1.015480865920354,0.37549282987583743,-0.0405141709042154,1.015480865920354,0.0,1
6.833999999999469,TOUCH/HOLD,0.37549282987583743,-0.0405141709042154,1.015480865920354,0.37549282987583743,-0.0405141709042154,1.015480865920354,0.0,1
6.835999999999469,TOUCH/HOLD,0.37549282987583743,-0.0405141709042154,1.015480865920354,0.37549282987583743,-0.0405141709042154,1.015480865920354,0.0,1
6.837999999999469,TOUCH/HOLD,0.37549282987583743,-0.0405141709042154,1.015480865920354,0.37549282987583743,-0.0405141709042154,1.015480865920354,0.0,1
6.839999999999469,TOUCH/HOLD,0.37549282987583743,-0.0405141709042154,1.015480865920354,0.37549282987583743,-0.0405141709042154,1.015480865920354,0.0,1
6.8419999999994685,TOUCH/HOLD,0.37549282987583743,-0.0405141709042154,1.015480865920354,0.37549282987583743,-0.0405141709042154,1.015480865920354,0.0,1
6.843999999999468,TOUCH/HOLD,0.37549282987583743,-0.0405141709042154,1.015480865920354,0.37549282987583743,-0.0405141709042154,1.015480865920354,0.0,1
6.845999999999468,TOUCH/HOLD,0.37549282987583743,-0.0405141709042154,1.015480865920354,0.37549282987583743,-0.0405141709042154,1.015480865920354,0.0,1
6.847999999999468,TOUCH/HOLD,0.37549282987583743,-0.0405141709042154,1.015480865920354,0.37549282987583743,-0.0405141709042154,1.015480865920354,0.0,1
6.849999999999468,TOUCH/HOLD,0.37549282987583743,-0.0405141709042154,1.015480865920354,0.37549282987583743,-0.0405141709042154,1.015480865920354,0.0,1
6.851999999999467,TOUCH/HOLD,0.37549282987583743,-0.0405141709042154,1.015480865920354,0.37549282987583743,-0.0405141709042154,1.015480865920354,0.0,1
6.853999999999467,TOUCH/HOLD,0.37549282987583743,-0.0405141709042154,1.015480865920354,0.37549282987583743,-0.0405141709042154,1.015480865920354,0.0,1
6.855999999999467,TOUCH/HOLD,0.37549282987583743,-0.0405141709042154,1.015480865920354,0.37549282987583743,-0.0405141709042154,1.015480865920354,0.0,1
6.857999999999467,TOUCH/HOLD,0.37549282987583743,-0.0405141709042154,1.015480865920354,0.37549282987583743,-0.0405141709042154,1.015480865920354,0.0,1
6.8599999999994665,TOUCH/HOLD,0.37549282987583743,-0.0405141709042154,1.015480865920354,0.37549282987583743,-0.0405141709042154,1.015480865920354,0.0,1
6.861999999999466,TOUCH/HOLD,0.37549282987583743,-0.0405141709042154,1.015480865920354,0.37549282987583743,-0.0405141709042154,1.015480865920354,0.0,1
6.863999999999466,TOUCH/HOLD,0.37549282987583743,-0.0405141709042154,1.015480865920354,0.37549282987583743,-0.0405141709042154,1.015480865920354,0.0,1
6.865999999999466,TOUCH/HOLD,0.37549282987583743,-0.0405141709042154,1.015480865920354,0.37549282987583743,-0.0405141709042154,1.015480865920354,0.0,1
6.867999999999466,TOUCH/HOLD,0.37549282987583743,-0.0405141709042154,1.015480865920354,0.37549282987583743,-0.0405141709042154,1.015480865920354,0.0,1
6.869999999999465,TOUCH/HOLD,0.37549282987583743,-0.0405141709042154,1.015480865920354,0.37549282987583743,-0.0405141709042154,1.015480865920354,0.0,1
6.871999999999465,TOUCH/HOLD,0.37549282987583743,-0.0405141709042154,1.015480865920354,0.37549282987583743,-0.0405141709042154,1.015480865920354,0.0,1
6.873999999999465,TOUCH/HOLD,0.37549282987583743,-0.0405141709042154,1.015480865920354,0.37549282987583743,-0.0405141709042154,1.015480865920354,0.0,1
6.875999999999465,TOUCH/HOLD,0.37549282987583743,-0.0405141709042154,1.015480865920354,0.37549282987583743,-0.0405141709042154,1.015480865920354,0.0,1
6.8779999999994645,TOUCH/HOLD,0.37549282987583743,-0.0405141709042154,1.015480865920354,0.37549282987583743,-0.0405141709042154,1.015480865920354,0.0,1
6.879999999999464,TOUCH/HOLD,0.37549282987583743,-0.0405141709042154,1.015480865920354,0.37549282987583743,-0.0405141709042154,1.015480865920354,0.0,1
6.881999999999464,TOUCH/HOLD,0.37549282987583743,-0.0405141709042154,1.015480865920354,0.37549282987583743,-0.0405141709042154,1.015480865920354,0.0,1
6.883999999999464,TOUCH/HOLD,0.37549282987583743,-0.0405141709042154,1.015480865920354,0.37549282987583743,-0.0405141709042154,1.015480865920354,0.0,1
6.885999999999464,TOUCH/HOLD,0.37549282987583743,-0.0405141709042154,1.015480865920354,0.37549282987583743,-0.0405141709042154,1.015480865920354,0.0,1
6.887999999999463,TOUCH/HOLD,0.37549282987583743,-0.0405141709042154,1.015480865920354,0.37549282987583743,-0.0405141709042154,1.015480865920354,0.0,1
6.889999999999463,TOUCH/HOLD,0.37549282987583743,-0.0405141709042154,1.015480865920354,0.37549282987583743,-0.0405141709042154,1.015480865920354,0.0,1
6.891999999999463,TOUCH/HOLD,0.37549282987583743,-0.0405141709042154,1.015480865920354,0.37549282987583743,-0.0405141709042154,1.015480865920354,0.0,1
6.893999999999463,TOUCH/HOLD,0.37549282987583743,-0.0405141709042154,1.015480865920354,0.37549282987583743,-0.0405141709042154,1.015480865920354,0.0,1
6.895999999999463,TOUCH/HOLD,0.37549282987583743,-0.0405141709042154,1.015480865920354,0.37549282987583743,-0.0405141709042154,1.015480865920354,0.0,1
6.897999999999462,TOUCH/HOLD,0.37549282987583743,-0.0405141709042154,1.015480865920354,0.37549282987583743,-0.0405141709042154,1.015480865920354,0.0,1
6.899999999999462,TOUCH/HOLD,0.37549282987583743,-0.0405141709042154,1.015480865920354,0.37549282987583743,-0.0405141709042154,1.015480865920354,0.0,1
6.901999999999462,TOUCH/HOLD,0.37549282987583743,-0.0405141709042154,1.015480865920354,0.37549282987583743,-0.0405141709042154,1.015480865920354,0.0,1
6.903999999999462,TOUCH/HOLD,0.37549282987583743,-0.0405141709042154,1.015480865920354,0.37549282987583743,-0.0405141709042154,1.015480865920354,0.0,1
6.9059999999994615,TOUCH/HOLD,0.37549282987583743,-0.0405141709042154,1.015480865920354,0.37549282987583743,-0.0405141709042154,1.015480865920354,0.0,1
6.907999999999461,TOUCH/HOLD,0.37549282987583743,-0.0405141709042154,1.015480865920354,0.37549282987583743,-0.0405141709042154,1.015480865920354,0.0,1
6.909999999999461,TOUCH/HOLD,0.37549282987583743,-0.0405141709042154,1.015480865920354,0.37549282987583743,-0.0405141709042154,1.015480865920354,0.0,1
6.911999999999461,TOUCH/HOLD,0.37549282987583743,-0.0405141709042154,1.015480865920354,0.37549282987583743,-0.0405141709042154,1.015480865920354,0.0,1
6.913999999999461,TOUCH/HOLD,0.37549282987583743,-0.0405141709042154,1.015480865920354,0.37549282987583743,-0.0405141709042154,1.015480865920354,0.0,1
6.91599999999946,TOUCH/HOLD,0.37549282987583743,-0.0405141709042154,1.015480865920354,0.37549282987583743,-0.0405141709042154,1.015480865920354,0.0,1
6.91799999999946,TOUCH/HOLD,0.37549282987583743,-0.0405141709042154,1.015480865920354,0.37549282987583743,-0.0405141709042154,1.015480865920354,0.0,1
6.91999999999946,TOUCH/HOLD,0.37549282987583743,-0.0405141709042154,1.015480865920354,0.37549282987583743,-0.0405141709042154,1.015480865920354,0.0,1
6.92199999999946,TOUCH/HOLD,0.37549282987583743,-0.0405141709042154,1.015480865920354,0.37549282987583743,-0.0405141709042154,1.015480865920354,0.0,1
6.9239999999994595,TOUCH/HOLD,0.37549282987583743,-0.0405141709042154,1.015480865920354,0.37549282987583743,-0.0405141709042154,1.015480865920354,0.0,1
6.925999999999459,TOUCH/HOLD,0.37549282987583743,-0.0405141709042154,1.015480865920354,0.37549282987583743,-0.0405141709042154,1.015480865920354,0.0,1
6.927999999999459,TOUCH/HOLD,0.37549282987583743,-0.0405141709042154,1.015480865920354,0.37549282987583743,-0.0405141709042154,1.015480865920354,0.0,1
6.929999999999459,TOUCH/HOLD,0.37549282987583743,-0.0405141709042154,1.015480865920354,0.37549282987583743,-0.0405141709042154,1.015480865920354,0.0,1
6.931999999999459,TOUCH/HOLD,0.37549282987583743,-0.0405141709042154,1.015480865920354,0.37549282987583743,-0.0405141709042154,1.015480865920354,0.0,1
6.933999999999458,TOUCH/HOLD,0.37549282987583743,-0.0405141709042154,1.015480865920354,0.37549282987583743,-0.0405141709042154,1.015480865920354,0.0,1
6.935999999999458,TOUCH/HOLD,0.37549282987583743,-0.0405141709042154,1.015480865920354,0.37549282987583743,-0.0405141709042154,1.015480865920354,0.0,1
6.937999999999458,TOUCH/HOLD,0.37549282987583743,-0.0405141709042154,1.015480865920354,0.37549282987583743,-0.0405141709042154,1.015480865920354,0.0,1
6.939999999999458,TOUCH/HOLD,0.37549282987583743,-0.0405141709042154,1.015480865920354,0.37549282987583743,-0.0405141709042154,1.015480865920354,0.0,1
6.9419999999994575,TOUCH/HOLD,0.37549282987583743,-0.0405141709042154,1.015480865920354,0.37549282987583743,-0.0405141709042154,1.015480865920354,0.0,1
6.943999999999457,TOUCH/HOLD,0.37549282987583743,-0.0405141709042154,1.015480865920354,0.37549282987583743,-0.0405141709042154,1.015480865920354,0.0,1
6.945999999999457,TOUCH/HOLD,0.37549282987583743,-0.0405141709042154,1.015480865920354,0.37549282987583743,-0.0405141709042154,1.015480865920354,0.0,1
6.947999999999457,TOUCH/HOLD,0.37549282987583743,-0.0405141709042154,1.015480865920354,0.37549282987583743,-0.0405141709042154,1.015480865920354,0.0,1
6.949999999999457,TOUCH/HOLD,0.37549282987583743,-0.0405141709042154,1.015480865920354,0.37549282987583743,-0.0405141709042154,1.015480865920354,0.0,1
6.951999999999456,TOUCH/HOLD,0.37549282987583743,-0.0405141709042154,1.015480865920354,0.37549282987583743,-0.0405141709042154,1.015480865920354,0.0,1
6.953999999999456,TOUCH/HOLD,0.37549282987583743,-0.0405141709042154,1.015480865920354,0.37549282987583743,-0.0405141709042154,1.015480865920354,0.0,1
6.955999999999456,TOUCH/HOLD,0.37549282987583743,-0.0405141709042154,1.015480865920354,0.37549282987583743,-0.0405141709042154,1.015480865920354,0.0,1
6.957999999999456,TOUCH/HOLD,0.37549282987583743,-0.0405141709042154,1.015480865920354,0.37549282987583743,-0.0405141709042154,1.015480865920354,0.0,1
6.9599999999994555,TOUCH/HOLD,0.37549282987583743,-0.0405141709042154,1.015480865920354,0.37549282987583743,-0.0405141709042154,1.015480865920354,0.0,1
6.961999999999455,TOUCH/HOLD,0.37549282987583743,-0.0405141709042154,1.015480865920354,0.37549282987583743,-0.0405141709042154,1.015480865920354,0.0,1
6.963999999999455,TOUCH/HOLD,0.37549282987583743,-0.0405141709042154,1.015480865920354,0.37549282987583743,-0.0405141709042154,1.015480865920354,0.0,1
6.965999999999455,TOUCH/HOLD,0.37549282987583743,-0.0405141709042154,1.015480865920354,0.37549282987583743,-0.0405141709042154,1.015480865920354,0.0,1
6.967999999999455,TOUCH/HOLD,0.37549282987583743,-0.0405141709042154,1.015480865920354,0.37549282987583743,-0.0405141709042154,1.015480865920354,0.0,1
6.969999999999454,TOUCH/HOLD,0.37549282987583743,-0.0405141709042154,1.015480865920354,0.37549282987583743,-0.0405141709042154,1.015480865920354,0.0,1
6.971999999999454,TOUCH/HOLD,0.37549282987583743,-0.0405141709042154,1.015480865920354,0.37549282987583743,-0.0405141709042154,1.015480865920354,0.0,1
6.973999999999454,TOUCH/HOLD,0.37549282987583743,-0.0405141709042154,1.015480865920354,0.37549282987583743,-0.0405141709042154,1.015480865920354,0.0,1
6.975999999999454,TOUCH/HOLD,0.37549282987583743,-0.0405141709042154,1.015480865920354,0.37549282987583743,-0.0405141709042154,1.015480865920354,0.0,1
6.9779999999994535,TOUCH/HOLD,0.37549282987583743,-0.0405141709042154,1.015480865920354,0.37549282987583743,-0.0405141709042154,1.015480865920354,0.0,1
6.979999999999453,TOUCH/HOLD,0.37549282987583743,-0.0405141709042154,1.015480865920354,0.37549282987583743,-0.0405141709042154,1.015480865920354,0.0,1
6.981999999999453,TOUCH/HOLD,0.37549282987583743,-0.0405141709042154,1.015480865920354,0.37549282987583743,-0.0405141709042154,1.015480865920354,0.0,1
6.983999999999453,TOUCH/HOLD,0.37549282987583743,-0.0405141709042154,1.015480865920354,0.37549282987583743,-0.0405141709042154,1.015480865920354,0.0,1
6.985999999999453,TOUCH/HOLD,0.37549282987583743,-0.0405141709042154,1.015480865920354,0.37549282987583743,-0.0405141709042154,1.015480865920354,0.0,1
6.987999999999452,TOUCH/HOLD,0.37549282987583743,-0.0405141709042154,1.015480865920354,0.37549282987583743,-0.0405141709042154,1.015480865920354,0.0,1
6.989999999999452,TOUCH/HOLD,0.37549282987583743,-0.0405141709042154,1.015480865920354,0.37549282987583743,-0.0405141709042154,1.015480865920354,0.0,1
6.991999999999452,TOUCH/HOLD,0.37549282987583743,-0.0405141709042154,1.015480865920354,0.37549282987583743,-0.0405141709042154,1.015480865920354,0.0,1
6.993999999999452,TOUCH/HOLD,0.37549282987583743,-0.0405141709042154,1.015480865920354,0.37549282987583743,-0.0405141709042154,1.015480865920354,0.0,1
6.9959999999994515,TOUCH/HOLD,0.37549282987583743,-0.0405141709042154,1.015480865920354,0.37549282987583743,-0.0405141709042154,1.015480865920354,0.0,1
6.997999999999451,TOUCH/HOLD,0.37549282987583743,-0.0405141709042154,1.015480865920354,0.37549282987583743,-0.0405141709042154,1.015480865920354,0.0,1
6.999999999999451,TOUCH/HOLD,0.37549282987583743,-0.0405141709042154,1.015480865920354,0.37549282987583743,-0.0405141709042154,1.015480865920354,0.0,1
7.001999999999451,TOUCH/HOLD,0.37549282987583743,-0.0405141709042154,1.015480865920354,0.37549282987583743,-0.0405141709042154,1.015480865920354,0.0,1
7.003999999999451,TOUCH/HOLD,0.37549282987583743,-0.0405141709042154,1.015480865920354,0.37549282987583743,-0.0405141709042154,1.015480865920354,0.0,1
7.0059999999994504,TOUCH/HOLD,0.37549282987583743,-0.0405141709042154,1.015480865920354,0.37549282987583743,-0.0405141709042154,1.015480865920354,0.0,1
7.00799999999945,TOUCH/HOLD,0.37549282987583743,-0.0405141709042154,1.015480865920354,0.37549282987583743,-0.0405141709042154,1.015480865920354,0.0,1
7.00999999999945,TOUCH/HOLD,0.37549282987583743,-0.0405141709042154,1.015480865920354,0.37549282987583743,-0.0405141709042154,1.015480865920354,0.0,1
7.01199999999945,TOUCH/HOLD,0.37549282987583743,-0.0405141709042154,1.015480865920354,0.37549282987583743,-0.0405141709042154,1.015480865920354,0.0,1
7.01399999999945,TOUCH/HOLD,0.37549282987583743,-0.0405141709042154,1.015480865920354,0.37549282987583743,-0.0405141709042154,1.015480865920354,0.0,1
7.015999999999449,TOUCH/HOLD,0.37549282987583743,-0.0405141709042154,1.015480865920354,0.37549282987583743,-0.0405141709042154,1.015480865920354,0.0,1
7.017999999999449,TOUCH/HOLD,0.37549282987583743,-0.0405141709042154,1.015480865920354,0.37549282987583743,-0.0405141709042154,1.015480865920354,0.0,1
7.019999999999449,TOUCH/HOLD,0.37549282987583743,-0.0405141709042154,1.015480865920354,0.37549282987583743,-0.0405141709042154,1.015480865920354,0.0,1
7.021999999999449,TOUCH/HOLD,0.37549282987583743,-0.0405141709042154,1.015480865920354,0.37549282987583743,-0.0405141709042154,1.015480865920354,0.0,1
7.0239999999994485,TOUCH/HOLD,0.37549282987583743,-0.0405141709042154,1.015480865920354,0.37549282987583743,-0.0405141709042154,1.015480865920354,0.0,1
7.025999999999448,TOUCH/HOLD,0.37549282987583743,-0.0405141709042154,1.015480865920354,0.37549282987583743,-0.0405141709042154,1.015480865920354,0.0,1
7.027999999999448,TOUCH/HOLD,0.37549282987583743,-0.0405141709042154,1.015480865920354,0.37549282987583743,-0.0405141709042154,1.015480865920354,0.0,1
7.029999999999448,TOUCH/HOLD,0.37549282987583743,-0.0405141709042154,1.015480865920354,0.37549282987583743,-0.0405141709042154,1.015480865920354,0.0,1
7.031999999999448,TOUCH/HOLD,0.37549282987583743,-0.0405141709042154,1.015480865920354,0.37549282987583743,-0.0405141709042154,1.015480865920354,0.0,1
7.033999999999447,TOUCH/HOLD,0.37549282987583743,-0.0405141709042154,1.015480865920354,0.37549282987583743,-0.0405141709042154,1.015480865920354,0.0,1
7.035999999999447,TOUCH/HOLD,0.37549282987583743,-0.0405141709042154,1.015480865920354,0.37549282987583743,-0.0405141709042154,1.015480865920354,0.0,1
7.037999999999447,TOUCH/HOLD,0.37549282987583743,-0.0405141709042154,1.015480865920354,0.37549282987583743,-0.0405141709042154,1.015480865920354,0.0,1
7.039999999999447,TOUCH/HOLD,0.37549282987583743,-0.0405141709042154,1.015480865920354,0.37549282987583743,-0.0405141709042154,1.015480865920354,0.0,1
7.0419999999994465,TOUCH/HOLD,0.37549282987583743,-0.0405141709042154,1.015480865920354,0.37549282987583743,-0.0405141709042154,1.015480865920354,0.0,1
7.043999999999446,TOUCH/HOLD,0.37549282987583743,-0.0405141709042154,1.015480865920354,0.37549282987583743,-0.0405141709042154,1.015480865920354,0.0,1
7.045999999999446,TOUCH/HOLD,0.37549282987583743,-0.0405141709042154,1.015480865920354,0.37549282987583743,-0.0405141709042154,1.015480865920354,0.0,1
7.047999999999446,TOUCH/HOLD,0.37549282987583743,-0.0405141709042154,1.015480865920354,0.37549282987583743,-0.0405141709042154,1.015480865920354,0.0,1
7.049999999999446,TOUCH/HOLD,0.37549282987583743,-0.0405141709042154,1.015480865920354,0.37549282987583743,-0.0405141709042154,1.015480865920354,0.0,1
7.051999999999445,TOUCH/HOLD,0.37549282987583743,-0.0405141709042154,1.015480865920354,0.37549282987583743,-0.0405141709042154,1.015480865920354,0.0,1
7.053999999999445,TOUCH/HOLD,0.37549282987583743,-0.0405141709042154,1.015480865920354,0.37549282987583743,-0.0405141709042154,1.015480865920354,0.0,1
7.055999999999445,TOUCH/HOLD,0.37549282987583743,-0.0405141709042154,1.015480865920354,0.37549282987583743,-0.0405141709042154,1.015480865920354,0.0,1
7.057999999999445,TOUCH/HOLD,0.37549282987583743,-0.0405141709042154,1.015480865920354,0.37549282987583743,-0.0405141709042154,1.015480865920354,0.0,1
7.0599999999994445,TOUCH/HOLD,0.37549282987583743,-0.0405141709042154,1.015480865920354,0.37549282987583743,-0.0405141709042154,1.015480865920354,0.0,1
7.061999999999444,TOUCH/HOLD,0.37549282987583743,-0.0405141709042154,1.015480865920354,0.37549282987583743,-0.0405141709042154,1.015480865920354,0.0,1
7.063999999999444,TOUCH/HOLD,0.37549282987583743,-0.0405141709042154,1.015480865920354,0.37549282987583743,-0.0405141709042154,1.015480865920354,0.0,1
7.065999999999444,TOUCH/HOLD,0.37549282987583743,-0.0405141709042154,1.015480865920354,0.37549282987583743,-0.0405141709042154,1.015480865920354,0.0,1
7.067999999999444,TOUCH/HOLD,0.37549282987583743,-0.0405141709042154,1.015480865920354,0.37549282987583743,-0.0405141709042154,1.015480865920354,0.0,1
7.069999999999443,TOUCH/HOLD,0.37549282987583743,-0.0405141709042154,1.015480865920354,0.37549282987583743,-0.0405141709042154,1.015480865920354,0.0,1
7.071999999999443,TOUCH/HOLD,0.37549282987583743,-0.0405141709042154,1.015480865920354,0.37549282987583743,-0.0405141709042154,1.015480865920354,0.0,1
7.073999999999443,TOUCH/HOLD,0.37549282987583743,-0.0405141709042154,1.015480865920354,0.37549282987583743,-0.0405141709042154,1.015480865920354,0.0,1
7.075999999999443,TOUCH/HOLD,0.37549282987583743,-0.0405141709042154,1.015480865920354,0.37549282987583743,-0.0405141709042154,1.015480865920354,0.0,1
7.0779999999994425,TOUCH/HOLD,0.37549282987583743,-0.0405141709042154,1.015480865920354,0.37549282987583743,-0.0405141709042154,1.015480865920354,0.0,1
7.079999999999442,TOUCH/HOLD,0.37549282987583743,-0.0405141709042154,1.015480865920354,0.37549282987583743,-0.0405141709042154,1.015480865920354,0.0,1
7.081999999999442,TOUCH/HOLD,0.37549282987583743,-0.0405141709042154,1.015480865920354,0.37549282987583743,-0.0405141709042154,1.015480865920354,0.0,1
7.083999999999442,TOUCH/HOLD,0.37549282987583743,-0.0405141709042154,1.015480865920354,0.37549282987583743,-0.0405141709042154,1.015480865920354,0.0,1
7.085999999999442,TOUCH/HOLD,0.37549282987583743,-0.0405141709042154,1.015480865920354,0.37549282987583743,-0.0405141709042154,1.015480865920354,0.0,1
7.087999999999441,TOUCH/HOLD,0.37549282987583743,-0.0405141709042154,1.015480865920354,0.37549282987583743,-0.0405141709042154,1.015480865920354,0.0,1
7.089999999999441,TOUCH/HOLD,0.37549282987583743,-0.0405141709042154,1.015480865920354,0.37549282987583743,-0.0405141709042154,1.015480865920354,0.0,1
7.091999999999441,TOUCH/HOLD,0.37549282987583743,-0.0405141709042154,1.015480865920354,0.37549282987583743,-0.0405141709042154,1.015480865920354,0.0,1
7.093999999999441,TOUCH/HOLD,0.37549282987583743,-0.0405141709042154,1.015480865920354,0.37549282987583743,-0.0405141709042154,1.015480865920354,0.0,1
7.0959999999994405,TOUCH/HOLD,0.37549282987583743,-0.0405141709042154,1.015480865920354,0.37549282987583743,-0.0405141709042154,1.015480865920354,0.0,1
7.09799999999944,TOUCH/HOLD,0.37549282987583743,-0.0405141709042154,1.015480865920354,0.37549282987583743,-0.0405141709042154,1.015480865920354,0.0,1
7.09999999999944,TOUCH/HOLD,0.37549282987583743,-0.0405141709042154,1.015480865920354,0.37549282987583743,-0.0405141709042154,1.015480865920354,0.0,1
7.10199999999944,TOUCH/HOLD,0.37549282987583743,-0.0405141709042154,1.015480865920354,0.37549282987583743,-0.0405141709042154,1.015480865920354,0.0,1
7.10399999999944,TOUCH/HOLD,0.37549282987583743,-0.0405141709042154,1.015480865920354,0.37549282987583743,-0.0405141709042154,1.015480865920354,0.0,1
7.105999999999439,TOUCH/HOLD,0.37549282987583743,-0.0405141709042154,1.015480865920354,0.37549282987583743,-0.0405141709042154,1.015480865920354,0.0,1
7.107999999999439,TOUCH/HOLD,0.37549282987583743,-0.0405141709042154,1.015480865920354,0.37549282987583743,-0.0405141709042154,1.015480865920354,0.0,1
7.109999999999439,TOUCH/HOLD,0.37549282987583743,-0.0405141709042154,1.015480865920354,0.37549282987583743,-0.0405141709042154,1.015480865920354,0.0,1
7.111999999999439,TOUCH/HOLD,0.37549282987583743,-0.0405141709042154,1.015480865920354,0.37549282987583743,-0.0405141709042154,1.015480865920354,0.0,1
7.1139999999994386,TOUCH/HOLD,0.37549282987583743,-0.0405141709042154,1.015480865920354,0.37549282987583743,-0.0405141709042154,1.015480865920354,0.0,1
7.115999999999438,TOUCH/HOLD,0.37549282987583743,-0.0405141709042154,1.015480865920354,0.37549282987583743,-0.0405141709042154,1.015480865920354,0.0,1
7.117999999999438,TOUCH/HOLD,0.37549282987583743,-0.0405141709042154,1.015480865920354,0.37549282987583743,-0.0405141709042154,1.015480865920354,0.0,1
7.119999999999438,TOUCH/HOLD,0.37549282987583743,-0.0405141709042154,1.015480865920354,0.37549282987583743,-0.0405141709042154,1.015480865920354,0.0,1
7.121999999999438,TOUCH/HOLD,0.37549282987583743,-0.0405141709042154,1.015480865920354,0.37549282987583743,-0.0405141709042154,1.015480865920354,0.0,1
7.1239999999994374,TOUCH/HOLD,0.37549282987583743,-0.0405141709042154,1.015480865920354,0.37549282987583743,-0.0405141709042154,1.015480865920354,0.0,1
7.125999999999437,TOUCH/HOLD,0.37549282987583743,-0.0405141709042154,1.015480865920354,0.37549282987583743,-0.0405141709042154,1.015480865920354,0.0,1
7.127999999999437,TOUCH/HOLD,0.37549282987583743,-0.0405141709042154,1.015480865920354,0.37549282987583743,-0.0405141709042154,1.015480865920354,0.0,1
7.129999999999437,TOUCH/HOLD,0.37549282987583743,-0.0405141709042154,1.015480865920354,0.37549282987583743,-0.0405141709042154,1.015480865920354,0.0,1
7.131999999999437,TOUCH/HOLD,0.37549282987583743,-0.0405141709042154,1.015480865920354,0.37549282987583743,-0.0405141709042154,1.015480865920354,0.0,1
7.133999999999436,TOUCH/HOLD,0.37549282987583743,-0.0405141709042154,1.015480865920354,0.37549282987583743,-0.0405141709042154,1.015480865920354,0.0,1
7.135999999999436,TOUCH/HOLD,0.37549282987583743,-0.0405141709042154,1.015480865920354,0.37549282987583743,-0.0405141709042154,1.015480865920354,0.0,1
7.137999999999436,TOUCH/HOLD,0.37549282987583743,-0.0405141709042154,1.015480865920354,0.37549282987583743,-0.0405141709042154,1.015480865920354,0.0,1
7.139999999999436,TOUCH/HOLD,0.37549282987583743,-0.0405141709042154,1.015480865920354,0.37549282987583743,-0.0405141709042154,1.015480865920354,0.0,1
7.1419999999994355,TOUCH/HOLD,0.37549282987583743,-0.0405141709042154,1.015480865920354,0.37549282987583743,-0.0405141709042154,1.015480865920354,0.0,1
7.143999999999435,TOUCH/HOLD,0.37549282987583743,-0.0405141709042154,1.015480865920354,0.37549282987583743,-0.0405141709042154,1.015480865920354,0.0,1
7.145999999999435,TOUCH/HOLD,0.37549282987583743,-0.0405141709042154,1.015480865920354,0.37549282987583743,-0.0405141709042154,1.015480865920354,0.0,1
7.147999999999435,TOUCH/HOLD,0.37549282987583743,-0.0405141709042154,1.015480865920354,0.37549282987583743,-0.0405141709042154,1.015480865920354,0.0,1
7.149999999999435,TOUCH/HOLD,0.37549282987583743,-0.0405141709042154,1.015480865920354,0.37549282987583743,-0.0405141709042154,1.015480865920354,0.0,1
7.151999999999434,TOUCH/HOLD,0.37549282987583743,-0.0405141709042154,1.015480865920354,0.37549282987583743,-0.0405141709042154,1.015480865920354,0.0,1
7.153999999999434,TOUCH/HOLD,0.37549282987583743,-0.0405141709042154,1.015480865920354,0.37549282987583743,-0.0405141709042154,1.015480865920354,0.0,1
7.155999999999434,TOUCH/HOLD,0.37549282987583743,-0.0405141709042154,1.015480865920354,0.37549282987583743,-0.0405141709042154,1.015480865920354,0.0,1
7.157999999999434,TOUCH/HOLD,0.37549282987583743,-0.0405141709042154,1.015480865920354,0.37549282987583743,-0.0405141709042154,1.015480865920354,0.0,1
7.1599999999994335,TOUCH/HOLD,0.37549282987583743,-0.0405141709042154,1.015480865920354,0.37549282987583743,-0.0405141709042154,1.015480865920354,0.0,1
7.161999999999433,TOUCH/HOLD,0.37549282987583743,-0.0405141709042154,1.015480865920354,0.37549282987583743,-0.0405141709042154,1.015480865920354,0.0,1
7.163999999999433,TOUCH/HOLD,0.37549282987583743,-0.0405141709042154,1.015480865920354,0.37549282987583743,-0.0405141709042154,1.015480865920354,0.0,1
7.165999999999433,TOUCH/HOLD,0.37549282987583743,-0.0405141709042154,1.015480865920354,0.37549282987583743,-0.0405141709042154,1.015480865920354,0.0,1
7.167999999999433,TOUCH/HOLD,0.37549282987583743,-0.0405141709042154,1.015480865920354,0.37549282987583743,-0.0405141709042154,1.015480865920354,0.0,1
7.169999999999432,TOUCH/HOLD,0.37549282987583743,-0.0405141709042154,1.015480865920354,0.37549282987583743,-0.0405141709042154,1.015480865920354,0.0,1
7.171999999999432,TOUCH/HOLD,0.37549282987583743,-0.0405141709042154,1.015480865920354,0.37549282987583743,-0.0405141709042154,1.015480865920354,0.0,1
7.173999999999432,TOUCH/HOLD,0.37549282987583743,-0.0405141709042154,1.015480865920354,0.37549282987583743,-0.0405141709042154,1.015480865920354,0.0,1
7.175999999999432,TOUCH/HOLD,0.37549282987583743,-0.0405141709042154,1.015480865920354,0.37549282987583743,-0.0405141709042154,1.015480865920354,0.0,1
7.1779999999994315,TOUCH/HOLD,0.37549282987583743,-0.0405141709042154,1.015480865920354,0.37549282987583743,-0.0405141709042154,1.015480865920354,0.0,1
7.179999999999431,TOUCH/HOLD,0.37549282987583743,-0.0405141709042154,1.015480865920354,0.37549282987583743,-0.0405141709042154,1.015480865920354,0.0,1
7.181999999999431,TOUCH/HOLD,0.37549282987583743,-0.0405141709042154,1.015480865920354,0.37549282987583743,-0.0405141709042154,1.015480865920354,0.0,1
7.183999999999431,TOUCH/HOLD,0.37549282987583743,-0.0405141709042154,1.015480865920354,0.37549282987583743,-0.0405141709042154,1.015480865920354,0.0,1
7.185999999999431,TOUCH/HOLD,0.37549282987583743,-0.0405141709042154,1.015480865920354,0.37549282987583743,-0.0405141709042154,1.015480865920354,0.0,1
7.18799999999943,TOUCH/HOLD,0.37549282987583743,-0.0405141709042154,1.015480865920354,0.37549282987583743,-0.0405141709042154,1.015480865920354,0.0,1
7.18999999999943,TOUCH/HOLD,0.37549282987583743,-0.0405141709042154,1.015480865920354,0.37549282987583743,-0.0405141709042154,1.015480865920354,0.0,1
7.19199999999943,TOUCH/HOLD,0.37549282987583743,-0.0405141709042154,1.015480865920354,0.37549282987583743,-0.0405141709042154,1.015480865920354,0.0,1
7.19399999999943,TOUCH/HOLD,0.37549282987583743,-0.0405141709042154,1.015480865920354,0.37549282987583743,-0.0405141709042154,1.015480865920354,0.0,1
7.1959999999994295,TOUCH/HOLD,0.37549282987583743,-0.0405141709042154,1.015480865920354,0.37549282987583743,-0.0405141709042154,1.015480865920354,0.0,1
7.197999999999429,TOUCH/HOLD,0.37549282987583743,-0.0405141709042154,1.015480865920354,0.37549282987583743,-0.0405141709042154,1.015480865920354,0.0,1
7.199999999999429,TOUCH/HOLD,0.37549282987583743,-0.0405141709042154,1.015480865920354,0.37549282987583743,-0.0405141709042154,1.015480865920354,0.0,1
7.201999999999429,TOUCH/HOLD,0.37549282987583743,-0.0405141709042154,1.015480865920354,0.37549282987583743,-0.0405141709042154,1.015480865920354,0.0,1
7.203999999999429,TOUCH/HOLD,0.37549282987583743,-0.0405141709042154,1.015480865920354,0.37549282987583743,-0.0405141709042154,1.015480865920354,0.0,1
7.205999999999428,TOUCH/HOLD,0.37549282987583743,-0.0405141709042154,1.015480865920354,0.37549282987583743,-0.0405141709042154,1.015480865920354,0.0,1
7.207999999999428,TOUCH/HOLD,0.37549282987583743,-0.0405141709042154,1.015480865920354,0.37549282987583743,-0.0405141709042154,1.015480865920354,0.0,1
7.209999999999428,TOUCH/HOLD,0.37549282987583743,-0.0405141709042154,1.015480865920354,0.37549282987583743,-0.0405141709042154,1.015480865920354,0.0,1
7.211999999999428,TOUCH/HOLD,0.37549282987583743,-0.0405141709042154,1.015480865920354,0.37549282987583743,-0.0405141709042154,1.015480865920354,0.0,1
7.2139999999994275,TOUCH/HOLD,0.37549282987583743,-0.0405141709042154,1.015480865920354,0.37549282987583743,-0.0405141709042154,1.015480865920354,0.0,1
7.215999999999427,TOUCH/HOLD,0.37549282987583743,-0.0405141709042154,1.015480865920354,0.37549282987583743,-0.0405141709042154,1.015480865920354,0.0,1
7.217999999999427,TOUCH/HOLD,0.37549282987583743,-0.0405141709042154,1.015480865920354,0.37549282987583743,-0.0405141709042154,1.015480865920354,0.0,1
7.219999999999427,TOUCH/HOLD,0.37549282987583743,-0.0405141709042154,1.015480865920354,0.37549282987583743,-0.0405141709042154,1.015480865920354,0.0,1
7.221999999999427,TOUCH/HOLD,0.37549282987583743,-0.0405141709042154,1.015480865920354,0.37549282987583743,-0.0405141709042154,1.015480865920354,0.0,1
7.223999999999426,TOUCH/HOLD,0.37549282987583743,-0.0405141709042154,1.015480865920354,0.37549282987583743,-0.0405141709042154,1.015480865920354,0.0,1
7.225999999999426,TOUCH/HOLD,0.37549282987583743,-0.0405141709042154,1.015480865920354,0.37549282987583743,-0.0405141709042154,1.015480865920354,0.0,1
7.227999999999426,TOUCH/HOLD,0.37549282987583743,-0.0405141709042154,1.015480865920354,0.37549282987583743,-0.0405141709042154,1.015480865920354,0.0,1
7.229999999999426,TOUCH/HOLD,0.37549282987583743,-0.0405141709042154,1.015480865920354,0.37549282987583743,-0.0405141709042154,1.015480865920354,0.0,1
7.2319999999994256,TOUCH/HOLD,0.37549282987583743,-0.0405141709042154,1.015480865920354,0.37549282987583743,-0.0405141709042154,1.015480865920354,0.0,1
7.233999999999425,TOUCH/HOLD,0.37549282987583743,-0.0405141709042154,1.015480865920354,0.37549282987583743,-0.0405141709042154,1.015480865920354,0.0,1
7.235999999999425,TOUCH/HOLD,0.37549282987583743,-0.0405141709042154,1.015480865920354,0.37549282987583743,-0.0405141709042154,1.015480865920354,0.0,1
7.237999999999425,TOUCH/HOLD,0.37549282987583743,-0.0405141709042154,1.015480865920354,0.37549282987583743,-0.0405141709042154,1.015480865920354,0.0,1
7.239999999999425,TOUCH/HOLD,0.37549282987583743,-0.0405141709042154,1.015480865920354,0.37549282987583743,-0.0405141709042154,1.015480865920354,0.0,1
7.2419999999994245,TOUCH/HOLD,0.37549282987583743,-0.0405141709042154,1.015480865920354,0.37549282987583743,-0.0405141709042154,1.015480865920354,0.0,1
7.243999999999424,TOUCH/HOLD,0.37549282987583743,-0.0405141709042154,1.015480865920354,0.37549282987583743,-0.0405141709042154,1.015480865920354,0.0,1
7.245999999999424,TOUCH/HOLD,0.37549282987583743,-0.0405141709042154,1.015480865920354,0.37549282987583743,-0.0405141709042154,1.015480865920354,0.0,1
7.247999999999424,TOUCH/HOLD,0.37549282987583743,-0.0405141709042154,1.015480865920354,0.37549282987583743,-0.0405141709042154,1.015480865920354,0.0,1
7.249999999999424,TOUCH/HOLD,0.37549282987583743,-0.0405141709042154,1.015480865920354,0.37549282987583743,-0.0405141709042154,1.015480865920354,0.0,1
7.251999999999423,TOUCH/HOLD,0.37549282987583743,-0.0405141709042154,1.015480865920354,0.37549282987583743,-0.0405141709042154,1.015480865920354,0.0,1
7.253999999999423,TOUCH/HOLD,0.37549282987583743,-0.0405141709042154,1.015480865920354,0.37549282987583743,-0.0405141709042154,1.015480865920354,0.0,1
7.255999999999423,TOUCH/HOLD,0.37549282987583743,-0.0405141709042154,1.015480865920354,0.37549282987583743,-0.0405141709042154,1.015480865920354,0.0,1
7.257999999999423,TOUCH/HOLD,0.37549282987583743,-0.0405141709042154,1.015480865920354,0.37549282987583743,-0.0405141709042154,1.015480865920354,0.0,1
7.2599999999994225,TOUCH/HOLD,0.37549282987583743,-0.0405141709042154,1.015480865920354,0.37549282987583743,-0.0405141709042154,1.015480865920354,0.0,1
7.261999999999422,TOUCH/HOLD,0.37549282987583743,-0.0405141709042154,1.015480865920354,0.37549282987583743,-0.0405141709042154,1.015480865920354,0.0,1
7.263999999999422,TOUCH/HOLD,0.37549282987583743,-0.0405141709042154,1.015480865920354,0.37549282987583743,-0.0405141709042154,1.015480865920354,0.0,1
7.265999999999422,TOUCH/HOLD,0.37549282987583743,-0.0405141709042154,1.015480865920354,0.37549282987583743,-0.0405141709042154,1.015480865920354,0.0,1
7.267999999999422,TOUCH/HOLD,0.37549282987583743,-0.0405141709042154,1.015480865920354,0.37549282987583743,-0.0405141709042154,1.015480865920354,0.0,1
7.269999999999421,TOUCH/HOLD,0.37549282987583743,-0.0405141709042154,1.015480865920354,0.37549282987583743,-0.0405141709042154,1.015480865920354,0.0,1
7.271999999999421,TOUCH/HOLD,0.37549282987583743,-0.0405141709042154,1.015480865920354,0.37549282987583743,-0.0405141709042154,1.015480865920354,0.0,1
7.273999999999421,TOUCH/HOLD,0.37549282987583743,-0.0405141709042154,1.015480865920354,0.37549282987583743,-0.0405141709042154,1.015480865920354,0.0,1
7.275999999999421,TOUCH/HOLD,0.37549282987583743,-0.0405141709042154,1.015480865920354,0.37549282987583743,-0.0405141709042154,1.015480865920354,0.0,1
7.2779999999994205,TOUCH/HOLD,0.37549282987583743,-0.0405141709042154,1.015480865920354,0.37549282987583743,-0.0405141709042154,1.015480865920354,0.0,1
7.27999999999942,TOUCH/HOLD,0.37549282987583743,-0.0405141709042154,1.015480865920354,0.37549282987583743,-0.0405141709042154,1.015480865920354,0.0,1
7.28199999999942,TOUCH/HOLD,0.37549282987583743,-0.0405141709042154,1.015480865920354,0.37549282987583743,-0.0405141709042154,1.015480865920354,0.0,1
7.28399999999942,TOUCH/HOLD,0.37549282987583743,-0.0405141709042154,1.015480865920354,0.37549282987583743,-0.0405141709042154,1.015480865920354,0.0,1
7.28599999999942,TOUCH/HOLD,0.37549282987583743,-0.0405141709042154,1.015480865920354,0.37549282987583743,-0.0405141709042154,1.015480865920354,0.0,1
7.287999999999419,TOUCH/HOLD,0.37549282987583743,-0.0405141709042154,1.015480865920354,0.37549282987583743,-0.0405141709042154,1.015480865920354,0.0,1
7.289999999999419,TOUCH/HOLD,0.37549282987583743,-0.0405141709042154,1.015480865920354,0.37549282987583743,-0.0405141709042154,1.015480865920354,0.0,1
7.291999999999419,TOUCH/HOLD,0.37549282987583743,-0.0405141709042154,1.015480865920354,0.37549282987583743,-0.0405141709042154,1.015480865920354,0.0,1
7.293999999999419,TOUCH/HOLD,0.37549282987583743,-0.0405141709042154,1.015480865920354,0.37549282987583743,-0.0405141709042154,1.015480865920354,0.0,1
7.2959999999994185,TOUCH/HOLD,0.37549282987583743,-0.0405141709042154,1.015480865920354,0.37549282987583743,-0.0405141709042154,1.015480865920354,0.0,1
7.297999999999418,TOUCH/HOLD,0.37549282987583743,-0.0405141709042154,1.015480865920354,0.37549282987583743,-0.0405141709042154,1.015480865920354,0.0,1
7.299999999999418,TOUCH/HOLD,0.37549282987583743,-0.0405141709042154,1.015480865920354,0.37549282987583743,-0.0405141709042154,1.015480865920354,0.0,1
7.301999999999418,TOUCH/HOLD,0.37549282987583743,-0.0405141709042154,1.015480865920354,0.37549282987583743,-0.0405141709042154,1.015480865920354,0.0,1
7.303999999999418,TOUCH/HOLD,0.37549282987583743,-0.0405141709042154,1.015480865920354,0.37549282987583743,-0.0405141709042154,1.015480865920354,0.0,1
7.305999999999417,TOUCH/HOLD,0.37549282987583743,-0.0405141709042154,1.015480865920354,0.37549282987583743,-0.0405141709042154,1.015480865920354,0.0,1
7.307999999999417,TOUCH/HOLD,0.37549282987583743,-0.0405141709042154,1.015480865920354,0.37549282987583743,-0.0405141709042154,1.015480865920354,0.0,1
7.309999999999417,TOUCH/HOLD,0.37549282987583743,-0.0405141709042154,1.015480865920354,0.37549282987583743,-0.0405141709042154,1.015480865920354,0.0,1
7.311999999999417,TOUCH/HOLD,0.37549282987583743,-0.0405141709042154,1.015480865920354,0.37549282987583743,-0.0405141709042154,1.015480865920354,0.0,1
7.3139999999994165,TOUCH/HOLD,0.37549282987583743,-0.0405141709042154,1.015480865920354,0.37549282987583743,-0.0405141709042154,1.015480865920354,0.0,1
7.315999999999416,TOUCH/HOLD,0.37549282987583743,-0.0405141709042154,1.015480865920354,0.37549282987583743,-0.0405141709042154,1.015480865920354,0.0,1
7.317999999999416,TOUCH/HOLD,0.37549282987583743,-0.0405141709042154,1.015480865920354,0.37549282987583743,-0.0405141709042154,1.015480865920354,0.0,1
7.319999999999416,TOUCH/HOLD,0.37549282987583743,-0.0405141709042154,1.015480865920354,0.37549282987583743,-0.0405141709042154,1.015480865920354,0.0,1
7.321999999999416,TOUCH/HOLD,0.37549282987583743,-0.0405141709042154,1.015480865920354,0.37549282987583743,-0.0405141709042154,1.015480865920354,0.0,1
7.323999999999415,TOUCH/HOLD,0.37549282987583743,-0.0405141709042154,1.015480865920354,0.37549282987583743,-0.0405141709042154,1.015480865920354,0.0,1
7.325999999999415,TOUCH/HOLD,0.37549282987583743,-0.0405141709042154,1.015480865920354,0.37549282987583743,-0.0405141709042154,1.015480865920354,0.0,1
7.327999999999415,TOUCH/HOLD,0.37549282987583743,-0.0405141709042154,1.015480865920354,0.37549282987583743,-0.0405141709042154,1.015480865920354,0.0,1
7.329999999999415,TOUCH/HOLD,0.37549282987583743,-0.0405141709042154,1.015480865920354,0.37549282987583743,-0.0405141709042154,1.015480865920354,0.0,1
7.3319999999994145,TOUCH/HOLD,0.37549282987583743,-0.0405141709042154,1.015480865920354,0.37549282987583743,-0.0405141709042154,1.015480865920354,0.0,1
7.333999999999414,TOUCH/HOLD,0.37549282987583743,-0.0405141709042154,1.015480865920354,0.37549282987583743,-0.0405141709042154,1.015480865920354,0.0,1
7.335999999999414,TOUCH/HOLD,0.37549282987583743,-0.0405141709042154,1.015480865920354,0.37549282987583743,-0.0405141709042154,1.015480865920354,0.0,1
7.337999999999414,TOUCH/HOLD,0.37549282987583743,-0.0405141709042154,1.015480865920354,0.37549282987583743,-0.0405141709042154,1.015480865920354,0.0,1
7.339999999999414,TOUCH/HOLD,0.37549282987583743,-0.0405141709042154,1.015480865920354,0.37549282987583743,-0.0405141709042154,1.015480865920354,0.0,1
7.341999999999413,TOUCH/HOLD,0.37549282987583743,-0.0405141709042154,1.015480865920354,0.37549282987583743,-0.0405141709042154,1.015480865920354,0.0,1
7.343999999999413,TOUCH/HOLD,0.37549282987583743,-0.0405141709042154,1.015480865920354,0.37549282987583743,-0.0405141709042154,1.015480865920354,0.0,1
7.345999999999413,TOUCH/HOLD,0.37549282987583743,-0.0405141709042154,1.015480865920354,0.37549282987583743,-0.0405141709042154,1.015480865920354,0.0,1
7.347999999999413,TOUCH/HOLD,0.37549282987583743,-0.0405141709042154,1.015480865920354,0.37549282987583743,-0.0405141709042154,1.015480865920354,0.0,1
7.349999999999413,TOUCH/HOLD,0.37549282987583743,-0.0405141709042154,1.015480865920354,0.37549282987583743,-0.0405141709042154,1.015480865920354,0.0,1
7.351999999999412,TOUCH/HOLD,0.37549282987583743,-0.0405141709042154,1.015480865920354,0.37549282987583743,-0.0405141709042154,1.015480865920354,0.0,1
7.353999999999412,TOUCH/HOLD,0.37549282987583743,-0.0405141709042154,1.015480865920354,0.37549282987583743,-0.0405141709042154,1.015480865920354,0.0,1
7.355999999999412,TOUCH/HOLD,0.37549282987583743,-0.0405141709042154,1.015480865920354,0.37549282987583743,-0.0405141709042154,1.015480865920354,0.0,1
7.357999999999412,TOUCH/HOLD,0.37549282987583743,-0.0405141709042154,1.015480865920354,0.37549282987583743,-0.0405141709042154,1.015480865920354,0.0,1
7.3599999999994115,TOUCH/HOLD,0.37549282987583743,-0.0405141709042154,1.015480865920354,0.37549282987583743,-0.0405141709042154,1.015480865920354,0.0,1
7.361999999999411,TOUCH/HOLD,0.37549282987583743,-0.0405141709042154,1.015480865920354,0.37549282987583743,-0.0405141709042154,1.015480865920354,0.0,1
7.363999999999411,TOUCH/HOLD,0.37549282987583743,-0.0405141709042154,1.015480865920354,0.37549282987583743,-0.0405141709042154,1.015480865920354,0.0,1
7.365999999999411,TOUCH/HOLD,0.37549282987583743,-0.0405141709042154,1.015480865920354,0.37549282987583743,-0.0405141709042154,1.015480865920354,0.0,1
7.367999999999411,TOUCH/HOLD,0.37549282987583743,-0.0405141709042154,1.015480865920354,0.37549282987583743,-0.0405141709042154,1.015480865920354,0.0,1
7.36999999999941,TOUCH/HOLD,0.37549282987583743,-0.0405141709042154,1.015480865920354,0.37549282987583743,-0.0405141709042154,1.015480865920354,0.0,1
7.37199999999941,TOUCH/HOLD,0.37549282987583743,-0.0405141709042154,1.015480865920354,0.37549282987583743,-0.0405141709042154,1.015480865920354,0.0,1
7.37399999999941,TOUCH/HOLD,0.37549282987583743,-0.0405141709042154,1.015480865920354,0.37549282987583743,-0.0405141709042154,1.015480865920354,0.0,1
7.37599999999941,TOUCH/HOLD,0.37549282987583743,-0.0405141709042154,1.015480865920354,0.37549282987583743,-0.0405141709042154,1.015480865920354,0.0,1
7.3779999999994095,TOUCH/HOLD,0.37549282987583743,-0.0405141709042154,1.015480865920354,0.37549282987583743,-0.0405141709042154,1.015480865920354,0.0,1
7.379999999999409,TOUCH/HOLD,0.37549282987583743,-0.0405141709042154,1.015480865920354,0.37549282987583743,-0.0405141709042154,1.015480865920354,0.0,1
7.381999999999409,TOUCH/HOLD,0.37549282987583743,-0.0405141709042154,1.015480865920354,0.37549282987583743,-0.0405141709042154,1.015480865920354,0.0,1
7.383999999999409,TOUCH/HOLD,0.37549282987583743,-0.0405141709042154,1.015480865920354,0.37549282987583743,-0.0405141709042154,1.015480865920354,0.0,1
7.385999999999409,TOUCH/HOLD,0.37549282987583743,-0.0405141709042154,1.015480865920354,0.37549282987583743,-0.0405141709042154,1.015480865920354,0.0,1
7.387999999999408,TOUCH/HOLD,0.37549282987583743,-0.0405141709042154,1.015480865920354,0.37549282987583743,-0.0405141709042154,1.015480865920354,0.0,1
7.389999999999408,TOUCH/HOLD,0.37549282987583743,-0.0405141709042154,1.015480865920354,0.37549282987583743,-0.0405141709042154,1.015480865920354,0.0,1
7.391999999999408,TOUCH/HOLD,0.37549282987583743,-0.0405141709042154,1.015480865920354,0.37549282987583743,-0.0405141709042154,1.015480865920354,0.0,1
7.393999999999408,TOUCH/HOLD,0.37549282987583743,-0.0405141709042154,1.015480865920354,0.37549282987583743,-0.0405141709042154,1.015480865920354,0.0,1
7.3959999999994075,TOUCH/HOLD,0.37549282987583743,-0.0405141709042154,1.015480865920354,0.37549282987583743,-0.0405141709042154,1.015480865920354,0.0,1
7.397999999999407,TOUCH/HOLD,0.37549282987583743,-0.0405141709042154,1.015480865920354,0.37549282987583743,-0.0405141709042154,1.015480865920354,0.0,1
7.399999999999407,TOUCH/HOLD,0.37549282987583743,-0.0405141709042154,1.015480865920354,0.37549282987583743,-0.0405141709042154,1.015480865920354,0.0,1
7.401999999999407,TOUCH/HOLD,0.37549282987583743,-0.0405141709042154,1.015480865920354,0.37549282987583743,-0.0405141709042154,1.015480865920354,0.0,1
7.403999999999407,TOUCH/HOLD,0.37549282987583743,-0.0405141709042154,1.015480865920354,0.37549282987583743,-0.0405141709042154,1.015480865920354,0.0,1
7.405999999999406,TOUCH/HOLD,0.37549282987583743,-0.0405141709042154,1.015480865920354,0.37549282987583743,-0.0405141709042154,1.015480865920354,0.0,1
7.407999999999406,TOUCH/HOLD,0.37549282987583743,-0.0405141709042154,1.015480865920354,0.37549282987583743,-0.0405141709042154,1.015480865920354,0.0,1
7.409999999999406,TOUCH/HOLD,0.37549282987583743,-0.0405141709042154,1.015480865920354,0.37549282987583743,-0.0405141709042154,1.015480865920354,0.0,1
7.411999999999406,TOUCH/HOLD,0.37549282987583743,-0.0405141709042154,1.015480865920354,0.37549282987583743,-0.0405141709042154,1.015480865920354,0.0,1
7.4139999999994055,TOUCH/HOLD,0.37549282987583743,-0.0405141709042154,1.015480865920354,0.37549282987583743,-0.0405141709042154,1.015480865920354,0.0,1
7.415999999999405,TOUCH/HOLD,0.37549282987583743,-0.0405141709042154,1.015480865920354,0.37549282987583743,-0.0405141709042154,1.015480865920354,0.0,1
7.417999999999405,TOUCH/HOLD,0.37549282987583743,-0.0405141709042154,1.015480865920354,0.37549282987583743,-0.0405141709042154,1.015480865920354,0.0,1
7.419999999999405,TOUCH/HOLD,0.37549282987583743,-0.0405141709042154,1.015480865920354,0.37549282987583743,-0.0405141709042154,1.015480865920354,0.0,1
7.421999999999405,TOUCH/HOLD,0.37549282987583743,-0.0405141709042154,1.015480865920354,0.37549282987583743,-0.0405141709042154,1.015480865920354,0.0,1
7.423999999999404,TOUCH/HOLD,0.37549282987583743,-0.0405141709042154,1.015480865920354,0.37549282987583743,-0.0405141709042154,1.015480865920354,0.0,1
7.425999999999404,TOUCH/HOLD,0.37549282987583743,-0.0405141709042154,1.015480865920354,0.37549282987583743,-0.0405141709042154,1.015480865920354,0.0,1
7.427999999999404,TOUCH/HOLD,0.37549282987583743,-0.0405141709042154,1.015480865920354,0.37549282987583743,-0.0405141709042154,1.015480865920354,0.0,1
7.429999999999404,TOUCH/HOLD,0.37549282987583743,-0.0405141709042154,1.015480865920354,0.37549282987583743,-0.0405141709042154,1.015480865920354,0.0,1
7.4319999999994035,TOUCH/HOLD,0.37549282987583743,-0.0405141709042154,1.015480865920354,0.37549282987583743,-0.0405141709042154,1.015480865920354,0.0,1
7.433999999999403,TOUCH/HOLD,0.37549282987583743,-0.0405141709042154,1.015480865920354,0.37549282987583743,-0.0405141709042154,1.015480865920354,0.0,1
7.435999999999403,TOUCH/HOLD,0.37549282987583743,-0.0405141709042154,1.015480865920354,0.37549282987583743,-0.0405141709042154,1.015480865920354,0.0,1
7.437999999999403,TOUCH/HOLD,0.37549282987583743,-0.0405141709042154,1.015480865920354,0.37549282987583743,-0.0405141709042154,1.015480865920354,0.0,1
7.439999999999403,TOUCH/HOLD,0.37549282987583743,-0.0405141709042154,1.015480865920354,0.37549282987583743,-0.0405141709042154,1.015480865920354,0.0,1
7.441999999999402,TOUCH/HOLD,0.37549282987583743,-0.0405141709042154,1.015480865920354,0.37549282987583743,-0.0405141709042154,1.015480865920354,0.0,1
7.443999999999402,TOUCH/HOLD,0.37549282987583743,-0.0405141709042154,1.015480865920354,0.37549282987583743,-0.0405141709042154,1.015480865920354,0.0,1
7.445999999999402,TOUCH/HOLD,0.37549282987583743,-0.0405141709042154,1.015480865920354,0.37549282987583743,-0.0405141709042154,1.015480865920354,0.0,1
7.447999999999402,TOUCH/HOLD,0.37549282987583743,-0.0405141709042154,1.015480865920354,0.37549282987583743,-0.0405141709042154,1.015480865920354,0.0,1
7.4499999999994015,TOUCH/HOLD,0.37549282987583743,-0.0405141709042154,1.015480865920354,0.37549282987583743,-0.0405141709042154,1.015480865920354,0.0,1
7.451999999999401,TOUCH/HOLD,0.37549282987583743,-0.0405141709042154,1.015480865920354,0.37549282987583743,-0.0405141709042154,1.015480865920354,0.0,1
7.453999999999401,TOUCH/HOLD,0.37549282987583743,-0.0405141709042154,1.015480865920354,0.37549282987583743,-0.0405141709042154,1.015480865920354,0.0,1
7.455999999999401,TOUCH/HOLD,0.37549282987583743,-0.0405141709042154,1.015480865920354,0.37549282987583743,-0.0405141709042154,1.015480865920354,0.0,1
7.457999999999401,TOUCH/HOLD,0.37549282987583743,-0.0405141709042154,1.015480865920354,0.37549282987583743,-0.0405141709042154,1.015480865920354,0.0,1
7.4599999999994,TOUCH/HOLD,0.37549282987583743,-0.0405141709042154,1.015480865920354,0.37549282987583743,-0.0405141709042154,1.015480865920354,0.0,1
7.4619999999994,TOUCH/HOLD,0.37549282987583743,-0.0405141709042154,1.015480865920354,0.37549282987583743,-0.0405141709042154,1.015480865920354,0.0,1
7.4639999999994,TOUCH/HOLD,0.37549282987583743,-0.0405141709042154,1.015480865920354,0.37549282987583743,-0.0405141709042154,1.015480865920354,0.0,1
7.4659999999994,TOUCH/HOLD,0.37549282987583743,-0.0405141709042154,1.015480865920354,0.37549282987583743,-0.0405141709042154,1.015480865920354,0.0,1
7.4679999999994,TOUCH/HOLD,0.37549282987583743,-0.0405141709042154,1.015480865920354,0.37549282987583743,-0.0405141709042154,1.015480865920354,0.0,1
7.469999999999399,TOUCH/HOLD,0.37549282987583743,-0.0405141709042154,1.015480865920354,0.37549282987583743,-0.0405141709042154,1.015480865920354,0.0,1
7.471999999999399,TOUCH/HOLD,0.37549282987583743,-0.0405141709042154,1.015480865920354,0.37549282987583743,-0.0405141709042154,1.015480865920354,0.0,1
7.473999999999399,TOUCH/HOLD,0.37549282987583743,-0.0405141709042154,1.015480865920354,0.37549282987583743,-0.0405141709042154,1.015480865920354,0.0,1
7.475999999999399,TOUCH/HOLD,0.37549282987583743,-0.0405141709042154,1.015480865920354,0.37549282987583743,-0.0405141709042154,1.015480865920354,0.0,1
7.4779999999993985,TOUCH/HOLD,0.37549282987583743,-0.0405141709042154,1.015480865920354,0.37549282987583743,-0.0405141709042154,1.015480865920354,0.0,1
7.479999999999398,TOUCH/HOLD,0.37549282987583743,-0.0405141709042154,1.015480865920354,0.37549282987583743,-0.0405141709042154,1.015480865920354,0.0,1
7.481999999999398,TOUCH/HOLD,0.37549282987583743,-0.0405141709042154,1.015480865920354,0.37549282987583743,-0.0405141709042154,1.015480865920354,0.0,1
7.483999999999398,TOUCH/HOLD,0.37549282987583743,-0.0405141709042154,1.015480865920354,0.37549282987583743,-0.0405141709042154,1.015480865920354,0.0,1
7.485999999999398,TOUCH/HOLD,0.37549282987583743,-0.0405141709042154,1.015480865920354,0.37549282987583743,-0.0405141709042154,1.015480865920354,0.0,1
7.487999999999397,TOUCH/HOLD,0.37549282987583743,-0.0405141709042154,1.015480865920354,0.37549282987583743,-0.0405141709042154,1.015480865920354,0.0,1
7.489999999999397,TOUCH/HOLD,0.37549282987583743,-0.0405141709042154,1.015480865920354,0.37549282987583743,-0.0405141709042154,1.015480865920354,0.0,1
7.491999999999397,TOUCH/HOLD,0.37549282987583743,-0.0405141709042154,1.015480865920354,0.37549282987583743,-0.0405141709042154,1.015480865920354,0.0,1
7.493999999999397,TOUCH/HOLD,0.37549282987583743,-0.0405141709042154,1.015480865920354,0.37549282987583743,-0.0405141709042154,1.015480865920354,0.0,1
7.4959999999993965,TOUCH/HOLD,0.37549282987583743,-0.0405141709042154,1.015480865920354,0.37549282987583743,-0.0405141709042154,1.015480865920354,0.0,1
7.497999999999396,TOUCH/HOLD,0.37549282987583743,-0.0405141709042154,1.015480865920354,0.37549282987583743,-0.0405141709042154,1.015480865920354,0.0,1
7.499999999999396,TOUCH/HOLD,0.37549282987583743,-0.0405141709042154,1.015480865920354,0.37549282987583743,-0.0405141709042154,1.015480865920354,0.0,1
7.501999999999396,TOUCH/HOLD,0.37549282987583743,-0.0405141709042154,1.015480865920354,0.37549282987583743,-0.0405141709042154,1.015480865920354,0.0,1
7.503999999999396,TOUCH/HOLD,0.37549282987583743,-0.0405141709042154,1.015480865920354,0.37549282987583743,-0.0405141709042154,1.015480865920354,0.0,1
7.505999999999395,TOUCH/HOLD,0.37549282987583743,-0.0405141709042154,1.015480865920354,0.37549282987583743,-0.0405141709042154,1.015480865920354,0.0,1
7.507999999999395,RETURN,0.37549282987583743,-0.0405141709042154,1.015480865920354,0.37549282987583743,-0.0405141709042154,1.015480865920354,0.0,1
7.509999999999395,RETURN,0.3754926641563589,-0.04051423006028343,1.0154805559989715,0.37549282987583743,-0.0405141709042154,1.015480865920354,3.563897435602821e-07,1
7.511999999999395,RETURN,0.37549216728991347,-0.040514407423159024,1.0154796267885775,0.37549282987583743,-0.0405141709042154,1.015480865920354,1.4249241653178106e-06,1
7.5139999999993945,RETURN,0.37549133971036963,-0.040514702834676744,1.0154780791235976,0.37549282987583743,-0.0405141709042154,1.015480865920354,3.2046496374805812e-06,1
7.515999999999394,RETURN,0.37549018184612776,-0.04051511613644217,1.0154759138434981,0.37549282987583743,-0.0405141709042154,1.015480865920354,5.694610653302084e-06,1
7.517999999999394,RETURN,0.37548869412014424,-0.04051564716983219,1.0154731317927654,0.37549282987583743,-0.0405141709042154,1.015480865920354,8.893849834668938e-06,1
7.519999999999394,RETURN,0.37548687694995697,-0.040516295775996705,1.0154697338208794,0.37549282987583743,-0.0405141709042154,1.015480865920354,1.2801407943632693e-05,1
7.521999999999394,RETURN,0.37548473074770927,-0.04051706179585859,1.0154657207822961,0.37549282987583743,-0.0405141709042154,1.015480865920354,1.7416323886561428e-05,1
7.523999999999393,RETURN,0.37548225592017576,-0.040517945070115226,1.0154610935364254,0.37549282987583743,-0.0405141709042154,1.015480865920354,2.2737634722939544e-05,1
7.525999999999393,RETURN,0.37547945286878687,-0.04051894543923913,1.015455852947606,0.37549282987583743,-0.0405141709042154,1.015480865920354,2.876437567569123e-05,1
7.527999999999393,RETURN,0.3754763219896543,-0.04052006274347854,1.015449999885087,0.37549282987583743,-0.0405141709042154,1.015480865920354,3.5495580136732956e-05,1
7.529999999999393,RETURN,0.3754728636735957,-0.04052129682285846,1.0154435352230051,0.37549282987583743,-0.0405141709042154,1.015480865920354,4.293027967553449e-05,1
7.5319999999993925,RETURN,0.37546907830616094,-0.04052264751718125,1.0154364598403642,0.37549282987583743,-0.0405141709042154,1.015480865920354,5.1067504046404445e-05,1
7.533999999999392,RETURN,0.37546496626765546,-0.040524114666026775,1.0154287746210133,0.37549282987583743,-0.0405141709042154,1.015480865920354,5.990628119722862e-05,1
7.535999999999392,RETURN,0.3754605279331684,-0.04052569810875427,1.0154204804536258,0.37549282987583743,-0.0405141709042154,1.015480865920354,6.94456372759526e-05,1
7.537999999999392,RETURN,0.3754557636725954,-0.040527397684501434,1.0154115782316782,0.37549282987583743,-0.0405141709042154,1.015480865920354,7.968459663923073e-05,1
7.539999999999392,RETURN,0.3754506738506666,-0.040529213232186626,1.0154020688534309,0.37549282987583743,-0.0405141709042154,1.015480865920354,9.062218185791518e-05,1
7.541999999999391,RETURN,0.3754452588269698,-0.040531144590507724,1.0153919532219042,0.37549282987583743,-0.0405141709042154,1.015480865920354,0.0001022574137280192,1
7.543999999999391,RETURN,0.37543951895597855,-0.04053319159794435,1.0153812322448623,0.37549282987583743,-0.0405141709042154,1.015480865920354,0.00011458931127342339,1
7.545999999999391,RETURN,0.37543345458707555,-0.040535354092756756,1.015369906834789,0.37549282987583743,-0.0405141709042154,1.015480865920354,0.0001276168917571671,1
7.547999999999391,RETURN,0.37542706606458065,-0.040537631912987565,1.0153579779088693,0.37549282987583743,-0.0405141709042154,1.015480865920354,0.0001413391706863316,1
7.5499999999993905,RETURN,0.375420353727775,-0.04054002489646154,1.0153454463889675,0.37549282987583743,-0.0405141709042154,1.015480865920354,0.00015575516182128783,1
7.55199999999939,RETURN,0.3754133179109281,-0.04054253288078596,1.0153323132016112,0.37549282987583743,-0.0405141709042154,1.015480865920354,0.00017086387717892758,1
7.55399999999939,RETURN,0.37540595894332274,-0.04054515570335145,1.0153185792779666,0.37549282987583743,-0.0405141709042154,1.015480865920354,0.00018666432704414192,1
7.55599999999939,RETURN,0.375398277149283,-0.0405478932013318,1.0153042455538208,0.37549282987583743,-0.0405141709042154,1.015480865920354,0.00020315551997426276,1
7.55799999999939,RETURN,0.37539027284819754,-0.04055074521168464,1.0152893129695628,0.37549282987583743,-0.0405141709042154,1.015480865920354,0.0002203364628063254,1
7.559999999999389,RETURN,0.3753819463545484,-0.04055371157115142,1.0152737824701628,0.37549282987583743,-0.0405141709042154,1.015480865920354,0.00023820616066407138,1
7.561999999999389,RETURN,0.3753732979779357,-0.04055679211625823,1.0152576550051522,0.37549282987583743,-0.0405141709042154,1.015480865920354,0.00025676361696553337,1
7.563999999999389,RETURN,0.3753643280231048,-0.040559986683315466,1.0152409315286068,0.37549282987583743,-0.0405141709042154,1.015480865920354,0.0002760078334275175,1
7.565999999999389,RETURN,0.3753550367899713,-0.040563295108417885,1.0152236129991252,0.37549282987583743,-0.0405141709042154,1.015480865920354,0.00029593781007467425,1
7.5679999999993885,RETURN,0.3753454245736497,-0.04056671722744559,1.01520570037981,0.37549282987583743,-0.0405141709042154,1.015480865920354,0.0003165525452447253,1
7.569999999999388,RETURN,0.37533549166447805,-0.04057025287606379,1.0151871946382496,0.37549282987583743,-0.0405141709042154,1.015480865920354,0.00033785103559563426,1
7.571999999999388,RETURN,0.37532523834804443,-0.04057390188972225,1.0151680967464982,0.37549282987583743,-0.0405141709042154,1.015480865920354,0.000359832276112158,1
7.573999999999388,RETURN,0.3753146649052146,-0.04057766410365644,1.0151484076810589,0.37549282987583743,-0.0405141709042154,1.015480865920354,0.0003824952601112133,1
7.575999999999388,RETURN,0.37530377161215794,-0.04058153935288706,1.0151281284228633,0.37549282987583743,-0.0405141709042154,1.015480865920354,0.00040583897924912824,1
7.5779999999993874,RETURN,0.37529255874037476,-0.04058552747222029,1.0151072599572535,0.37549282987583743,-0.0405141709042154,1.015480865920354,0.0004298624235278396,1
7.579999999999387,RETURN,0.37528102655672213,-0.040589628296247404,1.0150858032739634,0.37549282987583743,-0.0405141709042154,1.015480865920354,0.0004545645813014085,1
7.581999999999387,RETURN,0.37526917532344106,-0.04059384165934536,1.015063759367101,0.37549282987583743,-0.0405141709042154,1.015480865920354,0.00047994443928146054,1
7.583999999999387,RETURN,0.3752570052981835,-0.04059816739567633,1.0150411292351293,0.37549282987583743,-0.0405141709042154,1.015480865920354,0.0005060009825442873,1
7.585999999999387,RETURN,0.3752445167340389,-0.040602605339187706,1.0150179138808495,0.37549282987583743,-0.0405141709042154,1.015480865920354,0.0005327331945356165,1
7.587999999999386,RETURN,0.3752317098795617,-0.040607155323612254,1.0149941143113803,0.37549282987583743,-0.0405141709042154,1.015480865920354,0.0005601400570786668,1
7.589999999999386,RETURN,0.3752185849787975,-0.040611817182467896,1.0149697315381434,0.37549282987583743,-0.0405141709042154,1.015480865920354,0.0005882205503778613,1
7.591999999999386,RETURN,0.3752051422713107,-0.040616590749057324,1.0149447665768434,0.37549282987583743,-0.0405141709042154,1.015480865920354,0.0006169736530260416,1
7.593999999999386,RETURN,0.37519138199221125,-0.040621475856468435,1.0149192204474504,0.37549282987583743,-0.0405141709042154,1.015480865920354,0.000646398342010439,1
7.5959999999993855,RETURN,0.3751773043721819,-0.04062647233757347,1.0148930941741834,0.37549282987583743,-0.0405141709042154,1.015480865920354,0.0006764935927175116,1
7.597999999999385,RETURN,0.37516290963750504,-0.04063158002502919,1.0148663887854905,0.37549282987583743,-0.0405141709042154,1.015480865920354,0.0007072583789405677,1
7.599999999999385,RETURN,0.37514819801009053,-0.040636798751276945,1.0148391053140338,0.37549282987583743,-0.0405141709042154,1.015480865920354,0.000738691672883682,1
7.601999999999385,RETURN,0.37513316970750205,-0.04064212834854157,1.0148112447966715,0.37549282987583743,-0.0405141709042154,1.015480865920354,0.0007707924451675434,1
7.603999999999385,RETURN,0.37511782494298523,-0.04064756864883215,1.0147828082744408,0.37549282987583743,-0.0405141709042154,1.015480865920354,0.0008035596648353205,1
7.605999999999384,RETURN,0.37510216392549434,-0.04065311948394082,1.0147537967925375,0.37549282987583743,-0.0405141709042154,1.015480865920354,0.0008369922993606551,1
7.607999999999384,RETURN,0.37508618685972017,-0.04065878068544337,1.0147242114003054,0.37549282987583743,-0.0405141709042154,1.015480865920354,0.0008710893146478685,1
7.609999999999384,RETURN,0.3750698939461163,-0.04066455208469781,1.0146940531512123,0.37549282987583743,-0.0405141709042154,1.015480865920354,0.000905849675043733,1
7.611999999999384,RETURN,0.3750532853809283,-0.04067043351284534,1.0146633231028392,0.37549282987583743,-0.0405141709042154,1.015480865920354,0.0009412723433368068,1
7.6139999999993835,RETURN,0.3750363613562201,-0.04067642480080874,1.014632022316859,0.37549282987583743,-0.0405141709042154,1.015480865920354,0.0009773562807675492,1
7.615999999999383,RETURN,0.37501912205990096,-0.04068252577929284,1.0146001518590217,0.37549282987583743,-0.0405141709042154,1.015480865920354,0.0010141004470317725,1
7.617999999999383,RETURN,0.3750015676757541,-0.04068873627878365,1.014567712799138,0.37549282987583743,-0.0405141709042154,1.015480865920354,0.0010515038002858388,1
7.619999999999383,RETURN,0.3749836983834634,-0.040695056129547866,1.0145347062110628,0.37549282987583743,-0.0405141709042154,1.015480865920354,0.00108956529715142,1
7.621999999999383,RETURN,0.3749655143586422,-0.04070148516163305,1.0145011331726772,0.37549282987583743,-0.0405141709042154,1.015480865920354,0.0011282838927225466,1
7.623999999999382,RETURN,0.37494701577285955,-0.04070802320486647,1.0144669947658744,0.37549282987583743,-0.0405141709042154,1.015480865920354,0.0011676585405687098,1
7.625999999999382,RETURN,0.3749282027936681,-0.0407146700888548,1.0144322920765412,0.37549282987583743,-0.0405141709042154,1.015480865920354,0.0012076881927420462,1
7.627999999999382,RETURN,0.3749090755846326,-0.040721425642983936,1.0143970261945443,0.37549282987583743,-0.0405141709042154,1.015480865920354,0.0012483717997797605,1
7.629999999999382,RETURN,0.3748896343053573,-0.04072828969641783,1.0143611982137108,0.37549282987583743,-0.0405141709042154,1.015480865920354,0.0012897083107124053,1
7.6319999999993815,RETURN,0.37486987911151365,-0.040735262078098945,1.0143248092318164,0.37549282987583743,-0.0405141709042154,1.015480865920354,0.0013316966730653253,1
7.633999999999381,RETURN,0.37484981015486724,-0.04074234261674638,1.014287860350566,0.37549282987583743,-0.0405141709042154,1.015480865920354,0.0013743358328665563,1
7.635999999999381,RETURN,0.37482942758330706,-0.04074953114085657,1.0142503526755786,0.37549282987583743,-0.0405141709042154,1.015480865920354,0.0014176247346509038,1
7.637999999999381,RETURN,0.3748087315408721,-0.04075682747870152,1.0142122873163733,0.37549282987583743,-0.0405141709042154,1.015480865920354,0.0014615623214634125,1
7.639999999999381,RETURN,0.37478772216778,-0.04076423145832918,1.014173665386351,0.37549282987583743,-0.0405141709042154,1.015480865920354,0.0015061475348662737,1
7.64199999999938,RETURN,0.3747663996004552,-0.04077174290756236,1.0141344880027803,0.37549282987583743,-0.0405141709042154,1.015480865920354,0.0015513793149421176,1
7.64399999999938,RETURN,0.37474476397155526,-0.04077936165399786,1.0140947562867821,0.37549282987583743,-0.0405141709042154,1.015480865920354,0.0015972566002995488,1
7.64599999999938,RETURN,0.37472281541000063,-0.04078708752500633,1.0140544713633133,0.37549282987583743,-0.0405141709042154,1.015480865920354,0.0016437783280775218,1
7.64799999999938,RETURN,0.3747005540410012,-0.040794920347730905,1.0140136343611519,0.37549282987583743,-0.0405141709042154,1.015480865920354,0.0016909434339499438,1
7.6499999999993795,RETURN,0.374677979986086,-0.040802859949087444,1.0139722464128809,0.37549282987583743,-0.0405141709042154,1.015480865920354,0.0017387508521308184,1
7.651999999999379,RETURN,0.3746550933631296,-0.04081090615576309,1.0139303086548739,0.37549282987583743,-0.0405141709042154,1.015480865920354,0.001787199515378251,1
7.653999999999379,RETURN,0.37463189428637944,-0.04081905879421505,1.0138878222272796,0.37549282987583743,-0.0405141709042154,1.015480865920354,0.00183628835499986,1
7.655999999999379,RETURN,0.3746083828664871,-0.04082731769067158,1.013844788274007,0.37549282987583743,-0.0405141709042154,1.015480865920354,0.0018860163008556433,1
7.657999999999379,RETURN,0.374584559210533,-0.04083568267112912,1.0138012079427092,0.37549282987583743,-0.0405141709042154,1.015480865920354,0.0019363822813644833,1
7.659999999999378,RETURN,0.3745604234220566,-0.0408441535613534,1.0137570823847704,0.37549282987583743,-0.0405141709042154,1.015480865920354,0.001987385223506845,1
7.661999999999378,RETURN,0.37453597560108287,-0.04085273018687707,1.0137124127552883,0.37549282987583743,-0.0405141709042154,1.015480865920354,0.0020390240528309874,1
7.663999999999378,RETURN,0.3745112158441524,-0.04086141237300003,1.013667200213062,0.37549282987583743,-0.0405141709042154,1.015480865920354,0.0020912976934553524,1
7.665999999999378,RETURN,0.37448614424434784,-0.04087019994478795,1.0136214459205746,0.37549282987583743,-0.0405141709042154,1.015480865920354,0.002144205068074981,1
7.6679999999993775,RETURN,0.37446076089132246,-0.04087909272707188,1.0135751510439808,0.37549282987583743,-0.0405141709042154,1.015480865920354,0.0021977450979640428,1
7.669999999999377,RETURN,0.3744350658713287,-0.0408880905444466,1.0135283167530897,0.37549282987583743,-0.0405141709042154,1.015480865920354,0.002251916702982029,1
7.671999999999377,RETURN,0.37440905926724605,-0.0408971932212711,1.013480944221355,0.37549282987583743,-0.0405141709042154,1.015480865920354,0.002306718801574271,1
7.673999999999377,RETURN,0.3743827411586102,-0.040906400581666266,1.0134330346258524,0.37549282987583743,-0.0405141709042154,1.015480865920354,0.002362150310782205,1
7.675999999999377,RETURN,0.3743561116216388,-0.04091571244951485,1.0133845891472737,0.37549282987583743,-0.0405141709042154,1.015480865920354,0.002418210146241629,1
7.677999999999376,RETURN,0.37432917072926286,-0.04092512864846031,1.0133356089699062,0.37549282987583743,-0.0405141709042154,1.015480865920354,0.0024748972221905344,1
7.679999999999376,RETURN,0.37430191855115263,-0.04093464900190605,1.0132860952816212,0.37549282987583743,-0.0405141709042154,1.015480865920354,0.0025322104514719696,1
7.681999999999376,RETURN,0.3742743551537465,-0.04094427333301398,1.0132360492738597,0.37549282987583743,-0.0405141709042154,1.015480865920354,0.0025901487455378043,1
7.683999999999376,RETURN,0.37424648060027993,-0.04095400146470417,1.013185472141617,0.37549282987583743,-0.0405141709042154,1.015480865920354,0.0026487110144535583,1
7.6859999999993756,RETURN,0.3742182949508129,-0.04096383321965372,1.0131343650834286,0.37549282987583743,-0.0405141709042154,1.015480865920354,0.002707896166902363,1
7.687999999999375,RETURN,0.3741897982622588,-0.04097376842029573,1.0130827293013567,0.37549282987583743,-0.0405141709042154,1.015480865920354,0.0027677031101887724,1
7.689999999999375,RETURN,0.37416099058841196,-0.04098380688881799,1.0130305660009762,0.37549282987583743,-0.0405141709042154,1.015480865920354,0.002828130750242409,1
7.691999999999375,RETURN,0.3741318719799767,-0.04099394844716239,1.0129778763913602,0.37549282987583743,-0.0405141709042154,1.015480865920354,0.00288917799162232,1
7.693999999999375,RETURN,0.37410244248459545,-0.04100419291702427,1.0129246616850662,0.37549282987583743,-0.0405141709042154,1.015480865920354,0.0029508437375207097,1
7.6959999999993745,RETURN,0.3740727021468765,-0.04101454011985037,1.0128709230981212,0.37549282987583743,-0.0405141709042154,1.015480865920354,0.0030131268897680853,1
7.697999999999374,RETURN,0.3740426510084232,-0.041024989876838516,1.0128166618500096,0.37549282987583743,-0.0405141709042154,1.015480865920354,0.0030760263488348403,1
7.699999999999374,RETURN,0.3740122891078618,-0.041035542008936624,1.0127618791636583,0.37549282987583743,-0.0405141709042154,1.015480865920354,0.0031395410138366883,1
7.701999999999374,RETURN,0.3739816164808696,-0.04104619633684124,1.012706576265422,0.37549282987583743,-0.0405141709042154,1.015480865920354,0.0032036697825391113,1
7.703999999999374,RETURN,0.3739506331602037,-0.04105695268099693,1.012650754385072,0.37549282987583743,-0.0405141709042154,1.015480865920354,0.0032684115513585232,1
7.705999999999373,RETURN,0.37391933917572945,-0.041067810861594785,1.01259441475578,0.37549282987583743,-0.0405141709042154,1.015480865920354,0.003333765215369023,1
7.707999999999373,RETURN,0.37388773455444796,-0.04107877069857151,1.0125375586141059,0.37549282987583743,-0.0405141709042154,1.015480865920354,0.00339972966830409,1
7.709999999999373,RETURN,0.3738558193205253,-0.0410898320116085,1.0124801871999836,0.37549282987583743,-0.0405141709042154,1.015480865920354,0.0034663038025615246,1
7.711999999999373,RETURN,0.37382359349532074,-0.041100994620130546,1.0124223017567067,0.37549282987583743,-0.0405141709042154,1.015480865920354,0.003533486509207131,1
7.7139999999993725,RETURN,0.3737910570974144,-0.04111225834330466,1.0123639035309162,0.37549282987583743,-0.0405141709042154,1.015480865920354,0.003601276677977953,1
7.715999999999372,RETURN,0.3737582101426363,-0.04112362300003917,1.0123049937725883,0.37549282987583743,-0.0405141709042154,1.015480865920354,0.003669673197284556,1
7.717999999999372,RETURN,0.37372505264409495,-0.04113508840898231,1.0122455737350173,0.37549282987583743,-0.0405141709042154,1.015480865920354,0.00373867495421757,1
7.719999999999372,RETURN,0.3736915846122047,-0.0411466543885215,1.0121856446748045,0.37549282987583743,-0.0405141709042154,1.015480865920354,0.003808280834549894,1
7.721999999999372,RETURN,0.37365780605471516,-0.04115832075678189,1.0121252078518446,0.37549282987583743,-0.0405141709042154,1.015480865920354,0.0038784897227400585,1
7.723999999999371,RETURN,0.3736237169767382,-0.04117008733162493,1.0120642645293128,0.37549282987583743,-0.0405141709042154,1.015480865920354,0.003949300501935759,1
7.725999999999371,RETURN,0.37358931738077805,-0.04118195393064805,1.0120028159736505,0.37549282987583743,-0.0405141709042154,1.015480865920354,0.004020712053977899,1
7.727999999999371,RETURN,0.37355460726675815,-0.04119392037118245,1.0119408634545526,0.37549282987583743,-0.0405141709042154,1.015480865920354,0.004092723259404224,1
7.729999999999371,RETURN,0.37351958663205037,-0.041205986470292985,1.0118784082449548,0.37549282987583743,-0.0405141709042154,1.015480865920354,0.004165332997451875,1
7.7319999999993705,RETURN,0.37348425547150277,-0.041218152044775955,1.0118154516210183,0.37549282987583743,-0.0405141709042154,1.015480865920354,0.004238540146063066,1
7.73399999999937,RETURN,0.37344861377746835,-0.04123041691115867,1.0117519948621216,0.37549282987583743,-0.0405141709042154,1.015480865920354,0.004312343581884053,1
7.73599999999937,RETURN,0.37341266153983327,-0.04124278088569796,1.0116880392508396,0.37549282987583743,-0.0405141709042154,1.015480865920354,0.004386742180275717,1
7.73799999999937,RETURN,0.37337639874604506,-0.04125524378437874,1.0116235860729377,0.37549282987583743,-0.0405141709042154,1.015480865920354,0.004461734815310309,1
7.73999999999937,RETURN,0.3733398253811407,-0.04126780542291332,1.0115586366173552,0.37549282987583743,-0.0405141709042154,1.015480865920354,0.004537320359778424,1
7.741999999999369,RETURN,0.3733029414277756,-0.0412804656167398,1.0114931921761947,0.37549282987583743,-0.0405141709042154,1.015480865920354,0.004613497685190176,1
7.743999999999369,RETURN,0.3732657468662515,-0.041293224181020945,1.0114272540447042,0.37549282987583743,-0.0405141709042154,1.015480865920354,0.004690265661782567,1
7.745999999999369,RETURN,0.37322824167454444,-0.04130608093064286,1.0113608235212705,0.37549282987583743,-0.0405141709042154,1.015480865920354,0.004767623158518019,1
7.747999999999369,RETURN,0.3731904258283336,-0.041319035680213695,1.0112939019074023,0.37549282987583743,-0.0405141709042154,1.015480865920354,0.004845569043090546,1
7.7499999999993685,RETURN,0.3731522993010292,-0.041332088244062946,1.011226490507717,0.37549282987583743,-0.0405141709042154,1.015480865920354,0.004924102181929738,1
7.751999999999368,RETURN,0.37311386206380065,-0.04134523843623927,1.0111585906299305,0.37549282987583743,-0.0405141709042154,1.015480865920354,0.005003221440201994,1
7.753999999999368,RETURN,0.37307511408560595,-0.041358486070510445,1.0110902035848426,0.37549282987583743,-0.0405141709042154,1.015480865920354,0.0050829256818144845,1
7.755999999999368,RETURN,0.37303605533321765,-0.0413718309603605,1.0110213306863245,0.37549282987583743,-0.0405141709042154,1.015480865920354,0.005163213769419417,1
7.757999999999368,RETURN,0.37299668577125356,-0.04138527291899012,1.0109519732513057,0.37549282987583743,-0.0405141709042154,1.015480865920354,0.005244084564416659,1
7.759999999999367,RETURN,0.3729570053622032,-0.041398811759314175,1.0108821325997623,0.37549282987583743,-0.0405141709042154,1.015480865920354,0.005325536926956596,1
7.761999999999367,RETURN,0.37291701406645705,-0.041412447293961,1.0108118100547028,0.37549282987583743,-0.0405141709042154,1.015480865920354,0.00540756971594455,1
7.763999999999367,RETURN,0.37287671184233406,-0.04142617933527101,1.0107410069421563,0.37549282987583743,-0.0405141709042154,1.015480865920354,0.0054901817890430265,1
7.765999999999367,RETURN,0.37283609864611,-0.04144000769529517,1.0106697245911596,0.37549282987583743,-0.0405141709042154,1.015480865920354,0.00557337200267567,1
7.7679999999993665,RETURN,0.3727951744320459,-0.04145393218579435,1.0105979643337437,0.37549282987583743,-0.0405141709042154,1.015480865920354,0.0056571392120306225,1
7.769999999999366,RETURN,0.372753939152416,-0.04146795261823725,1.0105257275049242,0.37549282987583743,-0.0405141709042154,1.015480865920354,0.005741482271061614,1
7.771999999999366,RETURN,0.3727123927575356,-0.041482068803799406,1.0104530154426847,0.37549282987583743,-0.0405141709042154,1.015480865920354,0.005826400032494259,1
7.773999999999366,RETURN,0.37267053519579,-0.04149628055336218,1.010379829487965,0.37549282987583743,-0.0405141709042154,1.015480865920354,0.0059118913478287405,1
7.775999999999366,RETURN,0.37262836641366115,-0.04151058767751095,1.0103061709846517,0.37549282987583743,-0.0405141709042154,1.015480865920354,0.005997955067340116,1
7.777999999999365,RETURN,0.3725858863557573,-0.041524989986534304,1.010232041279563,0.37549282987583743,-0.0405141709042154,1.015480865920354,0.006084590040084218,1
7.779999999999365,RETURN,0.37254309496484034,-0.04153948729042228,1.0101574417224342,0.37549282987583743,-0.0405141709042154,1.015480865920354,0.006171795113901478,1
7.781999999999365,RETURN,0.3724999921818535,-0.04155407939886521,1.0100823736659095,0.37549282987583743,-0.0405141709042154,1.015480865920354,0.006259569135417697,1
7.783999999999365,RETURN,0.37245657794595,-0.04156876612125274,1.0100068384655272,0.37549282987583743,-0.0405141709042154,1.015480865920354,0.006347910950048146,1
7.7859999999993645,RETURN,0.3724128521945203,-0.04158354726667174,1.0099308374797067,0.37549282987583743,-0.0405141709042154,1.015480865920354,0.006436819402001758,1
7.787999999999364,RETURN,0.37236881486322143,-0.041598422643905855,1.0098543720697364,0.37549282987583743,-0.0405141709042154,1.015480865920354,0.006526293334283256,1
7.789999999999364,RETURN,0.3723244658860035,-0.041613392061433635,1.0097774435997624,0.37549282987583743,-0.0405141709042154,1.015480865920354,0.006616331588695914,1
7.791999999999364,RETURN,0.37227980519513804,-0.04162845532742729,1.0097000534367748,0.37549282987583743,-0.0405141709042154,1.015480865920354,0.00670693300584561,1
7.793999999999364,RETURN,0.3722348327212465,-0.04164361224975124,1.009622202950595,0.37549282987583743,-0.0405141709042154,1.015480865920354,0.006798096425143859,1
7.795999999999363,RETURN,0.3721895483933275,-0.04165886263596129,1.0095438935138639,0.37549282987583743,-0.0405141709042154,1.015480865920354,0.006889820684810734,1
7.797999999999363,RETURN,0.3721439521387851,-0.041674206293302846,1.00946512650203,0.37549282987583743,-0.0405141709042154,1.015480865920354,0.0069821046218770805,1
7.799999999999363,RETURN,0.37209804388345635,-0.041689643028709714,1.0093859032933357,0.37549282987583743,-0.0405141709042154,1.015480865920354,0.007074947072189342,1
7.801999999999363,RETURN,0.37205182355163924,-0.04170517264880262,1.0093062252688048,0.37549282987583743,-0.0405141709042154,1.015480865920354,0.007168346870412071,1
7.803999999999363,RETURN,0.37200529106612057,-0.04172079495988803,1.009226093812231,0.37549282987583743,-0.0405141709042154,1.015480865920354,0.00726230285003058,1
7.805999999999362,RETURN,0.3719584463482032,-0.04173650976795682,1.009145510310167,0.37549282987583743,-0.0405141709042154,1.015480865920354,0.007356813843353217,1
7.807999999999362,RETURN,0.3719112893177349,-0.04175231687868293,1.0090644761519074,0.37549282987583743,-0.0405141709042154,1.015480865920354,0.007451878681517141,1
7.809999999999362,RETURN,0.3718638198931354,-0.041768216097422144,1.0089829927294816,0.37549282987583743,-0.0405141709042154,1.015480865920354,0.0075474961944882926,1
7.811999999999362,RETURN,0.3718160379914235,-0.04178420722921012,1.0089010614376361,0.37549282987583743,-0.0405141709042154,1.015480865920354,0.0076436652110681005,1
7.8139999999993615,RETURN,0.37176794352824577,-0.04180029007876211,1.0088186836738284,0.37549282987583743,-0.0405141709042154,1.015480865920354,0.007740384558891908,1
7.815999999999361,RETURN,0.37171953641790345,-0.04181646445047062,1.0087358608382093,0.37549282987583743,-0.0405141709042154,1.015480865920354,0.007837653064436016,1
7.817999999999361,RETURN,0.37167081657338097,-0.04183273014840479,1.0086525943336124,0.37549282987583743,-0.0405141709042154,1.015480865920354,0.007935469553019155,1
7.819999999999361,RETURN,0.37162178390637224,-0.041849086976308465,1.0085688855655415,0.37549282987583743,-0.0405141709042154,1.015480865920354,0.008033832848806337,1
7.821999999999361,RETURN,0.37157243832730896,-0.041865534737599325,1.0084847359421594,0.37549282987583743,-0.0405141709042154,1.015480865920354,0.008132741774810354,1
7.82399999999936,RETURN,0.3715227797453884,-0.04188207323536723,1.0084001468742747,0.37549282987583743,-0.0405141709042154,1.015480865920354,0.008232195152895704,1
7.82599999999936,RETURN,0.3714728080686008,-0.041898702272373446,1.0083151197753277,0.37549282987583743,-0.0405141709042154,1.015480865920354,0.008332191803783149,1
7.82799999999936,RETURN,0.3714225232037556,-0.0419154216510485,1.0082296560613804,0.37549282987583743,-0.0405141709042154,1.015480865920354,0.008432730547051239,1
7.82999999999936,RETURN,0.3713719250565104,-0.041932231173491104,1.008143757151104,0.37549282987583743,-0.0405141709042154,1.015480865920354,0.008533810201138525,1
7.8319999999993595,RETURN,0.3713210135313983,-0.04194913064146723,1.0080574244657654,0.37549282987583743,-0.0405141709042154,1.015480865920354,0.008635429583348368,1
7.833999999999359,RETURN,0.3712697885318542,-0.04196611985640866,1.0079706594292142,0.37549282987583743,-0.0405141709042154,1.015480865920354,0.008737587509852254,1
7.835999999999359,RETURN,0.37121824996024266,-0.041983198619411,1.0078834634678735,0.37549282987583743,-0.0405141709042154,1.015480865920354,0.0088402827956902,1
7.837999999999359,RETURN,0.3711663977178854,-0.04200036673123331,1.0077958380107235,0.37549282987583743,-0.0405141709042154,1.015480865920354,0.008943514254777447,1
7.839999999999359,RETURN,0.3711142317050885,-0.04201762399229582,1.0077077844892914,0.37549282987583743,-0.0405141709042154,1.015480865920354,0.009047280699905052,1
7.841999999999358,RETURN,0.37106175182116935,-0.04203497020267971,1.0076193043376398,0.37549282987583743,-0.0405141709042154,1.015480865920354,0.009151580942743109,1
7.843999999999358,RETURN,0.37100895796448413,-0.04205240516212458,1.0075303989923514,0.37549282987583743,-0.0405141709042154,1.015480865920354,0.009256413793845418,1
7.845999999999358,RETURN,0.3709558500324549,-0.042069928670028164,1.0074410698925191,0.37549282987583743,-0.0405141709042154,1.015480865920354,0.009361778062651118,1
7.847999999999358,RETURN,0.3709024279215964,-0.04208754052544424,1.0073513184797331,0.37549282987583743,-0.0405141709042154,1.015480865920354,0.009467672557488002,1
7.8499999999993575,RETURN,0.3708486915275439,-0.04210524052708203,1.0072611461980674,0.37549282987583743,-0.0405141709042154,1.015480865920354,0.009574096085576295,1
7.851999999999357,RETURN,0.37079464074507934,-0.04212302847330385,1.0071705544940688,0.37549282987583743,-0.0405141709042154,1.015480865920354,0.00968104745303078,1
7.853999999999357,RETURN,0.37074027546815896,-0.042140904162125306,1.0070795448167433,0.37549282987583743,-0.0405141709042154,1.015480865920354,0.0097885254648649,1
7.855999999999357,RETURN,0.3706855955899401,-0.04215886739121251,1.0069881186175444,0.37549282987583743,-0.0405141709042154,1.015480865920354,0.009896528924993198,1
7.857999999999357,RETURN,0.37063060100280787,-0.04217691795788148,1.006896277350361,0.37549282987583743,-0.0405141709042154,1.015480865920354,0.010005056636234197,1
7.859999999999356,RETURN,0.3705752915984026,-0.04219505565909693,1.006804022471502,0.37549282987583743,-0.0405141709042154,1.015480865920354,0.01011410740031546,1
7.861999999999356,RETURN,0.37051966726764607,-0.04221328029147073,1.0067113554396894,0.37549282987583743,-0.0405141709042154,1.015480865920354,0.010223680017873169,1
7.863999999999356,RETURN,0.37046372790076915,-0.042231591651260704,1.0066182777160408,0.37549282987583743,-0.0405141709042154,1.015480865920354,0.010333773288458022,1
7.865999999999356,RETURN,0.37040747338733715,-0.04224998953436915,1.0065247907640587,0.37549282987583743,-0.0405141709042154,1.015480865920354,0.010444386010538481,1
7.8679999999993555,RETURN,0.37035090361627837,-0.04226847373634209,1.006430896049618,0.37549282987583743,-0.0405141709042154,1.015480865920354,0.01055551698150217,1
7.869999999999355,RETURN,0.3702940184759095,-0.04228704405236734,1.0063365950409542,0.37549282987583743,-0.0405141709042154,1.015480865920354,0.010667164997659824,1
7.871999999999355,RETURN,0.3702368178539623,-0.0423057002772734,1.0062418892086498,0.37549282987583743,-0.0405141709042154,1.015480865920354,0.010779328854248734,1
7.873999999999355,RETURN,0.3701793016376112,-0.04232444220552871,1.006146780025621,0.37549282987583743,-0.0405141709042154,1.015480865920354,0.01089200734543641,1
7.875999999999355,RETURN,0.37012146971349885,-0.04234326963123976,1.0060512689671077,0.37549282987583743,-0.0405141709042154,1.015480865920354,0.01100519926432193,1
7.877999999999354,RETURN,0.37006332196776276,-0.0423621823481498,1.0059553575106601,0.37549282987583743,-0.0405141709042154,1.015480865920354,0.011118903402939842,1
7.879999999999354,RETURN,0.3700048582860624,-0.042381180149638244,1.0058590471361224,0.37549282987583743,-0.0405141709042154,1.015480865920354,0.011233118552266106,1
7.881999999999354,RETURN,0.3699460785536053,-0.042400262828718796,1.005762339325627,0.37549282987583743,-0.0405141709042154,1.015480865920354,0.01134784350221565,1
7.883999999999354,RETURN,0.36988698265517284,-0.04241943017803832,1.0056652355635751,0.37549282987583743,-0.0405141709042154,1.015480865920354,0.011463077041651634,1
7.8859999999993535,RETURN,0.3698275704751476,-0.04243868198987576,1.0055677373366294,0.37549282987583743,-0.0405141709042154,1.015480865920354,0.01157881795838385,1
7.887999999999353,RETURN,0.3697678418975389,-0.04245801805614076,1.005469846133698,0.37549282987583743,-0.0405141709042154,1.015480865920354,0.011695065039174874,1
7.889999999999353,RETURN,0.3697077968060097,-0.042477438168372655,1.0053715634459224,0.37549282987583743,-0.0405141709042154,1.015480865920354,0.011811817069742573,1
7.891999999999353,RETURN,0.3696474350839018,-0.04249694211773901,1.0052728907666677,0.37549282987583743,-0.0405141709042154,1.015480865920354,0.011929072834761443,1
7.893999999999353,RETURN,0.369586756614263,-0.04251652969503425,1.0051738295915045,0.37549282987583743,-0.0405141709042154,1.015480865920354,0.012046831117869899,1
7.895999999999352,RETURN,0.3695257612798729,-0.04253620069067904,1.005074381418201,0.37549282987583743,-0.0405141709042154,1.015480865920354,0.01216509070166936,1
7.897999999999352,RETURN,0.36946444896326824,-0.04255595489471833,1.0049745477467085,0.37549282987583743,-0.0405141709042154,1.015480865920354,0.012283850367729878,1
7.899999999999352,RETURN,0.36940281954677034,-0.042575792096820705,1.0048743300791476,0.37549282987583743,-0.0405141709042154,1.015480865920354,0.012403108896592793,1
7.901999999999352,RETURN,0.36934087291250983,-0.04259571208627719,1.0047737299197974,0.37549282987583743,-0.0405141709042154,1.015480865920354,0.012522865067773814,1
7.9039999999993515,RETURN,0.36927860894245274,-0.0426157146519994,1.004672748775081,0.37549282987583743,-0.0405141709042154,1.015480865920354,0.012643117659766915,1
7.905999999999351,RETURN,0.36921602751842686,-0.042635799582519326,1.004571388153554,0.37549282987583743,-0.0405141709042154,1.015480865920354,0.01276386545004683,1
7.907999999999351,RETURN,0.36915312852214727,-0.04265596666598742,1.0044696495658911,0.37549282987583743,-0.0405141709042154,1.015480865920354,0.012885107215072624,1
7.909999999999351,RETURN,0.3690899118352419,-0.042676215690171784,1.0043675345248717,0.37549282987583743,-0.0405141709042154,1.015480865920354,0.013006841730292467,1
7.911999999999351,RETURN,0.3690263773392775,-0.042696546442456684,1.00426504454537,0.37549282987583743,-0.0405141709042154,1.015480865920354,0.01312906777014439,1
7.91399999999935,RETURN,0.368962524915785,-0.042716958709841824,1.004162181144341,0.37549282987583743,-0.0405141709042154,1.015480865920354,0.01325178410806065,1
7.91599999999935,RETURN,0.3688983544462859,-0.04273745227894097,1.0040589458408054,0.37549282987583743,-0.0405141709042154,1.015480865920354,0.013374989516472823,1
7.91799999999935,RETURN,0.3688338658123161,-0.042758026935980686,1.003955340155839,0.37549282987583743,-0.0405141709042154,1.015480865920354,0.013498682766813146,1
7.91999999999935,RETURN,0.36876905889545364,-0.04277868246679943,1.0038513656125598,0.37549282987583743,-0.0405141709042154,1.015480865920354,0.013622862629517823,1
7.92199999999935,RETURN,0.3687039335773421,-0.042799418656846264,1.0037470237361135,0.37549282987583743,-0.0405141709042154,1.015480865920354,0.013747527874032163,1
7.923999999999349,RETURN,0.36863848973971747,-0.0428202352911799,1.0036423160536614,0.37549282987583743,-0.0405141709042154,1.015480865920354,0.01387267726881222,1
7.925999999999349,RETURN,0.3685727272644323,-0.04284113215446744,1.003537244094368,0.37549282987583743,-0.0405141709042154,1.015480865920354,0.013998309581328796,1
7.927999999999349,RETURN,0.36850664603348204,-0.042862109030983295,1.0034318093893855,0.37549282987583743,-0.0405141709042154,1.015480865920354,0.014124423578071909,1
7.929999999999349,RETURN,0.36844024592902935,-0.0428831657046083,1.0033260134718427,0.37549282987583743,-0.0405141709042154,1.015480865920354,0.014251018024553388,1
7.9319999999993485,RETURN,0.36837352683342983,-0.042904301958828335,1.0032198578768328,0.37549282987583743,-0.0405141709042154,1.015480865920354,0.014378091685309015,1
7.933999999999348,RETURN,0.36830648862925697,-0.04292551757673317,1.003113344141398,0.37549282987583743,-0.0405141709042154,1.015480865920354,0.014505643323903928,1
7.935999999999348,RETURN,0.3682391311993265,-0.0429468123410159,1.0030064738045161,0.37549282987583743,-0.0405141709042154,1.015480865920354,0.014633671702936822,1
7.937999999999348,RETURN,0.36817145442672317,-0.04296818603397157,1.0028992484070893,0.37549282987583743,-0.0405141709042154,1.015480865920354,0.01476217558404093,1
7.939999999999348,RETURN,0.3681034581948231,-0.04298963843749588,1.002791669491931,0.37549282987583743,-0.0405141709042154,1.015480865920354,0.014891153727888455,1
7.941999999999347,RETURN,0.36803514238732127,-0.0430111693330847,1.0026837386037493,0.37549282987583743,-0.0405141709042154,1.015480865920354,0.015020604894195775,1
7.943999999999347,RETURN,0.367966506888254,-0.04303277850183222,1.002575457289137,0.37549282987583743,-0.0405141709042154,1.015480865920354,0.01515052784172522,1
7.945999999999347,RETURN,0.3678975515820261,-0.04305446572443126,1.0024668270965575,0.37549282987583743,-0.0405141709042154,1.015480865920354,0.015280921328288405,1
7.947999999999347,RETURN,0.3678282763534326,-0.0430762307811706,1.0023578495763317,0.37549282987583743,-0.0405141709042154,1.015480865920354,0.015411784110750754,1
7.9499999999993465,RETURN,0.36775868108768633,-0.04309807345193542,1.0022485262806218,0.37549282987583743,-0.0405141709042154,1.015480865920354,0.015543114945036032,1
7.951999999999346,RETURN,0.3676887656704407,-0.043119993516205435,1.0021388587634208,0.37549282987583743,-0.0405141709042154,1.015480865920354,0.015674912586128544,1
7.953999999999346,RETURN,0.36761852998781425,-0.04314199075305405,1.0020288485805402,0.37549282987583743,-0.0405141709042154,1.015480865920354,0.015807175788075622,1
7.955999999999346,RETURN,0.3675479739264158,-0.04316406494114759,1.0019184972895927,0.37549282987583743,-0.0405141709042154,1.015480865920354,0.01593990330399428,1
7.957999999999346,RETURN,0.3674770973733687,-0.04318621585874439,1.0018078064499807,0.37549282987583743,-0.0405141709042154,1.015480865920354,0.016073093886073194,1
7.959999999999345,RETURN,0.36740590021633485,-0.04320844328369366,1.0016967776228831,0.37549282987583743,-0.0405141709042154,1.015480865920354,0.016206746285576154,1
7.961999999999345,RETURN,0.3673343823435383,-0.043230746993434294,1.0015854123712418,0.37549282987583743,-0.0405141709042154,1.015480865920354,0.016340859252846212,1
7.963999999999345,RETURN,0.3672625436437914,-0.043253126764994515,1.0014737122597452,0.37549282987583743,-0.0405141709042154,1.015480865920354,0.016475431537310598,1
7.965999999999345,RETURN,0.3671903840065162,-0.04327558237499035,1.00136167885482,0.37549282987583743,-0.0405141709042154,1.015480865920354,0.01661046188748156,1
7.9679999999993445,RETURN,0.36711790332177163,-0.0432981135996255,1.0012493137246123,0.37549282987583743,-0.0405141709042154,1.015480865920354,0.01674594905096285,1
7.969999999999344,RETURN,0.36704510148027414,-0.0433207202146893,1.0011366184389765,0.37549282987583743,-0.0405141709042154,1.015480865920354,0.01688189177445269,1
7.971999999999344,RETURN,0.36697197837342427,-0.04334340199555675,1.001023594569461,0.37549282987583743,-0.0405141709042154,1.015480865920354,0.017018288803747034,1
7.973999999999344,RETURN,0.3668985338933294,-0.04336615871718756,1.000910243689295,0.37549282987583743,-0.0405141709042154,1.015480865920354,0.01715513888374353,1
7.975999999999344,RETURN,0.36682476793282764,-0.04338899015412477,1.0007965673733727,0.37549282987583743,-0.0405141709042154,1.015480865920354,0.017292440758446465,1
7.977999999999343,RETURN,0.36675068038551123,-0.043411896080494186,1.000682567198242,0.37549282987583743,-0.0405141709042154,1.015480865920354,0.017430193170969534,1
7.979999999999343,RETURN,0.36667627114575085,-0.043434876270003746,1.0005682447420894,0.37549282987583743,-0.0405141709042154,1.015480865920354,0.017568394863539404,1
7.981999999999343,RETURN,0.36660154010871876,-0.04345793049594208,1.000453601584726,0.37549282987583743,-0.0405141709042154,1.015480865920354,0.01770704457750044,1
7.983999999999343,RETURN,0.3665264871704122,-0.04348105853117836,1.0003386393075722,0.37549282987583743,-0.0405141709042154,1.015480865920354,0.01784614105332011,1
7.9859999999993425,RETURN,0.3664511122276777,-0.043504260148161195,1.000223359493648,0.37549282987583743,-0.0405141709042154,1.015480865920354,0.017985683030587916,1
7.987999999999342,RETURN,0.36637541517823285,-0.043527535118917354,1.0001077637275546,0.37549282987583743,-0.0405141709042154,1.015480865920354,0.018125669248024927,1
7.989999999999342,RETURN,0.3662993959206913,-0.043550883215052016,0.9999918535954612,0.37549282987583743,-0.0405141709042154,1.015480865920354,0.018266098443485514,1
7.991999999999342,RETURN,0.36622305435458496,-0.04357430420774709,0.9998756306850922,0.37549282987583743,-0.0405141709042154,1.015480865920354,0.018406969353960793,1
7.993999999999342,RETURN,0.3661463903803873,-0.04359779786776068,0.9997590965857132,0.37549282987583743,-0.0405141709042154,1.015480865920354,0.01854828071558297,1
7.995999999999341,RETURN,0.3660694038995368,-0.04362136396542642,0.9996422528881149,0.37549282987583743,-0.0405141709042154,1.015480865920354,0.018690031263630082,1
7.997999999999341,RETURN,0.3659920948144597,-0.043645002270652836,0.999525101184601,0.37549282987583743,-0.0405141709042154,1.015480865920354,0.018832219732529125,1
7.999999999999341,RETURN,0.36591446302859276,-0.043668712552922435,0.9994076430689716,0.37549282987583743,-0.0405141709042154,1.015480865920354,0.018974844855861837,1
8.001999999999342,RETURN,0.3658365084464066,-0.043692494581290764,0.9992898801365121,0.37549282987583743,-0.0405141709042154,1.015480865920354,0.019117905366365706,1
8.003999999999342,RETURN,0.36575823097342813,-0.04371634812438629,0.9991718139839757,0.37549282987583743,-0.0405141709042154,1.015480865920354,0.0192613999959415,1
8.005999999999343,RETURN,0.36567963051626345,-0.04374027295040919,0.9990534462095708,0.37549282987583743,-0.0405141709042154,1.015480865920354,0.01940532747565543,1
8.007999999999344,RETURN,0.3656007069826206,-0.043764268827130776,0.998934778412946,0.37549282987583743,-0.0405141709042154,1.015480865920354,0.019549686535743946,1
8.009999999999344,RETURN,0.3655214602813315,-0.04378833552189307,0.9988158121951763,0.37549282987583743,-0.0405141709042154,1.015480865920354,0.01969447590561751,1
8.011999999999345,RETURN,0.3654418903223755,-0.043812472801607966,0.9986965491587478,0.37549282987583743,-0.0405141709042154,1.015480865920354,0.019839694313865404,1
8.013999999999346,RETURN,0.3653619970169006,-0.04383668043275615,0.9985769909075443,0.37549282987583743,-0.0405141709042154,1.015480865920354,0.01998534048825921,1
8.015999999999346,RETURN,0.3652817802772471,-0.043860958181387286,0.9984571390468308,0.37549282987583743,-0.0405141709042154,1.015480865920354,0.02013141315575808,1
8.017999999999347,RETURN,0.3652012400169688,-0.04388530581311892,0.998336995183241,0.37549282987583743,-0.0405141709042154,1.015480865920354,0.02027791104251211,1
8.019999999999348,RETURN,0.3651203761508553,-0.0439097230931358,0.9982165609247609,0.37549282987583743,-0.0405141709042154,1.015480865920354,0.020424832873868055,1
8.021999999999348,RETURN,0.36503918859495543,-0.04393420978618981,0.9980958378807152,0.37549282987583743,-0.0405141709042154,1.015480865920354,0.020572177374371555,1
8.023999999999349,RETURN,0.3649576772665971,-0.04395876565659841,0.9979748276617542,0.37549282987583743,-0.0405141709042154,1.015480865920354,0.020719943267771993,1
8.02599999999935,RETURN,0.364875842084411,-0.04398339046824504,0.9978535318798349,0.37549282987583743,-0.0405141709042154,1.015480865920354,0.02086812927702881,1
8.02799999999935,RETURN,0.36479368296835213,-0.04400808398457813,0.9977319521482084,0.37549282987583743,-0.0405141709042154,1.015480865920354,0.02101673412431489,1
8.029999999999351,RETURN,0.36471119983972106,-0.044032845968610665,0.9976100900814077,0.37549282987583743,-0.0405141709042154,1.015480865920354,0.021165756531018515,1
8.031999999999352,RETURN,0.36462839262118607,-0.04405767618291942,0.9974879472952269,0.37549282987583743,-0.0405141709042154,1.015480865920354,0.021315195217752634,1
8.033999999999352,RETURN,0.3645452612368046,-0.04408257438964484,0.9973655254067133,0.37549282987583743,-0.0405141709042154,1.015480865920354,0.021465048904354102,1
8.035999999999353,RETURN,0.3644618056120451,-0.04410754035049007,0.9972428260341457,0.37549282987583743,-0.0405141709042154,1.015480865920354,0.021615316309892867,1
8.037999999999354,RETURN,0.364378025673808,-0.0441325738267207,0.9971198507970235,0.37549282987583743,-0.0405141709042154,1.015480865920354,0.02176599615267399,1
8.039999999999354,RETURN,0.3642939213504484,-0.044157674579164835,0.9969966013160521,0.37549282987583743,-0.0405141709042154,1.015480865920354,0.02191708715024083,1
8.041999999999355,RETURN,0.36420949257179513,-0.04418284236821128,0.9968730792131246,0.37549282987583743,-0.0405141709042154,1.015480865920354,0.02206858801938342,1
8.043999999999356,RETURN,0.36412473926917416,-0.04420807695381057,0.9967492861113098,0.37549282987583743,-0.0405141709042154,1.015480865920354,0.02222049747613983,1
8.045999999999356,RETURN,0.3640396613754287,-0.044233378095473785,0.9966252236348345,0.37549282987583743,-0.0405141709042154,1.015480865920354,0.022372814235802656,1
8.047999999999357,RETURN,0.3639542588249406,-0.044258745552272175,0.99650089340907,0.37549282987583743,-0.0405141709042154,1.015480865920354,0.022525537012922942,1
8.049999999999358,RETURN,0.36386853155365106,-0.0442841790828367,0.9963762970605172,0.37549282987583743,-0.0405141709042154,1.015480865920354,0.02267866452131391,1
8.051999999999358,RETURN,0.36378247949908143,-0.04430967844535774,0.9962514362167892,0.37549282987583743,-0.0405141709042154,1.015480865920354,0.022832195474058056,1
8.053999999999359,RETURN,0.3636961026003551,-0.044335243397585114,0.9961263125065983,0.37549282987583743,-0.0405141709042154,1.015480865920354,0.022986128583509166,1
8.05599999999936,RETURN,0.36360940079821685,-0.04436087369682705,0.996000927559738,0.37549282987583743,-0.0405141709042154,1.015480865920354,0.02314046256129993,1
8.05799999999936,RETURN,0.363522374035054,-0.044386569099950215,0.9958752830070723,0.37549282987583743,-0.0405141709042154,1.015480865920354,0.023295196118342538,1
8.059999999999361,RETURN,0.36343502225491736,-0.044412329363379174,0.995749380480513,0.37549282987583743,-0.0405141709042154,1.015480865920354,0.023450327964839368,1
8.061999999999362,RETURN,0.3633473454035415,-0.04443815424309665,0.9956232216130119,0.37549282987583743,-0.0405141709042154,1.015480865920354,0.023605856810281576,1
8.063999999999362,RETURN,0.3632593434283649,-0.04446404349464238,0.9954968080385399,0.37549282987583743,-0.0405141709042154,1.015480865920354,0.023761781363458367,1
8.065999999999363,RETURN,0.3631710162785505,-0.044489996873113294,0.9953701413920736,0.37549282987583743,-0.0405141709042154,1.015480865920354,0.023918100332460127,1
8.067999999999364,RETURN,0.36308236390500587,-0.04451601413316341,0.9952432233095785,0.37549282987583743,-0.0405141709042154,1.015480865920354,0.024074812424684084,1
8.069999999999364,RETURN,0.3629933862604031,-0.044542095029003255,0.9951160554279955,0.37549282987583743,-0.0405141709042154,1.015480865920354,0.024231916346837787,1
8.071999999999365,RETURN,0.36290408329919993,-0.044568239314399676,0.994988639385224,0.37549282987583743,-0.0405141709042154,1.015480865920354,0.024389410804944524,1
8.073999999999366,RETURN,0.3628144549776576,-0.04459444674267574,0.9948609768201035,0.37549282987583743,-0.0405141709042154,1.015480865920354,0.024547294504351162,1
8.075999999999366,RETURN,0.36272450125386313,-0.0446207170667106,0.9947330693724034,0.37549282987583743,-0.0405141709042154,1.015480865920354,0.024705566149728,1
8.077999999999367,RETURN,0.36263422208774726,-0.044647050038938874,0.9946049186828018,0.37549282987583743,-0.0405141709042154,1.015480865920354,0.02486422444507835,1
8.079999999999368,RETURN,0.36254361744110536,-0.044673445411351015,0.9944765263928727,0.37549282987583743,-0.0405141709042154,1.015480865920354,0.025023268093741162,1
8.081999999999368,RETURN,0.3624526872776165,-0.044699902935493044,0.9943478941450693,0.37549282987583743,-0.0405141709042154,1.015480865920354,0.025182695798396586,1
8.083999999999369,RETURN,0.3623614315628622,-0.04472642236246583,0.9942190235827085,0.37549282987583743,-0.0405141709042154,1.015480865920354,0.025342506261071256,1
8.08599999999937,RETURN,0.36226985026434794,-0.044753003442925744,0.9940899163499533,0.37549282987583743,-0.0405141709042154,1.015480865920354,0.02550269818314379,1
8.08799999999937,RETURN,0.36217794335152015,-0.044779645927084014,0.9939605740917976,0.37549282987583743,-0.0405141709042154,1.015480865920354,0.02566327026534993,1
8.089999999999371,RETURN,0.36208571079578705,-0.044806349564706915,0.9938309984540523,0.37549282987583743,-0.0405141709042154,1.015480865920354,0.025824221207785894,1
8.091999999999372,RETURN,0.36199315257053705,-0.04483311410511556,0.9937011910833257,0.37549282987583743,-0.0405141709042154,1.015480865920354,0.025985549709916286,1
8.093999999999372,RETURN,0.3619002686511584,-0.04485993929718601,0.993571153627009,0.37549282987583743,-0.0405141709042154,1.015480865920354,0.026147254470577707,1
8.095999999999373,RETURN,0.36180705901505705,-0.044886824889348816,0.9934408877332606,0.37549282987583743,-0.0405141709042154,1.015480865920354,0.026309334187984392,1
8.097999999999374,RETURN,0.3617135236416772,-0.04491377062958943,0.993310395050988,0.37549282987583743,-0.0405141709042154,1.015480865920354,0.026471787559734006,1
8.099999999999374,RETURN,0.3616196625125184,-0.04494077626544801,0.9931796772298346,0.37549282987583743,-0.0405141709042154,1.015480865920354,0.026634613282811248,1
8.101999999999375,RETURN,0.3615254756111553,-0.04496784154401923,0.9930487359201582,0.37549282987583743,-0.0405141709042154,1.015480865920354,0.026797810053597132,1
8.103999999999376,RETURN,0.3614309629232558,-0.04499496621195283,0.9929175727730218,0.37549282987583743,-0.0405141709042154,1.015480865920354,0.026961376567868265,1
8.105999999999376,RETURN,0.36133612443659957,-0.045022150015452955,0.9927861894401709,0.37549282987583743,-0.0405141709042154,1.015480865920354,0.027125311520807948,1
8.107999999999377,RETURN,0.3612409601410972,-0.04504939270027884,0.992654587574019,0.37549282987583743,-0.0405141709042154,1.015480865920354,0.02728961360700909,1
8.109999999999378,RETURN,0.36114547002880687,-0.04507669401174449,0.9925227688276334,0.37549282987583743,-0.0405141709042154,1.015480865920354,0.027454281520478935,1
8.111999999999378,RETURN,0.36104965409395434,-0.04510405369471899,0.9923907348547146,0.37549282987583743,-0.0405141709042154,1.015480865920354,0.027619313954646677,1
8.113999999999379,RETURN,0.3609535123329503,-0.04513147149362623,0.992258487309583,0.37549282987583743,-0.0405141709042154,1.015480865920354,0.027784709602367175,1
8.11599999999938,RETURN,0.36085704474440783,-0.04515894715244566,0.9921260278471606,0.37549282987583743,-0.0405141709042154,1.015480865920354,0.02795046715592752,1
8.11799999999938,RETURN,0.3607602513291611,-0.04518648041471157,0.991993358122956,0.37549282987583743,-0.0405141709042154,1.015480865920354,0.028116585307051325,1
8.119999999999381,RETURN,0.3606631320902831,-0.04521407102351403,0.9918604797930444,0.37549282987583743,-0.0405141709042154,1.015480865920354,0.02828306274690668,1
8.121999999999382,RETURN,0.3605656870331035,-0.04524171872149908,0.9917273945140538,0.37549282987583743,-0.0405141709042154,1.015480865920354,0.028449898166109665,1
8.123999999999382,RETURN,0.36046791616522533,-0.04526942325086771,0.9915941039431481,0.37549282987583743,-0.0405141709042154,1.015480865920354,0.0286170902547302,1
8.125999999999383,RETURN,0.3603698194965441,-0.0452971843533778,0.9914606097380084,0.37549282987583743,-0.0405141709042154,1.015480865920354,0.028784637702298665,1
8.127999999999384,RETURN,0.3602713970392634,-0.04532500177034299,0.9913269135568175,0.37549282987583743,-0.0405141709042154,1.015480865920354,0.02895253919781153,1
8.129999999999384,RETURN,0.36017264880791416,-0.04535287524263371,0.991193017058243,0.37549282987583743,-0.0405141709042154,1.015480865920354,0.029120793429735548,1
8.131999999999385,RETURN,0.36007357481937036,-0.045380804510676914,0.9910589219014194,0.37549282987583743,-0.0405141709042154,1.015480865920354,0.029289399086015775,1
8.133999999999386,RETURN,0.35997417509286694,-0.045408789314456924,0.9909246297459312,0.37549282987583743,-0.0405141709042154,1.015480865920354,0.029458354854080358,1
8.135999999999386,RETURN,0.3598744496500164,-0.04543682939351475,0.9907901422517978,0.37549282987583743,-0.0405141709042154,1.015480865920354,0.029627659420845047,1
8.137999999999387,RETURN,0.3597743985148264,-0.04546492448694961,0.9906554610794536,0.37549282987583743,-0.0405141709042154,1.015480865920354,0.0297973114727214,1
8.139999999999388,RETURN,0.35967402171371565,-0.04549307433341847,0.9905205878897321,0.37549282987583743,-0.0405141709042154,1.015480865920354,0.02996730969562149,1
8.141999999999388,RETURN,0.3595733192755319,-0.045521278671136645,0.99038552434385,0.37549282987583743,-0.0405141709042154,1.015480865920354,0.030137652774962703,1
8.143999999999389,RETURN,0.3594722912315672,-0.04554953723787797,0.9902502721033879,0.37549282987583743,-0.0405141709042154,1.015480865920354,0.030308339395675694,1
8.14599999999939,RETURN,0.3593709376155756,-0.045577849770975315,0.9901148328302728,0.37549282987583743,-0.0405141709042154,1.015480865920354,0.030479368242210297,1
8.14799999999939,RETURN,0.35926925846378865,-0.04560621600732134,0.9899792081867641,0.37549282987583743,-0.0405141709042154,1.015480865920354,0.03065073799853893,1
8.149999999999391,RETURN,0.35916725381493225,-0.0456346356833681,0.9898433998354328,0.37549282987583743,-0.0405141709042154,1.015480865920354,0.03082244734816543,1
8.151999999999392,RETURN,0.35906492371024373,-0.0456631085351283,0.9897074094391454,0.37549282987583743,-0.0405141709042154,1.015480865920354,0.0309944949741295,1
8.153999999999392,RETURN,0.35896226819348587,-0.04569163429817526,0.9895712386610469,0.37549282987583743,-0.0405141709042154,1.015480865920354,0.03116687955901352,1
8.155999999999393,RETURN,0.3588592873109644,-0.04572021270764322,0.9894348891645416,0.37549282987583743,-0.0405141709042154,1.015480865920354,0.03133959978494944,1
8.157999999999394,RETURN,0.3587559811115438,-0.04574884349822857,0.9892983626132787,0.37549282987583743,-0.0405141709042154,1.015480865920354,0.03151265433362221,1
8.159999999999394,RETURN,0.358652349646663,-0.04577752640418947,0.9891616606711324,0.37549282987583743,-0.0405141709042154,1.015480865920354,0.0316860418862782,1
8.161999999999395,RETURN,0.3585483929703512,-0.04580626115934736,0.9890247850021834,0.37549282987583743,-0.0405141709042154,1.015480865920354,0.03185976112373192,1
8.163999999999396,RETURN,0.3584441111392429,-0.045835047497086466,0.9888877372707049,0.37549282987583743,-0.0405141709042154,1.015480865920354,0.03203381072636945,1
8.165999999999396,RETURN,0.3583395042125942,-0.04586388515035509,0.988750519141142,0.37549282987583743,-0.0405141709042154,1.015480865920354,0.032208189374157016,1
8.167999999999397,RETURN,0.3582345722522975,-0.04589277385166582,0.9886131322780938,0.37549282987583743,-0.0405141709042154,1.015480865920354,0.03238289574664749,1
8.169999999999398,RETURN,0.3581293153228975,-0.04592171333309637,0.9884755783462976,0.37549282987583743,-0.0405141709042154,1.015480865920354,0.03255792852298484,1
8.171999999999398,RETURN,0.3580237334916058,-0.04595070332629006,0.9883378590106102,0.37549282987583743,-0.0405141709042154,1.015480865920354,0.032733286381911655,1
8.173999999999399,RETURN,0.3579178268283162,-0.04597974356245629,0.98819997593599,0.37549282987583743,-0.0405141709042154,1.015480865920354,0.03290896800177524,1
8.1759999999994,RETURN,0.35781159540561963,-0.046008833772371444,0.9880619307874785,0.37549282987583743,-0.0405141709042154,1.015480865920354,0.03308497206053447,1
8.1779999999994,RETURN,0.3577050392988193,-0.04603797368637999,0.987923725230184,0.37549282987583743,-0.0405141709042154,1.015480865920354,0.03326129723576529,1
8.179999999999401,RETURN,0.3575981585859452,-0.04606716303439401,0.9877853609292626,0.37549282987583743,-0.0405141709042154,1.015480865920354,0.03343794220466757,1
8.181999999999402,RETURN,0.3574909533477684,-0.04609640154589486,0.9876468395499011,0.37549282987583743,-0.0405141709042154,1.015480865920354,0.03361490564407132,1
8.183999999999402,RETURN,0.35738342366781634,-0.04612568894993358,0.9875081627572956,0.37549282987583743,-0.0405141709042154,1.015480865920354,0.033792186230445546,1
8.185999999999403,RETURN,0.35727556963238705,-0.046155024975131756,0.9873693322166398,0.37549282987583743,-0.0405141709042154,1.015480865920354,0.033969782639899714,1
8.187999999999404,RETURN,0.35716739133056274,-0.0461844093496821,0.9872303495931012,0.37549282987583743,-0.0405141709042154,1.015480865920354,0.03414769354819542,1
8.189999999999404,RETURN,0.35705888885422504,-0.04621384180134945,0.9870912165518049,0.37549282987583743,-0.0405141709042154,1.015480865920354,0.034325917630750734,1
8.191999999999405,RETURN,0.356950062298069,-0.04624332205747156,0.9869519347578171,0.37549282987583743,-0.0405141709042154,1.015480865920354,0.03450445356264562,1
8.193999999999406,RETURN,0.3568409117596165,-0.04627284984495943,0.9868125058761241,0.37549282987583743,-0.0405141709042154,1.015480865920354,0.034683300018631104,1
8.195999999999406,RETURN,0.35673143733922996,-0.04630242489029902,0.9866729315716161,0.37549282987583743,-0.0405141709042154,1.015480865920354,0.034862455673134674,1
8.197999999999407,RETURN,0.3566216391401276,-0.0463320469195515,0.9865332135090681,0.37549282987583743,-0.0405141709042154,1.015480865920354,0.03504191920026629,1
8.199999999999408,RETURN,0.3565115172683955,-0.04636171565835412,0.9863933533531216,0.37549282987583743,-0.0405141709042154,1.015480865920354,0.03522168927382663,1
8.201999999999408,RETURN,0.3564010718330015,-0.04639143083192142,0.9862533527682674,0.37549282987583743,-0.0405141709042154,1.015480865920354,0.035401764567312234,1
8.203999999999409,RETURN,0.35629030294580993,-0.04642119216504596,0.9861132134188246,0.37549282987583743,-0.0405141709042154,1.015480865920354,0.03558214375392412,1
8.20599999999941,RETURN,0.356179210721593,-0.046450999382099324,0.9859729369689253,0.37549282987583743,-0.0405141709042154,1.015480865920354,0.03576282550657285,1
8.20799999999941,RETURN,0.3560677952780456,-0.046480852207033116,0.9858325250824941,0.37549282987583743,-0.0405141709042154,1.015480865920354,0.03594380849788622,1
8.209999999999411,RETURN,0.35595605673579783,-0.04651075036337962,0.9856919794232307,0.37549282987583743,-0.0405141709042154,1.015480865920354,0.03612509140021569,1
8.211999999999412,RETURN,0.3558439952184274,-0.04654069357425329,0.9855513016545902,0.37549282987583743,-0.0405141709042154,1.015480865920354,0.036306672885644695,1
8.213999999999412,RETURN,0.3557316108524742,-0.04657068156235146,0.9854104934397662,0.37549282987583743,-0.0405141709042154,1.015480865920354,0.03648855162599284,1
8.215999999999413,RETURN,0.35561890376745087,-0.04660071404995539,0.9852695564416709,0.37549282987583743,-0.0405141709042154,1.015480865920354,0.03667072629282561,1
8.217999999999414,RETURN,0.35550587409585754,-0.046630790758931576,0.9851284923229169,0.37549282987583743,-0.0405141709042154,1.015480865920354,0.036853195557459854,1
8.219999999999414,RETURN,0.3553925219731934,-0.046660911410732406,0.9849873027457995,0.37549282987583743,-0.0405141709042154,1.015480865920354,0.03703595809097019,1
8.221999999999415,RETURN,0.3552788475379683,-0.046691075726397274,0.9848459893722753,0.37549282987583743,-0.0405141709042154,1.015480865920354,0.037219012564199,1
8.223999999999416,RETURN,0.35516485093171757,-0.04672128342655457,0.984704553863948,0.37549282987583743,-0.0405141709042154,1.015480865920354,0.037402357647758594,1
8.225999999999416,RETURN,0.3550505322990113,-0.04675153423142152,0.9845629978820444,0.37549282987583743,-0.0405141709042154,1.015480865920354,0.037585992012043754,1
8.227999999999417,RETURN,0.3549358917874686,-0.046781827860806126,0.9844213230873997,0.37549282987583743,-0.0405141709042154,1.015480865920354,0.037769914327234755,1
8.229999999999418,RETURN,0.35482092954776895,-0.04681216403410829,0.984279531140437,0.37549282987583743,-0.0405141709042154,1.015480865920354,0.03795412326330615,1
8.231999999999418,RETURN,0.35470564573366337,-0.0468425424703208,0.9841376237011491,0.37549282987583743,-0.0405141709042154,1.015480865920354,0.03813861749003357,1
8.23399999999942,RETURN,0.35459004050198767,-0.0468729628880306,0.9839956024290786,0.37549282987583743,-0.0405141709042154,1.015480865920354,0.0383233956770013,1
8.23599999999942,RETURN,0.35447411401267204,-0.04690342500542004,0.9838534689833002,0.37549282987583743,-0.0405141709042154,1.015480865920354,0.03850845649360935,1
8.23799999999942,RETURN,0.354357866428755,-0.04693392854026808,0.9837112250224004,0.37549282987583743,-0.0405141709042154,1.015480865920354,0.03869379860908071,1
8.239999999999421,RETURN,0.35424129791639275,-0.04696447320995172,0.9835688722044609,0.37549282987583743,-0.0405141709042154,1.015480865920354,0.038879420692467755,1
8.241999999999422,RETURN,0.354124408644872,-0.04699505873144741,0.9834264121870366,0.37549282987583743,-0.0405141709042154,1.015480865920354,0.039065321412661176,1
8.243999999999422,RETURN,0.35400719878662007,-0.04702568482133156,0.9832838466271395,0.37549282987583743,-0.0405141709042154,1.015480865920354,0.03925149943839557,1
8.245999999999423,RETURN,0.3538896685172162,-0.047056351195782935,0.9831411771812176,0.37549282987583743,-0.0405141709042154,1.015480865920354,0.03943795343825825,1
8.247999999999424,RETURN,0.35377181801540325,-0.047087057570583304,0.9829984055051363,0.37549282987583743,-0.0405141709042154,1.015480865920354,0.039624682080695944,1
8.249999999999424,RETURN,0.35365364746309774,-0.04711780366111909,0.9828555332541598,0.37549282987583743,-0.0405141709042154,1.015480865920354,0.03981168403402214,1
8.251999999999425,RETURN,0.3535351570454007,-0.04714858918238279,0.9827125620829319,0.37549282987583743,-0.0405141709042154,1.015480865920354,0.0399989579664245,1
8.253999999999426,RETURN,0.3534163469506088,-0.047179413848974006,0.9825694936454568,0.37549282987583743,-0.0405141709042154,1.015480865920354,0.04018650254597234,1
8.255999999999426,RETURN,0.35329721737022396,-0.0472102773751015,0.9824263295950788,0.37549282987583743,-0.0405141709042154,1.015480865920354,0.04037431644062506,1
8.257999999999427,RETURN,0.35317776849896476,-0.04724117947458398,0.9822830715844655,0.37549282987583743,-0.0405141709042154,1.015480865920354,0.04056239831823755,1
8.259999999999428,RETURN,0.3530580005347756,-0.047272119860852155,0.982139721265586,0.37549282987583743,-0.0405141709042154,1.015480865920354,0.04075074684657009,1
8.261999999999428,RETURN,0.3529379136788377,-0.047303098246949754,0.981996280289694,0.37549282987583743,-0.0405141709042154,1.015480865920354,0.040939360693293826,1
8.26399999999943,RETURN,0.3528175081355794,-0.047334114345535624,0.9818527503073059,0.37549282987583743,-0.0405141709042154,1.015480865920354,0.041128238526000074,1
8.26599999999943,RETURN,0.35269678411268446,-0.04736516786888433,0.9817091329681837,0.37549282987583743,-0.0405141709042154,1.015480865920354,0.041317379012207105,1
8.26799999999943,RETURN,0.3525757418211035,-0.04739625852888858,0.9815654299213152,0.37549282987583743,-0.0405141709042154,1.015480865920354,0.04150678081936738,1
8.269999999999431,RETURN,0.352454381475063,-0.04742738603706044,0.9814216428148945,0.37549282987583743,-0.0405141709042154,1.015480865920354,0.04169644261487554,1
8.271999999999432,RETURN,0.35233270329207494,-0.04745855010453301,0.9812777732963005,0.37549282987583743,-0.0405141709042154,1.015480865920354,0.04188636306607785,1
8.273999999999432,RETURN,0.35221070749294636,-0.04748975044206201,0.9811338230120819,0.37549282987583743,-0.0405141709042154,1.015480865920354,0.042076540840276205,1
8.275999999999433,RETURN,0.35208839430178795,-0.047520986760027153,0.980989793607934,0.37549282987583743,-0.0405141709042154,1.015480865920354,0.042266974604739244,1
8.277999999999434,RETURN,0.3519657639460245,-0.04755225876843421,0.9808456867286807,0.37549282987583743,-0.0405141709042154,1.015480865920354,0.042457663026708746,1
8.279999999999434,RETURN,0.35184281665640293,-0.04758356617691642,0.9807015040182555,0.37549282987583743,-0.0405141709042154,1.015480865920354,0.04264860477340678,1
8.281999999999435,RETURN,0.35171955266700183,-0.04761490869473632,0.9805572471196811,0.37549282987583743,-0.0405141709042154,1.015480865920354,0.04283979851204475,1
8.283999999999436,RETURN,0.35159597221523986,-0.04764628603078746,0.9804129176750496,0.37549282987583743,-0.0405141709042154,1.015480865920354,0.04303124290983112,1
8.285999999999436,RETURN,0.351472075541885,-0.047677697893595855,0.9802685173255049,0.37549282987583743,-0.0405141709042154,1.015480865920354,0.043222936633977686,1
8.287999999999437,RETURN,0.35134786289106257,-0.04770914399132213,0.9801240477112195,0.37549282987583743,-0.0405141709042154,1.015480865920354,0.043414878351710755,1
8.289999999999438,RETURN,0.35122333451026405,-0.04774062403176302,0.9799795104713803,0.37549282987583743,-0.0405141709042154,1.015480865920354,0.04360706673027441,1
8.291999999999438,RETURN,0.35109849065035564,-0.04777213772235337,0.9798349072441638,0.37549282987583743,-0.0405141709042154,1.015480865920354,0.04379950043694259,1
8.29399999999944,RETURN,0.3509733315655859,-0.0478036847701677,0.979690239666719,0.37549282987583743,-0.0405141709042154,1.015480865920354,0.04399217813902522,1
8.29599999999944,RETURN,0.3508478575135947,-0.04783526488192228,0.9795455093751471,0.37549282987583743,-0.0405141709042154,1.015480865920354,0.04418509850387654,1
8.29799999999944,RETURN,0.3507220687554201,-0.04786687776397692,0.979400718004483,0.37549282987583743,-0.0405141709042154,1.015480865920354,0.04437826019890249,1
8.299999999999441,RETURN,0.3505959655555069,-0.04789852312233636,0.9792558671886742,0.37549282987583743,-0.0405141709042154,1.015480865920354,0.044571661891569844,1
8.301999999999442,RETURN,0.350469548181715,-0.04793020066265328,0.9791109585605621,0.37549282987583743,-0.0405141709042154,1.015480865920354,0.04476530224941286,1
8.303999999999442,RETURN,0.350342816905326,-0.04796191009022917,0.9789659937518611,0.37549282987583743,-0.0405141709042154,1.015480865920354,0.04495917994004292,1
8.305999999999443,RETURN,0.35021577200105086,-0.047993651110016494,0.978820974393139,0.37549282987583743,-0.0405141709042154,1.015480865920354,0.04515329363115667,0
8.307999999999444,RETURN,0.35008841374703803,-0.04802542342662107,0.9786759021138004,0.37549282987583743,-0.0405141709042154,1.015480865920354,0.045347641990540935,0
8.309999999999444,RETURN,0.3499607424248797,-0.04805722674430347,0.9785307785420618,0.37549282987583743,-0.0405141709042154,1.015480865920354,0.045542223686085744,0
8.311999999999445,RETURN,0.34983275831961996,-0.04808906076698173,0.9783856053049352,0.37549282987583743,-0.0405141709042154,1.015480865920354,0.04573703738578923,0
8.313999999999446,RETURN,0.3497044617197615,-0.04812092519823252,0.9782403840282083,0.37549282987583743,-0.0405141709042154,1.015480865920354,0.045932081757765884,0
8.315999999999447,RETURN,0.3495758529172712,-0.04815281974129348,0.9780951163364234,0.37549282987583743,-0.0405141709042154,1.015480865920354,0.046127355470256606,0
8.317999999999447,RETURN,0.34944693220758954,-0.04818474409906601,0.9779498038528582,0.37549282987583743,-0.0405141709042154,1.015480865920354,0.04632285719163513,0
8.319999999999448,RETURN,0.349317699889635,-0.04821669797411623,0.9778044481995051,0.37549282987583743,-0.0405141709042154,1.015480865920354,0.04651858559041804,0
8.321999999999449,RETURN,0.34918815626581184,-0.04824868106867762,0.9776590509970533,0.37549282987583743,-0.0405141709042154,1.015480865920354,0.04671453933527076,0
8.32399999999945,RETURN,0.3490583016420153,-0.04828069308465305,0.977513613864867,0.37549282987583743,-0.0405141709042154,1.015480865920354,0.04691071709501841,0
8.32599999999945,RETURN,0.34892813632763964,-0.04831273372361729,0.9773681384209666,0.37549282987583743,-0.0405141709042154,1.015480865920354,0.04710711753865208,0
8.32799999999945,RETURN,0.34879766063558293,-0.048344802686818525,0.9772226262820086,0.37549282987583743,-0.0405141709042154,1.015480865920354,0.047303739335338046,0
8.329999999999451,RETURN,0.34866687488225356,-0.048376899675180766,0.9770770790632651,0.37549282987583743,-0.0405141709042154,1.015480865920354,0.047500581154426604,0
8.331999999999452,RETURN,0.34853577938757613,-0.04840902438930651,0.9769314983786047,0.37549282987583743,-0.0405141709042154,1.015480865920354,0.04769764166545973,0
8.333999999999453,RETURN,0.3484043744749969,-0.04844117652947784,0.9767858858404725,0.37549282987583743,-0.0405141709042154,1.015480865920354,0.04789491953817956,0
8.335999999999453,RETURN,0.348272660471491,-0.04847335579566037,0.9766402430598701,0.37549282987583743,-0.0405141709042154,1.015480865920354,0.04809241344253656,0
8.337999999999454,RETURN,0.3481406377075655,-0.04850556188750352,0.9764945716463342,0.37549282987583743,-0.0405141709042154,1.015480865920354,0.04829012204869981,0
8.339999999999455,RETURN,0.3480083065172673,-0.04853779450434468,0.97634887320792,0.37549282987583743,-0.0405141709042154,1.015480865920354,0.048488044027062305,0
8.341999999999455,RETURN,0.347875667238186,-0.048570053345209946,0.9762031493511768,0.37549282987583743,-0.0405141709042154,1.015480865920354,0.048686178048253405,0
8.343999999999456,RETURN,0.34774272021146196,-0.04860233810881741,0.9760574016811328,0.37549282987583743,-0.0405141709042154,1.015480865920354,0.04888452278314295,0
8.345999999999457,RETURN,0.3476094657817891,-0.04863464849357936,0.975911631801271,0.37549282987583743,-0.0405141709042154,1.015480865920354,0.04908307690285346,0
8.347999999999457,RETURN,0.34747590429742037,-0.04866698419760402,0.9757658413135123,0.37549282987583743,-0.0405141709042154,1.015480865920354,0.049281839078766716,0
8.349999999999458,RETURN,0.347342036110173,-0.04869934491869868,0.9756200318181936,0.37549282987583743,-0.0405141709042154,1.015480865920354,0.049480807982533,0
8.351999999999459,RETURN,0.34720786157543315,-0.048731730354371915,0.9754742049140479,0.37549282987583743,-0.0405141709042154,1.015480865920354,0.04967998228608004,0
8.35399999999946,RETURN,0.3470733810521605,-0.04876414020183561,0.9753283621981853,0.37549282987583743,-0.0405141709042154,1.015480865920354,0.049879360661620756,0
8.35599999999946,RETURN,0.34693859490289175,-0.04879657415800789,0.9751825052660725,0.37549282987583743,-0.0405141709042154,1.015480865920354,0.05007894178166277,0
8.35799999999946,RETURN,0.34680350349374645,-0.048829031919515195,0.9750366357115133,0.37549282987583743,-0.0405141709042154,1.015480865920354,0.05027872431901586,0
8.359999999999461,RETURN,0.3466681071944306,-0.04886151318269508,0.9748907551266273,0.37549282987583743,-0.0405141709042154,1.015480865920354,0.05047870694680202,0
8.361999999999462,RETURN,0.3465324063782398,-0.04889401764359855,0.9747448651018307,0.37549282987583743,-0.0405141709042154,1.015480865920354,0.050678888338463894,0
8.363999999999463,RETURN,0.3463964014220649,-0.048926544997992635,0.9745989672258161,0.37549282987583743,-0.0405141709042154,1.015480865920354,0.05087926716777298,0
8.365999999999463,RETURN,0.3462600927063947,-0.04895909494136244,0.9744530630855337,0.37549282987583743,-0.0405141709042154,1.015480865920354,0.05107984210883775,0
8.367999999999464,RETURN,0.3461234806153196,-0.04899166716891495,0.9743071542661697,0.37549282987583743,-0.0405141709042154,1.015480865920354,0.05128061183611396,0
8.369999999999465,RETURN,0.3459865655365362,-0.049024261375580185,0.9741612423511252,0.37549282987583743,-0.0405141709042154,1.015480865920354,0.051481575024413376,0
8.371999999999465,RETURN,0.34584934786134947,-0.04905687725601472,0.9740153289220002,0.37549282987583743,-0.0405141709042154,1.015480865920354,0.05168273034891053,0
8.373999999999466,RETURN,0.3457118279846771,-0.04908951450460376,0.9738694155585703,0.37549282987583743,-0.0405141709042154,1.015480865920354,0.051884076485153,0
8.375999999999467,RETURN,0.345574006305052,-0.04912217281546424,0.9737235038387659,0.37549282987583743,-0.0405141709042154,1.015480865920354,0.05208561210907195,0
8.377999999999467,RETURN,0.34543588322462626,-0.049154851882447295,0.9735775953386565,0.37549282987583743,-0.0405141709042154,1.015480865920354,0.05228733589698647,0
8.379999999999468,RETURN,0.34529745914917337,-0.04918755139914087,0.9734316916324253,0.37549282987583743,-0.0405141709042154,1.015480865920354,0.05248924652561745,0
8.381999999999469,RETURN,0.34515873448809087,-0.04922027105887228,0.9732857942923532,0.37549282987583743,-0.0405141709042154,1.015480865920354,0.05269134267209316,0
8.38399999999947,RETURN,0.3450197096544042,-0.04925301055471129,0.9731399048887979,0.37549282987583743,-0.0405141709042154,1.015480865920354,0.05289362301395849,0
8.38599999999947,RETURN,0.34488038506476815,-0.049285769579472616,0.9729940249901721,0.37549282987583743,-0.0405141709042154,1.015480865920354,0.053096086229185685,0
8.38799999999947,RETURN,0.34474076113947016,-0.04931854782571897,0.9728481561629255,0.37549282987583743,-0.0405141709042154,1.015480865920354,0.053298730996181334,0
8.389999999999471,RETURN,0.34460083830243177,-0.04935134498576317,0.9727022999715238,0.37549282987583743,-0.0405141709042154,1.015480865920354,0.0535015559937967,0
8.391999999999472,RETURN,0.34446061698121194,-0.04938416075167168,0.9725564579784285,0.37549282987583743,-0.0405141709042154,1.015480865920354,0.05370455990133592,0
8.393999999999473,RETURN,0.3443200976070085,-0.04941699481526706,0.972410631744079,0.37549282987583743,-0.0405141709042154,1.015480865920354,0.05390774139856397,0
8.395999999999473,RETURN,0.34417928061465985,-0.04944984686813082,0.9722648228268683,0.37549282987583743,-0.0405141709042154,1.015480865920354,0.05411109916571926,0
8.397999999999474,RETURN,0.3440381664426478,-0.04948271660160635,0.9721190327831281,0.37549282987583743,-0.0405141709042154,1.015480865920354,0.054314631883517865,0
8.399999999999475,RETURN,0.34389675553309823,-0.04951560370680168,0.971973263167105,0.37549282987583743,-0.0405141709042154,1.015480865920354,0.054518338233166125,0
8.401999999999475,RETURN,0.3437550483317837,-0.04954850787459276,0.971827515530942,0.37549282987583743,-0.0405141709042154,1.015480865920354,0.054722216896368324,0
8.403999999999476,RETURN,0.34361304528812386,-0.04958142879562548,0.9716817914246593,0.37549282987583743,-0.0405141709042154,1.015480865920354,0.054926266555335584,0
8.405999999999477,RETURN,0.3434707468551878,-0.04961436616031986,0.971536092396132,0.37549282987583743,-0.0405141709042154,1.015480865920354,0.05513048589279588,0
8.407999999999477,RETURN,0.343328153489695,-0.04964731965887193,0.9713904199910729,0.37549282987583743,-0.0405141709042154,1.015480865920354,0.055334873592001795,0
8.409999999999478,RETURN,0.3431852656520158,-0.04968028898125717,0.9712447757530105,0.37549282987583743,-0.0405141709042154,1.015480865920354,0.055539428336740915,0
8.411999999999479,RETURN,0.34304208380617346,-0.04971327381723355,0.9710991612232699,0.37549282987583743,-0.0405141709042154,1.015480865920354,0.055744148811344235,0
8.41399999999948,RETURN,0.3428986084198446,-0.049746273856344406,0.9709535779409529,0.37549282987583743,-0.0405141709042154,1.015480865920354,0.05594903370069522,0
8.41599999999948,RETURN,0.3427548399643592,-0.04977928878792134,0.970808027442918,0.37549282987583743,-0.0405141709042154,1.015480865920354,0.0561540816902396,0
8.41799999999948,RETURN,0.3426107789147029,-0.049812318301087684,0.9706625112637604,0.37549282987583743,-0.0405141709042154,1.015480865920354,0.05635929146599365,0
8.419999999999481,RETURN,0.34246642574951525,-0.04984536208476098,0.9705170309357922,0.37549282987583743,-0.0405141709042154,1.015480865920354,0.05656466171455414,0
8.421999999999482,RETURN,0.3423217809510926,-0.0498784198276568,0.9703715879890235,0.37549282987583743,-0.0405141709042154,1.015480865920354,0.05677019112310628,0
8.423999999999483,RETURN,0.34217684500538637,-0.049911491218291026,0.9702261839511391,0.37549282987583743,-0.0405141709042154,1.015480865920354,0.05697587837943568,0
8.425999999999483,RETURN,0.3420316184020041,-0.049944575944983804,0.9700808203474831,0.37549282987583743,-0.0405141709042154,1.015480865920354,0.05718172217193448,0
8.427999999999484,RETURN,0.3418861016342097,-0.04997767369586205,0.9699354987010366,0.37549282987583743,-0.0405141709042154,1.015480865920354,0.05738772118961165,0
8.429999999999485,RETURN,0.3417402951989221,-0.0500107841588628,0.969790220532398,0.37549282987583743,-0.0405141709042154,1.015480865920354,0.057593874122103136,0
8.431999999999485,RETURN,0.3415941995967166,-0.050043907021736694,0.9696449873597642,0.37549282987583743,-0.0405141709042154,1.015480865920354,0.057800179659679714,0
8.433999999999486,RETURN,0.34144781533182367,-0.05007704197205075,0.9694998006989097,0.37549282987583743,-0.0405141709042154,1.015480865920354,0.05800663649325709,0
8.435999999999487,RETURN,0.34130114291212804,-0.05011018869719154,0.969354662063167,0.37549282987583743,-0.0405141709042154,1.015480865920354,0.05821324331440557,0
8.437999999999487,RETURN,0.3411541828491697,-0.050143346884369236,0.9692095729634074,0.37549282987583743,-0.0405141709042154,1.015480865920354,0.05841999881535799,0
8.439999999999488,RETURN,0.34100693565814116,-0.05017651622061978,0.9690645349080212,0.37549282987583743,-0.0405141709042154,1.015480865920354,0.05862690168902007,0
8.441999999999489,RETURN,0.3408594018578881,-0.05020969639280887,0.9689195494028975,0.37549282987583743,-0.0405141709042154,1.015480865920354,0.05883395062897965,0
8.44399999999949,RETURN,0.3407115819709078,-0.05024288708763493,0.9687746179514047,0.37549282987583743,-0.0405141709042154,1.015480865920354,0.05904114432951551,0
8.44599999999949,RETURN,0.3405634765233482,-0.05027608799163279,0.968629742054371,0.37549282987583743,-0.0405141709042154,1.015480865920354,0.05924848148560726,0
8.44799999999949,RETURN,0.3404150860450067,-0.05030929879117638,0.9684849232100647,0.37549282987583743,-0.0405141709042154,1.015480865920354,0.05945596079294402,0
8.449999999999491,RETURN,0.3402664110693285,-0.05034251917248283,0.9683401629141747,0.37549282987583743,-0.0405141709042154,1.015480865920354,0.05966358094793447,0
8.451999999999492,RETURN,0.3401174521334058,-0.0503757488216153,0.9681954626597898,0.37549282987583743,-0.0405141709042154,1.015480865920354,0.05987134064771602,0
8.453999999999493,RETURN,0.33996820977797604,-0.050408987424486615,0.9680508239373807,0.37549282987583743,-0.0405141709042154,1.015480865920354,0.06007923859016373,0
8.455999999999493,RETURN,0.33981868454741954,-0.050442234666862554,0.9679062482347798,0.37549282987583743,-0.0405141709042154,1.015480865920354,0.06028727347390013,0
8.457999999999494,RETURN,0.33966887698975873,-0.050475490234365566,0.967761737037161,0.37549282987583743,-0.0405141709042154,1.015480865920354,0.060495443998304546,0
8.459999999999495,RETURN,0.33951878765665533,-0.0505087538124775,0.9676172918270209,0.37549282987583743,-0.0405141709042154,1.015480865920354,0.060703748863522485,0
8.461999999999495,RETURN,0.33936841710340865,-0.05054202508654376,0.9674729140841597,0.37549282987583743,-0.0405141709042154,1.015480865920354,0.060912186770474844,0
8.463999999999496,RETURN,0.33921776588895414,-0.050575303741776906,0.9673286052856607,0.37549282987583743,-0.0405141709042154,1.015480865920354,0.061120756420867166,0
8.465999999999497,RETURN,0.3390668345758598,-0.05060858946325934,0.9671843669058703,0.37549282987583743,-0.0405141709042154,1.015480865920354,0.06132945651720055,0
8.467999999999497,RETURN,0.33891562373032424,-0.050641881935947416,0.9670402004163815,0.37549282987583743,-0.0405141709042154,1.015480865920354,0.061538285762778505,0
8.469999999999498,RETURN,0.3387641339221751,-0.050675180844675066,0.9668961072860109,0.37549282987583743,-0.0405141709042154,1.015480865920354,0.061747242861718676,0
8.471999999999499,RETURN,0.33861236572486453,-0.0507084858741568,0.9667520889807827,0.37549282987583743,-0.0405141709042154,1.015480865920354,0.061956326518960665,0
8.4739999999995,RETURN,0.33846031971546847,-0.0507417967089918,0.9666081469639053,0.37549282987583743,-0.0405141709042154,1.015480865920354,0.06216553544027737,0
8.4759999999995,RETURN,0.3383079964746828,-0.050775113033667385,0.9664642826957569,0.37549282987583743,-0.0405141709042154,1.015480865920354,0.062374868332281425,0
8.4779999999995,RETURN,0.33815539658681915,-0.05080843453256226,0.9663204976338613,0.37549282987583743,-0.0405141709042154,1.015480865920354,0.06258432390243898,0
8.479999999999501,RETURN,0.3380025206398043,-0.05084176088995075,0.9661767932328728,0.37549282987583743,-0.0405141709042154,1.015480865920354,0.0627939008590746,0
8.481999999999502,RETURN,0.33784936922517483,-0.05087509179000582,0.9660331709445545,0.37549282987583743,-0.0405141709042154,1.015480865920354,0.06300359791138357,0
8.483999999999503,RETURN,0.3376959429380753,-0.050908426916803334,0.9658896322177594,0.37549282987583743,-0.0405141709042154,1.015480865920354,0.06321341376944101,0
8.485999999999503,RETURN,0.33754224237725294,-0.05094176595432506,0.9657461784984123,0.37549282987583743,-0.0405141709042154,1.015480865920354,0.06342334714421055,0
8.487999999999504,RETURN,0.3373882681450558,-0.050975108586462814,0.9656028112294894,0.37549282987583743,-0.0405141709042154,1.015480865920354,0.0636333967475546,0
8.489999999999505,RETURN,0.3372340208474284,-0.05100845449702236,0.9654595318509998,0.37549282987583743,-0.0405141709042154,1.015480865920354,0.06384356129224367,0
8.491999999999505,RETURN,0.33707950109390783,-0.051041803369726614,0.9653163417999672,0.37549282987583743,-0.0405141709042154,1.015480865920354,0.06405383949196473,0
8.493999999999506,RETURN,0.33692470949761943,-0.051075154888219704,0.9651732425104093,0.37549282987583743,-0.0405141709042154,1.015480865920354,0.06426423006133297,0
8.495999999999507,RETURN,0.33676964667527365,-0.05110850873607034,0.9650302354133192,0.37549282987583743,-0.0405141709042154,1.015480865920354,0.06447473171589975,0
8.497999999999507,RETURN,0.3366143132471609,-0.05114186459677647,0.9648873219366478,0.37549282987583743,-0.0405141709042154,1.015480865920354,0.06468534317216221,0
8.499999999999508,RETURN,0.33645870983714804,-0.05117522215376786,0.9647445035052834,0.37549282987583743,-0.0405141709042154,1.015480865920354,0.06489606314757304,0
8.501999999999509,RETURN,0.33630283707267355,-0.051208581090411084,0.9646017815410339,0.37549282987583743,-0.0405141709042154,1.015480865920354,0.06510689036054952,0
8.50399999999951,RETURN,0.336146695584743,-0.0512419410900126,0.9644591574626059,0.37549282987583743,-0.0405141709042154,1.015480865920354,0.06531782353048485,0
8.50599999999951,RETURN,0.3359902860079247,-0.05127530183582295,0.9643166326855885,0.37549282987583743,-0.0405141709042154,1.015480865920354,0.06552886137775517,0
8.50799999999951,RETURN,0.3358336089803441,-0.051308663011040076,0.9641742086224333,0.37549282987583743,-0.0405141709042154,1.015480865920354,0.06574000262373068,0
8.509999999999511,RETURN,0.3356766651436803,-0.05134202429881394,0.9640318866824354,0.37549282987583743,-0.0405141709042154,1.015480865920354,0.06595124599078453,0
8.511999999999512,RETURN,0.33551945514315984,-0.05137538538225021,0.9638896682717147,0.37549282987583743,-0.0405141709042154,1.015480865920354,0.06616259020230318,0
8.513999999999513,RETURN,0.33536197962755226,-0.05140874594441379,0.9637475547931984,0.37549282987583743,-0.0405141709042154,1.015480865920354,0.06637403398269452,0
8.515999999999513,RETURN,0.33520423924916454,-0.051442105668332884,0.9636055476466001,0.37549282987583743,-0.0405141709042154,1.015480865920354,0.06658557605739931,0
8.517999999999514,RETURN,0.3350462346638359,-0.051475464237003415,0.9634636482284045,0.37549282987583743,-0.0405141709042154,1.015480865920354,0.06679721515289841,0
8.519999999999515,RETURN,0.33488796653093245,-0.05150882133339255,0.9633218579318454,0.37549282987583743,-0.0405141709042154,1.015480865920354,0.06700894999672444,0
8.521999999999515,RETURN,0.3347294355133414,-0.051542176640442465,0.9631801781468893,0.37549282987583743,-0.0405141709042154,1.015480865920354,0.06722077931747054,0
8.523999999999516,RETURN,0.3345706422774655,-0.0515755298410749,0.9630386102602173,0.37549282987583743,-0.0405141709042154,1.015480865920354,0.06743270184479876,0
8.525999999999517,RETURN,0.3344115874932172,-0.05160888061819478,0.9628971556552047,0.37549282987583743,-0.0405141709042154,1.015480865920354,0.0676447163094519,0
8.527999999999517,RETURN,0.3342522718340131,-0.051642228654694464,0.9627558157119036,0.37549282987583743,-0.0405141709042154,1.015480865920354,0.06785682144326166,0
8.529999999999518,RETURN,0.33409269597676755,-0.05167557363345751,0.9626145918070254,0.37549282987583743,-0.0405141709042154,1.015480865920354,0.0680690159791579,0
8.531999999999519,RETURN,0.33393286060188615,-0.05170891523736294,0.9624734853139224,0.37549282987583743,-0.0405141709042154,1.015480865920354,0.0682812986511784,0
8.53399999999952,RETURN,0.3337727663932605,-0.05174225314928942,0.9623324976025678,0.37549282987583743,-0.0405141709042154,1.015480865920354,0.06849366819447957,0
8.53599999999952,RETURN,0.3336124140382611,-0.05177558705211889,0.9621916300395391,0.37549282987583743,-0.0405141709042154,1.015480865920354,0.06870612334534462,0
8.53799999999952,RETURN,0.33345180422773113,-0.05180891662874125,0.9620508839879996,0.37549282987583743,-0.0405141709042154,1.015480865920354,0.06891866284119376,0
8.539999999999521,RETURN,0.3332909376559801,-0.05184224156205802,0.9619102608076808,0.37549282987583743,-0.0405141709042154,1.015480865920354,0.069131285420593,0
8.541999999999522,RETURN,0.3331298150207764,-0.051875561534986736,0.9617697618548638,0.37549282987583743,-0.0405141709042154,1.015480865920354,0.06934398982326455,0
8.543999999999523,RETURN,0.3329684370233415,-0.05190887623046485,0.9616293884823605,0.37549282987583743,-0.0405141709042154,1.015480865920354,0.06955677479009643,0
8.545999999999523,RETURN,0.33280680436834265,-0.05194218533145428,0.9614891420394969,0.37549282987583743,-0.0405141709042154,1.015480865920354,0.06976963906315121,0
8.547999999999524,RETURN,0.3326449177638851,-0.051975488520945,0.9613490238720958,0.37549282987583743,-0.0405141709042154,1.015480865920354,0.06998258138567574,0
8.549999999999525,RETURN,0.33248277792150627,-0.052008785481960085,0.9612090353224564,0.37549282987583743,-0.0405141709042154,1.015480865920354,0.07019560050211171,0
8.551999999999525,RETURN,0.3323203855561683,-0.05204207589755918,0.961069177729339,0.37549282987583743,-0.0405141709042154,1.015480865920354,0.07040869515810345,0
8.553999999999526,RETURN,0.33215774138624904,-0.05207535945084272,0.9609294524279463,0.37549282987583743,-0.0405141709042154,1.015480865920354,0.07062186410050907,0
8.555999999999527,RETURN,0.3319948461335373,-0.052108635824956714,0.9607898607499054,0.37549282987583743,-0.0405141709042154,1.015480865920354,0.07083510607740875,0
8.557999999999527,RETURN,0.33183170052322286,-0.052141904703096605,0.9606504040232506,0.37549282987583743,-0.0405141709042154,1.015480865920354,0.07104841983811527,0
8.559999999999528,RETURN,0.3316683052838905,-0.05217516576851154,0.960511083572406,0.37549282987583743,-0.0405141709042154,1.015480865920354,0.07126180413318259,0
8.561999999999529,RETURN,0.33150466114751126,-0.052208418704508874,0.9603719007181671,0.37549282987583743,-0.0405141709042154,1.015480865920354,0.07147525771441617,0
8.56399999999953,RETURN,0.3313407688494348,-0.052241663194458256,0.9602328567776847,0.37549282987583743,-0.0405141709042154,1.015480865920354,0.07168877933488171,0
8.56599999999953,RETURN,0.33117662912838153,-0.052274898921796015,0.9600939530644457,0.37549282987583743,-0.0405141709042154,1.015480865920354,0.07190236774891563,0
8.56799999999953,RETURN,0.3310122427264345,-0.05230812557002941,0.9599551908882576,0.37549282987583743,-0.0405141709042154,1.015480865920354,0.07211602171213327,0
8.569999999999531,RETURN,0.33084761038903154,-0.052341342822741194,0.9598165715552294,0.37549282987583743,-0.0405141709042154,1.015480865920354,0.07232973998143977,0
8.571999999999532,RETURN,0.330682732864956,-0.052374550363593675,0.9596780963677557,0.37549282987583743,-0.0405141709042154,1.015480865920354,0.0725435213150385,0
8.573999999999533,RETURN,0.33051761090632914,-0.05240774787633303,0.9595397666244999,0.37549282987583743,-0.0405141709042154,1.015480865920354,0.07275736447244027,0
8.575999999999533,RETURN,0.33035224526860146,-0.0524409350447942,0.9594015836203744,0.37549282987583743,-0.0405141709042154,1.015480865920354,0.07297126821447487,0
8.577999999999534,RETURN,0.3301866367105439,-0.0524741115529047,0.9592635486465264,0.37549282987583743,-0.0405141709042154,1.015480865920354,0.07318523130329821,0
8.579999999999535,RETURN,0.33002078599423956,-0.052507277084689455,0.9591256629903199,0.37549282987583743,-0.0405141709042154,1.015480865920354,0.07339925250240235,0
8.581999999999535,RETURN,0.3298546938850744,-0.0525404313242748,0.9589879279353181,0.37549282987583743,-0.0405141709042154,1.015480865920354,0.07361333057662578,0
8.583999999999536,RETURN,0.32968836115172817,-0.05257357395589331,0.9588503447612671,0.37549282987583743,-0.0405141709042154,1.015480865920354,0.07382746429216241,0
8.585999999999537,RETURN,0.3295217885661664,-0.052606704663887977,0.9587129147440796,0.37549282987583743,-0.0405141709042154,1.015480865920354,0.0740416524165701,0
8.587999999999537,RETURN,0.32935497690362997,-0.05263982313271691,0.9585756391558162,0.37549282987583743,-0.0405141709042154,1.015480865920354,0.07425589371878212,0
8.589999999999538,RETURN,0.32918792694262633,-0.05267292904695721,0.9584385192646717,0.37549282987583743,-0.0405141709042154,1.015480865920354,0.07447018696911417,0
8.591999999999539,RETURN,0.3290206394649211,-0.0527060220913106,0.9583015563349551,0.37549282987583743,-0.0405141709042154,1.015480865920354,0.07468453093927574,0
8.59399999999954,RETURN,0.328853115255527,-0.052739101950606666,0.9581647516270755,0.37549282987583743,-0.0405141709042154,1.015480865920354,0.07489892440237834,0
8.59599999999954,RETURN,0.3286853551026959,-0.052772168309808215,0.9580281063975242,0.37549282987583743,-0.0405141709042154,1.015480865920354,0.0751133661329454,0
8.59799999999954,RETURN,0.3285173597979078,-0.05280522085401535,0.9578916218988591,0.37549282987583743,-0.0405141709042154,1.015480865920354,0.07532785490692155,0
8.599999999999541,RETURN,0.32834913013586176,-0.052838259268470106,0.9577552993796876,0.37549282987583743,-0.0405141709042154,1.015480865920354,0.07554238950168207,0
8.601999999999542,RETURN,0.32818066691446685,-0.05287128323856137,0.957619140084651,0.37549282987583743,-0.0405141709042154,1.015480865920354,0.0757569686960414,0
8.603999999999543,RETURN,0.3280119709348301,-0.05290429244982865,0.9574831452544076,0.37549282987583743,-0.0405141709042154,1.015480865920354,0.07597159127026402,0
8.605999999999543,RETURN,0.32784304300124895,-0.05293728658796749,0.9573473161256162,0.37549282987583743,-0.0405141709042154,1.015480865920354,0.07618625600607275,0
8.607999999999544,RETURN,0.3276738839211993,-0.05297026533883358,0.957211653930921,0.37549282987583743,-0.0405141709042154,1.015480865920354,0.0764009616866582,0
8.609999999999545,RETURN,0.32750449450532626,-0.053003228388447496,0.9570761598989345,0.37549282987583743,-0.0405141709042154,1.015480865920354,0.0766157070966884,0
8.611999999999545,RETURN,0.327334875567433,-0.05303617542299904,0.9569408352542228,0.37549282987583743,-0.0405141709042154,1.015480865920354,0.07683049102231737,0
8.613999999999546,RETURN,0.3271650279244712,-0.053069106128852,0.9568056812172878,0.37549282987583743,-0.0405141709042154,1.015480865920354,0.0770453122511956,0
8.615999999999547,RETURN,0.32699495239653,-0.05310202019254937,0.956670699004553,0.37549282987583743,-0.0405141709042154,1.015480865920354,0.07726016957247829,0
8.617999999999547,RETURN,0.32682464980682585,-0.05313491730081704,0.9565358898283467,0.37549282987583743,-0.0405141709042154,1.015480865920354,0.0774750617768349,0
8.619999999999548,RETURN,0.32665412098169055,-0.05316779714056894,0.9564012548968868,0.37549282987583743,-0.0405141709042154,1.015480865920354,0.07768998765645899,0
8.621999999999549,RETURN,0.3264833667505626,-0.053200659398911734,0.9562667954142651,0.37549282987583743,-0.0405141709042154,1.015480865920354,0.07790494600507601,0
8.62399999999955,RETURN,0.3263123879459743,-0.053233503763149295,0.9561325125804315,0.37549282987583743,-0.0405141709042154,1.015480865920354,0.07811993561795405,0
8.62599999999955,RETURN,0.32614118540354137,-0.05326632992078763,0.9559984075911783,0.37549282987583743,-0.0405141709042154,1.015480865920354,0.07833495529191285,0
8.62799999999955,RETURN,0.32596975996195304,-0.053299137559539495,0.955864481638125,0.37549282987583743,-0.0405141709042154,1.015480865920354,0.07855000382533177,0
8.629999999999551,RETURN,0.3257981124629585,-0.05333192636732866,0.9557307359087033,0.37549282987583743,-0.0405141709042154,1.015480865920354,0.07876508001816053,0
8.631999999999552,RETURN,0.32562624375135796,-0.05336469603229537,0.955597171586141,0.37549282987583743,-0.0405141709042154,1.015480865920354,0.07898018267192727,0
8.633999999999553,RETURN,0.3254541546749901,-0.05339744624280075,0.9554637898494481,0.37549282987583743,-0.0405141709042154,1.015480865920354,0.07919531058974767,0
8.635999999999553,RETURN,0.32528184608472027,-0.053430176687431205,0.9553305918733992,0.37549282987583743,-0.0405141709042154,1.015480865920354,0.07941046257633601,0
8.637999999999554,RETURN,0.3251093188344304,-0.053462887055003794,0.9551975788285214,0.37549282987583743,-0.0405141709042154,1.015480865920354,0.07962563743801104,0
8.639999999999555,RETURN,0.32493657378100566,-0.05349557703457035,0.9550647518810769,0.37549282987583743,-0.0405141709042154,1.015480865920354,0.0798408339827082,0
8.641999999999555,RETURN,0.32476361178432434,-0.053528246315423016,0.9549321121930503,0.37549282987583743,-0.0405141709042154,1.015480865920354,0.08005605101998584,0
8.643999999999556,RETURN,0.32459043370724416,-0.053560894587098,0.9547996609221305,0.37549282987583743,-0.0405141709042154,1.015480865920354,0.08027128736103796,0
8.645999999999557,RETURN,0.32441704041559233,-0.05359352153938132,0.9546673992217001,0.37549282987583743,-0.0405141709042154,1.015480865920354,0.08048654181869906,0
8.647999999999557,RETURN,0.3242434327781525,-0.05362612686231306,0.954535328240817,0.37549282987583743,-0.0405141709042154,1.015480865920354,0.08070181320745624,0
8.649999999999558,RETURN,0.3240696116666526,-0.053658710246192495,0.9544034491242018,0.37549282987583743,-0.0405141709042154,1.015480865920354,0.08091710034345717,0
8.651999999999559,RETURN,0.3238955779557526,-0.05369127138158242,0.9542717630122226,0.37549282987583743,-0.0405141709042154,1.015480865920354,0.08113240204451948,0
8.65399999999956,RETURN,0.3237213325230334,-0.05372380995931461,0.9541402710408812,0.37549282987583743,-0.0405141709042154,1.015480865920354,0.08134771713013836,0
8.65599999999956,RETURN,0.3235468762489833,-0.05375632567049442,0.9540089743417974,0.37549282987583743,-0.0405141709042154,1.015480865920354,0.08156304442149755,0
8.65799999999956,RETURN,0.3233722100169856,-0.05378881820650503,0.9538778740421965,0.37549282987583743,-0.0405141709042154,1.015480865920354,0.08177838274147681,0
8.659999999999561,RETURN,0.3231973347133065,-0.05382128725901328,0.9537469712648928,0.37549282987583743,-0.0405141709042154,1.015480865920354,0.08199373091466203,0
8.661999999999562,RETURN,0.3230222512270829,-0.0538537325199738,0.9536162671282775,0.37549282987583743,-0.0405141709042154,1.015480865920354,0.08220908776735297,0
8.663999999999563,RETURN,0.3228469604503087,-0.0538861536816345,0.9534857627463039,0.37549282987583743,-0.0405141709042154,1.015480865920354,0.08242445212757275,0
8.665999999999563,RETURN,0.32267146327782265,-0.05391855043654056,0.953355459228474,0.37549282987583743,-0.0405141709042154,1.015480865920354,0.08263982282507619,0
8.667999999999564,RETURN,0.3224957606072956,-0.053950922477540283,0.9532253576798215,0.37549282987583743,-0.0405141709042154,1.015480865920354,0.0828551986913608,0
8.669999999999565,RETURN,0.3223198533392175,-0.053983269497789324,0.9530954592009037,0.37549282987583743,-0.0405141709042154,1.015480865920354,0.08307057855967175,0
8.671999999999565,RETURN,0.32214374237688365,-0.05401559119075615,0.952965764887782,0.37549282987583743,-0.0405141709042154,1.015480865920354,0.08328596126501474,0
8.673999999999566,RETURN,0.3219674286263828,-0.05404788725022584,0.9528362758320119,0.37549282987583743,-0.0405141709042154,1.015480865920354,0.08350134564416194,0
8.675999999999567,RETURN,0.3217909129965832,-0.054080157370306636,0.9527069931206286,0.37549282987583743,-0.0405141709042154,1.015480865920354,0.08371673053566182,0
8.677999999999567,RETURN,0.32161419639911965,-0.05411240124543365,0.9525779178361322,0.37549282987583743,-0.0405141709042154,1.015480865920354,0.08393211477984829,0
8.679999999999568,RETURN,0.3214372797483795,-0.05414461857037409,0.952449051056476,0.37549282987583743,-0.0405141709042154,1.015480865920354,0.084147497218849,0
8.681999999999569,RETURN,0.3212601639614907,-0.05417680904023234,0.9523203938550523,0.37549282987583743,-0.0405141709042154,1.015480865920354,0.08436287669659356,0
8.68399999999957,RETURN,0.3210828499583068,-0.05420897235045499,0.952191947300679,0.37549282987583743,-0.0405141709042154,1.015480865920354,0.08457825205882334,0
8.68599999999957,RETURN,0.320905338661394,-0.05424110819683524,0.9520637124575878,0.37549282987583743,-0.0405141709042154,1.015480865920354,0.08479362215309887,0
8.68799999999957,RETURN,0.3207276309960175,-0.05427321627551855,0.9519356903854093,0.37549282987583743,-0.0405141709042154,1.015480865920354,0.08500898582880961,0
8.689999999999571,RETURN,0.32054972789012764,-0.05430529628300737,0.9518078821391609,0.37549282987583743,-0.0405141709042154,1.015480865920354,0.08522434193718219,0
8.691999999999572,RETURN,0.32037163027434673,-0.054337347916166,0.951680288769234,0.37549282987583743,-0.0405141709042154,1.015480865920354,0.08543968933128859,0
8.693999999999573,RETURN,0.3201933390819535,-0.05436937087222517,0.9515529113213814,0.37549282987583743,-0.0405141709042154,1.015480865920354,0.08565502686605551,0
8.695999999999573,RETURN,0.3200148552488717,-0.05440136484878819,0.9514257508367039,0.37549282987583743,-0.0405141709042154,1.015480865920354,0.08587035339827184,0
8.697999999999574,RETURN,0.31983617971365347,-0.054433329543834896,0.9512988083516385,0.37549282987583743,-0.0405141709042154,1.015480865920354,0.08608566778659814,0
8.699999999999575,RETURN,0.319657313417467,-0.054465264655726944,0.9511720848979454,0.37549282987583743,-0.0405141709042154,1.015480865920354,0.08630096889157461,0
8.701999999999575,RETURN,0.3194782573040816,-0.05449716988321286,0.9510455815026947,0.37549282987583743,-0.0405141709042154,1.015480865920354,0.0865162555756304,0
8.703999999999576,RETURN,0.3192990123198535,-0.054529044925433215,0.950919299188256,0.37549282987583743,-0.0405141709042154,1.015480865920354,0.08673152670309081,0
8.705999999999577,RETURN,0.3191195794137117,-0.05456088948192531,0.9507932389722847,0.37549282987583743,-0.0405141709042154,1.015480865920354,0.08694678114018665,0
8.707999999999577,RETURN,0.3189399595371437,-0.05459270325262838,0.9506674018677104,0.37549282987583743,-0.0405141709042154,1.015480865920354,0.08716201775506201,0
8.709999999999578,RETURN,0.3187601536441806,-0.05462448593788864,0.9505417888827243,0.37549282987583743,-0.0405141709042154,1.015480865920354,0.08737723541778322,0
8.711999999999579,RETURN,0.31858016269138295,-0.05465623723846442,0.9504164010207677,0.37549282987583743,-0.0405141709042154,1.015480865920354,0.087592433000347,0
8.71399999999958,RETURN,0.3183999876378256,-0.0546879568555306,0.9502912392805197,0.37549282987583743,-0.0405141709042154,1.015480865920354,0.08780760937668898,0
8.71599999999958,RETURN,0.31821962944508403,-0.05471964449068474,0.9501663046558863,0.37549282987583743,-0.0405141709042154,1.015480865920354,0.08802276342269108,0
8.71799999999958,RETURN,0.31803908907721834,-0.05475129984595102,0.9500415981359874,0.37549282987583743,-0.0405141709042154,1.015480865920354,0.08823789401619099,0
8.719999999999581,RETURN,0.3178583675007598,-0.054782922623786263,0.949917120705146,0.37549282987583743,-0.0405141709042154,1.015480865920354,0.08845300003698975,0
8.721999999999582,RETURN,0.31767746568469457,-0.05481451252708379,0.9497928733428772,0.37549282987583743,-0.0405141709042154,1.015480865920354,0.08866808036685961,0
8.723999999999583,RETURN,0.31749638460044993,-0.05484606925917994,0.9496688570238742,0.37549282987583743,-0.0405141709042154,1.015480865920354,0.08888313388955409,0
8.725999999999583,RETURN,0.31731512522187827,-0.05487759252385775,0.9495450727180007,0.37549282987583743,-0.0405141709042154,1.015480865920354,0.08909815949081336,0
8.727999999999584,RETURN,0.3171336885252432,-0.05490908202535329,0.9494215213902769,0.37549282987583743,-0.0405141709042154,1.015480865920354,0.08931315605837432,0
8.729999999999585,RETURN,0.31695207548920307,-0.05494053746835956,0.9492982040008693,0.37549282987583743,-0.0405141709042154,1.015480865920354,0.08952812248197838,0
8.731999999999585,RETURN,0.3167702870947964,-0.05497195855803223,0.9491751215050799,0.37549282987583743,-0.0405141709042154,1.015480865920354,0.08974305765337905,0
8.733999999999586,RETURN,0.31658832432542716,-0.05500334499999489,0.9490522748533345,0.37549282987583743,-0.0405141709042154,1.015480865920354,0.08995796046635018,0
8.735999999999587,RETURN,0.31640618816684835,-0.05503469650034366,0.9489296649911724,0.37549282987583743,-0.0405141709042154,1.015480865920354,0.09017282981669464,0
8.737999999999587,RETURN,0.31622387960714743,-0.05506601276565241,0.9488072928592356,0.37549282987583743,-0.0405141709042154,1.015480865920354,0.09038766460225099,0
8.739999999999588,RETURN,0.3160413996367304,-0.05509729350297794,0.9486851593932577,0.37549282987583743,-0.0405141709042154,1.015480865920354,0.09060246372290286,0
8.741999999999589,RETURN,0.31585874924830626,-0.05512853841986498,0.9485632655240543,0.37549282987583743,-0.0405141709042154,1.015480865920354,0.09081722608058566,0
8.74399999999959,RETURN,0.31567592943687206,-0.0551597472243515,0.9484416121775104,0.37549282987583743,-0.0405141709042154,1.015480865920354,0.09103195057929603,0
8.74599999999959,RETURN,0.3154929411996964,-0.05519091962497365,0.9483202002745736,0.37549282987583743,-0.0405141709042154,1.015480865920354,0.09124663612509724,0
8.74799999999959,RETURN,0.3153097855363043,-0.055222055330770514,0.9481990307312407,0.37549282987583743,-0.0405141709042154,1.015480865920354,0.09146128162612924,0
8.749999999999591,RETURN,0.31512646344846085,-0.05525315405128986,0.9480781044585477,0.37549282987583743,-0.0405141709042154,1.015480865920354,0.09167588599261646,0
8.751999999999592,RETURN,0.31494297594015647,-0.05528421549659297,0.9479574223625616,0.37549282987583743,-0.0405141709042154,1.015480865920354,0.0918904481368738,0
8.753999999999593,RETURN,0.3147593240175898,-0.05531523937725967,0.9478369853443693,0.37549282987583743,-0.0405141709042154,1.015480865920354,0.09210496697331594,0
8.755999999999593,RETURN,0.3145755086891526,-0.05534622540439338,0.9477167943000674,0.37549282987583743,-0.0405141709042154,1.015480865920354,0.09231944141846453,0
8.757999999999594,RETURN,0.31439153096541333,-0.05537717328962633,0.9475968501207535,0.37549282987583743,-0.0405141709042154,1.015480865920354,0.09253387039095547,0
8.759999999999595,RETURN,0.3142073918591012,-0.055408082745124855,0.9474771536925147,0.37549282987583743,-0.0405141709042154,1.015480865920354,0.09274825281154779,0
8.761999999999595,RETURN,0.3140230923850903,-0.05543895348359405,0.9473577058964204,0.37549282987583743,-0.0405141709042154,1.015480865920354,0.09296258760312964,0
8.763999999999596,RETURN,0.31383863356038294,-0.05546978521828344,0.9472385076085099,0.37549282987583743,-0.0405141709042154,1.015480865920354,0.093176873690728,0
8.765999999999597,RETURN,0.31365401640409424,-0.05550057766299168,0.9471195596997865,0.37549282987583743,-0.0405141709042154,1.015480865920354,0.09339111000151329,0
8.767999999999597,RETURN,0.31346924193743475,-0.055531330532071654,0.947000863036206,0.37549282987583743,-0.0405141709042154,1.015480865920354,0.09360529546480909,0
8.769999999999598,RETURN,0.3132843111836953,-0.05556204354043612,0.9468824184786663,0.37549282987583743,-0.0405141709042154,1.015480865920354,0.09381942901210022,0
8.771999999999599,RETURN,0.31309922516822997,-0.055592716403562115,0.9467642268830027,0.37549282987583743,-0.0405141709042154,1.015480865920354,0.09403350957703688,0
8.7739999999996,RETURN,0.3129139849184397,-0.05562334883749677,0.9466462890999733,0.37549282987583743,-0.0405141709042154,1.015480865920354,0.09424753609544644,0
8.7759999999996,RETURN,0.3127285914637556,-0.05565394055886151,0.9465286059752547,0.37549282987583743,-0.0405141709042154,1.015480865920354,0.09446150750533756,0
8.7779999999996,RETURN,0.3125430458356235,-0.05568449128485817,0.9464111783494318,0.37549282987583743,-0.0405141709042154,1.015480865920354,0.09467542274690792,0
8.779999999999601,RETURN,0.3123573490674859,-0.05571500073327358,0.9462940070579873,0.37549282987583743,-0.0405141709042154,1.015480865920354,0.0948892807625538,0
8.781999999999602,RETURN,0.31217150219476675,-0.05574546862248476,0.946177092931296,0.37549282987583743,-0.0405141709042154,1.015480865920354,0.0951030804968744,0
8.783999999999603,RETURN,0.3119855062548532,-0.05577589467146399,0.9460604367946152,0.37549282987583743,-0.0405141709042154,1.015480865920354,0.09531682089668093,0
8.785999999999603,RETURN,0.31179936228708083,-0.05580627859978425,0.9459440394680747,0.37549282987583743,-0.0405141709042154,1.015480865920354,0.0955305009110037,0
8.787999999999604,RETURN,0.31161307133271526,-0.055836620127623575,0.9458279017666719,0.37549282987583743,-0.0405141709042154,1.015480865920354,0.09574411949109796,0
8.789999999999605,RETURN,0.31142663443493623,-0.05586691897577132,0.9457120245002602,0.37549282987583743,-0.0405141709042154,1.015480865920354,0.095957675590453,0
8.791999999999605,RETURN,0.3112400526388202,-0.055897174865632046,0.9455964084735433,0.37549282987583743,-0.0405141709042154,1.015480865920354,0.09617116816479779,0
8.793999999999606,RETURN,0.31105332699132393,-0.05592738751923147,0.9454810544860665,0.37549282987583743,-0.0405141709042154,1.015480865920354,0.09638459617210858,0
8.795999999999607,RETURN,0.3108664585412671,-0.05595755665922147,0.9453659633322091,0.37549282987583743,-0.0405141709042154,1.015480865920354,0.09659795857261552,0
8.797999999999607,RETURN,0.3106794483393162,-0.05598768200888482,0.9452511358011757,0.37549282987583743,-0.0405141709042154,1.015480865920354,0.09681125432881046,0
8.799999999999608,RETURN,0.3104922974379664,-0.056017763292140615,0.9451365726769896,0.37549282987583743,-0.0405141709042154,1.015480865920354,0.09702448240545322,0
8.801999999999609,RETURN,0.3103050068915249,-0.05604780023354934,0.9450222747384855,0.37549282987583743,-0.0405141709042154,1.015480865920354,0.09723764176957853,0
8.80399999999961,RETURN,0.3101175777560941,-0.05607779255831781,0.9449082427593011,0.37549282987583743,-0.0405141709042154,1.015480865920354,0.09745073139050335,0
8.80599999999961,RETURN,0.30993001108955465,-0.05610773999230451,0.9447944775078705,0.37549282987583743,-0.0405141709042154,1.015480865920354,0.09766375023983284,0
8.80799999999961,RETURN,0.3097423079515467,-0.05613764226202425,0.9446809797474167,0.37549282987583743,-0.0405141709042154,1.015480865920354,0.09787669729146864,0
8.809999999999611,RETURN,0.3095544694034551,-0.05616749909465421,0.9445677502359441,0.37549282987583743,-0.0405141709042154,1.015480865920354,0.0980895715216145,0
8.811999999999612,RETURN,0.3093664965083906,-0.056197310218037894,0.9444547897262328,0.37549282987583743,-0.0405141709042154,1.015480865920354,0.09830237190878252,0
8.813999999999613,RETURN,0.3091783903311722,-0.05622707536069096,0.9443420989658307,0.37549282987583743,-0.0405141709042154,1.015480865920354,0.09851509743380134,0
8.815999999999613,RETURN,0.3089901519383111,-0.056256794251805874,0.9442296786970471,0.37549282987583743,-0.0405141709042154,1.015480865920354,0.09872774707982143,0
8.817999999999614,RETURN,0.3088017823979928,-0.05628646662125755,0.9441175296569455,0.37549282987583743,-0.0405141709042154,1.015480865920354,0.09894031983232252,0
8.819999999999615,RETURN,0.3086132827800588,-0.05631609219960784,0.9440056525773376,0.37549282987583743,-0.0405141709042154,1.015480865920354,0.09915281467912025,0
8.821999999999615,RETURN,0.3084246541559909,-0.05634567071811103,0.9438940481847766,0.37549282987583743,-0.0405141709042154,1.015480865920354,0.0993652306103718,0
8.823999999999616,RETURN,0.3082358975988919,-0.0563752019087184,0.9437827172005514,0.37549282987583743,-0.0405141709042154,1.015480865920354,0.0995775666185832,0
8.825999999999617,RETURN,0.3080470141834697,-0.05640468550408416,0.9436716603406786,0.37549282987583743,-0.0405141709042154,1.015480865920354,0.09978982169861597,0
8.827999999999617,RETURN,0.3078580049860184,-0.05643412123756958,0.9435608783159002,0.37549282987583743,-0.0405141709042154,1.015480865920354,0.10000199484769162,0
8.829999999999618,RETURN,0.3076688710844017,-0.05646350884324885,0.9434503718316725,0.37549282987583743,-0.0405141709042154,1.015480865920354,0.10021408506540111,0
8.831999999999619,RETURN,0.3074796135580349,-0.05649284805591344,0.9433401415881646,0.37549282987583743,-0.0405141709042154,1.015480865920354,0.10042609135370821,0
8.83399999999962,RETURN,0.3072902334878673,-0.05652213861107766,0.9432301882802498,0.37549282987583743,-0.0405141709042154,1.015480865920354,0.10063801271695774,0
8.83599999999962,RETURN,0.3071007319563642,-0.05655138024498331,0.9431205125975008,0.37549282987583743,-0.0405141709042154,1.015480865920354,0.1008498481618816,0
8.83799999999962,RETURN,0.30691111004749033,-0.05658057269460534,0.943011115224185,0.37549282987583743,-0.0405141709042154,1.015480865920354,0.10106159669760335,0
8.839999999999621,RETURN,0.3067213688466905,-0.05660971569765631,0.9429019968392575,0.37549282987583743,-0.0405141709042154,1.015480865920354,0.10127325733564659,0
8.841999999999622,RETURN,0.306531509440873,-0.056638808992591494,0.9427931581163568,0.37549282987583743,-0.0405141709042154,1.015480865920354,0.10148482908993953,0
8.843999999999623,RETURN,0.3063415329183915,-0.056667852318613945,0.942684599723799,0.37549282987583743,-0.0405141709042154,1.015480865920354,0.10169631097682182,0
8.845999999999623,RETURN,0.30615144036902747,-0.05669684541567994,0.942576322324574,0.37549282987583743,-0.0405141709042154,1.015480865920354,0.10190770201504952,0
8.847999999999624,RETURN,0.3059612328839719,-0.05672578802450354,0.9424683265763375,0.37549282987583743,-0.0405141709042154,1.015480865920354,0.10211900122580313,0
8.849999999999625,RETURN,0.30577091155580755,-0.05675467988656149,0.942360613131409,0.37549282987583743,-0.0405141709042154,1.015480865920354,0.1023302076326918,0
8.851999999999626,RETURN,0.30558047747849165,-0.0567835207440987,0.9422531826367664,0.37549282987583743,-0.0405141709042154,1.015480865920354,0.10254132026175883,0
8.853999999999626,RETURN,0.3053899317473367,-0.05681231034013285,0.94214603573404,0.37549282987583743,-0.0405141709042154,1.015480865920354,0.10275233814148987,0
8.855999999999627,RETURN,0.3051992754589945,-0.05684104841845966,0.9420391730595088,0.37549282987583743,-0.0405141709042154,1.015480865920354,0.10296326030281634,0
8.857999999999628,RETURN,0.30500850971143617,-0.05686973472365761,0.9419325952440963,0.37549282987583743,-0.0405141709042154,1.015480865920354,0.10317408577912253,0
8.859999999999628,RETURN,0.30481763560393577,-0.05689836900109324,0.9418263029133649,0.37549282987583743,-0.0405141709042154,1.015480865920354,0.10338481360625122,0
8.861999999999629,RETURN,0.3046266542370508,-0.056926950996925595,0.9417202966875147,0.37549282987583743,-0.0405141709042154,1.015480865920354,0.1035954428225079,0
8.86399999999963,RETURN,0.30443556671260613,-0.05695548045811212,0.9416145771813749,0.37549282987583743,-0.0405141709042154,1.015480865920354,0.1038059724686687,0
8.86599999999963,RETURN,0.30424437413367394,-0.0569839571324124,0.9415091450044022,0.37549282987583743,-0.0405141709042154,1.015480865920354,0.10401640158798517,0
8.86799999999963,RETURN,0.3040530776045567,-0.057012380768393954,0.9414040007606784,0.37549282987583743,-0.0405141709042154,1.015480865920354,0.10422672922618842,0
8.869999999999632,RETURN,0.3038616782307695,-0.05704075111543723,0.9412991450489037,0.37549282987583743,-0.0405141709042154,1.015480865920354,0.10443695443149634,0
8.871999999999632,RETURN,0.3036701771190211,-0.057069067923739975,0.9411945784623941,0.37549282987583743,-0.0405141709042154,1.015480865920354,0.1046470762546185,0
8.873999999999633,RETURN,0.3034785753771962,-0.05709733094432273,0.9410903015890785,0.37549282987583743,-0.0405141709042154,1.015480865920354,0.10485709374876136,0
8.875999999999634,RETURN,0.3032868741143372,-0.05712553992903297,0.940986315011494,0.37549282987583743,-0.0405141709042154,1.015480865920354,0.10506700596963416,0
8.877999999999634,RETURN,0.30309507444062644,-0.057153694630551144,0.9408826193067829,0.37549282987583743,-0.0405141709042154,1.015480865920354,0.10527681197545401,0
8.879999999999635,RETURN,0.30290317746736783,-0.057181794802394666,0.9407792150466912,0.37549282987583743,-0.0405141709042154,1.015480865920354,0.10548651082694986,0
8.881999999999636,RETURN,0.30271118430696803,-0.05720984019892293,0.9406761027975625,0.37549282987583743,-0.0405141709042154,1.015480865920354,0.10569610158737035,0
8.883999999999636,RETURN,0.3025190960729195,-0.0572378305753429,0.9405732831203366,0.37549282987583743,-0.0405141709042154,1.015480865920354,0.10590558332248726,0
8.885999999999637,RETURN,0.30232691387978183,-0.05726576568771294,0.9404707565705471,0.37549282987583743,-0.0405141709042154,1.015480865920354,0.10611495510060001,0
8.887999999999638,RETURN,0.30213463884316255,-0.057293645292948316,0.9403685236983171,0.37549282987583743,-0.0405141709042154,1.015480865920354,0.10632421599254306,0
8.889999999999638,RETURN,0.3019422720797007,-0.0573214691488261,0.9402665850483574,0.37549282987583743,-0.0405141709042154,1.015480865920354,0.10653336507168891,0
8.891999999999639,RETURN,0.3017498147070469,-0.0573492370139896,0.9401649411599644,0.37549282987583743,-0.0405141709042154,1.015480865920354,0.1067424014139536,0
8.89399999999964,RETURN,0.3015572678438468,-0.05737694864795374,0.9400635925670161,0.37549282987583743,-0.0405141709042154,1.015480865920354,0.1069513240978023,0
8.89599999999964,RETURN,0.30136463260972096,-0.05740460381110946,0.9399625397979708,0.37549282987583743,-0.0405141709042154,1.015480865920354,0.10716013220425398,0
8.89799999999964,RETURN,0.30117191012524835,-0.05743220226472858,0.9398617833758656,0.37549282987583743,-0.0405141709042154,1.015480865920354,0.10736882481688513,0
8.899999999999642,RETURN,0.30097910151194707,-0.057459743770968734,0.9397613238183119,0.37549282987583743,-0.0405141709042154,1.015480865920354,0.10757740102183644,0
8.901999999999642,RETURN,0.3007862078922559,-0.05748722809287813,0.9396611616374959,0.37549282987583743,-0.0405141709042154,1.015480865920354,0.10778585990781636,0
8.903999999999643,RETURN,0.3005932303895172,-0.05751465499440054,0.9395612973401756,0.37549282987583743,-0.0405141709042154,1.015480865920354,0.10799420056610559,0
8.905999999999644,RETURN,0.3004001701279579,-0.05754202424037991,0.9394617314276774,0.37549282987583743,-0.0405141709042154,1.015480865920354,0.10820242209056316,0
8.907999999999644,RETURN,0.3002070282326702,-0.05756933559656433,0.939362464395898,0.37549282987583743,-0.0405141709042154,1.015480865920354,0.10841052357762958,0
8.909999999999645,RETURN,0.3000138058295955,-0.05759658882961262,0.9392634967352996,0.37549282987583743,-0.0405141709042154,1.015480865920354,0.10861850412633187,0
8.911999999999646,RETURN,0.2998205040455044,-0.057623783707097184,0.93916482893091,0.37549282987583743,-0.0405141709042154,1.015480865920354,0.10882636283828843,0
8.913999999999646,RETURN,0.2996271240079789,-0.05765091999750993,0.93906646146232,0.37549282987583743,-0.0405141709042154,1.015480865920354,0.10903409881771375,0
8.915999999999647,RETURN,0.2994336668453944,-0.05767799747026676,0.9389683948036849,0.37549282987583743,-0.0405141709042154,1.015480865920354,0.10924171117142084,0
8.917999999999648,RETURN,0.2992401336869007,-0.05770501589571168,0.9388706294237197,0.37549282987583743,-0.0405141709042154,1.015480865920354,0.10944919900882866,0
8.919999999999648,RETURN,0.2990465256624047,-0.05773197504512229,0.9387731657857005,0.37549282987583743,-0.0405141709042154,1.015480865920354,0.10965656144196417,0
8.921999999999649,RETURN,0.2988528439025512,-0.05775887469071405,0.9386760043474623,0.37549282987583743,-0.0405141709042154,1.015480865920354,0.10986379758546783,0
8.92399999999965,RETURN,0.29865908953870496,-0.057785714605645015,0.9385791455614001,0.37549282987583743,-0.0405141709042154,1.015480865920354,0.1100709065565967,0
8.92599999999965,RETURN,0.2984652637029327,-0.05781249456402068,0.9384825898744659,0.37549282987583743,-0.0405141709042154,1.015480865920354,0.11027788747522956,0
8.92799999999965,RETURN,0.2982713675279842,-0.0578392143408979,0.9383863377281692,0.37549282987583743,-0.0405141709042154,1.015480865920354,0.11048473946387091,0
8.929999999999652,RETURN,0.2980774021472745,-0.05786587371229087,0.9382903895585766,0.37549282987583743,-0.0405141709042154,1.015480865920354,0.11069146164765485,0
8.931999999999652,RETURN,0.2978833686948655,-0.057892472455174454,0.938194745796312,0.37549282987583743,-0.0405141709042154,1.015480865920354,0.11089805315434852,0
8.933999999999653,RETURN,0.2976892683054471,-0.0579190103474893,0.9380994068665544,0.37549282987583743,-0.0405141709042154,1.015480865920354,0.11110451311435794,0
8.935999999999654,RETURN,0.29749510211432056,-0.05794548716814668,0.9380043731890395,0.37549282987583743,-0.0405141709042154,1.015480865920354,0.11131084066072956,0
8.937999999999654,RETURN,0.297300871257378,-0.057971902697032486,0.9379096451780599,0.37549282987583743,-0.0405141709042154,1.015480865920354,0.11151703492915574,0
8.939999999999655,RETURN,0.2971065768710857,-0.05799825671501261,0.9378152232424637,0.37549282987583743,-0.0405141709042154,1.015480865920354,0.11172309505797809,0
8.941999999999656,RETURN,0.2969122200924653,-0.0580245490039366,0.9377211077856556,0.37549282987583743,-0.0405141709042154,1.015480865920354,0.11192902018819152,0
8.943999999999656,RETURN,0.2967178020590761,-0.05805077934664267,0.9376272992055978,0.37549282987583743,-0.0405141709042154,1.015480865920354,0.11213480946344682,0
8.945999999999657,RETURN,0.29652332390899544,-0.05807694752696241,0.9375337978948081,0.37549282987583743,-0.0405141709042154,1.015480865920354,0.11234046203005706,0
8.947999999999658,RETURN,0.2963287867808024,-0.058103053329724784,0.9374406042403641,0.37549282987583743,-0.0405141709042154,1.015480865920354,0.11254597703699701,0
8.949999999999658,RETURN,0.2961341918135577,-0.058129096540761066,0.9373477186239,0.37549282987583743,-0.0405141709042154,1.015480865920354,0.1127513536359113,0
8.951999999999659,RETURN,0.2959395401467869,-0.058155076946909,0.9372551414216104,0.37549282987583743,-0.0405141709042154,1.015480865920354,0.11295659098111425,0
8.95399999999966,RETURN,0.29574483292046144,-0.05818099433601793,0.9371628730042495,0.37549282987583743,-0.0405141709042154,1.015480865920354,0.11316168822959538,0
8.95599999999966,RETURN,0.29555007127498073,-0.05820684849695209,0.937070913737132,0.37549282987583743,-0.0405141709042154,1.015480865920354,0.11336664454102245,0
8.957999999999661,RETURN,0.29535525635115356,-0.058232639219595955,0.9369792639801353,0.37549282987583743,-0.0405141709042154,1.015480865920354,0.11357145907774456,0
8.959999999999662,RETURN,0.29516038929018085,-0.05825836629485852,0.9368879240876994,0.37549282987583743,-0.0405141709042154,1.015480865920354,0.11377613100479556,0
8.961999999999662,RETURN,0.2949654712336362,-0.05828402951467746,0.9367968944088296,0.37549282987583743,-0.0405141709042154,1.015480865920354,0.11398065948989722,0
8.963999999999663,RETURN,0.2947705033234493,-0.058309628672023765,0.9367061752870965,0.37549282987583743,-0.0405141709042154,1.015480865920354,0.1141850437034626,0
8.965999999999664,RETURN,0.2945754867018861,-0.05833516356090595,0.9366157670606395,0.37549282987583743,-0.0405141709042154,1.015480865920354,0.11438928281859873,0
8.967999999999664,RETURN,0.2943804225115321,-0.05836063397637437,0.9365256700621648,0.37549282987583743,-0.0405141709042154,1.015480865920354,0.11459337601111141,0
8.969999999999665,RETURN,0.29418531189527364,-0.05838603971452585,0.9364358846189509,0.37549282987583743,-0.0405141709042154,1.015480865920354,0.11479732245950611,0
8.971999999999666,RETURN,0.2939901559962794,-0.058411380572507374,0.9363464110528498,0.37549282987583743,-0.0405141709042154,1.015480865920354,0.1150011213449915,0
8.973999999999666,RETURN,0.2937949559579839,-0.058436656348521666,0.9362572496802861,0.37549282987583743,-0.0405141709042154,1.015480865920354,0.11520477185148371,0
8.975999999999667,RETURN,0.29359971292406717,-0.05846186684182978,0.9361684008122632,0.37549282987583743,-0.0405141709042154,1.015480865920354,0.11540827316560764,0
8.977999999999668,RETURN,0.29340442803843875,-0.05848701185275692,0.9360798647543618,0.37549282987583743,-0.0405141709042154,1.015480865920354,0.11561162447670092,0
8.979999999999668,RETURN,0.29320910244521875,-0.05851209118269552,0.9359916418067449,0.37549282987583743,-0.0405141709042154,1.015480865920354,0.11581482497681571,0
8.981999999999669,RETURN,0.2930137372887196,-0.058537104634110326,0.9359037322641585,0.37549282987583743,-0.0405141709042154,1.015480865920354,0.11601787386072265,0
8.98399999999967,RETURN,0.29281833371342936,-0.0585620520105423,0.9358161364159351,0.37549282987583743,-0.0405141709042154,1.015480865920354,0.11622077032591195,0
8.98599999999967,RETURN,0.29262289286399173,-0.058586933116612325,0.935728854545995,0.37549282987583743,-0.0405141709042154,1.015480865920354,0.11642351357259843,0
8.987999999999671,RETURN,0.29242741588519017,-0.05861174775802665,0.9356418869328516,0.37549282987583743,-0.0405141709042154,1.015480865920354,0.11662610280372093,0
8.989999999999672,RETURN,0.29223190392192894,-0.058636495741579905,0.9355552338496109,0.37549282987583743,-0.0405141709042154,1.015480865920354,0.1168285372249477,0
8.991999999999672,RETURN,0.29203635811921513,-0.058661176875159295,0.9354688955639768,0.37549282987583743,-0.0405141709042154,1.015480865920354,0.11703081604467754,0
8.993999999999673,RETURN,0.2918407796221417,-0.058685790967749826,0.9353828723382539,0.37549282987583743,-0.0405141709042154,1.015480865920354,0.11723293847404163,0
8.995999999999674,RETURN,0.2916451695758685,-0.05871033782943722,0.9352971644293495,0.37549282987583743,-0.0405141709042154,1.015480865920354,0.11743490372690754,0
8.997999999999674,RETURN,0.29144952912560507,-0.058734817271412346,0.9352117720887774,0.37549282987583743,-0.0405141709042154,1.015480865920354,0.11763671101988066,0
8.999999999999675,RETURN,0.29125385941659304,-0.05875922910597602,0.9351266955626621,0.37549282987583743,-0.0405141709042154,1.015480865920354,0.11783835957230586,0
9.001999999999676,RETURN,0.2910581615940881,-0.05878357314654176,0.935041935091741,0.37549282987583743,-0.0405141709042154,1.015480865920354,0.11803984860627088,0
9.003999999999676,RETURN,0.2908624368033422,-0.05880784920764099,0.934957490911369,0.37549282987583743,-0.0405141709042154,1.015480865920354,0.11824117734660758,0
9.005999999999677,RETURN,0.29066668618958635,-0.05883205710492672,0.9348733632515215,0.37549282987583743,-0.0405141709042154,1.015480865920354,0.11844234502089432,0
9.007999999999678,RETURN,0.2904709108980121,-0.058856196655176954,0.9347895523367984,0.37549282987583743,-0.0405141709042154,1.015480865920354,0.11864335085945839,0
9.009999999999678,RETURN,0.2902751120737544,-0.05888026767629969,0.9347060583864282,0.37549282987583743,-0.0405141709042154,1.015480865920354,0.11884419409537764,0
9.011999999999679,RETURN,0.29007929086187473,-0.05890426998733604,0.9346228816142714,0.37549282987583743,-0.0405141709042154,1.015480865920354,0.11904487396448207,0
9.01399999999968,RETURN,0.28988344840734165,-0.05892820340846461,0.9345400222288257,0.37549282987583743,-0.0405141709042154,1.015480865920354,0.11924538970535672,0
9.01599999999968,RETURN,0.2896875858550154,-0.05895206776100536,0.9344574804332291,0.37549282987583743,-0.0405141709042154,1.015480865920354,0.1194457405593422,0
9.017999999999681,RETURN,0.2894917043496286,-0.05897586286742324,0.9343752564252646,0.37549282987583743,-0.0405141709042154,1.015480865920354,0.11964592577053774,0
9.019999999999682,RETURN,0.2892958050357701,-0.05899958855133261,0.9342933503973648,0.37549282987583743,-0.0405141709042154,1.015480865920354,0.11984594458580208,0
9.021999999999682,RETURN,0.28909988905786654,-0.059023244637500624,0.9342117625366169,0.37549282987583743,-0.0405141709042154,1.015480865920354,0.12004579625475507,0
9.023999999999683,RETURN,0.28890395756016557,-0.05904683095185129,0.9341304930247657,0.37549282987583743,-0.0405141709042154,1.015480865920354,0.12024548002978006,0
9.025999999999684,RETURN,0.28870801168671795,-0.05907034732146903,0.9340495420382199,0.37549282987583743,-0.0405141709042154,1.015480865920354,0.12044499516602504,0
9.027999999999684,RETURN,0.2885120525813608,-0.05909379357460317,0.9339689097480565,0.37549282987583743,-0.0405141709042154,1.015480865920354,0.1206443409214037,0
9.029999999999685,RETURN,0.2883160813876997,-0.05911716954067079,0.9338885963200252,0.37549282987583743,-0.0405141709042154,1.015480865920354,0.12084351655659781,0
9.031999999999686,RETURN,0.28812009924909204,-0.05914047505026111,0.9338086019145551,0.37549282987583743,-0.0405141709042154,1.015480865920354,0.12104252133505704,0
9.033999999999686,RETURN,0.28792410730862883,-0.059163709935139225,0.9337289266867564,0.37549282987583743,-0.0405141709042154,1.015480865920354,0.12124135452300314,0
9.035999999999687,RETURN,0.2877281067091187,-0.05918687402824932,0.9336495707864304,0.37549282987583743,-0.0405141709042154,1.015480865920354,0.12144001538942753,0
9.037999999999688,RETURN,0.2875320985930696,-0.05920996716371902,0.9335705343580709,0.37549282987583743,-0.0405141709042154,1.015480865920354,0.12163850320609552,0
9.039999999999688,RETURN,0.28733608410267225,-0.059232989176862615,0.9334918175408712,0.37549282987583743,-0.0405141709042154,1.015480865920354,0.12183681724754651,0
9.041999999999689,RETURN,0.28714006437978334,-0.05925593990418487,0.9334134204687301,0.37549282987583743,-0.0405141709042154,1.015480865920354,0.12203495679109412,0
9.04399999999969,RETURN,0.28694404056590755,-0.05927881918338473,0.9333353432702562,0.37549282987583743,-0.0405141709042154,1.015480865920354,0.12223292111682929,0
9.04599999999969,RETURN,0.28674801380218123,-0.05930162685335849,0.9332575860687757,0.37549282987583743,-0.0405141709042154,1.015480865920354,0.12243070950761911,0
9.047999999999691,RETURN,0.28655198522935565,-0.05932436275420435,0.9331801489823354,0.37549282987583743,-0.0405141709042154,1.015480865920354,0.12262832124910977,0
9.049999999999692,RETURN,0.28635595598777885,-0.05934702672722449,0.9331030321237122,0.37549282987583743,-0.0405141709042154,1.015480865920354,0.12282575562972556,0
9.051999999999692,RETURN,0.28615992721738037,-0.059369618614930425,0.9330262356004151,0.37549282987583743,-0.0405141709042154,1.015480865920354,0.12302301194067176,0
9.053999999999693,RETURN,0.2859639000576535,-0.05939213826104495,0.9329497595146958,0.37549282987583743,-0.0405141709042154,1.015480865920354,0.12322008947593288,0
9.055999999999694,RETURN,0.2857678756476379,-0.059414585510506435,0.9328736039635505,0.37549282987583743,-0.0405141709042154,1.015480865920354,0.1234169875322768,0
9.057999999999694,RETURN,0.2855718551259041,-0.059436960209471944,0.9327977690387304,0.37549282987583743,-0.0405141709042154,1.015480865920354,0.12361370540925162,0
9.059999999999695,RETURN,0.28537583963053603,-0.05945926220532132,0.9327222548267443,0.37549282987583743,-0.0405141709042154,1.015480865920354,0.12381024240918974,0
9.061999999999696,RETURN,0.28517983029911437,-0.05948149134665965,0.9326470614088691,0.37549282987583743,-0.0405141709042154,1.015480865920354,0.1240065978372056,0
9.063999999999696,RETURN,0.28498382826870006,-0.059503647483321355,0.9325721888611526,0.37549282987583743,-0.0405141709042154,1.015480865920354,0.12420277100119854,0
9.065999999999697,RETURN,0.28478783467581786,-0.05952573046637383,0.9324976372544235,0.37549282987583743,-0.0405141709042154,1.015480865920354,0.12439876121185126,0
9.067999999999698,RETURN,0.2845918506564392,-0.05954774014811932,0.9324234066542956,0.37549282987583743,-0.0405141709042154,1.015480865920354,0.12459456778263213,0
9.069999999999698,RETURN,0.2843958773459664,-0.05956967638210037,0.9323494971211762,0.37549282987583743,-0.0405141709042154,1.015480865920354,0.1247901900297944,0
9.071999999999699,RETURN,0.2841999158792159,-0.05959153902310138,0.9322759087102741,0.37549282987583743,-0.0405141709042154,1.015480865920354,0.12498562727237582,0
9.0739999999997,RETURN,0.28400396739040146,-0.05961332792715257,0.9322026414716039,0.37549282987583743,-0.0405141709042154,1.015480865920354,0.12518087883220114,0
9.0759999999997,RETURN,0.2838080330131189,-0.05963504295153397,0.9321296954499966,0.37549282987583743,-0.0405141709042154,1.015480865920354,0.12537594403387947,0
9.077999999999701,RETURN,0.28361211388032836,-0.059656683954776676,0.9320570706851032,0.37549282987583743,-0.0405141709042154,1.015480865920354,0.12557082220480742,0
9.079999999999702,RETURN,0.28341621112433935,-0.059678250796668324,0.9319847672114062,0.37549282987583743,-0.0405141709042154,1.015480865920354,0.12576551267516625,0
9.081999999999702,RETURN,0.2832203258767938,-0.059699743338254896,0.931912785058224,0.37549282987583743,-0.0405141709042154,1.015480865920354,0.12596001477792393,0
9.083999999999703,RETURN,0.2830244592686496,-0.05972116144184404,0.9318411242497194,0.37549282987583743,-0.0405141709042154,1.015480865920354,0.12615432784883474,0
9.085999999999704,RETURN,0.2828286124301657,-0.05974250497100873,0.9317697848049086,0.37549282987583743,-0.0405141709042154,1.015480865920354,0.12634845122643815,0
9.087999999999704,RETURN,0.2826327864908844,-0.059763773790589635,0.9316987667376666,0.37549282987583743,-0.0405141709042154,1.015480865920354,0.12654238425206052,0
9.089999999999705,RETURN,0.28243698257961714,-0.0597849677666991,0.9316280700567385,0.37549282987583743,-0.0405141709042154,1.015480865920354,0.1267361262698121,0
9.091999999999706,RETURN,0.2822412018244271,-0.05980608676672318,0.931557694765743,0.37549282987583743,-0.0405141709042154,1.015480865920354,0.12692967662659035,0
9.093999999999706,RETURN,0.28204544535261383,-0.05982713065932571,0.9314876408631843,0.37549282987583743,-0.0405141709042154,1.015480865920354,0.127123034672077,0
9.095999999999707,RETURN,0.2818497142906976,-0.0598480993144504,0.9314179083424586,0.37549282987583743,-0.0405141709042154,1.015480865920354,0.12731619975873842,0
9.097999999999708,RETURN,0.2816540097644034,-0.05986899260332461,0.9313484971918634,0.37549282987583743,-0.0405141709042154,1.015480865920354,0.12750917124182515,0
9.099999999999708,RETURN,0.2814583328986447,-0.05988981039846127,0.9312794073946047,0.37549282987583743,-0.0405141709042154,1.015480865920354,0.12770194847937183,0
9.101999999999709,RETURN,0.28126268481750916,-0.05991055257366337,0.9312106389288054,0.37549282987583743,-0.0405141709042154,1.015480865920354,0.12789453083219632,0
9.10399999999971,RETURN,0.28106706664424125,-0.05993121900402526,0.9311421917675156,0.37549282987583743,-0.0405141709042154,1.015480865920354,0.12808691766389904,0
9.10599999999971,RETURN,0.28087147950122765,-0.059951809565936466,0.9310740658787187,0.37549282987583743,-0.0405141709042154,1.015480865920354,0.1282791083408632,0
9.107999999999711,RETURN,0.2806759245099821,-0.05997232413708426,0.9310062612253431,0.37549282987583743,-0.0405141709042154,1.015480865920354,0.12847110223225194,0
9.109999999999712,RETURN,0.28048040279112896,-0.059992762596456695,0.9309387777652676,0.37549282987583743,-0.0405141709042154,1.015480865920354,0.12866289871001083,0
9.111999999999712,RETURN,0.28028491546438805,-0.060013124824344885,0.9308716154513337,0.37549282987583743,-0.0405141709042154,1.015480865920354,0.12885449714886407,0
9.113999999999713,RETURN,0.2800894636485602,-0.06003341070234652,0.9308047742313517,0.37549282987583743,-0.0405141709042154,1.015480865920354,0.12904589692631557,0
9.115999999999714,RETURN,0.27989404846151045,-0.06005362011336789,0.9307382540481123,0.37549282987583743,-0.0405141709042154,1.015480865920354,0.1292370974226469,0
9.117999999999714,RETURN,0.2796986710201545,-0.060073752941627194,0.9306720548393945,0.37549282987583743,-0.0405141709042154,1.015480865920354,0.12942809802091637,0
9.119999999999715,RETURN,0.27950333244044145,-0.06009380907265675,0.9306061765379741,0.37549282987583743,-0.0405141709042154,1.015480865920354,0.12961889810695992,0
9.121999999999716,RETURN,0.279308033837341,-0.06011378839330604,0.9305406190716343,0.37549282987583743,-0.0405141709042154,1.015480865920354,0.1298094970693873,0
9.123999999999716,RETURN,0.2791127763248268,-0.060133690791744035,0.9304753823631758,0.37549282987583743,-0.0405141709042154,1.015480865920354,0.12999989429958206,0
9.125999999999717,RETURN,0.27891756101586185,-0.06015351615746218,0.9304104663304236,0.37549282987583743,-0.0405141709042154,1.015480865920354,0.13019008919170166,0
9.127999999999718,RETURN,0.2787223890223836,-0.06017326438127648,0.9303458708862399,0.37549282987583743,-0.0405141709042154,1.015480865920354,0.13038008114267405,0
9.129999999999718,RETURN,0.2785272614552892,-0.06019293535533042,0.9302815959385313,0.37549282987583743,-0.0405141709042154,1.015480865920354,0.130569869552198,0
9.131999999999719,RETURN,0.2783321794244206,-0.060212528973097465,0.9302176413902605,0.37549282987583743,-0.0405141709042154,1.015480865920354,0.1307594538227406,0
9.13399999999972,RETURN,0.2781371440385498,-0.060232045129383384,0.9301540071394537,0.37549282987583743,-0.0405141709042154,1.015480865920354,0.13094883335953741,0
9.13599999999972,RETURN,0.27794215640536374,-0.06025148372032891,0.9300906930792131,0.37549282987583743,-0.0405141709042154,1.015480865920354,0.1311380075705896,0
9.137999999999721,RETURN,0.27774721763145055,-0.060270844643412015,0.9300276990977265,0.37549282987583743,-0.0405141709042154,1.015480865920354,0.13132697586666228,0
9.139999999999722,RETURN,0.2775523288222844,-0.0602901277974504,0.9299650250782758,0.37549282987583743,-0.0405141709042154,1.015480865920354,0.1315157376612843,0
9.141999999999722,RETURN,0.27735749108221064,-0.06030933308260392,0.9299026708992488,0.37549282987583743,-0.0405141709042154,1.015480865920354,0.13170429237074593,0
9.143999999999723,RETURN,0.277162705514432,-0.060328460400376746,0.9298406364341492,0.37549282987583743,-0.0405141709042154,1.015480865920354,0.13189263941409687,0
9.145999999999724,RETURN,0.27696797322099465,-0.06034750965362023,0.9297789215516058,0.37549282987583743,-0.0405141709042154,1.015480865920354,0.13208077821314493,0
9.147999999999724,RETURN,0.27677329530277206,-0.0603664807465344,0.9297175261153849,0.37549282987583743,-0.0405141709042154,1.015480865920354,0.13226870819245448,0
9.149999999999725,RETURN,0.2765786728594528,-0.06038537358467073,0.9296564499843992,0.37549282987583743,-0.0405141709042154,1.015480865920354,0.13245642877934424,0
9.151999999999726,RETURN,0.2763841069895255,-0.06040418807493459,0.92959569301272,0.37549282987583743,-0.0405141709042154,1.015480865920354,0.1326439394038848,0
9.153999999999726,RETURN,0.2761895987902642,-0.06042292412558685,0.9295352550495861,0.37549282987583743,-0.0405141709042154,1.015480865920354,0.1328312394988983,0
9.155999999999727,RETURN,0.27599514935771546,-0.06044158164624667,0.9294751359394159,0.37549282987583743,-0.0405141709042154,1.015480865920354,0.13301832849995496,0
9.157999999999728,RETURN,0.2758007597866831,-0.06046016054789279,0.9294153355218181,0.37549282987583743,-0.0405141709042154,1.015480865920354,0.1332052058453717,0
9.159999999999728,RETURN,0.2756064311707153,-0.06047866074286697,0.9293558536316017,0.37549282987583743,-0.0405141709042154,1.015480865920354,0.1333918709762105,0
9.161999999999729,RETURN,0.2754121646020906,-0.06049708214487497,0.929296690098788,0.37549282987583743,-0.0405141709042154,1.015480865920354,0.133578323336275,0
9.16399999999973,RETURN,0.2752179611718036,-0.06051542466898893,0.9292378447486216,0.37549282987583743,-0.0405141709042154,1.015480865920354,0.13376456237210954,0
9.16599999999973,RETURN,0.2750238219695514,-0.06053368823164967,0.9291793174015821,0.37549282987583743,-0.0405141709042154,1.015480865920354,0.13395058753299574,0
9.167999999999731,RETURN,0.27482974808372046,-0.06055187275066822,0.9291211078733933,0.37549282987583743,-0.0405141709042154,1.015480865920354,0.13413639827095167,0
9.169999999999732,RETURN,0.27463574060137264,-0.06056997814522846,0.9290632159750364,0.37549282987583743,-0.0405141709042154,1.015480865920354,0.13432199404072845,0
9.171999999999732,RETURN,0.2744418006082316,-0.06058800433588831,0.929005641512762,0.37549282987583743,-0.0405141709042154,1.015480865920354,0.1345073742998074,0
9.173999999999733,RETURN,0.27424792918866986,-0.06060595124458233,0.9289483842880989,0.37549282987583743,-0.0405141709042154,1.015480865920354,0.13469253850839902,0
9.175999999999734,RETURN,0.27405412742569424,-0.060623818794622863,0.9288914440978683,0.37549282987583743,-0.0405141709042154,1.015480865920354,0.1348774861294398,0
9.177999999999734,RETURN,0.27386039640093446,-0.06064160691070283,0.9288348207341945,0.37549282987583743,-0.0405141709042154,1.015480865920354,0.13506221662858867,0
9.179999999999735,RETURN,0.2736667371946281,-0.06065931551889677,0.9287785139845157,0.37549282987583743,-0.0405141709042154,1.015480865920354,0.13524672947422656,0
9.181999999999736,RETURN,0.2734731508856087,-0.060676944546662934,0.9287225236315972,0.37549282987583743,-0.0405141709042154,1.015480865920354,0.13543102413745153,0
9.183999999999736,RETURN,0.2732796385512919,-0.06069449392284496,0.9286668494535429,0.37549282987583743,-0.0405141709042154,1.015480865920354,0.13561510009207722,0
9.185999999999737,RETURN,0.27308620126766275,-0.060711963577673785,0.9286114912238076,0.37549282987583743,-0.0405141709042154,1.015480865920354,0.1357989568146295,0
9.187999999999738,RETURN,0.2728928401092629,-0.06072935344276924,0.9285564487112066,0.37549282987583743,-0.0405141709042154,1.015480865920354,0.135982593784345,0
9.189999999999738,RETURN,0.2726995561491775,-0.060746663451141825,0.9285017216799311,0.37549282987583743,-0.0405141709042154,1.015480865920354,0.13616601048316637,0
9.191999999999739,RETURN,0.2725063504590227,-0.06076389353719407,0.9284473098895587,0.37549282987583743,-0.0405141709042154,1.015480865920354,0.1363492063957402,0
9.19399999999974,RETURN,0.27231322410893216,-0.06078104363672218,0.9283932130950658,0.37549282987583743,-0.0405141709042154,1.015480865920354,0.13653218100941458,0
9.19599999999974,RETURN,0.2721201781675457,-0.06079811368691824,0.9283394310468397,0.37549282987583743,-0.0405141709042154,1.015480865920354,0.13671493381423513,0
9.197999999999741,RETURN,0.27192721370199546,-0.06081510362637101,0.9282859634906914,0.37549282987583743,-0.0405141709042154,1.015480865920354,0.13689746430294258,0
9.199999999999742,RETURN,0.2717343317778945,-0.060832013395067705,0.9282328101678675,0.37549282987583743,-0.0405141709042154,1.015480865920354,0.13707977197096916,0
9.201999999999742,RETURN,0.2715415334593232,-0.06084884293439555,0.928179970815064,0.37549282987583743,-0.0405141709042154,1.015480865920354,0.13726185631643575,0
9.203999999999743,RETURN,0.27134881980881786,-0.060865592187143026,0.9281274451644368,0.37549282987583743,-0.0405141709042154,1.015480865920354,0.13744371684014872,0
9.205999999999744,RETURN,0.27115619188735857,-0.06088226109750209,0.9280752329436159,0.37549282987583743,-0.0405141709042154,1.015480865920354,0.13762535304559623,0
9.207999999999744,RETURN,0.2709636507543556,-0.06089884961106791,0.9280233338757178,0.37549282987583743,-0.0405141709042154,1.015480865920354,0.13780676443894552,0
9.209999999999745,RETURN,0.27077119746763895,-0.06091535767484228,0.9279717476793583,0.37549282987583743,-0.0405141709042154,1.015480865920354,0.13798795052903864,0
9.211999999999746,RETURN,0.27057883308344555,-0.06093178523723324,0.9279204740686653,0.37549282987583743,-0.0405141709042154,1.015480865920354,0.13816891082738963,0
9.213999999999746,RETURN,0.2703865586564071,-0.060948132248057466,0.9278695127532907,0.37549282987583743,-0.0405141709042154,1.015480865920354,0.13834964484818163,0
9.215999999999747,RETURN,0.2701943752395386,-0.060964398658540794,0.9278188634384255,0.37549282987583743,-0.0405141709042154,1.015480865920354,0.13853015210826167,0
9.217999999999748,RETURN,0.2700022838842262,-0.06098058442132006,0.9277685258248112,0.37549282987583743,-0.0405141709042154,1.015480865920354,0.13871043212713866,0
9.219999999999748,RETURN,0.2698102856402159,-0.060996689490444005,0.9277184996087531,0.37549282987583743,-0.0405141709042154,1.015480865920354,0.1388904844269791,0
9.221999999999749,RETURN,0.2696183815556012,-0.06101271382137433,0.9276687844821343,0.37549282987583743,-0.0405141709042154,1.015480865920354,0.13907030853260344,0
9.22399999999975,RETURN,0.26942657267681247,-0.06102865737098724,0.9276193801324282,0.37549282987583743,-0.0405141709042154,1.015480865920354,0.13924990397148207,0
9.22599999999975,RETURN,0.2692348600486045,-0.06104452009757429,0.9275702862427119,0.37549282987583743,-0.0405141709042154,1.015480865920354,0.13942927027373223,0
9.227999999999751,RETURN,0.2690432447140454,-0.06106030196084292,0.9275215024916796,0.37549282987583743,-0.0405141709042154,1.015480865920354,0.1396084069721138,0
9.229999999999752,RETURN,0.26885172771450594,-0.0610760029219189,0.9274730285536568,0.37549282987583743,-0.0405141709042154,1.015480865920354,0.13978731360202482,0
9.231999999999752,RETURN,0.268660310089647,-0.0610916229433461,0.9274248640986115,0.37549282987583743,-0.0405141709042154,1.015480865920354,0.13996598970149934,0
9.233999999999753,RETURN,0.2684689928774096,-0.06110716198908775,0.9273770087921712,0.37549282987583743,-0.0405141709042154,1.015480865920354,0.14014443481120087,0
9.235999999999754,RETURN,0.26827777711400275,-0.06112262002452747,0.9273294622956343,0.37549282987583743,-0.0405141709042154,1.015480865920354,0.14032264847442033,0
9.237999999999754,RETURN,0.2680866638338934,-0.061137997016470706,0.9272822242659828,0.37549282987583743,-0.0405141709042154,1.015480865920354,0.1405006302370718,0
9.239999999999755,RETURN,0.26789565406979465,-0.06115329293314463,0.9272352943558989,0.37549282987583743,-0.0405141709042154,1.015480865920354,0.14067837964768742,0
9.241999999999756,RETURN,0.2677047488526554,-0.061168507744199595,0.9271886722137764,0.37549282987583743,-0.0405141709042154,1.015480865920354,0.1408558962574141,0
9.243999999999756,RETURN,0.26751394921164956,-0.06118364142071014,0.9271423574837359,0.37549282987583743,-0.0405141709042154,1.015480865920354,0.14103317962000866,0
9.245999999999757,RETURN,0.2673232561741647,-0.061198693935175026,0.9270963498056385,0.37549282987583743,-0.0405141709042154,1.015480865920354,0.14121022929183394,0
9.247999999999758,RETURN,0.2671326707657928,-0.06121366526151895,0.9270506488150982,0.37549282987583743,-0.0405141709042154,1.015480865920354,0.14138704483185477,0
9.249999999999758,RETURN,0.2669421940103176,-0.06122855537509224,0.9270052541434985,0.37549282987583743,-0.0405141709042154,1.015480865920354,0.1415636258016332,0
9.251999999999759,RETURN,0.2667518269297064,-0.061243364252672586,0.9269601654180054,0.37549282987583743,-0.0405141709042154,1.015480865920354,0.1417399717653235,0
9.25399999999976,RETURN,0.266561570544098,-0.061258091872464684,0.9269153822615799,0.37549282987583743,-0.0405141709042154,1.015480865920354,0.14191608228966945,0
9.25599999999976,RETURN,0.2663714258717932,-0.061272738214101743,0.926870904292995,0.37549282987583743,-0.0405141709042154,1.015480865920354,0.14209195694399793,0
9.257999999999761,RETURN,0.2661813939292445,-0.06128730325864544,0.9268267311268487,0.37549282987583743,-0.0405141709042154,1.015480865920354,0.14226759530021507,0
9.259999999999762,RETURN,0.2659914757310458,-0.06130178698858699,0.9267828623735765,0.37549282987583743,-0.0405141709042154,1.015480865920354,0.14244299693280274,0
9.261999999999762,RETURN,0.265801672289922,-0.06131618938784692,0.9267392976394698,0.37549282987583743,-0.0405141709042154,1.015480865920354,0.14261816141881195,0
9.263999999999763,RETURN,0.2656119846167199,-0.06133051044177648,0.9266960365266862,0.37549282987583743,-0.0405141709042154,1.015480865920354,0.1427930883378599,0
9.265999999999764,RETURN,0.2654224137203978,-0.06134475013715745,0.9266530786332666,0.37549282987583743,-0.0405141709042154,1.015480865920354,0.14296777727212376,0
9.267999999999764,RETURN,0.26523296060801566,-0.0613589084622031,0.926610423553149,0.37549282987583743,-0.0405141709042154,1.015480865920354,0.14314222780633684,0
9.269999999999765,RETURN,0.26504362628472483,-0.061372985406557584,0.926568070876182,0.37549282987583743,-0.0405141709042154,1.015480865920354,0.14331643952778447,0
9.271999999999766,RETURN,0.26485441175375984,-0.06138698096129752,0.9265260201881418,0.37549282987583743,-0.0405141709042154,1.015480865920354,0.14349041202629664,0
9.273999999999766,RETURN,0.2646653180164276,-0.061400895118931674,0.9264842710707434,0.37549282987583743,-0.0405141709042154,1.015480865920354,0.14366414489424625,0
9.275999999999767,RETURN,0.26447634607209847,-0.061414727873401326,0.9264428231016599,0.37549282987583743,-0.0405141709042154,1.015480865920354,0.14383763772654093,0
9.277999999999768,RETURN,0.26428749691819636,-0.06142847922008033,0.9264016758545325,0.37549282987583743,-0.0405141709042154,1.015480865920354,0.14401089012062118,0
9.279999999999768,RETURN,0.2640987715501902,-0.06144214915577583,0.9263608288989889,0.37549282987583743,-0.0405141709042154,1.015480865920354,0.14418390167645273,0
9.281999999999769,RETURN,0.263910170961584,-0.06145573767872819,0.9263202818006564,0.37549282987583743,-0.0405141709042154,1.015480865920354,0.14435667199652283,0
9.28399999999977,RETURN,0.263721696143908,-0.06146924478861078,0.9262800341211774,0.37549282987583743,-0.0405141709042154,1.015480865920354,0.1445292006858348,0
9.28599999999977,RETURN,0.26353334808670986,-0.061482670486530895,0.9262400854182237,0.37549282987583743,-0.0405141709042154,1.015480865920354,0.14470148735190305,0
9.287999999999771,RETURN,0.2633451277775452,-0.06149601477502912,0.9262004352455125,0.37549282987583743,-0.0405141709042154,1.015480865920354,0.14487353160474717,0
9.289999999999772,RETURN,0.26315703620196895,-0.061509277658079786,0.9261610831528212,0.37549282987583743,-0.0405141709042154,1.015480865920354,0.1450453330568873,0
9.291999999999772,RETURN,0.2629690743435265,-0.06152245914109105,0.9261220286860017,0.37549282987583743,-0.0405141709042154,1.015480865920354,0.14521689132333881,0
9.293999999999773,RETURN,0.2627812431837451,-0.061535559230904376,0.9260832713869968,0.37549282987583743,-0.0405141709042154,1.015480865920354,0.14538820602160635,0
9.295999999999774,RETURN,0.2625935437021252,-0.061548577935795226,0.926044810793854,0.37549282987583743,-0.0405141709042154,1.015480865920354,0.14555927677167915,0
9.297999999999774,RETURN,0.2624059768761315,-0.061561515265472495,0.9260066464407425,0.37549282987583743,-0.0405141709042154,1.015480865920354,0.14573010319602514,0
9.299999999999775,RETURN,0.26221854368118525,-0.06157437123107827,0.9259687778579658,0.37549282987583743,-0.0405141709042154,1.015480865920354,0.145900684919586,0
9.301999999999776,RETURN,0.2620312450906553,-0.06158714584518837,0.9259312045719813,0.37549282987583743,-0.0405141709042154,1.015480865920354,0.14607102156976992,0
9.303999999999776,RETURN,0.26184408207584964,-0.06159983912181139,0.9258939261054101,0.37549282987583743,-0.0405141709042154,1.015480865920354,0.14624111277644927,0
9.305999999999777,RETURN,0.26165705560600794,-0.06161245107638891,0.9258569419770584,0.37549282987583743,-0.0405141709042154,1.015480865920354,0.14641095817195088,0
9.307999999999778,RETURN,0.2614701666482926,-0.06162498172579534,0.9258202517019274,0.37549282987583743,-0.0405141709042154,1.015480865920354,0.14658055739105433,0
9.309999999999778,RETURN,0.2612834161677813,-0.061637431088337344,0.9257838547912325,0.37549282987583743,-0.0405141709042154,1.015480865920354,0.14674991007098365,0
9.31199999999978,RETURN,0.26109680512745886,-0.061649799183753906,0.9257477507524181,0.37549282987583743,-0.0405141709042154,1.015480865920354,0.14691901585140205,0
9.31399999999978,RETURN,0.2609103344882093,-0.06166208603321531,0.925711939089172,0.37549282987583743,-0.0405141709042154,1.015480865920354,0.14708787437440693,0
9.31599999999978,RETURN,0.2607240052088077,-0.06167429165932349,0.9256764193014424,0.37549282987583743,-0.0405141709042154,1.015480865920354,0.14725648528452362,0
9.317999999999781,RETURN,0.2605378182459141,-0.06168641608611178,0.9256411908854522,0.37549282987583743,-0.0405141709042154,1.015480865920354,0.14742484822869892,0
9.319999999999782,RETURN,0.2603517745540633,-0.06169845933904308,0.9256062533337162,0.37549282987583743,-0.0405141709042154,1.015480865920354,0.14759296285629636,0
9.321999999999782,RETURN,0.2601658750856593,-0.061710421445011085,0.9255716061350557,0.37549282987583743,-0.0405141709042154,1.015480865920354,0.14776082881908936,0
9.323999999999783,RETURN,0.2599801207909678,-0.06172230243233881,0.9255372487746149,0.37549282987583743,-0.0405141709042154,1.015480865920354,0.1479284457712553,0
9.325999999999784,RETURN,0.25979451261810743,-0.06173410233077814,0.9255031807338766,0.37549282987583743,-0.0405141709042154,1.015480865920354,0.14809581336936978,0
9.327999999999784,RETURN,0.2596090515130443,-0.06174582117150978,0.925469401490677,0.37549282987583743,-0.0405141709042154,1.015480865920354,0.1482629312724009,0
9.329999999999785,RETURN,0.2594237384195835,-0.06175745898714159,0.9254359105192238,0.37549282987583743,-0.0405141709042154,1.015480865920354,0.14842979914170187,0
9.331999999999786,RETURN,0.2592385742793625,-0.06176901581170919,0.9254027072901102,0.37549282987583743,-0.0405141709042154,1.015480865920354,0.14859641664100623,0
9.333999999999786,RETURN,0.25905356003184393,-0.06178049168067429,0.9253697912703309,0.37549282987583743,-0.0405141709042154,1.015480865920354,0.1487627834364214,0
9.335999999999787,RETURN,0.2588686966143091,-0.06179188663092474,0.9253371619233001,0.37549282987583743,-0.0405141709042154,1.015480865920354,0.14892889919642144,0
9.337999999999788,RETURN,0.258683984961851,-0.06180320070077305,0.9253048187088644,0.37549282987583743,-0.0405141709042154,1.015480865920354,0.149094763591842,0
9.339999999999788,RETURN,0.2584994260073671,-0.06181443392995614,0.9252727610833225,0.37549282987583743,-0.0405141709042154,1.015480865920354,0.14926037629587308,0
9.34199999999979,RETURN,0.2583150206815533,-0.06182558635963454,0.9252409884994366,0.37549282987583743,-0.0405141709042154,1.015480865920354,0.14942573698405417,0
9.34399999999979,RETURN,0.25813076991289696,-0.06183665803239102,0.9252095004064544,0.37549282987583743,-0.0405141709042154,1.015480865920354,0.1495908453342654,0
9.34599999999979,RETURN,0.25794667462767074,-0.06184764899223035,0.9251782962501198,0.37549282987583743,-0.0405141709042154,1.015480865920354,0.1497557010267236,0
9.347999999999791,RETURN,0.2577627357499259,-0.06185855928457789,0.9251473754726929,0.37549282987583743,-0.0405141709042154,1.015480865920354,0.149920303743974,0
9.349999999999792,RETURN,0.2575789542014865,-0.061869388956279185,0.925116737512963,0.37549282987583743,-0.0405141709042154,1.015480865920354,0.15008465317088532,0
9.351999999999792,RETURN,0.2573953309019423,-0.06188013805559839,0.9250863818062678,0.37549282987583743,-0.0405141709042154,1.015480865920354,0.150248748994642,0
9.353999999999793,RETURN,0.2572118667686435,-0.0618908066322176,0.9250563077845086,0.37549282987583743,-0.0405141709042154,1.015480865920354,0.1504125909047376,0
9.355999999999794,RETURN,0.25702856271669383,-0.0619013947372355,0.9250265148761658,0.37549282987583743,-0.0405141709042154,1.015480865920354,0.15057617859296962,0
9.357999999999794,RETURN,0.2568454196589459,-0.061911902423167145,0.9249970025063157,0.37549282987583743,-0.0405141709042154,1.015480865920354,0.1507395117534312,0
9.359999999999795,RETURN,0.2566624385059942,-0.06192232974394155,0.9249677700966473,0.37549282987583743,-0.0405141709042154,1.015480865920354,0.15090259008250512,0
9.361999999999796,RETURN,0.25647962016616904,-0.06193267675490154,0.924938817065479,0.37549282987583743,-0.0405141709042154,1.015480865920354,0.15106541327885734,0
9.363999999999796,RETURN,0.2562969655455326,-0.06194294351280239,0.9249101428277731,0.37549282987583743,-0.0405141709042154,1.015480865920354,0.15122798104342972,0
9.365999999999797,RETURN,0.25611447554787087,-0.061953130075809805,0.9248817467951551,0.37549282987583743,-0.0405141709042154,1.015480865920354,0.1513902930794336,0
9.367999999999798,RETURN,0.2559321510746906,-0.06196323650350019,0.9248536283759269,0.37549282987583743,-0.0405141709042154,1.015480865920354,0.15155234909234316,0
9.369999999999798,RETURN,0.2557499930252121,-0.06197326285685814,0.9248257869750868,0.37549282987583743,-0.0405141709042154,1.015480865920354,0.15171414878988737,0
9.3719999999998,RETURN,0.2555680022963645,-0.06198320919827541,0.924798221994343,0.37549282987583743,-0.0405141709042154,1.015480865920354,0.15187569188204486,0
9.3739999999998,RETURN,0.2553861797827807,-0.06199307559154972,0.9247709328321316,0.37549282987583743,-0.0405141709042154,1.015480865920354,0.15203697808103572,0
9.3759999999998,RETURN,0.2552045263767917,-0.06200286210188336,0.9247439188836334,0.37549282987583743,-0.0405141709042154,1.015480865920354,0.15219800710131495,0
9.377999999999801,RETURN,0.2550230429684221,-0.062012568795881906,0.9247171795407891,0.37549282987583743,-0.0405141709042154,1.015480865920354,0.15235877865956554,0
9.379999999999802,RETURN,0.2548417304453846,-0.062022195741552225,0.9246907141923184,0.37549282987583743,-0.0405141709042154,1.015480865920354,0.15251929247469068,0
9.381999999999802,RETURN,0.25466058969307515,-0.06203174300830184,0.9246645222237335,0.37549282987583743,-0.0405141709042154,1.015480865920354,0.15267954826780833,0
9.383999999999803,RETURN,0.2544796215945687,-0.062041210666936776,0.9246386030173578,0.37549282987583743,-0.0405141709042154,1.015480865920354,0.15283954576224243,0
9.385999999999804,RETURN,0.2542988270306135,-0.062050598789659975,0.9246129559523426,0.37549282987583743,-0.0405141709042154,1.015480865920354,0.1529992846835165,0
9.387999999999805,RETURN,0.2541182068796274,-0.06205990745007028,0.924587580404683,0.37549282987583743,-0.0405141709042154,1.015480865920354,0.15315876475934634,0
9.389999999999805,RETURN,0.25393776201769236,-0.0620691367231603,0.9245624757472345,0.37549282987583743,-0.0405141709042154,1.015480865920354,0.15331798571963348,0
9.391999999999806,RETURN,0.2537574933185511,-0.062078286685315155,0.9245376413497309,0.37549282987583743,-0.0405141709042154,1.015480865920354,0.15347694729645633,0
9.393999999999807,RETURN,0.2535774016536014,-0.06208735741431025,0.9245130765788001,0.37549282987583743,-0.0405141709042154,1.015480865920354,0.15363564922406472,0
9.395999999999807,RETURN,0.25339748789189304,-0.062096348989310456,0.9244887807979805,0.37549282987583743,-0.0405141709042154,1.015480865920354,0.1537940912388716,0
9.397999999999808,RETURN,0.2532177529001228,-0.062105261490867564,0.9244647533677393,0.37549282987583743,-0.0405141709042154,1.015480865920354,0.15395227307944565,0
9.399999999999809,RETURN,0.2530381975426301,-0.062114095000918516,0.9244409936454877,0.37549282987583743,-0.0405141709042154,1.015480865920354,0.1541101944865047,0
9.40199999999981,RETURN,0.25285882268139437,-0.06212284960278427,0.9244175009855988,0.37549282987583743,-0.0405141709042154,1.015480865920354,0.15426785520290706,0
9.40399999999981,RETURN,0.2526796291760292,-0.06213152538116738,0.924394274739424,0.37549282987583743,-0.0405141709042154,1.015480865920354,0.15442525497364556,0
9.40599999999981,RETURN,0.25250061788378,-0.06214012242215061,0.9243713142553098,0.37549282987583743,-0.0405141709042154,1.015480865920354,0.154582393545839,0
9.407999999999811,RETURN,0.2523217896595195,-0.06214864081319437,0.9243486188786152,0.37549282987583743,-0.0405141709042154,1.015480865920354,0.15473927066872467,0
9.409999999999812,RETURN,0.2521431453557438,-0.06215708064313507,0.9243261879517279,0.37549282987583743,-0.0405141709042154,1.015480865920354,0.1548958860936519,0
9.411999999999813,RETURN,0.2519646858225694,-0.06216544200218372,0.9243040208140814,0.37549282987583743,-0.0405141709042154,1.015480865920354,0.15505223957407352,0
9.413999999999813,RETURN,0.2517864119077296,-0.0621737249819228,0.9242821168021724,0.37549282987583743,-0.0405141709042154,1.015480865920354,0.15520833086553812,0
9.415999999999814,RETURN,0.2516083244565706,-0.062181929675305524,0.9242604752495777,0.37549282987583743,-0.0405141709042154,1.015480865920354,0.1553641597256831,0
9.417999999999815,RETURN,0.2514304243120486,-0.06219005617665272,0.9242390954869691,0.37549282987583743,-0.0405141709042154,1.015480865920354,0.15551972591422733,0
9.419999999999815,RETURN,0.25125271231472607,-0.062198104581651203,0.9242179768421348,0.37549282987583743,-0.0405141709042154,1.015480865920354,0.15567502919296194,0
9.421999999999816,RETURN,0.25107518930276923,-0.06220607498735152,0.9241971186399918,0.37549282987583743,-0.0405141709042154,1.015480865920354,0.15583006932574409,0
9.423999999999817,RETURN,0.25089785611194426,-0.06221396749216586,0.9241765202026048,0.37549282987583743,-0.0405141709042154,1.015480865920354,0.1559848460784891,0
9.425999999999817,RETURN,0.2507207135756149,-0.06222178219586587,0.9241561808492038,0.37549282987583743,-0.0405141709042154,1.015480865920354,0.15613935921916172,0
9.427999999999818,RETURN,0.25054376252473903,-0.062229519199580585,0.9241360998962006,0.37549282987583743,-0.0405141709042154,1.015480865920354,0.15629360851776913,0
9.429999999999819,RETURN,0.25036700378786625,-0.062237178605793586,0.9241162766572052,0.37549282987583743,-0.0405141709042154,1.015480865920354,0.15644759374635306,0
9.43199999999982,RETURN,0.2501904381911347,-0.062244760518341484,0.9240967104430433,0.37549282987583743,-0.0405141709042154,1.015480865920354,0.15660131467898195,0
9.43399999999982,RETURN,0.2500140665582689,-0.062252265042411194,0.9240774005617742,0.37549282987583743,-0.0405141709042154,1.015480865920354,0.15675477109174232,0
9.43599999999982,RETURN,0.2498378897105768,-0.06225969228453737,0.9240583463187054,0.37549282987583743,-0.0405141709042154,1.015480865920354,0.15690796276273264,0
9.437999999999821,RETURN,0.24966190846694702,-0.06226704235260024,0.9240395470164131,0.37549282987583743,-0.0405141709042154,1.015480865920354,0.15706088947205327,0
9.439999999999822,RETURN,0.24948612364384762,-0.062274315355823937,0.9240210019547567,0.37549282987583743,-0.0405141709042154,1.015480865920354,0.15721355100179954,0
9.441999999999823,RETURN,0.24931053605532227,-0.062281511404772415,0.9240027104308954,0.37549282987583743,-0.0405141709042154,1.015480865920354,0.15736594713605473,0
9.443999999999823,RETURN,0.24913514651298868,-0.06228863061134831,0.923984671739309,0.37549282987583743,-0.0405141709042154,1.015480865920354,0.15751807766087994,0
9.445999999999824,RETURN,0.24895995582603725,-0.062295673088790235,0.9239668851718102,0.37549282987583743,-0.0405141709042154,1.015480865920354,0.1576699423643076,0
9.447999999999825,RETURN,0.2487849648012275,-0.062302638951669626,0.923949350017565,0.37549282987583743,-0.0405141709042154,1.015480865920354,0.15782154103633325,0
9.449999999999825,RETURN,0.24861017424288712,-0.06230952831588886,0.9239320655631091,0.37549282987583743,-0.0405141709042154,1.015480865920354,0.15797287346890646,0
9.451999999999826,RETURN,0.2484355849529095,-0.0623163412986782,0.9239150310923637,0.37549282987583743,-0.0405141709042154,1.015480865920354,0.15812393945592454,0
9.453999999999827,RETURN,0.24826119773075273,-0.062323078018593506,0.9238982458866544,0.37549282987583743,-0.0405141709042154,1.015480865920354,0.15827473879322224,0
9.455999999999827,RETURN,0.2480870133734366,-0.06232973859551302,0.9238817092247272,0.37549282987583743,-0.0405141709042154,1.015480865920354,0.15842527127856532,0
9.457999999999828,RETURN,0.24791303267554238,-0.06233632315063564,0.9238654203827655,0.37549282987583743,-0.0405141709042154,1.015480865920354,0.15857553671164162,0
9.459999999999829,RETURN,0.24773925642921005,-0.062342831806477,0.9238493786344089,0.37549282987583743,-0.0405141709042154,1.015480865920354,0.15872553489405247,0
9.46199999999983,RETURN,0.24756568542413745,-0.06234926468686778,0.9238335832507678,0.37549282987583743,-0.0405141709042154,1.015480865920354,0.15887526562930548,0
9.46399999999983,RETURN,0.24739232044757914,-0.062355621916950085,0.923818033500442,0.37549282987583743,-0.0405141709042154,1.015480865920354,0.1590247287228054,0
9.46599999999983,RETURN,0.24721916228434407,-0.062361903623175355,0.923802728649538,0.37549282987583743,-0.0405141709042154,1.015480865920354,0.15917392398184643,0
9.467999999999831,RETURN,0.24704621171679553,-0.062368109933300865,0.9237876679616861,0.37549282987583743,-0.0405141709042154,1.015480865920354,0.15932285121560297,0
9.469999999999832,RETURN,0.24687346952484918,-0.06237424097638723,0.9237728506980557,0.37549282987583743,-0.0405141709042154,1.015480865920354,0.15947151023512296,0
9.471999999999833,RETURN,0.2467009364859722,-0.06238029688279532,0.9237582761173763,0.37549282987583743,-0.0405141709042154,1.015480865920354,0.15961990085331734,0
9.473999999999833,RETURN,0.24652861337518295,-0.06238627778418391,0.9237439434759496,0.37549282987583743,-0.0405141709042154,1.015480865920354,0.15976802288495381,0
9.475999999999834,RETURN,0.2463565009650488,-0.06239218381350545,0.9237298520276708,0.37549282987583743,-0.0405141709042154,1.015480865920354,0.15991587614664718,0
9.477999999999835,RETURN,0.24618460002568643,-0.062398015105004555,0.9237160010240442,0.37549282987583743,-0.0405141709042154,1.015480865920354,0.160063460456851,0
9.479999999999835,RETURN,0.24601291132476064,-0.062403771794213726,0.9237023897141997,0.37549282987583743,-0.0405141709042154,1.015480865920354,0.16021077563584957,0
9.481999999999836,RETURN,0.2458414356274837,-0.06240945401795113,0.9236890173449115,0.37549282987583743,-0.0405141709042154,1.015480865920354,0.16035782150574904,0
9.483999999999837,RETURN,0.24567017369661487,-0.062415061914316984,0.9236758831606134,0.37549282987583743,-0.0405141709042154,1.015480865920354,0.1605045978904693,0
9.485999999999837,RETURN,0.24549912629245985,-0.06242059562269097,0.9236629864034173,0.37549282987583743,-0.0405141709042154,1.015480865920354,0.16065110461573548,0
9.487999999999838,RETURN,0.2453282941728706,-0.06242605528372843,0.9236503263131295,0.37549282987583743,-0.0405141709042154,1.015480865920354,0.16079734150906883,0
9.489999999999839,RETURN,0.2451576780932446,-0.06243144103935776,0.923637902127268,0.37549282987583743,-0.0405141709042154,1.015480865920354,0.16094330839977913,0
9.49199999999984,RETURN,0.2449872788065251,-0.06243675303277701,0.9236257130810813,0.37549282987583743,-0.0405141709042154,1.015480865920354,0.16108900511895455,0
9.49399999999984,RETURN,0.24481709706320035,-0.06244199140845047,0.9236137584075621,0.37549282987583743,-0.0405141709042154,1.015480865920354,0.1612344314994553,0
9.49599999999984,RETURN,0.24464713361130414,-0.06244715631210577,0.9236020373374672,0.37549282987583743,-0.0405141709042154,1.015480865920354,0.1613795873759031,0
9.497999999999841,RETURN,0.2444773891964157,-0.06245224789073019,0.9235905490993332,0.37549282987583743,-0.0405141709042154,1.015480865920354,0.16152447258467334,0
9.499999999999842,RETURN,0.24430786456165915,-0.06245726629256767,0.9235792929194949,0.37549282987583743,-0.0405141709042154,1.015480865920354,0.16166908696388657,0
9.501999999999843,RETURN,0.24413856044770463,-0.0624622116671152,0.9235682680221013,0.37549282987583743,-0.0405141709042154,1.015480865920354,0.16181343035339898,0
9.503999999999843,RETURN,0.24396947759276763,-0.06246708416511963,0.9235574736291327,0.37549282987583743,-0.0405141709042154,1.015480865920354,0.16195750259479505,0
9.505999999999844,RETURN,0.2438006167326102,-0.0624718839385743,0.9235469089604177,0.37549282987583743,-0.0405141709042154,1.015480865920354,0.16210130353137778,0
9.507999999999845,RETURN,0.24363197860054064,-0.062476611140715496,0.9235365732336516,0.37549282987583743,-0.0405141709042154,1.015480865920354,0.16224483300816017,0
9.509999999999845,RETURN,0.24346356392741428,-0.06248126592601879,0.9235264656644125,0.37549282987583743,-0.0405141709042154,1.015480865920354,0.16238809087185638,0
9.511999999999846,RETURN,0.2432953734416337,-0.062485848450195884,0.923516585466177,0.37549282987583743,-0.0405141709042154,1.015480865920354,0.1625310769708743,0
9.513999999999847,RETURN,0.24312740786915044,-0.06249035887019097,0.9235069318503402,0.37549282987583743,-0.0405141709042154,1.015480865920354,0.16267379115530406,0
9.515999999999847,RETURN,0.2429596679334643,-0.062494797344177185,0.9234975040262299,0.37549282987583743,-0.0405141709042154,1.015480865920354,0.1628162332769121,0
9.517999999999848,RETURN,0.24279215435562504,-0.06249916403155307,0.9234883012011261,0.37549282987583743,-0.0405141709042154,1.015480865920354,0.16295840318913019,0
9.519999999999849,RETURN,0.24262486785423296,-0.0625034590929388,0.9234793225802759,0.37549282987583743,-0.0405141709042154,1.015480865920354,0.1631003007470481,0
9.52199999999985,RETURN,0.24245780914544013,-0.06250768269017272,0.9234705673669112,0.37549282987583743,-0.0405141709042154,1.015480865920354,0.1632419258074039,0
9.52399999999985,RETURN,0.24229097894295112,-0.06251183498630782,0.9234620347622671,0.37549282987583743,-0.0405141709042154,1.015480865920354,0.16338327822857504,0
9.52599999999985,RETURN,0.24212437795802425,-0.06251591614560761,0.9234537239655969,0.37549282987583743,-0.0405141709042154,1.015480865920354,0.16352435787056982,0
9.527999999999851,RETURN,0.2419580068994725,-0.0625199263335426,0.9234456341741898,0.37549282987583743,-0.0405141709042154,1.015480865920354,0.16366516459501892,0
9.529999999999852,RETURN,0.24179186647366535,-0.06252386571678711,0.9234377645833883,0.37549282987583743,-0.0405141709042154,1.015480865920354,0.1638056982651655,0
9.531999999999853,RETURN,0.24162595738452994,-0.06252773446321463,0.9234301143866049,0.37549282987583743,-0.0405141709042154,1.015480865920354,0.16394595874585652,0
9.533999999999853,RETURN,0.24146028033355182,-0.06253153274189435,0.9234226827753386,0.37549282987583743,-0.0405141709042154,1.015480865920354,0.16408594590353476,0
9.535999999999854,RETURN,0.2412948360197776,-0.06253526072308765,0.9234154689391931,0.37549282987583743,-0.0405141709042154,1.015480865920354,0.16422565960622798,0
9.537999999999855,RETURN,0.2411296251398157,-0.0625389185782439,0.9234084720658913,0.37549282987583743,-0.0405141709042154,1.015480865920354,0.16436509972354238,0
9.539999999999855,RETURN,0.24096464838783813,-0.06254250647999657,0.9234016913412956,0.37549282987583743,-0.0405141709042154,1.015480865920354,0.16450426612665103,0
9.541999999999856,RETURN,0.24079990645558266,-0.0625460246021598,0.9233951259494214,0.37549282987583743,-0.0405141709042154,1.015480865920354,0.164643158688287,0
9.543999999999857,RETURN,0.24063540003235395,-0.06254947311972368,0.9233887750724565,0.37549282987583743,-0.0405141709042154,1.015480865920354,0.1647817772827331,0
9.545999999999857,RETURN,0.24047112980502597,-0.06255285220885104,0.9233826378907768,0.37549282987583743,-0.0405141709042154,1.015480865920354,0.16492012178581322,0
9.547999999999858,RETURN,0.24030709645804388,-0.06255616204687309,0.9233767135829631,0.37549282987583743,-0.0405141709042154,1.015480865920354,0.16505819207488326,0
9.549999999999859,RETURN,0.24014330067342604,-0.06255940281228552,0.9233710013258185,0.37549282987583743,-0.0405141709042154,1.015480865920354,0.1651959880288219,0
9.55199999999986,RETURN,0.23997974313076562,-0.06256257468474435,0.9233655002943845,0.37549282987583743,-0.0405141709042154,1.015480865920354,0.16533350952802237,0
9.55399999999986,RETURN,0.23981642450723376,-0.06256567784506192,0.9233602096619594,0.37549282987583743,-0.0405141709042154,1.015480865920354,0.16547075645438128,0
9.55599999999986,RETURN,0.23965334547758085,-0.06256871247520306,0.9233551286001124,0.37549282987583743,-0.0405141709042154,1.015480865920354,0.16560772869129262,0
9.557999999999861,RETURN,0.23949050671413943,-0.06257167875828037,0.9233502562787032,0.37549282987583743,-0.0405141709042154,1.015480865920354,0.16574442612363569,0
9.559999999999862,RETURN,0.2393279088868271,-0.0625745768785512,0.9233455918658965,0.37549282987583743,-0.0405141709042154,1.015480865920354,0.16588084863776753,0
9.561999999999863,RETURN,0.2391655526631472,-0.06257740702141179,0.9233411345281808,0.37549282987583743,-0.0405141709042154,1.015480865920354,0.16601699612151366,0
9.563999999999863,RETURN,0.23900343870819377,-0.06258016937339513,0.9233368834303827,0.37549282987583743,-0.0405141709042154,1.015480865920354,0.16615286846415872,0
9.565999999999864,RETURN,0.2388415676846522,-0.06258286412216477,0.9233328377356865,0.37549282987583743,-0.0405141709042154,1.015480865920354,0.16628846555643687,0
9.567999999999865,RETURN,0.23867994025280273,-0.06258549145651195,0.9233289966056485,0.37549282987583743,-0.0405141709042154,1.015480865920354,0.16642378729052368,0
9.569999999999865,RETURN,0.23851855707052366,-0.06258805156635097,0.9233253592002145,0.37549282987583743,-0.0405141709042154,1.015480865920354,0.16655883356002588,0
9.571999999999866,RETURN,0.2383574187932935,-0.06259054464271455,0.9233219246777367,0.37549282987583743,-0.0405141709042154,1.015480865920354,0.16669360425997276,0
9.573999999999867,RETURN,0.238196526074194,-0.0625929708777499,0.9233186921949903,0.37549282987583743,-0.0405141709042154,1.015480865920354,0.16682809928680672,0
9.575999999999867,RETURN,0.2380358795639135,-0.06259533046471458,0.9233156609071896,0.37549282987583743,-0.0405141709042154,1.015480865920354,0.16696231853837432,0
9.577999999999868,RETURN,0.2378754799107497,-0.0625976235979713,0.9233128299680055,0.37549282987583743,-0.0405141709042154,1.015480865920354,0.16709626191391658,0
9.579999999999869,RETURN,0.237715327760613,-0.06259985047298464,0.9233101985295811,0.37549282987583743,-0.0405141709042154,1.015480865920354,0.16722992931406006,0
9.58199999999987,RETURN,0.23755542375702904,-0.06260201128631537,0.923307765742549,0.37549282987583743,-0.0405141709042154,1.015480865920354,0.16736332064080792,0
9.58399999999987,RETURN,0.23739576854114355,-0.06260410623561777,0.9233055307560475,0.37549282987583743,-0.0405141709042154,1.015480865920354,0.1674964357975297,0
9.58599999999987,RETURN,0.23723636275172374,-0.06260613551963318,0.9233034927177368,0.37549282987583743,-0.0405141709042154,1.015480865920354,0.16762927468895336,0
9.587999999999871,RETURN,0.2370772070251633,-0.06260809933818698,0.9233016507738168,0.37549282987583743,-0.0405141709042154,1.015480865920354,0.16776183722115445,0
9.589999999999872,RETURN,0.23691830199548483,-0.0626099978921836,0.9233000040690411,0.37549282987583743,-0.0405141709042154,1.015480865920354,0.16789412330154882,0
9.591999999999873,RETURN,0.23675964829434415,-0.06261183138360171,0.9232985517467366,0.37549282987583743,-0.0405141709042154,1.015480865920354,0.16802613283888113,0
9.593999999999873,RETURN,0.23660124655103362,-0.06261360001549039,0.9232972929488179,0.37549282987583743,-0.0405141709042154,1.015480865920354,0.16815786574321676,0
9.595999999999874,RETURN,0.2364430973924857,-0.06261530399196386,0.9232962268158037,0.37549282987583743,-0.0405141709042154,1.015480865920354,0.1682893219259328,0
9.597999999999875,RETURN,0.23628520144327708,-0.06261694351819708,0.9232953524868343,0.37549282987583743,-0.0405141709042154,1.015480865920354,0.16842050129970762,0
9.599999999999875,RETURN,0.23612755932563198,-0.06261851880042138,0.9232946690996865,0.37549282987583743,-0.0405141709042154,1.015480865920354,0.16855140377851296,0
9.601999999999876,RETURN,0.23597017165942688,-0.06262003004591953,0.9232941757907915,0.37549282987583743,-0.0405141709042154,1.015480865920354,0.16868202927760312,0
9.603999999999877,RETURN,0.2358130390621937,-0.0626214774630215,0.9232938716952507,0.37549282987583743,-0.0405141709042154,1.015480865920354,0.16881237771350635,0
9.605999999999877,RETURN,0.23565616214912438,-0.06262286126109914,0.9232937559468506,0.37549282987583743,-0.0405141709042154,1.015480865920354,0.16894244900401598,0
9.607999999999878,RETURN,0.23549954153307454,-0.06262418165056183,0.9232938276780818,0.37549282987583743,-0.0405141709042154,1.015480865920354,0.1690722430681798,0
9.609999999999879,RETURN,0.23534317782456837,-0.06262543884285215,0.9232940860201527,0.37549282987583743,-0.0405141709042154,1.015480865920354,0.1692017598262918,0
9.61199999999988,RETURN,0.23518707163180197,-0.06262663305044022,0.9232945301030071,0.37549282987583743,-0.0405141709042154,1.015480865920354,0.1693309991998825,0
9.61399999999988,RETURN,0.23503122356064843,-0.06262776448681975,0.9232951590553399,0.37549282987583743,-0.0405141709042154,1.015480865920354,0.16945996111170938,0
9.61599999999988,RETURN,0.23487563421466184,-0.06262883336650274,0.9232959720046138,0.37549282987583743,-0.0405141709042154,1.015480865920354,0.16958864548574742,0
9.617999999999881,RETURN,0.2347203041950819,-0.06262983990501497,0.9232969680770748,0.37549282987583743,-0.0405141709042154,1.015480865920354,0.16971705224718,0
9.619999999999882,RETURN,0.23456523410083824,-0.0626307843188911,0.9232981463977686,0.37549282987583743,-0.0405141709042154,1.015480865920354,0.16984518132238968,0
9.621999999999883,RETURN,0.2344104245285553,-0.0626316668256697,0.9232995060905573,0.37549282987583743,-0.0405141709042154,1.015480865920354,0.16997303263894784,0
9.623999999999883,RETURN,0.23425587607255674,-0.06263248764388836,0.9233010462781339,0.37549282987583743,-0.0405141709042154,1.015480865920354,0.17010060612560665,0
9.625999999999884,RETURN,0.23410158932487046,-0.0626332469930791,0.9233027660820406,0.37549282987583743,-0.0405141709042154,1.015480865920354,0.1702279017122881,0
9.627999999999885,RETURN,0.23394756487523277,-0.06263394509376301,0.9233046646226822,0.37549282987583743,-0.0405141709042154,1.015480865920354,0.17035491933007654,0
9.629999999999885,RETURN,0.23379380331109395,-0.06263458216744533,0.9233067410193448,0.37549282987583743,-0.0405141709042154,1.015480865920354,0.17048165891120706,0
9.631999999999886,RETURN,0.23364030521762266,-0.0626351584366113,0.9233089943902101,0.37549282987583743,-0.0405141709042154,1.015480865920354,0.17060812038905768,0
9.633999999999887,RETURN,0.2334870711777116,-0.06263567412472021,0.9233114238523709,0.37549282987583743,-0.0405141709042154,1.015480865920354,0.17073430369813924,0
9.635999999999887,RETURN,0.23333410177198147,-0.06263612945620062,0.9233140285218486,0.37549282987583743,-0.0405141709042154,1.015480865920354,0.17086020877408623,0
9.637999999999888,RETURN,0.23318139757878673,-0.06263652465644548,0.9233168075136087,0.37549282987583743,-0.0405141709042154,1.015480865920354,0.17098583555364702,0
9.639999999999889,RETURN,0.23302895917422134,-0.0626368599518076,0.9233197599415752,0.37549282987583743,-0.0405141709042154,1.015480865920354,0.17111118397467462,0
9.64199999999989,RETURN,0.23287678713212262,-0.06263713556959336,0.9233228849186489,0.37549282987583743,-0.0405141709042154,1.015480865920354,0.17123625397611714,0
9.64399999999989,RETURN,0.23272488202407784,-0.06263735173805886,0.9233261815567205,0.37549282987583743,-0.0405141709042154,1.015480865920354,0.17136104549800868,0
9.64599999999989,RETURN,0.23257324441942862,-0.06263750868640396,0.9233296489666886,0.37549282987583743,-0.0405141709042154,1.015480865920354,0.17148555848145952,0
9.647999999999891,RETURN,0.23242187488527716,-0.06263760664476775,0.923333286258474,0.37549282987583743,-0.0405141709042154,1.015480865920354,0.1716097928686466,0
9.649999999999892,RETURN,0.2322707739864913,-0.0626376458442233,0.9233370925410366,0.37549282987583743,-0.0405141709042154,1.015480865920354,0.17173374860280421,0
9.651999999999893,RETURN,0.2321199422857098,-0.06263762651677199,0.9233410669223905,0.37549282987583743,-0.0405141709042154,1.015480865920354,0.17185742562821443,0
9.653999999999893,RETURN,0.23196938034334852,-0.06263754889533887,0.9233452085096185,0.37549282987583743,-0.0405141709042154,1.015480865920354,0.1719808238901984,0
9.655999999999894,RETURN,0.23181908871760562,-0.06263741321376742,0.9233495164088908,0.37549282987583743,-0.0405141709042154,1.015480865920354,0.17210394333510529,0
9.657999999999895,RETURN,0.23166906796446793,-0.06263721970681434,0.9233539897254768,0.37549282987583743,-0.0405141709042154,1.015480865920354,0.1722267839103045,0
9.659999999999895,RETURN,0.23151931863771588,-0.06263696861014378,0.923358627563764,0.37549282987583743,-0.0405141709042154,1.015480865920354,0.17234934556417478,0
9.661999999999896,RETURN,0.23136984128892993,-0.06263666016032288,0.9233634290272714,0.37549282987583743,-0.0405141709042154,1.015480865920354,0.17247162824609594,0
9.663999999999897,RETURN,0.2312206364674965,-0.06263629459481627,0.9233683932186669,0.37549282987583743,-0.0405141709042154,1.015480865920354,0.17259363190643803,0
9.665999999999897,RETURN,0.23107170472061356,-0.06263587215198033,0.9233735192397794,0.37549282987583743,-0.0405141709042154,1.015480865920354,0.17271535649655406,0
9.667999999999898,RETURN,0.23092304659329677,-0.06263539307105818,0.9233788061916187,0.37549282987583743,-0.0405141709042154,1.015480865920354,0.17283680196876797,0
9.669999999999899,RETURN,0.23077466262838633,-0.06263485759217499,0.9233842531743879,0.37549282987583743,-0.0405141709042154,1.015480865920354,0.17295796827636636,0
9.6719999999999,RETURN,0.23062655336655152,-0.06263426595633106,0.9233898592874992,0.37549282987583743,-0.0405141709042154,1.015480865920354,0.17307885537358986,0
9.6739999999999,RETURN,0.230478719346299,-0.06263361840539869,0.9233956236295906,0.37549282987583743,-0.0405141709042154,1.015480865920354,0.17319946321562144,0
9.6759999999999,RETURN,0.2303311611039771,-0.06263291518211475,0.9234015452985394,0.37549282987583743,-0.0405141709042154,1.015480865920354,0.17331979175857942,0
9.677999999999901,RETURN,0.23018387917378333,-0.06263215653007637,0.9234076233914795,0.37549282987583743,-0.0405141709042154,1.015480865920354,0.17343984095950596,0
9.679999999999902,RETURN,0.2300368740877705,-0.06263134269373495,0.9234138570048148,0.37549282987583743,-0.0405141709042154,1.015480865920354,0.17355961077635884,0
9.681999999999903,RETURN,0.22989014637585278,-0.06263047391839155,0.9234202452342356,0.37549282987583743,-0.0405141709042154,1.015480865920354,0.1736791011680016,0
9.683999999999903,RETURN,0.22974369656581306,-0.06262955045019081,0.9234267871747335,0.37549282987583743,-0.0405141709042154,1.015480865920354,0.17379831209419355,0
9.685999999999904,RETURN,0.2295975251833087,-0.06262857253611576,0.9234334819206159,0.37549282987583743,-0.0405141709042154,1.015480865920354,0.17391724351558138,0
9.687999999999905,RETURN,0.2294516327518783,-0.06262754042398197,0.9234403285655228,0.37549282987583743,-0.0405141709042154,1.015480865920354,0.17403589539368858,0
9.689999999999905,RETURN,0.22930601979294868,-0.06262645436243253,0.9234473262024404,0.37549282987583743,-0.0405141709042154,1.015480865920354,0.17415426769090647,0
9.691999999999906,RETURN,0.22916068682584134,-0.06262531460093233,0.923454473923717,0.37549282987583743,-0.0405141709042154,1.015480865920354,0.17427236037048466,0
9.693999999999907,RETURN,0.2290156343677793,-0.06262412138976245,0.9234617708210769,0.37549282987583743,-0.0405141709042154,1.015480865920354,0.17439017339652205,0
9.695999999999907,RETURN,0.22887086293389416,-0.06262287498001515,0.923469215985637,0.37549282987583743,-0.0405141709042154,1.015480865920354,0.1745077067339563,0
9.697999999999908,RETURN,0.22872637303723267,-0.06262157562358751,0.9234768085079214,0.37549282987583743,-0.0405141709042154,1.015480865920354,0.17462496034855485,0
9.699999999999909,RETURN,0.22858216518876331,-0.06262022357317623,0.9234845474778749,0.37549282987583743,-0.0405141709042154,1.015480865920354,0.17474193420690645,0
9.70199999999991,RETURN,0.22843823989738476,-0.0626188190822724,0.92349243198488,0.37549282987583743,-0.0405141709042154,1.015480865920354,0.17485862827640958,0
9.70399999999991,RETURN,0.22829459766993143,-0.06261736240515542,0.9235004611177702,0.37549282987583743,-0.0405141709042154,1.015480865920354,0.17497504252526486,0
9.70599999999991,RETURN,0.22815123901118084,-0.06261585379688739,0.9235086339648457,0.37549282987583743,-0.0405141709042154,1.015480865920354,0.1750911769224649,0
9.707999999999911,RETURN,0.2280081644238617,-0.062614293513308,0.923516949613888,0.37549282987583743,-0.0405141709042154,1.015480865920354,0.17520703143778454,0
9.709999999999912,RETURN,0.22786537440866017,-0.06261268181102839,0.9235254071521749,0.37549282987583743,-0.0405141709042154,1.015480865920354,0.17532260604177155,0
9.711999999999913,RETURN,0.2277228694642274,-0.0626110189474256,0.9235340056664945,0.37549282987583743,-0.0405141709042154,1.015480865920354,0.17543790070573773,0
9.713999999999913,RETURN,0.22758065008718723,-0.06260930518063698,0.9235427442431602,0.37549282987583743,-0.0405141709042154,1.015480865920354,0.17555291540174883,0
9.715999999999914,RETURN,0.22743871677214286,-0.06260754076955444,0.9235516219680269,0.37549282987583743,-0.0405141709042154,1.015480865920354,0.1756676501026149,0
9.717999999999915,RETURN,0.22729707001168492,-0.06260572597381882,0.923560637926503,0.37549282987583743,-0.0405141709042154,1.015480865920354,0.1757821047818817,0
9.719999999999915,RETURN,0.227155710296399,-0.06260386105381455,0.9235697912035674,0.37549282987583743,-0.0405141709042154,1.015480865920354,0.17589627941382002,0
9.721999999999916,RETURN,0.2270146381148719,-0.06260194627066237,0.9235790808837826,0.37549282987583743,-0.0405141709042154,1.015480865920354,0.17601017397341795,0
9.723999999999917,RETURN,0.22687385395370158,-0.0625999818862162,0.9235885060513095,0.37549282987583743,-0.0405141709042154,1.015480865920354,0.17612378843636953,0
9.725999999999917,RETURN,0.22673335829750227,-0.06259796816305485,0.9235980657899223,0.37549282987583743,-0.0405141709042154,1.015480865920354,0.17623712277906686,0
9.727999999999918,RETURN,0.22659315162891408,-0.06259590536447807,0.9236077591830234,0.37549282987583743,-0.0405141709042154,1.015480865920354,0.17635017697858937,0
9.729999999999919,RETURN,0.22645323442860962,-0.06259379375449955,0.9236175853136565,0.37549282987583743,-0.0405141709042154,1.015480865920354,0.17646295101269552,0
9.73199999999992,RETURN,0.2263136071753021,-0.0625916335978417,0.9236275432645219,0.37549282987583743,-0.0405141709042154,1.015480865920354,0.17657544485981277,0
9.73399999999992,RETURN,0.22617427034575355,-0.06258942515993013,0.9236376321179917,0.37549282987583743,-0.0405141709042154,1.015480865920354,0.17668765849902776,0
9.73599999999992,RETURN,0.22603522441478197,-0.06258716870688699,0.9236478509561217,0.37549282987583743,-0.0405141709042154,1.015480865920354,0.17679959191007819,0
9.737999999999921,RETURN,0.22589646985527012,-0.06258486450552607,0.9236581988606682,0.37549282987583743,-0.0405141709042154,1.015480865920354,0.17691124507334188,0
9.739999999999922,RETURN,0.2257580071381726,-0.06258251282334597,0.923668674913101,0.37549282987583743,-0.0405141709042154,1.015480865920354,0.17702261796982857,0
9.741999999999923,RETURN,0.2256198367325245,-0.06258011392852542,0.9236792781946181,0.37549282987583743,-0.0405141709042154,1.015480865920354,0.17713371058116972,0
9.743999999999923,RETURN,0.22548195910544963,-0.06257766808991647,0.9236900077861597,0.37549282987583743,-0.0405141709042154,1.015480865920354,0.17724452288960924,0
9.745999999999924,RETURN,0.2253443747221682,-0.0625751755770388,0.923700862768422,0.37549282987583743,-0.0405141709042154,1.015480865920354,0.1773550548779944,0
9.747999999999925,RETURN,0.22520708404600476,-0.06257263666007426,0.9237118422218722,0.37549282987583743,-0.0405141709042154,1.015480865920354,0.1774653065297665,0
9.749999999999925,RETURN,0.22507008753839738,-0.06257005160986048,0.923722945226762,0.37549282987583743,-0.0405141709042154,1.015480865920354,0.17757527782895074,0
9.751999999999926,RETURN,0.22493338565890517,-0.0625674206978853,0.9237341708631417,0.37549282987583743,-0.0405141709042154,1.015480865920354,0.17768496876014767,0
9.753999999999927,RETURN,0.22479697886521677,-0.06256474419628061,0.9237455182108746,0.37549282987583743,-0.0405141709042154,1.015480865920354,0.17779437930852318,0
9.755999999999927,RETURN,0.22466086761315882,-0.06256202237781644,0.9237569863496498,0.37549282987583743,-0.0405141709042154,1.015480865920354,0.17790350945979996,0
9.757999999999928,RETURN,0.22452505235670422,-0.06255925551589527,0.9237685743589986,0.37549282987583743,-0.0405141709042154,1.015480865920354,0.1780123592002468,0
9.759999999999929,RETURN,0.22438953354798077,-0.06255644388454575,0.9237802813183054,0.37549282987583743,-0.0405141709042154,1.015480865920354,0.1781209285166708,0
9.76199999999993,RETURN,0.22425431163727966,-0.06255358775841686,0.9237921063068243,0.37549282987583743,-0.0405141709042154,1.015480865920354,0.17822921739640635,0
9.76399999999993,RETURN,0.22411938707306395,-0.06255068741277213,0.9238040484036909,0.37549282987583743,-0.0405141709042154,1.015480865920354,0.17833722582730724,0
9.76599999999993,RETURN,0.22398476030197698,-0.06254774312348327,0.9238161066879375,0.37549282987583743,-0.0405141709042154,1.015480865920354,0.17844495379773653,0
9.767999999999931,RETURN,0.22385043176885128,-0.0625447551670243,0.9238282802385055,0.37549282987583743,-0.0405141709042154,1.015480865920354,0.17855240129655772,0
9.769999999999932,RETURN,0.2237164019167178,-0.06254172382046619,0.9238405681342609,0.37549282987583743,-0.0405141709042154,1.015480865920354,0.1786595683131242,0
9.771999999999933,RETURN,0.22358267118681296,-0.06253864936146941,0.9238529694540066,0.37549282987583743,-0.0405141709042154,1.015480865920354,0.17876645483727174,0
9.773999999999933,RETURN,0.2234492400185896,-0.06253553206827951,0.9238654832764971,0.37549282987583743,-0.0405141709042154,1.015480865920354,0.17887306085930735,0
9.775999999999934,RETURN,0.22331610884972375,-0.06253237221971983,0.9238781086804508,0.37549282987583743,-0.0405141709042154,1.015480865920354,0.1789793863700017,0
9.777999999999935,RETURN,0.22318327811612526,-0.06252917009518622,0.9238908447445645,0.37549282987583743,-0.0405141709042154,1.015480865920354,0.17908543136057845,0
9.779999999999935,RETURN,0.22305074825194549,-0.06252592597464075,0.9239036905475279,0.37549282987583743,-0.0405141709042154,1.015480865920354,0.17919119582270523,0
9.781999999999936,RETURN,0.2229185196895868,-0.06252264013860541,0.9239166451680347,0.37549282987583743,-0.0405141709042154,1.015480865920354,0.17929667974848493,0
9.783999999999937,RETURN,0.22278659285971159,-0.06251931286815654,0.9239297076847982,0.37549282987583743,-0.0405141709042154,1.015480865920354,0.17940188313044594,0
9.785999999999937,RETURN,0.2226549681912508,-0.06251594444491834,0.9239428771765646,0.37549282987583743,-0.0405141709042154,1.015480865920354,0.17950680596153262,0
9.787999999999938,RETURN,0.22252364611141387,-0.06251253515105676,0.9239561527221246,0.37549282987583743,-0.0405141709042154,1.015480865920354,0.17961144823509675,0
9.789999999999939,RETURN,0.22239262704569682,-0.06250908526927348,0.923969533400329,0.37549282987583743,-0.0405141709042154,1.015480865920354,0.1797158099448878,0
9.79199999999994,RETURN,0.22226191141789253,-0.0625055950828004,0.9239830182901008,0.37549282987583743,-0.0405141709042154,1.015480865920354,0.17981989108504337,0
9.79399999999994,RETURN,0.2221314996500989,-0.06250206487539228,0.9239966064704491,0.37549282987583743,-0.0405141709042154,1.015480865920354,0.17992369165008051,0
9.79599999999994,RETURN,0.22200139216272893,-0.0624984949313216,0.9240102970204818,0.37549282987583743,-0.0405141709042154,1.015480865920354,0.1800272116348863,0
9.797999999999941,RETURN,0.22187158937451948,-0.062494885535372434,0.9240240890194195,0.37549282987583743,-0.0405141709042154,1.015480865920354,0.18013045103470832,0
9.799999999999942,RETURN,0.22174209170254083,-0.06249123697283378,0.9240379815466075,0.37549282987583743,-0.0405141709042154,1.015480865920354,0.18023340984514605,0
9.801999999999943,RETURN,0.22161289956220598,-0.062487549529493314,0.9240519736815312,0.37549282987583743,-0.0405141709042154,1.015480865920354,0.1803360880621407,0
9.803999999999943,RETURN,0.22148401336728,-0.06248382349163203,0.9240660645038273,0.37549282987583743,-0.0405141709042154,1.015480865920354,0.18043848568196674,0
9.805999999999944,RETURN,0.2213554335298898,-0.062480059146017695,0.9240802530932969,0.37549282987583743,-0.0405141709042154,1.015480865920354,0.1805406027012226,0
9.807999999999945,RETURN,0.221227160460533,-0.06247625677989807,0.9240945385299199,0.37549282987583743,-0.0405141709042154,1.015480865920354,0.18064243911682124,0
9.809999999999945,RETURN,0.2210991945680883,-0.062472416680995756,0.9241089198938669,0.37549282987583743,-0.0405141709042154,1.015480865920354,0.1807439949259809,0
9.811999999999946,RETURN,0.2209715362598242,-0.06246853913750131,0.9241233962655131,0.37549282987583743,-0.0405141709042154,1.015480865920354,0.1808452701262161,0
9.813999999999947,RETURN,0.22084418594140912,-0.06246462443806719,0.9241379667254502,0.37549282987583743,-0.0405141709042154,1.015480865920354,0.1809462647153285,0
9.815999999999947,RETURN,0.2207171440169209,-0.06246067287180179,0.9241526303545,0.37549282987583743,-0.0405141709042154,1.015480865920354,0.1810469786913977,0
9.817999999999948,RETURN,0.22059041088885648,-0.06245668472826294,0.9241673862337277,0.37549282987583743,-0.0405141709042154,1.015480865920354,0.18114741205277163,0
9.819999999999949,RETURN,0.2204639869581417,-0.06245266029745177,0.9241822334444534,0.37549282987583743,-0.0405141709042154,1.015480865920354,0.18124756479805817,0
9.82199999999995,RETURN,0.22033787262414087,-0.062448599869806914,0.9241971710682662,0.37549282987583743,-0.0405141709042154,1.015480865920354,0.18134743692611557,0
9.82399999999995,RETURN,0.22021206828466686,-0.0624445037361972,0.9242121981870367,0.37549282987583743,-0.0405141709042154,1.015480865920354,0.18144702843604282,0
9.82599999999995,RETURN,0.22008657433599044,-0.062440372187916864,0.9242273138829291,0.37549282987583743,-0.0405141709042154,1.015480865920354,0.18154633932717187,0
9.827999999999951,RETURN,0.219961391172851,-0.062436205516678216,0.9242425172384147,0.37549282987583743,-0.0405141709042154,1.015480865920354,0.18164536959905692,0
9.829999999999952,RETURN,0.2198365191884654,-0.062432004014605656,0.9242578073362843,0.37549282987583743,-0.0405141709042154,1.015480865920354,0.18174411925146639,0
9.831999999999953,RETURN,0.21971195877453858,-0.06242776797422979,0.9242731832596606,0.37549282987583743,-0.0405141709042154,1.015480865920354,0.18184258828437355,0
9.833999999999953,RETURN,0.21958771032127355,-0.06242349768848067,0.9242886440920114,0.37549282987583743,-0.0405141709042154,1.015480865920354,0.18194077669794706,0
9.835999999999954,RETURN,0.21946377421738134,-0.062419193450682066,0.9243041889171618,0.37549282987583743,-0.0405141709042154,1.015480865920354,0.18203868449254199,0
9.837999999999955,RETURN,0.21934015085009037,-0.06241485555454453,0.924319816819306,0.37549282987583743,-0.0405141709042154,1.015480865920354,0.18213631166869182,0
9.839999999999955,RETURN,0.2192168406051577,-0.062410484294159796,0.9243355268830213,0.37549282987583743,-0.0405141709042154,1.015480865920354,0.18223365822709753,0
9.841999999999956,RETURN,0.2190938438668786,-0.06240607996399424,0.92435131819328,0.37549282987583743,-0.0405141709042154,1.015480865920354,0.18233072416861945,0
9.843999999999957,RETURN,0.2189711610180961,-0.062401642858882084,0.9243671898354605,0.37549282987583743,-0.0405141709042154,1.015480865920354,0.1824275094942691,0
9.845999999999957,RETURN,0.21884879244021227,-0.06239717327402033,0.9243831408953622,0.37549282987583743,-0.0405141709042154,1.015480865920354,0.18252401420519834,0
9.847999999999958,RETURN,0.2187267385131979,-0.062392671504961236,0.9243991704592158,0.37549282987583743,-0.0405141709042154,1.015480865920354,0.18262023830269142,0
9.849999999999959,RETURN,0.21860499961560237,-0.062388137847606405,0.9244152776136966,0.37549282987583743,-0.0405141709042154,1.015480865920354,0.18271618178815613,0
9.85199999999996,RETURN,0.21848357612456495,-0.06238357259820106,0.9244314614459364,0.37549282987583743,-0.0405141709042154,1.015480865920354,0.18281184466311387,0
9.85399999999996,RETURN,0.2183624684158238,-0.062378976053326846,0.9244477210435356,0.37549282987583743,-0.0405141709042154,1.015480865920354,0.18290722692919206,0
9.85599999999996,RETURN,0.21824167686372792,-0.06237434850989633,0.9244640554945766,0.37549282987583743,-0.0405141709042154,1.015480865920354,0.18300232858811308,0
9.857999999999961,RETURN,0.21812120184124587,-0.062369690265145966,0.9244804638876342,0.37549282987583743,-0.0405141709042154,1.015480865920354,0.1830971496416875,0
9.859999999999962,RETURN,0.21800104371997753,-0.06236500161663019,0.9244969453117899,0.37549282987583743,-0.0405141709042154,1.015480865920354,0.18319169009180303,0
9.861999999999963,RETURN,0.21788120287016385,-0.06236028286221531,0.9245134988566415,0.37549282987583743,-0.0405141709042154,1.015480865920354,0.18328594994041755,0
9.863999999999963,RETURN,0.2177616796606972,-0.06235553430007233,0.9245301236123169,0.37549282987583743,-0.0405141709042154,1.015480865920354,0.18337992918954893,0
9.865999999999964,RETURN,0.21764247445913287,-0.06235075622867184,0.9245468186694866,0.37549282987583743,-0.0405141709042154,1.015480865920354,0.18347362784126553,0
9.867999999999965,RETURN,0.2175235876316983,-0.06234594894677646,0.924563583119374,0.37549282987583743,-0.0405141709042154,1.015480865920354,0.18356704589767886,0
9.869999999999965,RETURN,0.21740501954330474,-0.06234111275343562,0.9245804160537688,0.37549282987583743,-0.0405141709042154,1.015480865920354,0.1836601833609333,0
9.871999999999966,RETURN,0.2172867705575572,-0.06233624794797815,0.9245973165650377,0.37549282987583743,-0.0405141709042154,1.015480865920354,0.1837530402331981,0
9.873999999999967,RETURN,0.21716884103676537,-0.0623313548300066,0.9246142837461385,0.37549282987583743,-0.0405141709042154,1.015480865920354,0.18384561651665746,0
9.875999999999967,RETURN,0.21705123134195445,-0.062326433699391184,0.9246313166906293,0.37549282987583743,-0.0405141709042154,1.015480865920354,0.18393791221350247,0
9.877999999999968,RETURN,0.21693394183287526,-0.062321484856262314,0.9246484144926823,0.37549282987583743,-0.0405141709042154,1.015480865920354,0.18402992732592188,0
9.879999999999969,RETURN,0.21681697286801577,-0.062316508601005516,0.9246655762470944,0.37549282987583743,-0.0405141709042154,1.015480865920354,0.18412166185609338,0
9.88199999999997,RETURN,0.2167003248046113,-0.062311505234254126,0.9246828010493005,0.37549282987583743,-0.0405141709042154,1.015480865920354,0.1842131158061741,0
9.88399999999997,RETURN,0.21658399799865527,-0.06230647505688336,0.9247000879953831,0.37549282987583743,-0.0405141709042154,1.015480865920354,0.18430428917829295,0
9.88599999999997,RETURN,0.2164679928049107,-0.062301418370004115,0.9247174361820865,0.37549282987583743,-0.0405141709042154,1.015480865920354,0.18439518197454005,0
9.887999999999971,RETURN,0.21635230957692045,-0.06229633547495623,0.9247348447068265,0.37549282987583743,-0.0405141709042154,1.015480865920354,0.1844857941969593,0
9.889999999999972,RETURN,0.21623694866701804,-0.062291226673302204,0.9247523126677026,0.37549282987583743,-0.0405141709042154,1.015480865920354,0.1845761258475394,0
9.891999999999973,RETURN,0.21612191042633885,-0.06228609226682105,0.9247698391635109,0.37549282987583743,-0.0405141709042154,1.015480865920354,0.18466617692820406,0
9.893999999999973,RETURN,0.21600719520483122,-0.0622809325575015,0.9247874232937534,0.37549282987583743,-0.0405141709042154,1.015480865920354,0.18475594744080398,0
9.895999999999974,RETURN,0.2158928033512667,-0.06227574784753629,0.9248050641586523,0.37549282987583743,-0.0405141709042154,1.015480865920354,0.1848454373871078,0
9.897999999999975,RETURN,0.2157787352132524,-0.06227053843931516,0.9248227608591585,0.37549282987583743,-0.0405141709042154,1.015480865920354,0.18493464676879312,0
9.899999999999975,RETURN,0.21566499113724008,-0.062265304635418774,0.9248405124969655,0.37549282987583743,-0.0405141709042154,1.015480865920354,0.18502357558743843,0
9.901999999999976,RETURN,0.21555157146853915,-0.06226004673861218,0.9248583181745201,0.37549282987583743,-0.0405141709042154,1.015480865920354,0.18511222384451306,0
9.903999999999977,RETURN,0.21543847655132642,-0.06225476505183885,0.9248761769950333,0.37549282987583743,-0.0405141709042154,1.015480865920354,0.18520059154136959,0
9.905999999999977,RETURN,0.21532570672865778,-0.062249459878213766,0.924894088062493,0.37549282987583743,-0.0405141709042154,1.015480865920354,0.18528867867923418,0
9.907999999999978,RETURN,0.21521326234247923,-0.062244131521017335,0.9249120504816737,0.37549282987583743,-0.0405141709042154,1.015480865920354,0.18537648525919848,0
9.909999999999979,RETURN,0.21510114373363765,-0.062238780283688545,0.9249300633581492,0.37549282987583743,-0.0405141709042154,1.015480865920354,0.18546401128221082,0
9.91199999999998,RETURN,0.2149893512418932,-0.06223340646981962,0.9249481257983032,0.37549282987583743,-0.0405141709042154,1.015480865920354,0.1855512567490665,0
9.91399999999998,RETURN,0.21487788520592907,-0.0622280103831488,0.9249662369093414,0.37549282987583743,-0.0405141709042154,1.015480865920354,0.18563822166040014,0
9.91599999999998,RETURN,0.2147667459633632,-0.062222592327553526,0.924984395799302,0.37549282987583743,-0.0405141709042154,1.015480865920354,0.18572490601667674,0
9.917999999999981,RETURN,0.21465593385076018,-0.06221715260704565,0.9250026015770664,0.37549282987583743,-0.0405141709042154,1.015480865920354,0.18581130981818283,0
9.919999999999982,RETURN,0.21454544920364188,-0.06221169152576322,0.9250208533523716,0.37549282987583743,-0.0405141709042154,1.015480865920354,0.1858974330650175,0
9.921999999999983,RETURN,0.21443529235649852,-0.06220620938796524,0.9250391502358215,0.37549282987583743,-0.0405141709042154,1.015480865920354,0.18598327575708404,0
9.923999999999984,RETURN,0.2143254636428012,-0.0622007064980252,0.9250574913388968,0.37549282987583743,-0.0405141709042154,1.015480865920354,0.18606883789408082,0
9.925999999999984,RETURN,0.21421596339501167,-0.06219518316042395,0.9250758757739663,0.37549282987583743,-0.0405141709042154,1.015480865920354,0.1861541194754938,0
9.927999999999985,RETURN,0.21410679194459517,-0.06218963967974412,0.9250943026542999,0.37549282987583743,-0.0405141709042154,1.015480865920354,0.18623912050058572,0
9.929999999999986,RETURN,0.21399794962203095,-0.06218407636066354,0.9251127710940769,0.37549282987583743,-0.0405141709042154,1.015480865920354,0.18632384096838955,0
9.931999999999986,RETURN,0.21388943675682404,-0.06217849350794831,0.9251312802083986,0.37549282987583743,-0.0405141709042154,1.015480865920354,0.1864082808776986,0
9.933999999999987,RETURN,0.21378125367751627,-0.06217289142644716,0.925149829113299,0.37549282987583743,-0.0405141709042154,1.015480865920354,0.1864924402270588,0
9.935999999999988,RETURN,0.21367340071169905,-0.06216727042108464,0.9251684169257561,0.37549282987583743,-0.0405141709042154,1.015480865920354,0.18657631901475838,0
9.937999999999988,RETURN,0.2135658781860229,-0.062161630796854606,0.9251870427637023,0.37549282987583743,-0.0405141709042154,1.015480865920354,0.18665991723882136,0
9.939999999999989,RETURN,0.21345868642621074,-0.062155972858814065,0.9252057057460354,0.37549282987583743,-0.0405141709042154,1.015480865920354,0.18674323489699737,0
9.94199999999999,RETURN,0.21335182575706854,-0.062150296912077074,0.9252244049926296,0.37549282987583743,-0.0405141709042154,1.015480865920354,0.1868262719867539,0
9.94399999999999,RETURN,0.2132452965024971,-0.062144603261807575,0.9252431396243469,0.37549282987583743,-0.0405141709042154,1.015480865920354,0.18690902850526683,0
9.94599999999999,RETURN,0.21313909898550357,-0.06213889221321352,0.9252619087630463,0.37549282987583743,-0.0405141709042154,1.015480865920354,0.1869915044494132,0
9.947999999999992,RETURN,0.2130332335282134,-0.0621331640715406,0.9252807115315966,0.37549282987583743,-0.0405141709042154,1.015480865920354,0.187073699815761,0
9.949999999999992,RETURN,0.21292770045188184,-0.06212741914206536,0.9252995470538864,0.37549282987583743,-0.0405141709042154,1.015480865920354,0.18715561460056138,0
9.951999999999993,RETURN,0.2128225000769051,-0.06212165773008932,0.9253184144548338,0.37549282987583743,-0.0405141709042154,1.015480865920354,0.18723724879974077,0
9.953999999999994,RETURN,0.2127176327228328,-0.06211588014093209,0.9253373128603983,0.37549282987583743,-0.0405141709042154,1.015480865920354,0.18731860240889112,0
9.955999999999994,RETURN,0.2126130987083795,-0.06211008667992549,0.9253562413975917,0.37549282987583743,-0.0405141709042154,1.015480865920354,0.1873996754232617,0
9.957999999999995,RETURN,0.21250889835143574,-0.06210427765240668,0.9253751991944881,0.37549282987583743,-0.0405141709042154,1.015480865920354,0.187480467837751,0
9.959999999999996,RETURN,0.21240503196908092,-0.062098453363712044,0.9253941853802343,0.37549282987583743,-0.0405141709042154,1.015480865920354,0.1875609796468977,0
9.961999999999996,RETURN,0.21230149987759442,-0.06209261411917089,0.9254131990850611,0.37549282987583743,-0.0405141709042154,1.015480865920354,0.1876412108448723,0
9.963999999999997,RETURN,0.212198302392467,-0.062086760224098515,0.9254322394402938,0.37549282987583743,-0.0405141709042154,1.015480865920354,0.18772116142546888,0
9.965999999999998,RETURN,0.21209543982841386,-0.062080891983790756,0.9254513055783623,0.37549282987583743,-0.0405141709042154,1.015480865920354,0.18780083138209586,0
9.967999999999998,RETURN,0.21199291249938498,-0.06207500970351639,0.925470396632812,0.37549282987583743,-0.0405141709042154,1.015480865920354,0.18788022070776836,0
9.969999999999999,RETURN,0.21189072071857837,-0.06206911368851221,0.9254895117383145,0.37549282987583743,-0.0405141709042154,1.015480865920354,0.18795932939509893,0
9.972,RETURN,0.211788864798451,-0.062063204243975115,0.9255086500306775,0.37549282987583743,-0.0405141709042154,1.015480865920354,0.18803815743628952,0
9.974,RETURN,0.21168734505073097,-0.06205728167505682,0.9255278106468555,0.37549282987583743,-0.0405141709042154,1.015480865920354,0.18811670482312304,0
9.976,RETURN,0.21158616178642964,-0.06205134628685704,0.9255469927249608,0.37549282987583743,-0.0405141709042154,1.015480865920354,0.18819497154695455,0
9.978000000000002,RETURN,0.21148531531585327,-0.062045398384417104,0.9255661954042724,0.37549282987583743,-0.0405141709042154,1.015480865920354,0.18827295759870327,0
9.980000000000002,RETURN,0.2113848059486152,-0.062039438272713535,0.9255854178252492,0.37549282987583743,-0.0405141709042154,1.015480865920354,0.18835066296884323,0
9.982000000000003,RETURN,0.2112846339936477,-0.06203346625665206,0.9256046591295372,0.37549282987583743,-0.0405141709042154,1.015480865920354,0.18842808764739583,0
9.984000000000004,RETURN,0.21118479975921406,-0.062027482641060616,0.925623918459981,0.37549282987583743,-0.0405141709042154,1.015480865920354,0.18850523162392105,0
9.986000000000004,RETURN,0.21108530355292054,-0.062021487730683576,0.9256431949606356,0.37549282987583743,-0.0405141709042154,1.015480865920354,0.18858209488750866,0
9.988000000000005,RETURN,0.21098614568172847,-0.06201548183017483,0.9256624877767747,0.37549282987583743,-0.0405141709042154,1.015480865920354,0.1886586774267701,0
9.990000000000006,RETURN,0.210887326451966,-0.062009465244091753,0.9256817960549023,0.37549282987583743,-0.0405141709042154,1.015480865920354,0.18873497922982996,0
9.992000000000006,RETURN,0.2107888461693409,-0.0620034382768888,0.9257011189427613,0.37549282987583743,-0.0405141709042154,1.015480865920354,0.18881100028431788,0
9.994000000000007,RETURN,0.21069070513895174,-0.06199740123291112,0.9257204555893455,0.37549282987583743,-0.0405141709042154,1.015480865920354,0.18888674057735988,0
9.996000000000008,RETURN,0.21059290366530067,-0.061991354416387756,0.92573980514491,0.37549282987583743,-0.0405141709042154,1.015480865920354,0.18896220009556916,0
9.998000000000008,RETURN,0.2104954420523054,-0.0619852981314261,0.925759166760979,0.37549282987583743,-0.0405141709042154,1.015480865920354,0.18903737882503951,0
10.000000000000009,RETURN,0.210398320603311,-0.06197923268200504,0.9257785395903584,0.37549282987583743,-0.0405141709042154,1.015480865920354,0.18911227675133538,0
10.00200000000001,RETURN,0.21030153962110265,-0.06197315837196852,0.9257979227871449,0.37549282987583743,-0.0405141709042154,1.015480865920354,0.18918689385948392,0
10.00400000000001,RETURN,0.21020509940791712,-0.06196707550501898,0.9258173155067361,0.37549282987583743,-0.0405141709042154,1.015480865920354,0.1892612301339671,0
10.00600000000001,RETURN,0.21010900026545576,-0.06196098438471203,0.9258367169058408,0.37549282987583743,-0.0405141709042154,1.015480865920354,0.18933528555871254,0
10.008000000000012,RETURN,0.21001324249489592,-0.061954885314448656,0.9258561261424897,0.37549282987583743,-0.0405141709042154,1.015480865920354,0.18940906011708558,0
10.010000000000012,RETURN,0.20991782639690365,-0.06194877859746981,0.9258755423760433,0.37549282987583743,-0.0405141709042154,1.015480865920354,0.18948255379188148,0
10.012000000000013,RETURN,0.20982275227164612,-0.06194266453685,0.9258949647672055,0.37549282987583743,-0.0405141709042154,1.015480865920354,0.1895557665653154,0
10.014000000000014,RETURN,0.2097280204188033,-0.06193654343549056,0.9259143924780299,0.37549282987583743,-0.0405141709042154,1.015480865920354,0.189628698419016,0
10.016000000000014,RETURN,0.20963363113758082,-0.06193041559611365,0.9259338246719325,0.37549282987583743,-0.0405141709042154,1.015480865920354,0.18970134933401572,0
10.018000000000015,RETURN,0.20953958472672155,-0.06192428132125525,0.9259532605137003,0.37549282987583743,-0.0405141709042154,1.015480865920354,0.18977371929074344,0
10.020000000000016,RETURN,0.20944588148451895,-0.061918140913259895,0.9259726991695019,0.37549282987583743,-0.0405141709042154,1.015480865920354,0.189845808269015,0
10.022000000000016,RETURN,0.2093525217088284,-0.06191199467427339,0.9259921398068967,0.37549282987583743,-0.0405141709042154,1.015480865920354,0.18991761624802628,0
10.024000000000017,RETURN,0.2092595056970801,-0.06190584290623701,0.9260115815948454,0.37549282987583743,-0.0405141709042154,1.015480865920354,0.18998914320634375,0
10.026000000000018,RETURN,0.2091668337462912,-0.061899685910880534,0.9260310237037214,0.37549282987583743,-0.0405141709042154,1.015480865920354,0.1900603891218962,0
10.028000000000018,RETURN,0.2090745061530781,-0.06189352398971658,0.9260504653053171,0.37549282987583743,-0.0405141709042154,1.015480865920354,0.19013135397196762,0
10.030000000000019,RETURN,0.20898252321366972,-0.061887357444034494,0.9260699055728566,0.37549282987583743,-0.0405141709042154,1.015480865920354,0.19020203773318725,0
10.03200000000002,RETURN,0.20889088522391805,-0.06188118657489237,0.9260893436810056,0.37549282987583743,-0.0405141709042154,1.015480865920354,0.19027244038152266,0
10.03400000000002,RETURN,0.20879959247931268,-0.06187501168311302,0.9261087788058789,0.37549282987583743,-0.0405141709042154,1.015480865920354,0.19034256189227067,0
10.036000000000021,RETURN,0.20870864527499167,-0.06186883306927581,0.9261282101250536,0.37549282987583743,-0.0405141709042154,1.015480865920354,0.19041240224004918,0
10.038000000000022,RETURN,0.20861804390575475,-0.0618626510337111,0.9261476368175757,0.37549282987583743,-0.0405141709042154,1.015480865920354,0.19048196139878928,0
10.040000000000022,RETURN,0.20852778866607558,-0.06185646587649398,0.926167058063972,0.37549282987583743,-0.0405141709042154,1.015480865920354,0.19055123934172652,0
10.042000000000023,RETURN,0.2084378798501143,-0.06185027789743778,0.9261864730462592,0.37549282987583743,-0.0405141709042154,1.015480865920354,0.19062023604139272,0
10.044000000000024,RETURN,0.2083483177517299,-0.06184408739608752,0.926205880947953,0.37549282987583743,-0.0405141709042154,1.015480865920354,0.1906889514696082,0
10.046000000000024,RETURN,0.20825910266449296,-0.06183789467171408,0.9262252809540793,0.37549282987583743,-0.0405141709042154,1.015480865920354,0.1907573855974726,0
10.048000000000025,RETURN,0.20817023488169742,-0.06183170002330738,0.9262446722511832,0.37549282987583743,-0.0405141709042154,1.015480865920354,0.1908255383953576,0
10.050000000000026,RETURN,0.2080817146963747,-0.061825503749570604,0.926264054027338,0.37549282987583743,-0.0405141709042154,1.015480865920354,0.1908934098328977,0
10.052000000000026,RETURN,0.20799354240130427,-0.06181930614891311,0.9262834254721564,0.37549282987583743,-0.0405141709042154,1.015480865920354,0.19096099987898296,0
10.054000000000027,RETURN,0.20790571828902765,-0.06181310751944513,0.9263027857767983,0.37549282987583743,-0.0405141709042154,1.015480865920354,0.19102830850175023,0
10.056000000000028,RETURN,0.2078182426518605,-0.06180690815897056,0.9263221341339831,0.37549282987583743,-0.0405141709042154,1.015480865920354,0.19109533566857437,0
10.058000000000028,RETURN,0.20773111578190487,-0.06180070836498096,0.9263414697379967,0.37549282987583743,-0.0405141709042154,1.015480865920354,0.19116208134606144,0
10.060000000000029,RETURN,0.20764433797106246,-0.06179450843464953,0.9263607917847029,0.37549282987583743,-0.0405141709042154,1.015480865920354,0.19122854550003895,0
10.06200000000003,RETURN,0.20755790951104688,-0.06178830866482449,0.9263800994715524,0.37549282987583743,-0.0405141709042154,1.015480865920354,0.19129472809554843,0
10.06400000000003,RETURN,0.20747183069339623,-0.061782109352022885,0.9263993919975919,0.37549282987583743,-0.0405141709042154,1.015480865920354,0.19136062909683743,0
10.066000000000031,RETURN,0.2073861018094856,-0.06177591079242402,0.9264186685634754,0.37549282987583743,-0.0405141709042154,1.015480865920354,0.19142624846735046,0
10.068000000000032,RETURN,0.20730072315054004,-0.061769713281863536,0.9264379283714725,0.37549282987583743,-0.0405141709042154,1.015480865920354,0.1914915861697214,0
10.070000000000032,RETURN,0.20721569500764747,-0.061763517115827345,0.9264571706254772,0.37549282987583743,-0.0405141709042154,1.015480865920354,0.19155664216576523,0
10.072000000000033,RETURN,0.20713101767177014,-0.06175732258944431,0.9264763945310202,0.37549282987583743,-0.0405141709042154,1.015480865920354,0.19162141641646954,0
10.074000000000034,RETURN,0.2070466914337589,-0.061751129997481044,0.9264955992952755,0.37549282987583743,-0.0405141709042154,1.015480865920354,0.19168590888198653,0
10.076000000000034,RETURN,0.20696271658436483,-0.06174493963433521,0.9265147841270717,0.37549282987583743,-0.0405141709042154,1.015480865920354,0.19175011952162488,0
10.078000000000035,RETURN,0.2068790934142521,-0.061738751794028976,0.9265339482369023,0.37549282987583743,-0.0405141709042154,1.015480865920354,0.1918140482938409,0
10.080000000000036,RETURN,0.2067958222140112,-0.06173256677020319,0.9265530908369325,0.37549282987583743,-0.0405141709042154,1.015480865920354,0.19187769515623132,0
10.082000000000036,RETURN,0.20671290327417083,-0.06172638485611058,0.926572211141011,0.37549282987583743,-0.0405141709042154,1.015480865920354,0.19194106006552467,0
10.084000000000037,RETURN,0.20663033688521154,-0.061720206344610236,0.9265913083646787,0.37549282987583743,-0.0405141709042154,1.015480865920354,0.19200414297757265,0
10.086000000000038,RETURN,0.20654812333757772,-0.061714031528160324,0.92661038172518,0.37549282987583743,-0.0405141709042154,1.015480865920354,0.1920669438473421,0
10.088000000000038,RETURN,0.20646626292169087,-0.06170786069881282,0.9266294304414683,0.37549282987583743,-0.0405141709042154,1.015480865920354,0.19212946262890762,0
10.090000000000039,RETURN,0.20638475592796235,-0.061701694148206684,0.9266484537342198,0.37549282987583743,-0.0405141709042154,1.015480865920354,0.19219169927544194,0
10.09200000000004,RETURN,0.20630360264680542,-0.06169553216756125,0.9266674508258407,0.37549282987583743,-0.0405141709042154,1.015480865920354,0.19225365373920913,0
10.09400000000004,RETURN,0.20622280336864948,-0.061689375047671115,0.9266864209404766,0.37549282987583743,-0.0405141709042154,1.015480865920354,0.1923153259715554,0
10.096000000000041,RETURN,0.20614235838395098,-0.06168322307889826,0.9267053633040239,0.37549282987583743,-0.0405141709042154,1.015480865920354,0.19237671592290148,0
10.098000000000042,RETURN,0.2060622679832079,-0.0616770765511675,0.9267242771441367,0.37549282987583743,-0.0405141709042154,1.015480865920354,0.1924378235427342,0
10.100000000000042,RETURN,0.20598253245697223,-0.06167093575395908,0.9267431616902382,0.37549282987583743,-0.0405141709042154,1.015480865920354,0.19249864877959796,0
10.102000000000043,RETURN,0.2059031520958614,-0.06166480097630213,0.9267620161735295,0.37549282987583743,-0.0405141709042154,1.015480865920354,0.19255919158108756,0
10.104000000000044,RETURN,0.20582412719057352,-0.06165867250677014,0.9267808398269991,0.37549282987583743,-0.0405141709042154,1.015480865920354,0.1926194518938385,0
10.106000000000044,RETURN,0.20574545803189792,-0.0616525506334725,0.9267996318854321,0.37549282987583743,-0.0405141709042154,1.015480865920354,0.19267942966352045,0
10.108000000000045,RETURN,0.20566714491072957,-0.06164643564404987,0.9268183915854208,0.37549282987583743,-0.0405141709042154,1.015480865920354,0.19273912483482747,0
10.110000000000046,RETURN,0.20558918811808127,-0.061640327825667314,0.9268371181653717,0.37549282987583743,-0.0405141709042154,1.015480865920354,0.19279853735147132,0
10.112000000000046,RETURN,0.20551158794509658,-0.06163422746500779,0.9268558108655188,0.37549282987583743,-0.0405141709042154,1.015480865920354,0.19285766715617167,0
10.114000000000047,RETURN,0.205434344683063,-0.061628134848266514,0.9268744689279288,0.37549282987583743,-0.0405141709042154,1.015480865920354,0.1929165141906494,0
10.116000000000048,RETURN,0.20535745862342442,-0.06162205026114428,0.9268930915965139,0.37549282987583743,-0.0405141709042154,1.015480865920354,0.19297507839561745,0
10.118000000000048,RETURN,0.2052809300577943,-0.061615973988841194,0.9269116781170392,0.37549282987583743,-0.0405141709042154,1.015480865920354,0.1930333597107731,0
10.120000000000049,RETURN,0.20520475927796875,-0.06160990631605073,0.9269302277371332,0.37549282987583743,-0.0405141709042154,1.015480865920354,0.19309135807478947,0
10.12200000000005,RETURN,0.2051289465759392,-0.06160384752695334,0.9269487397062968,0.37549282987583743,-0.0405141709042154,1.015480865920354,0.19314907342530735,0
10.12400000000005,RETURN,0.20505349224390515,-0.061597797905209944,0.9269672132759131,0.37549282987583743,-0.0405141709042154,1.015480865920354,0.19320650569892725,0
10.126000000000051,RETURN,0.20497839657428787,-0.0615917577339565,0.926985647699256,0.37549282987583743,-0.0405141709042154,1.015480865920354,0.1932636548312011,0
10.128000000000052,RETURN,0.20490365985974218,-0.06158572729579621,0.9270040422315012,0.37549282987583743,-0.0405141709042154,1.015480865920354,0.19332052075662368,0
10.130000000000052,RETURN,0.20482928239317064,-0.061579706872795306,0.9270223961297341,0.37549282987583743,-0.0405141709042154,1.015480865920354,0.1933771034086249,0
10.132000000000053,RETURN,0.20475526446773576,-0.06157369674647522,0.9270407086529594,0.37549282987583743,-0.0405141709042154,1.015480865920354,0.19343340271956158,0
10.134000000000054,RETURN,0.20468160637687277,-0.06156769719780683,0.9270589790621122,0.37549282987583743,-0.0405141709042154,1.015480865920354,0.19348941862070887,0
10.136000000000054,RETURN,0.20460830841430358,-0.061561708507204584,0.9270772066200652,0.37549282987583743,-0.0405141709042154,1.015480865920354,0.19354515104225217,0
10.138000000000055,RETURN,0.20453537087404894,-0.06155573095451997,0.9270953905916395,0.37549282987583743,-0.0405141709042154,1.015480865920354,0.19360059991327913,0
10.140000000000056,RETURN,0.2044627940504416,-0.061549764819035145,0.9271135302436142,0.37549282987583743,-0.0405141709042154,1.015480865920354,0.193655765161771,0
10.142000000000056,RETURN,0.2043905782381393,-0.0615438103794568,0.9271316248447347,0.37549282987583743,-0.0405141709042154,1.015480865920354,0.1937106467145952,0
10.144000000000057,RETURN,0.20431872373213808,-0.061537867913910096,0.9271496736657231,0.37549282987583743,-0.0405141709042154,1.015480865920354,0.19376524449749616,0
10.146000000000058,RETURN,0.2042472308277852,-0.06153193769993246,0.9271676759792873,0.37549282987583743,-0.0405141709042154,1.015480865920354,0.1938195584350876,0
10.148000000000058,RETURN,0.20417609982079174,-0.06152602001446691,0.9271856310601309,0.37549282987583743,-0.0405141709042154,1.015480865920354,0.19387358845084426,0
10.150000000000059,RETURN,0.20410533100724598,-0.06152011513385626,0.9272035381849622,0.37549282987583743,-0.0405141709042154,1.015480865920354,0.19392733446709365,0
10.15200000000006,RETURN,0.20403492468362683,-0.06151422333383702,0.9272213966325035,0.37549282987583743,-0.0405141709042154,1.015480865920354,0.1939807964050075,0
10.15400000000006,RETURN,0.20396488114681582,-0.06150834488953251,0.9272392056835016,0.37549282987583743,-0.0405141709042154,1.015480865920354,0.19403397418459412,0
10.156000000000061,RETURN,0.2038952006941115,-0.06150248007544735,0.9272569646207353,0.37549282987583743,-0.0405141709042154,1.015480865920354,0.19408686772468975,0
10.158000000000062,RETURN,0.20382588362324106,-0.06149662916546066,0.9272746727290272,0.37549282987583743,-0.0405141709042154,1.015480865920354,0.19413947694295042,0
10.160000000000062,RETURN,0.20375693023237454,-0.06149079243282028,0.9272923292952523,0.37549282987583743,-0.0405141709042154,1.015480865920354,0.19419180175584344,0
10.162000000000063,RETURN,0.20368834082013773,-0.06148497015013655,0.9273099336083462,0.37549282987583743,-0.0405141709042154,1.015480865920354,0.19424384207863946,0
10.164000000000064,RETURN,0.20362011568562444,-0.06147916258937537,0.927327484959317,0.37549282987583743,-0.0405141709042154,1.015480865920354,0.19429559782540412,0
10.166000000000064,RETURN,0.20355225512841052,-0.06147337002185309,0.9273449826412534,0.37549282987583743,-0.0405141709042154,1.015480865920354,0.19434706890898956,0
10.168000000000065,RETURN,0.20348475944856667,-0.06146759271822928,0.9273624259493327,0.37549282987583743,-0.0405141709042154,1.015480865920354,0.19439825524102683,0
10.170000000000066,RETURN,0.20341762894667115,-0.06146183094850119,0.9273798141808343,0.37549282987583743,-0.0405141709042154,1.015480865920354,0.19444915673191657,0
10.172000000000066,RETURN,0.20335086392382354,-0.061456084981997255,0.9273971466351456,0.37549282987583743,-0.0405141709042154,1.015480865920354,0.19449977329082135,0
10.174000000000067,RETURN,0.20328446468165717,-0.06145035508737074,0.9274144226137734,0.37549282987583743,-0.0405141709042154,1.015480865920354,0.19455010482565754,0
10.176000000000068,RETURN,0.20321843152235278,-0.06144464153259369,0.9274316414203527,0.37549282987583743,-0.0405141709042154,1.015480865920354,0.19460015124308655,0
10.178000000000068,RETURN,0.20315276474865124,-0.06143894458495086,0.9274488023606569,0.37549282987583743,-0.0405141709042154,1.015480865920354,0.19464991244850674,0
10.180000000000069,RETURN,0.20308746466386715,-0.0614332645110331,0.9274659047426065,0.37549282987583743,-0.0405141709042154,1.015480865920354,0.19469938834604505,0
10.18200000000007,RETURN,0.2030225315719015,-0.06142760157673149,0.9274829478762793,0.37549282987583743,-0.0405141709042154,1.015480865920354,0.19474857883854885,0
10.18400000000007,RETURN,0.20295796577725503,-0.061421956047230844,0.9274999310739203,0.37549282987583743,-0.0405141709042154,1.015480865920354,0.19479748382757725,0
10.186000000000071,RETURN,0.2028937675850412,-0.06141632818700365,0.9275168536499504,0.37549282987583743,-0.0405141709042154,1.015480865920354,0.19484610321339324,0
10.188000000000072,RETURN,0.20282993730099988,-0.06141071825980399,0.9275337149209772,0.37549282987583743,-0.0405141709042154,1.015480865920354,0.19489443689495456,0
10.190000000000072,RETURN,0.20276647523150942,-0.061405126528660814,0.927550514205803,0.37549282987583743,-0.0405141709042154,1.015480865920354,0.19494248476990683,0
10.192000000000073,RETURN,0.2027033816836011,-0.061399553255872326,0.9275672508254366,0.37549282987583743,-0.0405141709042154,1.015480865920354,0.19499024673457319,0
10.194000000000074,RETURN,0.20264065696497144,-0.06139399870299925,0.9275839241031003,0.37549282987583743,-0.0405141709042154,1.015480865920354,0.19503772268394765,0
10.196000000000074,RETURN,0.20257830138399552,-0.06138846313085874,0.9276005333642425,0.37549282987583743,-0.0405141709042154,1.015480865920354,0.1950849125116857,0
10.198000000000075,RETURN,0.20251631524974023,-0.06138294679951834,0.9276170779365452,0.37549282987583743,-0.0405141709042154,1.015480865920354,0.19513181611009645,0
10.200000000000076,RETURN,0.20245469887197767,-0.0613774499682899,0.9276335571499342,0.37549282987583743,-0.0405141709042154,1.015480865920354,0.19517843337013405,0
10.202000000000076,RETURN,0.2023934525611977,-0.06137197289572246,0.9276499703365898,0.37549282987583743,-0.0405141709042154,1.015480865920354,0.19522476418138918,0
10.204000000000077,RETURN,0.20233257662862167,-0.06136651583959711,0.9276663168309557,0.37549282987583743,-0.0405141709042154,1.015480865920354,0.19527080843208078,0
10.206000000000078,RETURN,0.2022720713862157,-0.06136107905692025,0.9276825959697484,0.37549282987583743,-0.0405141709042154,1.015480865920354,0.19531656600904743,0
10.208000000000078,RETURN,0.2022119371467035,-0.06135566280391715,0.9276988070919678,0.37549282987583743,-0.0405141709042154,1.015480865920354,0.19536203679773922,0
10.210000000000079,RETURN,0.20215217422357942,-0.06135026733602606,0.9277149495389064,0.37549282987583743,-0.0405141709042154,1.015480865920354,0.1954072206822093,0
10.21200000000008,RETURN,0.20209278293112207,-0.061344892907891614,0.9277310226541595,0.37549282987583743,-0.0405141709042154,1.015480865920354,0.19545211754510522,0
10.21400000000008,RETURN,0.2020337635844076,-0.061339539773359444,0.927747025783635,0.37549282987583743,-0.0405141709042154,1.015480865920354,0.19549672726766024,0
10.216000000000081,RETURN,0.20197511649932223,-0.061334208185468406,0.9277629582755628,0.37549282987583743,-0.0405141709042154,1.015480865920354,0.19554104972968558,0
10.218000000000082,RETURN,0.20191684199257648,-0.0613288983964462,0.927778819480505,0.37549282987583743,-0.0405141709042154,1.015480865920354,0.19558508480956113,0
10.220000000000082,RETURN,0.20185894038171706,-0.061323610657701394,0.9277946087513658,0.37549282987583743,-0.0405141709042154,1.015480865920354,0.19562883238422785,0
10.222000000000083,RETURN,0.20180141198514132,-0.061318345219818306,0.9278103254434018,0.37549282987583743,-0.0405141709042154,1.015480865920354,0.19567229232917813,0
10.224000000000084,RETURN,0.20174425712211005,-0.06131310233255022,0.927825968914231,0.37549282987583743,-0.0405141709042154,1.015480865920354,0.19571546451844807,0
10.226000000000084,RETURN,0.20168747611276033,-0.061307882244813566,0.927841538523843,0.37549282987583743,-0.0405141709042154,1.015480865920354,0.19575834882460916,0
10.228000000000085,RETURN,0.20163106927811908,-0.06130268520468109,0.9278570336346094,0.37549282987583743,-0.0405141709042154,1.015480865920354,0.1958009451187591,0
10.230000000000086,RETURN,0.20157503694011636,-0.061297511459376085,0.9278724536112944,0.37549282987583743,-0.0405141709042154,1.015480865920354,0.19584325327051305,0
10.232000000000086,RETURN,0.20151937942159853,-0.06129236125526577,0.9278877978210627,0.37549282987583743,-0.0405141709042154,1.015480865920354,0.19588527314799623,0
10.234000000000087,RETURN,0.20146409704634125,-0.061287234837855226,0.9279030656334912,0.37549282987583743,-0.0405141709042154,1.015480865920354,0.19592700461783433,0
10.236000000000088,RETURN,0.2014091901390629,-0.06128213245178118,0.9279182564205797,0.37549282987583743,-0.0405141709042154,1.015480865920354,0.195968447545145,0
10.238000000000088,RETURN,0.20135465902543798,-0.06127705434080549,0.9279333695567579,0.37549282987583743,-0.0405141709042154,1.015480865920354,0.19600960179353005,0
10.240000000000089,RETURN,0.20130050403211044,-0.0612720007478094,0.9279484044188994,0.37549282987583743,-0.0405141709042154,1.015480865920354,0.19605046722506528,0
10.24200000000009,RETURN,0.20124672548670594,-0.06126697191478623,0.9279633603863292,0.37549282987583743,-0.0405141709042154,1.015480865920354,0.19609104370029376,0
10.24400000000009,RETURN,0.2011933237178466,-0.061261968082836425,0.9279782368408349,0.37549282987583743,-0.0405141709042154,1.015480865920354,0.1961313310782155,0
10.246000000000091,RETURN,0.2011402990551627,-0.06125698949215979,0.9279930331666767,0.37549282987583743,-0.0405141709042154,1.015480865920354,0.19617132921628,0
10.248000000000092,RETURN,0.20108765182930752,-0.061252036382050956,0.9280077487505966,0.37549282987583743,-0.0405141709042154,1.015480865920354,0.196211037970377,0
10.250000000000092,RETURN,0.20103538237196894,-0.061247108990891266,0.9280223829818309,0.37549282987583743,-0.0405141709042154,1.015480865920354,0.1962504571948277,0
10.252000000000093,RETURN,0.20098349101588425,-0.06124220755614372,0.9280369352521186,0.37549282987583743,-0.0405141709042154,1.015480865920354,0.19628958674237615,0
10.254000000000094,RETURN,0.2009319780948522,-0.06123733231434641,0.9280514049557116,0.37549282987583743,-0.0405141709042154,1.015480865920354,0.1963284264641811,0
10.256000000000094,RETURN,0.20088084394374664,-0.06123248350110572,0.9280657914893867,0.37549282987583743,-0.0405141709042154,1.015480865920354,0.19636697620980645,0
10.258000000000095,RETURN,0.20083008889853018,-0.06122766135109054,0.9280800942524542,0.37549282987583743,-0.0405141709042154,1.015480865920354,0.1964052358272128,0
10.260000000000096,RETURN,0.20077971329626687,-0.06122286609802571,0.9280943126467692,0.37549282987583743,-0.0405141709042154,1.015480865920354,0.19644320516274882,0
10.262000000000096,RETURN,0.20072971747513582,-0.06121809797468615,0.9281084460767417,0.37549282987583743,-0.0405141709042154,1.015480865920354,0.19648088406114245,0
10.264000000000097,RETURN,0.20068010177444442,-0.06121335721288964,0.9281224939493469,0.37549282987583743,-0.0405141709042154,1.015480865920354,0.1965182723654918,0
10.266000000000098,RETURN,0.2006308665346412,-0.06120864404349131,0.9281364556741364,0.37549282987583743,-0.0405141709042154,1.015480865920354,0.19655536991725672,0
10.268000000000098,RETURN,0.20058201209732962,-0.06120395869637674,0.928150330663248,0.37549282987583743,-0.0405141709042154,1.015480865920354,0.19659217655624972,0
10.270000000000099,RETURN,0.2005335388052811,-0.061199301400456325,0.928164118331416,0.37549282987583743,-0.0405141709042154,1.015480865920354,0.19662869212062742,0
10.2720000000001,RETURN,0.20048544700244839,-0.06119467238365818,0.9281778180959825,0.37549282987583743,-0.0405141709042154,1.015480865920354,0.19666491644688108,0
10.2740000000001,RETURN,0.2004377370339782,-0.06119007187292182,0.9281914293769082,0.37549282987583743,-0.0405141709042154,1.015480865920354,0.19670084936982848,0
10.276000000000101,RETURN,0.20039040924622573,-0.06118550009419264,0.9282049515967815,0.37549282987583743,-0.0405141709042154,1.015480865920354,0.1967364907226045,0
10.278000000000102,RETURN,0.20034346398676658,-0.06118095727241462,0.928218384180831,0.37549282987583743,-0.0405141709042154,1.015480865920354,0.1967718403366523,0
10.280000000000102,RETURN,0.20029690160441108,-0.06117644363152447,0.9282317265569346,0.37549282987583743,-0.0405141709042154,1.015480865920354,0.1968068980417146,0
10.282000000000103,RETURN,0.2002507224492167,-0.06117195939444499,0.9282449781556322,0.37549282987583743,-0.0405141709042154,1.015480865920354,0.19684166366582426,0
10.284000000000104,RETURN,0.20020492687250202,-0.06116750478307871,0.9282581384101342,0.37549282987583743,-0.0405141709042154,1.015480865920354,0.19687613703529586,0
10.286000000000104,RETURN,0.2001595152268594,-0.061163080018302014,0.9282712067563338,0.37549282987583743,-0.0405141709042154,1.015480865920354,0.19691031797471642,0
10.288000000000105,RETURN,0.20011448786616867,-0.06115868531995778,0.9282841826328178,0.37549282987583743,-0.0405141709042154,1.015480865920354,0.1969442063069362,0
10.290000000000106,RETURN,0.20006984514561024,-0.06115432090684993,0.9282970654808765,0.37549282987583743,-0.0405141709042154,1.015480865920354,0.1969778018530601,0
10.292000000000106,RETURN,0.20002558742167806,-0.06114998699673634,0.9283098547445158,0.37549282987583743,-0.0405141709042154,1.015480865920354,0.19701110443243855,0
10.294000000000107,RETURN,0.19998171505219342,-0.06114568380632273,0.9283225498704673,0.37549282987583743,-0.0405141709042154,1.015480865920354,0.197044113862658,0
10.296000000000108,RETURN,0.19993822839631822,-0.06114141155125666,0.9283351503081998,0.37549282987583743,-0.0405141709042154,1.015480865920354,0.19707682995953182,0
10.298000000000108,RETURN,0.19989512781456725,-0.06113717044611983,0.9283476555099301,0.37549282987583743,-0.0405141709042154,1.015480865920354,0.19710925253709224,0
10.300000000000109,RETURN,0.19985241366882295,-0.06113296070442349,0.9283600649306347,0.37549282987583743,-0.0405141709042154,1.015480865920354,0.19714138140757945,0
10.30200000000011,RETURN,0.19981008632234706,-0.06112878253859988,0.9283723780280592,0.37549282987583743,-0.0405141709042154,1.015480865920354,0.19717321638143465,0
10.30400000000011,RETURN,0.19976814613979518,-0.06112463615999749,0.9283845942627316,0.37549282987583743,-0.0405141709042154,1.015480865920354,0.19720475726728867,0
10.306000000000111,RETURN,0.19972659348722957,-0.061120521778874046,0.9283967130979722,0.37549282987583743,-0.0405141709042154,1.015480865920354,0.19723600387195403,0
10.308000000000112,RETURN,0.199685428732132,-0.0611164396043896,0.9284087339999053,0.37549282987583743,-0.0405141709042154,1.015480865920354,0.19726695600041574,0
10.310000000000112,RETURN,0.19964465224341757,-0.06111238984460093,0.9284206564374707,0.37549282987583743,-0.0405141709042154,1.015480865920354,0.19729761345582128,0
10.312000000000113,RETURN,0.1996042643914477,-0.061108372706454056,0.9284324798824338,0.37549282987583743,-0.0405141709042154,1.015480865920354,0.19732797603947233,0
10.314000000000114,RETURN,0.1995642655480432,-0.06110438839577836,0.9284442038093987,0.37549282987583743,-0.0405141709042154,1.015480865920354,0.19735804355081477,0
10.316000000000114,RETURN,0.19952465608649828,-0.061100437117280436,0.928455827695819,0.37549282987583743,-0.0405141709042154,1.015480865920354,0.19738781578742906,0
10.318000000000115,RETURN,0.1994854363815925,-0.061096519074536546,0.9284673510220081,0.37549282987583743,-0.0405141709042154,1.015480865920354,0.19741729254502244,0
10.320000000000116,RETURN,0.19944660680960513,-0.061092634469986855,0.9284787732711531,0.37549282987583743,-0.0405141709042154,1.015480865920354,0.1974464736174175,0
10.322000000000116,RETURN,0.19940816774832804,-0.061088783504928884,0.9284900939293232,0.37549282987583743,-0.0405141709042154,1.015480865920354,0.19747535879654476,0
10.324000000000117,RETURN,0.19937011957707843,-0.0610849663795105,0.9285013124854854,0.37549282987583743,-0.0405141709042154,1.015480865920354,0.1975039478724316,0
10.326000000000118,RETURN,0.19933246267671312,-0.06108118329272408,0.9285124284315116,0.37549282987583743,-0.0405141709042154,1.015480865920354,0.19753224063319405,0
10.328000000000118,RETURN,0.19929519742964083,-0.0610774344423993,0.928523441262194,0.37549282987583743,-0.0405141709042154,1.015480865920354,0.1975602368650265,0
10.330000000000119,RETURN,0.19925832421983572,-0.06107372002519681,0.9285343504752548,0.37549282987583743,-0.0405141709042154,1.015480865920354,0.19758793635219288,0
10.33200000000012,RETURN,0.19922184343285054,-0.06107004023660191,0.9285451555713587,0.37549282987583743,-0.0405141709042154,1.015480865920354,0.19761533887701688,0
10.33400000000012,RETURN,0.19918575545583028,-0.06106639527091745,0.9285558560541247,0.37549282987583743,-0.0405141709042154,1.015480865920354,0.19764244421987212,0
10.336000000000121,RETURN,0.1991500606775246,-0.06106278532125775,0.9285664514301385,0.37549282987583743,-0.0405141709042154,1.015480865920354,0.19766925215917291,0
10.338000000000122,RETURN,0.19911475948830187,-0.061059210579541764,0.9285769412089631,0.37549282987583743,-0.0405141709042154,1.015480865920354,0.1976957624713648,0
10.340000000000122,RETURN,0.1990798522801618,-0.06105567123648631,0.928587324903152,0.37549282987583743,-0.0405141709042154,1.015480865920354,0.19772197493091456,0
10.342000000000123,RETURN,0.1990453394467487,-0.06105216748159956,0.9285976020282612,0.37549282987583743,-0.0405141709042154,1.015480865920354,0.19774788931030093,0
10.344000000000124,RETURN,0.19901122138336508,-0.06104869950317475,0.9286077721028606,0.37549282987583743,-0.0405141709042154,1.015480865920354,0.1977735053800048,0
10.346000000000124,RETURN,0.1989774984869843,-0.06104526748828311,0.928617834648547,0.37549282987583743,-0.0405141709042154,1.015480865920354,0.19779882290849934,0
10.348000000000125,RETURN,0.1989441711562643,-0.061041871622767196,0.9286277891899553,0.37549282987583743,-0.0405141709042154,1.015480865920354,0.19782384166224068,0
10.350000000000126,RETURN,0.19891123979156025,-0.0610385120912344,0.9286376352547722,0.37549282987583743,-0.0405141709042154,1.015480865920354,0.19784856140565774,0
10.352000000000126,RETURN,0.1988787047949382,-0.06103518907705029,0.9286473723737474,0.37549282987583743,-0.0405141709042154,1.015480865920354,0.19787298190114264,0
10.354000000000127,RETURN,0.19884656657018773,-0.06103190276233185,0.928657000080706,0.37549282987583743,-0.0405141709042154,1.015480865920354,0.19789710290904133,0
10.356000000000128,RETURN,0.19881482552283614,-0.06102865332794086,0.9286665179125617,0.37549282987583743,-0.0405141709042154,1.015480865920354,0.1979209241876426,0
10.358000000000128,RETURN,0.19878348206016,-0.06102544095347676,0.928675925409329,0.37549282987583743,-0.0405141709042154,1.015480865920354,0.19794444549316959,0
10.360000000000129,RETURN,0.1987525365911999,-0.061022265817270535,0.928685222114135,0.37549282987583743,-0.0405141709042154,1.015480865920354,0.1979676665797691,0
10.36200000000013,RETURN,0.19872198952677275,-0.06101912809637783,0.9286944075732334,0.37549282987583743,-0.0405141709042154,1.015480865920354,0.19799058719950155,0
10.36400000000013,RETURN,0.1986918412794852,-0.061016027966571726,0.9287034813360163,0.37549282987583743,-0.0405141709042154,1.015480865920354,0.19801320710233147,0
10.366000000000131,RETURN,0.1986620922637464,-0.06101296560233655,0.928712442955027,0.37549282987583743,-0.0405141709042154,1.015480865920354,0.19803552603611757,0
10.368000000000132,RETURN,0.19863274289578195,-0.06100994117686086,0.928721291985972,0.37549282987583743,-0.0405141709042154,1.015480865920354,0.19805754374660248,0
10.370000000000132,RETURN,0.1986037935936458,-0.061006954862030345,0.9287300279877366,0.37549282987583743,-0.0405141709042154,1.015480865920354,0.19807925997740256,0
10.372000000000133,RETURN,0.19857524477723523,-0.06100400682842205,0.9287386505223945,0.37549282987583743,-0.0405141709042154,1.015480865920354,0.1981006744699979,0
10.374000000000134,RETURN,0.19854709686830152,-0.06100109724529594,0.9287471591552231,0.37549282987583743,-0.0405141709042154,1.015480865920354,0.1981217869637228,0
10.376000000000134,RETURN,0.1985193502904654,-0.06099822628058959,0.9287555534547157,0.37549282987583743,-0.0405141709042154,1.015480865920354,0.19814259719575456,0
10.378000000000135,RETURN,0.19849200546922888,-0.060995394100910705,0.9287638329925936,0.37549282987583743,-0.0405141709042154,1.015480865920354,0.19816310490110467,0
10.380000000000136,RETURN,0.19846506283198834,-0.060992600871529905,0.9287719973438219,0.37549282987583743,-0.0405141709042154,1.015480865920354,0.19818330981260715,0
10.382000000000136,RETURN,0.19843852280804825,-0.06098984675637458,0.9287800460866201,0.37549282987583743,-0.0405141709042154,1.015480865920354,0.19820321166090943,0
10.384000000000137,RETURN,0.19841238582863377,-0.06098713191802171,0.928787978802477,0.37549282987583743,-0.0405141709042154,1.015480865920354,0.19822281017446158,0
10.386000000000138,RETURN,0.19838665232690408,-0.06098445651769055,0.9287957950761636,0.37549282987583743,-0.0405141709042154,1.015480865920354,0.1982421050795059,0
10.388000000000138,RETURN,0.1983613227379651,-0.06098182071523639,0.9288034944957457,0.37549282987583743,-0.0405141709042154,1.015480865920354,0.1982610961000675,0
10.39000000000014,RETURN,0.19833639749888324,-0.06097922466914333,0.9288110766525992,0.37549282987583743,-0.0405141709042154,1.015480865920354,0.19827978295794244,0
10.39200000000014,RETURN,0.1983118770486976,-0.06097666853651719,0.9288185411414227,0.37549282987583743,-0.0405141709042154,1.015480865920354,0.1982981653726884,0
10.39400000000014,RETURN,0.19828776182843383,-0.06097415247307873,0.9288258875602504,0.37549282987583743,-0.0405141709042154,1.015480865920354,0.19831624306161408,0
10.396000000000141,RETURN,0.19826405228111635,-0.06097167663315666,0.9288331155104673,0.37549282987583743,-0.0405141709042154,1.015480865920354,0.19833401573976864,0
10.398000000000142,RETURN,0.19824074885178225,-0.060969241169680784,0.9288402245968218,0.37549282987583743,-0.0405141709042154,1.015480865920354,0.1983514831199311,0
10.400000000000142,RETURN,0.19821785198749353,-0.06096684623417451,0.9288472144274407,0.37549282987583743,-0.0405141709042154,1.015480865920354,0.1983686449125998,0
10.402000000000143,RETURN,0.1981953621373507,-0.06096449197674843,0.9288540846138417,0.37549282987583743,-0.0405141709042154,1.015480865920354,0.19838550082598214,0
10.404000000000144,RETURN,0.19817327975250554,-0.06096217854609302,0.9288608347709489,0.37549282987583743,-0.0405141709042154,1.015480865920354,0.19840205056598334,0
10.406000000000144,RETURN,0.19815160528617423,-0.06095990608947178,0.9288674645171051,0.37549282987583743,-0.0405141709042154,1.015480865920354,0.19841829383619677,0
10.408000000000145,RETURN,0.19813033919364983,-0.060957674752713395,0.928873973474089,0.37549282987583743,-0.0405141709042154,1.015480865920354,0.19843423033789195,0
10.410000000000146,RETURN,0.19810948193231578,-0.06095548468020568,0.9288803612671248,0.37549282987583743,-0.0405141709042154,1.015480865920354,0.1984498597700057,0
10.412000000000146,RETURN,0.19808903396165936,-0.06095333601488832,0.9288866275249016,0.37549282987583743,-0.0405141709042154,1.015480865920354,0.19846518182912876,0
10.414000000000147,RETURN,0.1980689957432831,-0.06095122889824471,0.928892771879584,0.37549282987583743,-0.0405141709042154,1.015480865920354,0.1984801962094977,0
10.416000000000148,RETURN,0.1980493677409192,-0.06094916347029639,0.9288987939668281,0.37549282987583743,-0.0405141709042154,1.015480865920354,0.19849490260298244,0
10.418000000000148,RETURN,0.19803015042044192,-0.06094713986959466,0.9289046934257962,0.37549282987583743,-0.0405141709042154,1.015480865920354,0.19850930069907566,0
10.42000000000015,RETURN,0.19801134424988034,-0.06094515823321395,0.928910469899171,0.37549282987583743,-0.0405141709042154,1.015480865920354,0.19852339018488216,0
10.42200000000015,RETURN,0.19799294969943165,-0.060943218696744635,0.9289161230331695,0.37549282987583743,-0.0405141709042154,1.015480865920354,0.19853717074510813,0
10.42400000000015,RETURN,0.1979749672414737,-0.06094132139428568,0.92892165247756,0.37549282987583743,-0.0405141709042154,1.015480865920354,0.1985506420620492,0
10.426000000000151,RETURN,0.19795739735057816,-0.060939466458437556,0.9289270578856743,0.37549282987583743,-0.0405141709042154,1.015480865920354,0.19856380381558067,0
10.428000000000152,RETURN,0.19794024050352316,-0.060937654020294794,0.9289323389144252,0.37549282987583743,-0.0405141709042154,1.015480865920354,0.19857665568314525,0
10.430000000000152,RETURN,0.1979234971793066,-0.06093588420943914,0.9289374952243186,0.37549282987583743,-0.0405141709042154,1.015480865920354,0.19858919733974306,0
10.432000000000153,RETURN,0.1979071678591585,-0.060934157153932016,0.9289425264794717,0.37549282987583743,-0.0405141709042154,1.015480865920354,0.19860142845791948,0
10.434000000000154,RETURN,0.1978912530265539,-0.060932472980306844,0.9289474323476259,0.37549282987583743,-0.0405141709042154,1.015480865920354,0.19861334870775488,0
10.436000000000154,RETURN,0.19787575316722633,-0.06093083181356274,0.9289522125001628,0.37549282987583743,-0.0405141709042154,1.015480865920354,0.1986249577568526,0
10.438000000000155,RETURN,0.19786066876917982,-0.06092923377715617,0.9289568666121202,0.37549282987583743,-0.0405141709042154,1.015480865920354,0.19863625527032808,0
10.440000000000156,RETURN,0.19784600032270208,-0.060927678992994304,0.9289613943622067,0.37549282987583743,-0.0405141709042154,1.015480865920354,0.19864724091079752,0
10.442000000000156,RETURN,0.1978317483203773,-0.06092616758142708,0.9289657954328168,0.37549282987583743,-0.0405141709042154,1.015480865920354,0.19865791433836683,0
10.444000000000157,RETURN,0.1978179132570991,-0.06092469966124044,0.9289700695100482,0.37549282987583743,-0.0405141709042154,1.015480865920354,0.19866827521061922,0
10.446000000000158,RETURN,0.19780449563008276,-0.06092327534964842,0.9289742162837159,0.37549282987583743,-0.0405141709042154,1.015480865920354,0.19867832318260512,0
10.448000000000158,RETURN,0.1977914959388786,-0.06092189476228597,0.9289782354473688,0.37549282987583743,-0.0405141709042154,1.015480865920354,0.19868805790682956,0
10.45000000000016,RETURN,0.1977789146853844,-0.06092055801320168,0.9289821266983049,0.37549282987583743,-0.0405141709042154,1.015480865920354,0.1986974790332414,0
10.45200000000016,RETURN,0.1977667523738581,-0.06091926521484998,0.9289858897375877,0.37549282987583743,-0.0405141709042154,1.015480865920354,0.1987065862092215,0
10.45400000000016,RETURN,0.19775500951093053,-0.06091801647808348,0.9289895242700626,0.37549282987583743,-0.0405141709042154,1.015480865920354,0.198715379079571,0
10.456000000000161,RETURN,0.19774368660561853,-0.06091681191214642,0.9289930300043729,0.37549282987583743,-0.0405141709042154,1.015480865920354,0.1987238572864994,0
10.458000000000162,RETURN,0.1977327841693367,-0.06091565162466614,0.9289964066529751,0.37549282987583743,-0.0405141709042154,1.015480865920354,0.198732020469614,0
10.460000000000163,RETURN,0.19772230271591107,-0.060914535721645936,0.9289996539321564,0.37549282987583743,-0.0405141709042154,1.015480865920354,0.19873986826590667,0
10.462000000000163,RETURN,0.19771224276159127,-0.06091346430745755,0.9290027715620502,0.37549282987583743,-0.0405141709042154,1.015480865920354,0.19874740030974322,0
10.464000000000164,RETURN,0.19770260482506327,-0.0609124374848338,0.9290057592666534,0.37549282987583743,-0.0405141709042154,1.015480865920354,0.1987546162328508,0
10.466000000000165,RETURN,0.19769338942746154,-0.060911455354860186,0.9290086167738432,0.37549282987583743,-0.0405141709042154,1.015480865920354,0.19876151566430644,0
10.468000000000165,RETURN,0.19768459709238256,-0.060910518016968423,0.9290113438153921,0.37549282987583743,-0.0405141709042154,1.015480865920354,0.19876809823052513,0
10.470000000000166,RETURN,0.19767622834589677,-0.06090962556892773,0.9290139401269869,0.37549282987583743,-0.0405141709042154,1.015480865920354,0.19877436355524747,0
10.472000000000167,RETURN,0.19766828371656117,-0.060908778106837896,0.9290164054482439,0.37549282987583743,-0.0405141709042154,1.015480865920354,0.19878031125952822,0
10.474000000000167,RETURN,0.1976607637354322,-0.06090797572512119,0.9290187395227272,0.37549282987583743,-0.0405141709042154,1.015480865920354,0.19878594096172358,0
10.476000000000168,RETURN,0.19765366893607753,-0.06090721851651469,0.9290209420979646,0.37549282987583743,-0.0405141709042154,1.015480865920354,0.19879125227748004,0
10.478000000000169,RETURN,0.19764699985459,-0.0609065065720632,0.9290230129254655,0.37549282987583743,-0.0405141709042154,1.015480865920354,0.19879624481972077,0
10.48000000000017,RETURN,0.1976407570295985,-0.060905839981110155,0.9290249517607383,0.37549282987583743,-0.0405141709042154,1.015480865920354,0.19880091819863488,0
10.48200000000017,RETURN,0.1976349410022814,-0.060905218831291436,0.9290267583633076,0.37549282987583743,-0.0405141709042154,1.015480865920354,0.19880527202166412,0
10.48400000000017,RETURN,0.19762955231637902,-0.06090464320852639,0.9290284324967311,0.37549282987583743,-0.0405141709042154,1.015480865920354,0.19880930589349127,0
10.486000000000171,RETURN,0.19762459151820544,-0.060904113197010584,0.9290299739286185,0.37549282987583743,-0.0405141709042154,1.015480865920354,0.19881301941602725,0
10.488000000000172,RETURN,0.1976200591566618,-0.060903628879207757,0.9290313824306483,0.37549282987583743,-0.0405141709042154,1.015480865920354,0.19881641218839882,0
10.490000000000173,RETURN,0.19761595578324767,-0.06090319033584191,0.9290326577785848,0.37549282987583743,-0.0405141709042154,1.015480865920354,0.19881948380693715,0
10.492000000000173,RETURN,0.19761228195207464,-0.06090279764589011,0.9290337997522986,0.37549282987583743,-0.0405141709042154,1.015480865920354,0.19882223386516296,0
10.494000000000174,RETURN,0.1976090382198774,-0.06090245088657323,0.9290348081357818,0.37549282987583743,-0.0405141709042154,1.015480865920354,0.1988246619537768,0
10.496000000000175,RETURN,0.1976062251460273,-0.060902150133349466,0.929035682717168,0.37549282987583743,-0.0405141709042154,1.015480865920354,0.19882676766064397,0
10.498000000000175,RETURN,0.19760384329254377,-0.06090189545990558,0.9290364232887489,0.37549282987583743,-0.0405141709042154,1.015480865920354,0.19882855057078397,0
10.500000000000176,RETURN,0.19760189322410668,-0.06090168693814877,0.9290370296469952,0.37549282987583743,-0.0405141709042154,1.015480865920354,0.19883001026635602,0
10.502000000000177,RETURN,0.1976003755080697,-0.06090152463819954,0.9290375015925719,0.37549282987583743,-0.0405141709042154,1.015480865920354,0.19883114632664722,0
10.504000000000177,RETURN,0.19759929071447102,-0.06090140862838275,0.9290378389303595,0.37549282987583743,-0.0405141709042154,1.015480865920354,0.1988319583280596,0
10.506000000000178,RETURN,0.19759863941604644,-0.06090133897522012,0.929038041469471,0.37549282987583743,-0.0405141709042154,1.015480865920354,0.1988324458440975,0
10.508000000000179,OPEN,0.19759842218824178,-0.060901315743422293,0.9290381090232712,0.37549282987583743,-0.0405141709042154,1.015480865920354,0.19883260844535397,0
10.51000000000018,OPEN,0.19759842218824178,-0.060901315743422293,0.9290381090232712,0.37549282987583743,-0.0405141709042154,1.015480865920354,0.19883260844535397,0
10.51200000000018,OPEN,0.19759842218824178,-0.060901315743422293,0.9290381090232712,0.37549282987583743,-0.0405141709042154,1.015480865920354,0.19883260844535397,0
10.51400000000018,OPEN,0.19759842218824178,-0.060901315743422293,0.9290381090232712,0.37549282987583743,-0.0405141709042154,1.015480865920354,0.19883260844535397,0
10.516000000000181,OPEN,0.19759842218824178,-0.060901315743422293,0.9290381090232712,0.37549282987583743,-0.0405141709042154,1.015480865920354,0.19883260844535397,0
10.518000000000182,OPEN,0.19759842218824178,-0.060901315743422293,0.9290381090232712,0.37549282987583743,-0.0405141709042154,1.015480865920354,0.19883260844535397,0
10.520000000000183,OPEN,0.19759842218824178,-0.060901315743422293,0.9290381090232712,0.37549282987583743,-0.0405141709042154,1.015480865920354,0.19883260844535397,0
10.522000000000183,OPEN,0.19759842218824178,-0.060901315743422293,0.9290381090232712,0.37549282987583743,-0.0405141709042154,1.015480865920354,0.19883260844535397,0
10.524000000000184,OPEN,0.19759842218824178,-0.060901315743422293,0.9290381090232712,0.37549282987583743,-0.0405141709042154,1.015480865920354,0.19883260844535397,0
10.526000000000185,OPEN,0.19759842218824178,-0.060901315743422293,0.9290381090232712,0.37549282987583743,-0.0405141709042154,1.015480865920354,0.19883260844535397,0
10.528000000000185,OPEN,0.19759842218824178,-0.060901315743422293,0.9290381090232712,0.37549282987583743,-0.0405141709042154,1.015480865920354,0.19883260844535397,0
10.530000000000186,OPEN,0.19759842218824178,-0.060901315743422293,0.9290381090232712,0.37549282987583743,-0.0405141709042154,1.015480865920354,0.19883260844535397,0
10.532000000000187,OPEN,0.19759842218824178,-0.060901315743422293,0.9290381090232712,0.37549282987583743,-0.0405141709042154,1.015480865920354,0.19883260844535397,0
10.534000000000187,OPEN,0.19759842218824178,-0.060901315743422293,0.9290381090232712,0.37549282987583743,-0.0405141709042154,1.015480865920354,0.19883260844535397,0
10.536000000000188,OPEN,0.19759842218824178,-0.060901315743422293,0.9290381090232712,0.37549282987583743,-0.0405141709042154,1.015480865920354,0.19883260844535397,0
10.538000000000189,OPEN,0.19759842218824178,-0.060901315743422293,0.9290381090232712,0.37549282987583743,-0.0405141709042154,1.015480865920354,0.19883260844535397,0
10.54000000000019,OPEN,0.19759842218824178,-0.060901315743422293,0.9290381090232712,0.37549282987583743,-0.0405141709042154,1.015480865920354,0.19883260844535397,0
10.54200000000019,OPEN,0.19759842218824178,-0.060901315743422293,0.9290381090232712,0.37549282987583743,-0.0405141709042154,1.015480865920354,0.19883260844535397,0
10.54400000000019,OPEN,0.19759842218824178,-0.060901315743422293,0.9290381090232712,0.37549282987583743,-0.0405141709042154,1.015480865920354,0.19883260844535397,0
10.546000000000191,OPEN,0.19759842218824178,-0.060901315743422293,0.9290381090232712,0.37549282987583743,-0.0405141709042154,1.015480865920354,0.19883260844535397,0
10.548000000000192,OPEN,0.19759842218824178,-0.060901315743422293,0.9290381090232712,0.37549282987583743,-0.0405141709042154,1.015480865920354,0.19883260844535397,0
10.550000000000193,OPEN,0.19759842218824178,-0.060901315743422293,0.9290381090232712,0.37549282987583743,-0.0405141709042154,1.015480865920354,0.19883260844535397,0
10.552000000000193,OPEN,0.19759842218824178,-0.060901315743422293,0.9290381090232712,0.37549282987583743,-0.0405141709042154,1.015480865920354,0.19883260844535397,0
10.554000000000194,OPEN,0.19759842218824178,-0.060901315743422293,0.9290381090232712,0.37549282987583743,-0.0405141709042154,1.015480865920354,0.19883260844535397,0
10.556000000000195,OPEN,0.19759842218824178,-0.060901315743422293,0.9290381090232712,0.37549282987583743,-0.0405141709042154,1.015480865920354,0.19883260844535397,0
10.558000000000195,OPEN,0.19759842218824178,-0.060901315743422293,0.9290381090232712,0.37549282987583743,-0.0405141709042154,1.015480865920354,0.19883260844535397,0
10.560000000000196,OPEN,0.19759842218824178,-0.060901315743422293,0.9290381090232712,0.37549282987583743,-0.0405141709042154,1.015480865920354,0.19883260844535397,0
10.562000000000197,OPEN,0.19759842218824178,-0.060901315743422293,0.9290381090232712,0.37549282987583743,-0.0405141709042154,1.015480865920354,0.19883260844535397,0
10.564000000000197,OPEN,0.19759842218824178,-0.060901315743422293,0.9290381090232712,0.37549282987583743,-0.0405141709042154,1.015480865920354,0.19883260844535397,0
10.566000000000198,OPEN,0.19759842218824178,-0.060901315743422293,0.9290381090232712,0.37549282987583743,-0.0405141709042154,1.015480865920354,0.19883260844535397,0
10.568000000000199,OPEN,0.19759842218824178,-0.060901315743422293,0.9290381090232712,0.37549282987583743,-0.0405141709042154,1.015480865920354,0.19883260844535397,0
10.5700000000002,OPEN,0.19759842218824178,-0.060901315743422293,0.9290381090232712,0.37549282987583743,-0.0405141709042154,1.015480865920354,0.19883260844535397,0
10.5720000000002,OPEN,0.19759842218824178,-0.060901315743422293,0.9290381090232712,0.37549282987583743,-0.0405141709042154,1.015480865920354,0.19883260844535397,0
10.5740000000002,OPEN,0.19759842218824178,-0.060901315743422293,0.9290381090232712,0.37549282987583743,-0.0405141709042154,1.015480865920354,0.19883260844535397,0
10.576000000000201,OPEN,0.19759842218824178,-0.060901315743422293,0.9290381090232712,0.37549282987583743,-0.0405141709042154,1.015480865920354,0.19883260844535397,0
10.578000000000202,OPEN,0.19759842218824178,-0.060901315743422293,0.9290381090232712,0.37549282987583743,-0.0405141709042154,1.015480865920354,0.19883260844535397,0
10.580000000000203,OPEN,0.19759842218824178,-0.060901315743422293,0.9290381090232712,0.37549282987583743,-0.0405141709042154,1.015480865920354,0.19883260844535397,0
10.582000000000203,OPEN,0.19759842218824178,-0.060901315743422293,0.9290381090232712,0.37549282987583743,-0.0405141709042154,1.015480865920354,0.19883260844535397,0
10.584000000000204,OPEN,0.19759842218824178,-0.060901315743422293,0.9290381090232712,0.37549282987583743,-0.0405141709042154,1.015480865920354,0.19883260844535397,0
10.586000000000205,OPEN,0.19759842218824178,-0.060901315743422293,0.9290381090232712,0.37549282987583743,-0.0405141709042154,1.015480865920354,0.19883260844535397,0
10.588000000000205,OPEN,0.19759842218824178,-0.060901315743422293,0.9290381090232712,0.37549282987583743,-0.0405141709042154,1.015480865920354,0.19883260844535397,0
10.590000000000206,OPEN,0.19759842218824178,-0.060901315743422293,0.9290381090232712,0.37549282987583743,-0.0405141709042154,1.015480865920354,0.19883260844535397,0
10.592000000000207,OPEN,0.19759842218824178,-0.060901315743422293,0.9290381090232712,0.37549282987583743,-0.0405141709042154,1.015480865920354,0.19883260844535397,0
10.594000000000207,OPEN,0.19759842218824178,-0.060901315743422293,0.9290381090232712,0.37549282987583743,-0.0405141709042154,1.015480865920354,0.19883260844535397,0
10.596000000000208,OPEN,0.19759842218824178,-0.060901315743422293,0.9290381090232712,0.37549282987583743,-0.0405141709042154,1.015480865920354,0.19883260844535397,0
10.598000000000209,OPEN,0.19759842218824178,-0.060901315743422293,0.9290381090232712,0.37549282987583743,-0.0405141709042154,1.015480865920354,0.19883260844535397,0
10.60000000000021,OPEN,0.19759842218824178,-0.060901315743422293,0.9290381090232712,0.37549282987583743,-0.0405141709042154,1.015480865920354,0.19883260844535397,0
10.60200000000021,OPEN,0.19759842218824178,-0.060901315743422293,0.9290381090232712,0.37549282987583743,-0.0405141709042154,1.015480865920354,0.19883260844535397,0
10.60400000000021,OPEN,0.19759842218824178,-0.060901315743422293,0.9290381090232712,0.37549282987583743,-0.0405141709042154,1.015480865920354,0.19883260844535397,0
10.606000000000211,OPEN,0.19759842218824178,-0.060901315743422293,0.9290381090232712,0.37549282987583743,-0.0405141709042154,1.015480865920354,0.19883260844535397,0
10.608000000000212,OPEN,0.19759842218824178,-0.060901315743422293,0.9290381090232712,0.37549282987583743,-0.0405141709042154,1.015480865920354,0.19883260844535397,0
10.610000000000213,OPEN,0.19759842218824178,-0.060901315743422293,0.9290381090232712,0.37549282987583743,-0.0405141709042154,1.015480865920354,0.19883260844535397,0
10.612000000000213,OPEN,0.19759842218824178,-0.060901315743422293,0.9290381090232712,0.37549282987583743,-0.0405141709042154,1.015480865920354,0.19883260844535397,0
10.614000000000214,OPEN,0.19759842218824178,-0.060901315743422293,0.9290381090232712,0.37549282987583743,-0.0405141709042154,1.015480865920354,0.19883260844535397,0
10.616000000000215,OPEN,0.19759842218824178,-0.060901315743422293,0.9290381090232712,0.37549282987583743,-0.0405141709042154,1.015480865920354,0.19883260844535397,0
10.618000000000215,OPEN,0.19759842218824178,-0.060901315743422293,0.9290381090232712,0.37549282987583743,-0.0405141709042154,1.015480865920354,0.19883260844535397,0
10.620000000000216,OPEN,0.19759842218824178,-0.060901315743422293,0.9290381090232712,0.37549282987583743,-0.0405141709042154,1.015480865920354,0.19883260844535397,0
10.622000000000217,OPEN,0.19759842218824178,-0.060901315743422293,0.9290381090232712,0.37549282987583743,-0.0405141709042154,1.015480865920354,0.19883260844535397,0
10.624000000000217,OPEN,0.19759842218824178,-0.060901315743422293,0.9290381090232712,0.37549282987583743,-0.0405141709042154,1.015480865920354,0.19883260844535397,0
10.626000000000218,OPEN,0.19759842218824178,-0.060901315743422293,0.9290381090232712,0.37549282987583743,-0.0405141709042154,1.015480865920354,0.19883260844535397,0
10.628000000000219,OPEN,0.19759842218824178,-0.060901315743422293,0.9290381090232712,0.37549282987583743,-0.0405141709042154,1.015480865920354,0.19883260844535397,0
10.63000000000022,OPEN,0.19759842218824178,-0.060901315743422293,0.9290381090232712,0.37549282987583743,-0.0405141709042154,1.015480865920354,0.19883260844535397,0
10.63200000000022,OPEN,0.19759842218824178,-0.060901315743422293,0.9290381090232712,0.37549282987583743,-0.0405141709042154,1.015480865920354,0.19883260844535397,0
10.63400000000022,OPEN,0.19759842218824178,-0.060901315743422293,0.9290381090232712,0.37549282987583743,-0.0405141709042154,1.015480865920354,0.19883260844535397,0
10.636000000000221,OPEN,0.19759842218824178,-0.060901315743422293,0.9290381090232712,0.37549282987583743,-0.0405141709042154,1.015480865920354,0.19883260844535397,0
10.638000000000222,OPEN,0.19759842218824178,-0.060901315743422293,0.9290381090232712,0.37549282987583743,-0.0405141709042154,1.015480865920354,0.19883260844535397,0
10.640000000000223,OPEN,0.19759842218824178,-0.060901315743422293,0.9290381090232712,0.37549282987583743,-0.0405141709042154,1.015480865920354,0.19883260844535397,0
10.642000000000223,OPEN,0.19759842218824178,-0.060901315743422293,0.9290381090232712,0.37549282987583743,-0.0405141709042154,1.015480865920354,0.19883260844535397,0
10.644000000000224,OPEN,0.19759842218824178,-0.060901315743422293,0.9290381090232712,0.37549282987583743,-0.0405141709042154,1.015480865920354,0.19883260844535397,0
10.646000000000225,OPEN,0.19759842218824178,-0.060901315743422293,0.9290381090232712,0.37549282987583743,-0.0405141709042154,1.015480865920354,0.19883260844535397,0
10.648000000000225,OPEN,0.19759842218824178,-0.060901315743422293,0.9290381090232712,0.37549282987583743,-0.0405141709042154,1.015480865920354,0.19883260844535397,0
10.650000000000226,OPEN,0.19759842218824178,-0.060901315743422293,0.9290381090232712,0.37549282987583743,-0.0405141709042154,1.015480865920354,0.19883260844535397,0
10.652000000000227,OPEN,0.19759842218824178,-0.060901315743422293,0.9290381090232712,0.37549282987583743,-0.0405141709042154,1.015480865920354,0.19883260844535397,0
10.654000000000227,OPEN,0.19759842218824178,-0.060901315743422293,0.9290381090232712,0.37549282987583743,-0.0405141709042154,1.015480865920354,0.19883260844535397,0
10.656000000000228,OPEN,0.19759842218824178,-0.060901315743422293,0.9290381090232712,0.37549282987583743,-0.0405141709042154,1.015480865920354,0.19883260844535397,0
10.658000000000229,OPEN,0.19759842218824178,-0.060901315743422293,0.9290381090232712,0.37549282987583743,-0.0405141709042154,1.015480865920354,0.19883260844535397,0
10.66000000000023,OPEN,0.19759842218824178,-0.060901315743422293,0.9290381090232712,0.37549282987583743,-0.0405141709042154,1.015480865920354,0.19883260844535397,0
10.66200000000023,OPEN,0.19759842218824178,-0.060901315743422293,0.9290381090232712,0.37549282987583743,-0.0405141709042154,1.015480865920354,0.19883260844535397,0
10.66400000000023,OPEN,0.19759842218824178,-0.060901315743422293,0.9290381090232712,0.37549282987583743,-0.0405141709042154,1.015480865920354,0.19883260844535397,0
10.666000000000231,OPEN,0.19759842218824178,-0.060901315743422293,0.9290381090232712,0.37549282987583743,-0.0405141709042154,1.015480865920354,0.19883260844535397,0
10.668000000000232,OPEN,0.19759842218824178,-0.060901315743422293,0.9290381090232712,0.37549282987583743,-0.0405141709042154,1.015480865920354,0.19883260844535397,0
10.670000000000233,OPEN,0.19759842218824178,-0.060901315743422293,0.9290381090232712,0.37549282987583743,-0.0405141709042154,1.015480865920354,0.19883260844535397,0
10.672000000000233,OPEN,0.19759842218824178,-0.060901315743422293,0.9290381090232712,0.37549282987583743,-0.0405141709042154,1.015480865920354,0.19883260844535397,0
10.674000000000234,OPEN,0.19759842218824178,-0.060901315743422293,0.9290381090232712,0.37549282987583743,-0.0405141709042154,1.015480865920354,0.19883260844535397,0
10.676000000000235,OPEN,0.19759842218824178,-0.060901315743422293,0.9290381090232712,0.37549282987583743,-0.0405141709042154,1.015480865920354,0.19883260844535397,0
10.678000000000235,OPEN,0.19759842218824178,-0.060901315743422293,0.9290381090232712,0.37549282987583743,-0.0405141709042154,1.015480865920354,0.19883260844535397,0
10.680000000000236,OPEN,0.19759842218824178,-0.060901315743422293,0.9290381090232712,0.37549282987583743,-0.0405141709042154,1.015480865920354,0.19883260844535397,0
10.682000000000237,OPEN,0.19759842218824178,-0.060901315743422293,0.9290381090232712,0.37549282987583743,-0.0405141709042154,1.015480865920354,0.19883260844535397,0
10.684000000000237,OPEN,0.19759842218824178,-0.060901315743422293,0.9290381090232712,0.37549282987583743,-0.0405141709042154,1.015480865920354,0.19883260844535397,0
10.686000000000238,OPEN,0.19759842218824178,-0.060901315743422293,0.9290381090232712,0.37549282987583743,-0.0405141709042154,1.015480865920354,0.19883260844535397,0
10.688000000000239,OPEN,0.19759842218824178,-0.060901315743422293,0.9290381090232712,0.37549282987583743,-0.0405141709042154,1.015480865920354,0.19883260844535397,0
10.69000000000024,OPEN,0.19759842218824178,-0.060901315743422293,0.9290381090232712,0.37549282987583743,-0.0405141709042154,1.015480865920354,0.19883260844535397,0
10.69200000000024,OPEN,0.19759842218824178,-0.060901315743422293,0.9290381090232712,0.37549282987583743,-0.0405141709042154,1.015480865920354,0.19883260844535397,0
10.69400000000024,OPEN,0.19759842218824178,-0.060901315743422293,0.9290381090232712,0.37549282987583743,-0.0405141709042154,1.015480865920354,0.19883260844535397,0
10.696000000000241,OPEN,0.19759842218824178,-0.060901315743422293,0.9290381090232712,0.37549282987583743,-0.0405141709042154,1.015480865920354,0.19883260844535397,0
10.698000000000242,OPEN,0.19759842218824178,-0.060901315743422293,0.9290381090232712,0.37549282987583743,-0.0405141709042154,1.015480865920354,0.19883260844535397,0
10.700000000000243,OPEN,0.19759842218824178,-0.060901315743422293,0.9290381090232712,0.37549282987583743,-0.0405141709042154,1.015480865920354,0.19883260844535397,0
10.702000000000243,OPEN,0.19759842218824178,-0.060901315743422293,0.9290381090232712,0.37549282987583743,-0.0405141709042154,1.015480865920354,0.19883260844535397,0
10.704000000000244,OPEN,0.19759842218824178,-0.060901315743422293,0.9290381090232712,0.37549282987583743,-0.0405141709042154,1.015480865920354,0.19883260844535397,0
10.706000000000245,OPEN,0.19759842218824178,-0.060901315743422293,0.9290381090232712,0.37549282987583743,-0.0405141709042154,1.015480865920354,0.19883260844535397,0
10.708000000000245,OPEN,0.19759842218824178,-0.060901315743422293,0.9290381090232712,0.37549282987583743,-0.0405141709042154,1.015480865920354,0.19883260844535397,0
10.710000000000246,OPEN,0.19759842218824178,-0.060901315743422293,0.9290381090232712,0.37549282987583743,-0.0405141709042154,1.015480865920354,0.19883260844535397,0
10.712000000000247,OPEN,0.19759842218824178,-0.060901315743422293,0.9290381090232712,0.37549282987583743,-0.0405141709042154,1.015480865920354,0.19883260844535397,0
10.714000000000247,OPEN,0.19759842218824178,-0.060901315743422293,0.9290381090232712,0.37549282987583743,-0.0405141709042154,1.015480865920354,0.19883260844535397,0
10.716000000000248,OPEN,0.19759842218824178,-0.060901315743422293,0.9290381090232712,0.37549282987583743,-0.0405141709042154,1.015480865920354,0.19883260844535397,0
10.718000000000249,OPEN,0.19759842218824178,-0.060901315743422293,0.9290381090232712,0.37549282987583743,-0.0405141709042154,1.015480865920354,0.19883260844535397,0
10.72000000000025,OPEN,0.19759842218824178,-0.060901315743422293,0.9290381090232712,0.37549282987583743,-0.0405141709042154,1.015480865920354,0.19883260844535397,0
10.72200000000025,OPEN,0.19759842218824178,-0.060901315743422293,0.9290381090232712,0.37549282987583743,-0.0405141709042154,1.015480865920354,0.19883260844535397,0
10.72400000000025,OPEN,0.19759842218824178,-0.060901315743422293,0.9290381090232712,0.37549282987583743,-0.0405141709042154,1.015480865920354,0.19883260844535397,0
10.726000000000251,OPEN,0.19759842218824178,-0.060901315743422293,0.9290381090232712,0.37549282987583743,-0.0405141709042154,1.015480865920354,0.19883260844535397,0
10.728000000000252,OPEN,0.19759842218824178,-0.060901315743422293,0.9290381090232712,0.37549282987583743,-0.0405141709042154,1.015480865920354,0.19883260844535397,0
10.730000000000253,OPEN,0.19759842218824178,-0.060901315743422293,0.9290381090232712,0.37549282987583743,-0.0405141709042154,1.015480865920354,0.19883260844535397,0
10.732000000000253,OPEN,0.19759842218824178,-0.060901315743422293,0.9290381090232712,0.37549282987583743,-0.0405141709042154,1.015480865920354,0.19883260844535397,0
10.734000000000254,OPEN,0.19759842218824178,-0.060901315743422293,0.9290381090232712,0.37549282987583743,-0.0405141709042154,1.015480865920354,0.19883260844535397,0
10.736000000000255,OPEN,0.19759842218824178,-0.060901315743422293,0.9290381090232712,0.37549282987583743,-0.0405141709042154,1.015480865920354,0.19883260844535397,0
10.738000000000255,OPEN,0.19759842218824178,-0.060901315743422293,0.9290381090232712,0.37549282987583743,-0.0405141709042154,1.015480865920354,0.19883260844535397,0
10.740000000000256,OPEN,0.19759842218824178,-0.060901315743422293,0.9290381090232712,0.37549282987583743,-0.0405141709042154,1.015480865920354,0.19883260844535397,0
10.742000000000257,OPEN,0.19759842218824178,-0.060901315743422293,0.9290381090232712,0.37549282987583743,-0.0405141709042154,1.015480865920354,0.19883260844535397,0
10.744000000000257,OPEN,0.19759842218824178,-0.060901315743422293,0.9290381090232712,0.37549282987583743,-0.0405141709042154,1.015480865920354,0.19883260844535397,0
10.746000000000258,OPEN,0.19759842218824178,-0.060901315743422293,0.9290381090232712,0.37549282987583743,-0.0405141709042154,1.015480865920354,0.19883260844535397,0
10.748000000000259,OPEN,0.19759842218824178,-0.060901315743422293,0.9290381090232712,0.37549282987583743,-0.0405141709042154,1.015480865920354,0.19883260844535397,0
10.75000000000026,OPEN,0.19759842218824178,-0.060901315743422293,0.9290381090232712,0.37549282987583743,-0.0405141709042154,1.015480865920354,0.19883260844535397,0
10.75200000000026,OPEN,0.19759842218824178,-0.060901315743422293,0.9290381090232712,0.37549282987583743,-0.0405141709042154,1.015480865920354,0.19883260844535397,0
10.75400000000026,OPEN,0.19759842218824178,-0.060901315743422293,0.9290381090232712,0.37549282987583743,-0.0405141709042154,1.015480865920354,0.19883260844535397,0
10.756000000000261,OPEN,0.19759842218824178,-0.060901315743422293,0.9290381090232712,0.37549282987583743,-0.0405141709042154,1.015480865920354,0.19883260844535397,0
10.758000000000262,OPEN,0.19759842218824178,-0.060901315743422293,0.9290381090232712,0.37549282987583743,-0.0405141709042154,1.015480865920354,0.19883260844535397,0
10.760000000000263,OPEN,0.19759842218824178,-0.060901315743422293,0.9290381090232712,0.37549282987583743,-0.0405141709042154,1.015480865920354,0.19883260844535397,0
10.762000000000263,OPEN,0.19759842218824178,-0.060901315743422293,0.9290381090232712,0.37549282987583743,-0.0405141709042154,1.015480865920354,0.19883260844535397,0
10.764000000000264,OPEN,0.19759842218824178,-0.060901315743422293,0.9290381090232712,0.37549282987583743,-0.0405141709042154,1.015480865920354,0.19883260844535397,0
10.766000000000265,OPEN,0.19759842218824178,-0.060901315743422293,0.9290381090232712,0.37549282987583743,-0.0405141709042154,1.015480865920354,0.19883260844535397,0
10.768000000000265,OPEN,0.19759842218824178,-0.060901315743422293,0.9290381090232712,0.37549282987583743,-0.0405141709042154,1.015480865920354,0.19883260844535397,0
10.770000000000266,OPEN,0.19759842218824178,-0.060901315743422293,0.9290381090232712,0.37549282987583743,-0.0405141709042154,1.015480865920354,0.19883260844535397,0
10.772000000000267,OPEN,0.19759842218824178,-0.060901315743422293,0.9290381090232712,0.37549282987583743,-0.0405141709042154,1.015480865920354,0.19883260844535397,0
10.774000000000267,OPEN,0.19759842218824178,-0.060901315743422293,0.9290381090232712,0.37549282987583743,-0.0405141709042154,1.015480865920354,0.19883260844535397,0
10.776000000000268,OPEN,0.19759842218824178,-0.060901315743422293,0.9290381090232712,0.37549282987583743,-0.0405141709042154,1.015480865920354,0.19883260844535397,0
10.778000000000269,OPEN,0.19759842218824178,-0.060901315743422293,0.9290381090232712,0.37549282987583743,-0.0405141709042154,1.015480865920354,0.19883260844535397,0
10.78000000000027,OPEN,0.19759842218824178,-0.060901315743422293,0.9290381090232712,0.37549282987583743,-0.0405141709042154,1.015480865920354,0.19883260844535397,0
10.78200000000027,OPEN,0.19759842218824178,-0.060901315743422293,0.9290381090232712,0.37549282987583743,-0.0405141709042154,1.015480865920354,0.19883260844535397,0
10.78400000000027,OPEN,0.19759842218824178,-0.060901315743422293,0.9290381090232712,0.37549282987583743,-0.0405141709042154,1.015480865920354,0.19883260844535397,0
10.786000000000271,OPEN,0.19759842218824178,-0.060901315743422293,0.9290381090232712,0.37549282987583743,-0.0405141709042154,1.015480865920354,0.19883260844535397,0
10.788000000000272,OPEN,0.19759842218824178,-0.060901315743422293,0.9290381090232712,0.37549282987583743,-0.0405141709042154,1.015480865920354,0.19883260844535397,0
10.790000000000273,OPEN,0.19759842218824178,-0.060901315743422293,0.9290381090232712,0.37549282987583743,-0.0405141709042154,1.015480865920354,0.19883260844535397,0
10.792000000000273,OPEN,0.19759842218824178,-0.060901315743422293,0.9290381090232712,0.37549282987583743,-0.0405141709042154,1.015480865920354,0.19883260844535397,0
10.794000000000274,OPEN,0.19759842218824178,-0.060901315743422293,0.9290381090232712,0.37549282987583743,-0.0405141709042154,1.015480865920354,0.19883260844535397,0
10.796000000000275,OPEN,0.19759842218824178,-0.060901315743422293,0.9290381090232712,0.37549282987583743,-0.0405141709042154,1.015480865920354,0.19883260844535397,0
10.798000000000275,OPEN,0.19759842218824178,-0.060901315743422293,0.9290381090232712,0.37549282987583743,-0.0405141709042154,1.015480865920354,0.19883260844535397,0
10.800000000000276,OPEN,0.19759842218824178,-0.060901315743422293,0.9290381090232712,0.37549282987583743,-0.0405141709042154,1.015480865920354,0.19883260844535397,0
10.802000000000277,OPEN,0.19759842218824178,-0.060901315743422293,0.9290381090232712,0.37549282987583743,-0.0405141709042154,1.015480865920354,0.19883260844535397,0
10.804000000000277,OPEN,0.19759842218824178,-0.060901315743422293,0.9290381090232712,0.37549282987583743,-0.0405141709042154,1.015480865920354,0.19883260844535397,0
10.806000000000278,OPEN,0.19759842218824178,-0.060901315743422293,0.9290381090232712,0.37549282987583743,-0.0405141709042154,1.015480865920354,0.19883260844535397,0
10.808000000000279,OPEN,0.19759842218824178,-0.060901315743422293,0.9290381090232712,0.37549282987583743,-0.0405141709042154,1.015480865920354,0.19883260844535397,0
10.81000000000028,OPEN,0.19759842218824178,-0.060901315743422293,0.9290381090232712,0.37549282987583743,-0.0405141709042154,1.015480865920354,0.19883260844535397,0
10.81200000000028,OPEN,0.19759842218824178,-0.060901315743422293,0.9290381090232712,0.37549282987583743,-0.0405141709042154,1.015480865920354,0.19883260844535397,0
10.81400000000028,OPEN,0.19759842218824178,-0.060901315743422293,0.9290381090232712,0.37549282987583743,-0.0405141709042154,1.015480865920354,0.19883260844535397,0
10.816000000000281,OPEN,0.19759842218824178,-0.060901315743422293,0.9290381090232712,0.37549282987583743,-0.0405141709042154,1.015480865920354,0.19883260844535397,0
10.818000000000282,OPEN,0.19759842218824178,-0.060901315743422293,0.9290381090232712,0.37549282987583743,-0.0405141709042154,1.015480865920354,0.19883260844535397,0
10.820000000000283,OPEN,0.19759842218824178,-0.060901315743422293,0.9290381090232712,0.37549282987583743,-0.0405141709042154,1.015480865920354,0.19883260844535397,0
10.822000000000283,OPEN,0.19759842218824178,-0.060901315743422293,0.9290381090232712,0.37549282987583743,-0.0405141709042154,1.015480865920354,0.19883260844535397,0
10.824000000000284,OPEN,0.19759842218824178,-0.060901315743422293,0.9290381090232712,0.37549282987583743,-0.0405141709042154,1.015480865920354,0.19883260844535397,0
10.826000000000285,OPEN,0.19759842218824178,-0.060901315743422293,0.9290381090232712,0.37549282987583743,-0.0405141709042154,1.015480865920354,0.19883260844535397,0
10.828000000000285,OPEN,0.19759842218824178,-0.060901315743422293,0.9290381090232712,0.37549282987583743,-0.0405141709042154,1.015480865920354,0.19883260844535397,0
10.830000000000286,OPEN,0.19759842218824178,-0.060901315743422293,0.9290381090232712,0.37549282987583743,-0.0405141709042154,1.015480865920354,0.19883260844535397,0
10.832000000000287,OPEN,0.19759842218824178,-0.060901315743422293,0.9290381090232712,0.37549282987583743,-0.0405141709042154,1.015480865920354,0.19883260844535397,0
10.834000000000287,OPEN,0.19759842218824178,-0.060901315743422293,0.9290381090232712,0.37549282987583743,-0.0405141709042154,1.015480865920354,0.19883260844535397,0
10.836000000000288,OPEN,0.19759842218824178,-0.060901315743422293,0.9290381090232712,0.37549282987583743,-0.0405141709042154,1.015480865920354,0.19883260844535397,0
10.838000000000289,OPEN,0.19759842218824178,-0.060901315743422293,0.9290381090232712,0.37549282987583743,-0.0405141709042154,1.015480865920354,0.19883260844535397,0
10.84000000000029,OPEN,0.19759842218824178,-0.060901315743422293,0.9290381090232712,0.37549282987583743,-0.0405141709042154,1.015480865920354,0.19883260844535397,0
10.84200000000029,OPEN,0.19759842218824178,-0.060901315743422293,0.9290381090232712,0.37549282987583743,-0.0405141709042154,1.015480865920354,0.19883260844535397,0
10.84400000000029,OPEN,0.19759842218824178,-0.060901315743422293,0.9290381090232712,0.37549282987583743,-0.0405141709042154,1.015480865920354,0.19883260844535397,0
10.846000000000291,OPEN,0.19759842218824178,-0.060901315743422293,0.9290381090232712,0.37549282987583743,-0.0405141709042154,1.015480865920354,0.19883260844535397,0
10.848000000000292,OPEN,0.19759842218824178,-0.060901315743422293,0.9290381090232712,0.37549282987583743,-0.0405141709042154,1.015480865920354,0.19883260844535397,0
10.850000000000293,OPEN,0.19759842218824178,-0.060901315743422293,0.9290381090232712,0.37549282987583743,-0.0405141709042154,1.015480865920354,0.19883260844535397,0
10.852000000000293,OPEN,0.19759842218824178,-0.060901315743422293,0.9290381090232712,0.37549282987583743,-0.0405141709042154,1.015480865920354,0.19883260844535397,0
10.854000000000294,OPEN,0.19759842218824178,-0.060901315743422293,0.9290381090232712,0.37549282987583743,-0.0405141709042154,1.015480865920354,0.19883260844535397,0
10.856000000000295,OPEN,0.19759842218824178,-0.060901315743422293,0.9290381090232712,0.37549282987583743,-0.0405141709042154,1.015480865920354,0.19883260844535397,0
10.858000000000295,OPEN,0.19759842218824178,-0.060901315743422293,0.9290381090232712,0.37549282987583743,-0.0405141709042154,1.015480865920354,0.19883260844535397,0
10.860000000000296,OPEN,0.19759842218824178,-0.060901315743422293,0.9290381090232712,0.37549282987583743,-0.0405141709042154,1.015480865920354,0.19883260844535397,0
10.862000000000297,OPEN,0.19759842218824178,-0.060901315743422293,0.9290381090232712,0.37549282987583743,-0.0405141709042154,1.015480865920354,0.19883260844535397,0
10.864000000000297,OPEN,0.19759842218824178,-0.060901315743422293,0.9290381090232712,0.37549282987583743,-0.0405141709042154,1.015480865920354,0.19883260844535397,0
10.866000000000298,OPEN,0.19759842218824178,-0.060901315743422293,0.9290381090232712,0.37549282987583743,-0.0405141709042154,1.015480865920354,0.19883260844535397,0
10.868000000000299,OPEN,0.19759842218824178,-0.060901315743422293,0.9290381090232712,0.37549282987583743,-0.0405141709042154,1.015480865920354,0.19883260844535397,0
10.8700000000003,OPEN,0.19759842218824178,-0.060901315743422293,0.9290381090232712,0.37549282987583743,-0.0405141709042154,1.015480865920354,0.19883260844535397,0
10.8720000000003,OPEN,0.19759842218824178,-0.060901315743422293,0.9290381090232712,0.37549282987583743,-0.0405141709042154,1.015480865920354,0.19883260844535397,0
10.8740000000003,OPEN,0.19759842218824178,-0.060901315743422293,0.9290381090232712,0.37549282987583743,-0.0405141709042154,1.015480865920354,0.19883260844535397,0
10.876000000000301,OPEN,0.19759842218824178,-0.060901315743422293,0.9290381090232712,0.37549282987583743,-0.0405141709042154,1.015480865920354,0.19883260844535397,0
10.878000000000302,OPEN,0.19759842218824178,-0.060901315743422293,0.9290381090232712,0.37549282987583743,-0.0405141709042154,1.015480865920354,0.19883260844535397,0
10.880000000000303,OPEN,0.19759842218824178,-0.060901315743422293,0.9290381090232712,0.37549282987583743,-0.0405141709042154,1.015480865920354,0.19883260844535397,0
10.882000000000303,OPEN,0.19759842218824178,-0.060901315743422293,0.9290381090232712,0.37549282987583743,-0.0405141709042154,1.015480865920354,0.19883260844535397,0
10.884000000000304,OPEN,0.19759842218824178,-0.060901315743422293,0.9290381090232712,0.37549282987583743,-0.0405141709042154,1.015480865920354,0.19883260844535397,0
10.886000000000305,OPEN,0.19759842218824178,-0.060901315743422293,0.9290381090232712,0.37549282987583743,-0.0405141709042154,1.015480865920354,0.19883260844535397,0
10.888000000000305,OPEN,0.19759842218824178,-0.060901315743422293,0.9290381090232712,0.37549282987583743,-0.0405141709042154,1.015480865920354,0.19883260844535397,0
10.890000000000306,OPEN,0.19759842218824178,-0.060901315743422293,0.9290381090232712,0.37549282987583743,-0.0405141709042154,1.015480865920354,0.19883260844535397,0
10.892000000000307,OPEN,0.19759842218824178,-0.060901315743422293,0.9290381090232712,0.37549282987583743,-0.0405141709042154,1.015480865920354,0.19883260844535397,0
10.894000000000307,OPEN,0.19759842218824178,-0.060901315743422293,0.9290381090232712,0.37549282987583743,-0.0405141709042154,1.015480865920354,0.19883260844535397,0
10.896000000000308,OPEN,0.19759842218824178,-0.060901315743422293,0.9290381090232712,0.37549282987583743,-0.0405141709042154,1.015480865920354,0.19883260844535397,0
10.898000000000309,OPEN,0.19759842218824178,-0.060901315743422293,0.9290381090232712,0.37549282987583743,-0.0405141709042154,1.015480865920354,0.19883260844535397,0
10.90000000000031,OPEN,0.19759842218824178,-0.060901315743422293,0.9290381090232712,0.37549282987583743,-0.0405141709042154,1.015480865920354,0.19883260844535397,0
10.90200000000031,OPEN,0.19759842218824178,-0.060901315743422293,0.9290381090232712,0.37549282987583743,-0.0405141709042154,1.015480865920354,0.19883260844535397,0
10.90400000000031,OPEN,0.19759842218824178,-0.060901315743422293,0.9290381090232712,0.37549282987583743,-0.0405141709042154,1.015480865920354,0.19883260844535397,0
10.906000000000311,OPEN,0.19759842218824178,-0.060901315743422293,0.9290381090232712,0.37549282987583743,-0.0405141709042154,1.015480865920354,0.19883260844535397,0
10.908000000000312,OPEN,0.19759842218824178,-0.060901315743422293,0.9290381090232712,0.37549282987583743,-0.0405141709042154,1.015480865920354,0.19883260844535397,0
10.910000000000313,OPEN,0.19759842218824178,-0.060901315743422293,0.9290381090232712,0.37549282987583743,-0.0405141709042154,1.015480865920354,0.19883260844535397,0
10.912000000000313,OPEN,0.19759842218824178,-0.060901315743422293,0.9290381090232712,0.37549282987583743,-0.0405141709042154,1.015480865920354,0.19883260844535397,0
10.914000000000314,OPEN,0.19759842218824178,-0.060901315743422293,0.9290381090232712,0.37549282987583743,-0.0405141709042154,1.015480865920354,0.19883260844535397,0
10.916000000000315,OPEN,0.19759842218824178,-0.060901315743422293,0.9290381090232712,0.37549282987583743,-0.0405141709042154,1.015480865920354,0.19883260844535397,0
10.918000000000315,OPEN,0.19759842218824178,-0.060901315743422293,0.9290381090232712,0.37549282987583743,-0.0405141709042154,1.015480865920354,0.19883260844535397,0
10.920000000000316,OPEN,0.19759842218824178,-0.060901315743422293,0.9290381090232712,0.37549282987583743,-0.0405141709042154,1.015480865920354,0.19883260844535397,0
10.922000000000317,OPEN,0.19759842218824178,-0.060901315743422293,0.9290381090232712,0.37549282987583743,-0.0405141709042154,1.015480865920354,0.19883260844535397,0
10.924000000000317,OPEN,0.19759842218824178,-0.060901315743422293,0.9290381090232712,0.37549282987583743,-0.0405141709042154,1.015480865920354,0.19883260844535397,0
10.926000000000318,OPEN,0.19759842218824178,-0.060901315743422293,0.9290381090232712,0.37549282987583743,-0.0405141709042154,1.015480865920354,0.19883260844535397,0
10.928000000000319,OPEN,0.19759842218824178,-0.060901315743422293,0.9290381090232712,0.37549282987583743,-0.0405141709042154,1.015480865920354,0.19883260844535397,0
10.93000000000032,OPEN,0.19759842218824178,-0.060901315743422293,0.9290381090232712,0.37549282987583743,-0.0405141709042154,1.015480865920354,0.19883260844535397,0
10.93200000000032,OPEN,0.19759842218824178,-0.060901315743422293,0.9290381090232712,0.37549282987583743,-0.0405141709042154,1.015480865920354,0.19883260844535397,0
10.93400000000032,OPEN,0.19759842218824178,-0.060901315743422293,0.9290381090232712,0.37549282987583743,-0.0405141709042154,1.015480865920354,0.19883260844535397,0
10.936000000000321,OPEN,0.19759842218824178,-0.060901315743422293,0.9290381090232712,0.37549282987583743,-0.0405141709042154,1.015480865920354,0.19883260844535397,0
10.938000000000322,OPEN,0.19759842218824178,-0.060901315743422293,0.9290381090232712,0.37549282987583743,-0.0405141709042154,1.015480865920354,0.19883260844535397,0
10.940000000000323,OPEN,0.19759842218824178,-0.060901315743422293,0.9290381090232712,0.37549282987583743,-0.0405141709042154,1.015480865920354,0.19883260844535397,0
10.942000000000323,OPEN,0.19759842218824178,-0.060901315743422293,0.9290381090232712,0.37549282987583743,-0.0405141709042154,1.015480865920354,0.19883260844535397,0
10.944000000000324,OPEN,0.19759842218824178,-0.060901315743422293,0.9290381090232712,0.37549282987583743,-0.0405141709042154,1.015480865920354,0.19883260844535397,0
10.946000000000325,OPEN,0.19759842218824178,-0.060901315743422293,0.9290381090232712,0.37549282987583743,-0.0405141709042154,1.015480865920354,0.19883260844535397,0
10.948000000000325,OPEN,0.19759842218824178,-0.060901315743422293,0.9290381090232712,0.37549282987583743,-0.0405141709042154,1.015480865920354,0.19883260844535397,0
10.950000000000326,OPEN,0.19759842218824178,-0.060901315743422293,0.9290381090232712,0.37549282987583743,-0.0405141709042154,1.015480865920354,0.19883260844535397,0
10.952000000000327,OPEN,0.19759842218824178,-0.060901315743422293,0.9290381090232712,0.37549282987583743,-0.0405141709042154,1.015480865920354,0.19883260844535397,0
10.954000000000327,OPEN,0.19759842218824178,-0.060901315743422293,0.9290381090232712,0.37549282987583743,-0.0405141709042154,1.015480865920354,0.19883260844535397,0
10.956000000000328,OPEN,0.19759842218824178,-0.060901315743422293,0.9290381090232712,0.37549282987583743,-0.0405141709042154,1.015480865920354,0.19883260844535397,0
10.958000000000329,OPEN,0.19759842218824178,-0.060901315743422293,0.9290381090232712,0.37549282987583743,-0.0405141709042154,1.015480865920354,0.19883260844535397,0
10.96000000000033,OPEN,0.19759842218824178,-0.060901315743422293,0.9290381090232712,0.37549282987583743,-0.0405141709042154,1.015480865920354,0.19883260844535397,0
10.96200000000033,OPEN,0.19759842218824178,-0.060901315743422293,0.9290381090232712,0.37549282987583743,-0.0405141709042154,1.015480865920354,0.19883260844535397,0
10.96400000000033,OPEN,0.19759842218824178,-0.060901315743422293,0.9290381090232712,0.37549282987583743,-0.0405141709042154,1.015480865920354,0.19883260844535397,0
10.966000000000331,OPEN,0.19759842218824178,-0.060901315743422293,0.9290381090232712,0.37549282987583743,-0.0405141709042154,1.015480865920354,0.19883260844535397,0
10.968000000000332,OPEN,0.19759842218824178,-0.060901315743422293,0.9290381090232712,0.37549282987583743,-0.0405141709042154,1.015480865920354,0.19883260844535397,0
10.970000000000333,OPEN,0.19759842218824178,-0.060901315743422293,0.9290381090232712,0.37549282987583743,-0.0405141709042154,1.015480865920354,0.19883260844535397,0
10.972000000000333,OPEN,0.19759842218824178,-0.060901315743422293,0.9290381090232712,0.37549282987583743,-0.0405141709042154,1.015480865920354,0.19883260844535397,0
10.974000000000334,OPEN,0.19759842218824178,-0.060901315743422293,0.9290381090232712,0.37549282987583743,-0.0405141709042154,1.015480865920354,0.19883260844535397,0
10.976000000000335,OPEN,0.19759842218824178,-0.060901315743422293,0.9290381090232712,0.37549282987583743,-0.0405141709042154,1.015480865920354,0.19883260844535397,0
10.978000000000335,OPEN,0.19759842218824178,-0.060901315743422293,0.9290381090232712,0.37549282987583743,-0.0405141709042154,1.015480865920354,0.19883260844535397,0
10.980000000000336,OPEN,0.19759842218824178,-0.060901315743422293,0.9290381090232712,0.37549282987583743,-0.0405141709042154,1.015480865920354,0.19883260844535397,0
10.982000000000337,OPEN,0.19759842218824178,-0.060901315743422293,0.9290381090232712,0.37549282987583743,-0.0405141709042154,1.015480865920354,0.19883260844535397,0
10.984000000000337,OPEN,0.19759842218824178,-0.060901315743422293,0.9290381090232712,0.37549282987583743,-0.0405141709042154,1.015480865920354,0.19883260844535397,0
10.986000000000338,OPEN,0.19759842218824178,-0.060901315743422293,0.9290381090232712,0.37549282987583743,-0.0405141709042154,1.015480865920354,0.19883260844535397,0
10.988000000000339,OPEN,0.19759842218824178,-0.060901315743422293,0.9290381090232712,0.37549282987583743,-0.0405141709042154,1.015480865920354,0.19883260844535397,0
10.99000000000034,OPEN,0.19759842218824178,-0.060901315743422293,0.9290381090232712,0.37549282987583743,-0.0405141709042154,1.015480865920354,0.19883260844535397,0
10.99200000000034,OPEN,0.19759842218824178,-0.060901315743422293,0.9290381090232712,0.37549282987583743,-0.0405141709042154,1.015480865920354,0.19883260844535397,0
10.99400000000034,OPEN,0.19759842218824178,-0.060901315743422293,0.9290381090232712,0.37549282987583743,-0.0405141709042154,1.015480865920354,0.19883260844535397,0
10.996000000000342,OPEN,0.19759842218824178,-0.060901315743422293,0.9290381090232712,0.37549282987583743,-0.0405141709042154,1.015480865920354,0.19883260844535397,0
10.998000000000342,OPEN,0.19759842218824178,-0.060901315743422293,0.9290381090232712,0.37549282987583743,-0.0405141709042154,1.015480865920354,0.19883260844535397,0
11.000000000000343,OPEN,0.19759842218824178,-0.060901315743422293,0.9290381090232712,0.37549282987583743,-0.0405141709042154,1.015480865920354,0.19883260844535397,0
11.002000000000344,OPEN,0.19759842218824178,-0.060901315743422293,0.9290381090232712,0.37549282987583743,-0.0405141709042154,1.015480865920354,0.19883260844535397,0
11.004000000000344,OPEN,0.19759842218824178,-0.060901315743422293,0.9290381090232712,0.37549282987583743,-0.0405141709042154,1.015480865920354,0.19883260844535397,0
11.006000000000345,OPEN,0.19759842218824178,-0.060901315743422293,0.9290381090232712,0.37549282987583743,-0.0405141709042154,1.015480865920354,0.19883260844535397,0
11.008000000000346,OPEN,0.19759842218824178,-0.060901315743422293,0.9290381090232712,0.37549282987583743,-0.0405141709042154,1.015480865920354,0.19883260844535397,0
11.010000000000346,OPEN,0.19759842218824178,-0.060901315743422293,0.9290381090232712,0.37549282987583743,-0.0405141709042154,1.015480865920354,0.19883260844535397,0
11.012000000000347,OPEN,0.19759842218824178,-0.060901315743422293,0.9290381090232712,0.37549282987583743,-0.0405141709042154,1.015480865920354,0.19883260844535397,0
11.014000000000348,OPEN,0.19759842218824178,-0.060901315743422293,0.9290381090232712,0.37549282987583743,-0.0405141709042154,1.015480865920354,0.19883260844535397,0
11.016000000000348,OPEN,0.19759842218824178,-0.060901315743422293,0.9290381090232712,0.37549282987583743,-0.0405141709042154,1.015480865920354,0.19883260844535397,0
11.018000000000349,OPEN,0.19759842218824178,-0.060901315743422293,0.9290381090232712,0.37549282987583743,-0.0405141709042154,1.015480865920354,0.19883260844535397,0
11.02000000000035,OPEN,0.19759842218824178,-0.060901315743422293,0.9290381090232712,0.37549282987583743,-0.0405141709042154,1.015480865920354,0.19883260844535397,0
11.02200000000035,OPEN,0.19759842218824178,-0.060901315743422293,0.9290381090232712,0.37549282987583743,-0.0405141709042154,1.015480865920354,0.19883260844535397,0
11.02400000000035,OPEN,0.19759842218824178,-0.060901315743422293,0.9290381090232712,0.37549282987583743,-0.0405141709042154,1.015480865920354,0.19883260844535397,0
11.026000000000352,OPEN,0.19759842218824178,-0.060901315743422293,0.9290381090232712,0.37549282987583743,-0.0405141709042154,1.015480865920354,0.19883260844535397,0
11.028000000000352,OPEN,0.19759842218824178,-0.060901315743422293,0.9290381090232712,0.37549282987583743,-0.0405141709042154,1.015480865920354,0.19883260844535397,0
11.030000000000353,OPEN,0.19759842218824178,-0.060901315743422293,0.9290381090232712,0.37549282987583743,-0.0405141709042154,1.015480865920354,0.19883260844535397,0
11.032000000000354,OPEN,0.19759842218824178,-0.060901315743422293,0.9290381090232712,0.37549282987583743,-0.0405141709042154,1.015480865920354,0.19883260844535397,0
11.034000000000354,OPEN,0.19759842218824178,-0.060901315743422293,0.9290381090232712,0.37549282987583743,-0.0405141709042154,1.015480865920354,0.19883260844535397,0
11.036000000000355,OPEN,0.19759842218824178,-0.060901315743422293,0.9290381090232712,0.37549282987583743,-0.0405141709042154,1.015480865920354,0.19883260844535397,0
11.038000000000356,OPEN,0.19759842218824178,-0.060901315743422293,0.9290381090232712,0.37549282987583743,-0.0405141709042154,1.015480865920354,0.19883260844535397,0
11.040000000000356,OPEN,0.19759842218824178,-0.060901315743422293,0.9290381090232712,0.37549282987583743,-0.0405141709042154,1.015480865920354,0.19883260844535397,0
11.042000000000357,OPEN,0.19759842218824178,-0.060901315743422293,0.9290381090232712,0.37549282987583743,-0.0405141709042154,1.015480865920354,0.19883260844535397,0
11.044000000000358,OPEN,0.19759842218824178,-0.060901315743422293,0.9290381090232712,0.37549282987583743,-0.0405141709042154,1.015480865920354,0.19883260844535397,0
11.046000000000358,OPEN,0.19759842218824178,-0.060901315743422293,0.9290381090232712,0.37549282987583743,-0.0405141709042154,1.015480865920354,0.19883260844535397,0
11.048000000000359,OPEN,0.19759842218824178,-0.060901315743422293,0.9290381090232712,0.37549282987583743,-0.0405141709042154,1.015480865920354,0.19883260844535397,0
11.05000000000036,OPEN,0.19759842218824178,-0.060901315743422293,0.9290381090232712,0.37549282987583743,-0.0405141709042154,1.015480865920354,0.19883260844535397,0
11.05200000000036,OPEN,0.19759842218824178,-0.060901315743422293,0.9290381090232712,0.37549282987583743,-0.0405141709042154,1.015480865920354,0.19883260844535397,0
11.05400000000036,OPEN,0.19759842218824178,-0.060901315743422293,0.9290381090232712,0.37549282987583743,-0.0405141709042154,1.015480865920354,0.19883260844535397,0
11.056000000000362,OPEN,0.19759842218824178,-0.060901315743422293,0.9290381090232712,0.37549282987583743,-0.0405141709042154,1.015480865920354,0.19883260844535397,0
11.058000000000362,OPEN,0.19759842218824178,-0.060901315743422293,0.9290381090232712,0.37549282987583743,-0.0405141709042154,1.015480865920354,0.19883260844535397,0
11.060000000000363,OPEN,0.19759842218824178,-0.060901315743422293,0.9290381090232712,0.37549282987583743,-0.0405141709042154,1.015480865920354,0.19883260844535397,0
11.062000000000364,OPEN,0.19759842218824178,-0.060901315743422293,0.9290381090232712,0.37549282987583743,-0.0405141709042154,1.015480865920354,0.19883260844535397,0
11.064000000000364,OPEN,0.19759842218824178,-0.060901315743422293,0.9290381090232712,0.37549282987583743,-0.0405141709042154,1.015480865920354,0.19883260844535397,0
11.066000000000365,OPEN,0.19759842218824178,-0.060901315743422293,0.9290381090232712,0.37549282987583743,-0.0405141709042154,1.015480865920354,0.19883260844535397,0
11.068000000000366,OPEN,0.19759842218824178,-0.060901315743422293,0.9290381090232712,0.37549282987583743,-0.0405141709042154,1.015480865920354,0.19883260844535397,0
11.070000000000366,OPEN,0.19759842218824178,-0.060901315743422293,0.9290381090232712,0.37549282987583743,-0.0405141709042154,1.015480865920354,0.19883260844535397,0
11.072000000000367,OPEN,0.19759842218824178,-0.060901315743422293,0.9290381090232712,0.37549282987583743,-0.0405141709042154,1.015480865920354,0.19883260844535397,0
11.074000000000368,OPEN,0.19759842218824178,-0.060901315743422293,0.9290381090232712,0.37549282987583743,-0.0405141709042154,1.015480865920354,0.19883260844535397,0
11.076000000000368,OPEN,0.19759842218824178,-0.060901315743422293,0.9290381090232712,0.37549282987583743,-0.0405141709042154,1.015480865920354,0.19883260844535397,0
11.078000000000369,OPEN,0.19759842218824178,-0.060901315743422293,0.9290381090232712,0.37549282987583743,-0.0405141709042154,1.015480865920354,0.19883260844535397,0
11.08000000000037,OPEN,0.19759842218824178,-0.060901315743422293,0.9290381090232712,0.37549282987583743,-0.0405141709042154,1.015480865920354,0.19883260844535397,0
11.08200000000037,OPEN,0.19759842218824178,-0.060901315743422293,0.9290381090232712,0.37549282987583743,-0.0405141709042154,1.015480865920354,0.19883260844535397,0
11.084000000000371,OPEN,0.19759842218824178,-0.060901315743422293,0.9290381090232712,0.37549282987583743,-0.0405141709042154,1.015480865920354,0.19883260844535397,0
11.086000000000372,OPEN,0.19759842218824178,-0.060901315743422293,0.9290381090232712,0.37549282987583743,-0.0405141709042154,1.015480865920354,0.19883260844535397,0
11.088000000000372,OPEN,0.19759842218824178,-0.060901315743422293,0.9290381090232712,0.37549282987583743,-0.0405141709042154,1.015480865920354,0.19883260844535397,0
11.090000000000373,OPEN,0.19759842218824178,-0.060901315743422293,0.9290381090232712,0.37549282987583743,-0.0405141709042154,1.015480865920354,0.19883260844535397,0
11.092000000000374,OPEN,0.19759842218824178,-0.060901315743422293,0.9290381090232712,0.37549282987583743,-0.0405141709042154,1.015480865920354,0.19883260844535397,0
11.094000000000374,OPEN,0.19759842218824178,-0.060901315743422293,0.9290381090232712,0.37549282987583743,-0.0405141709042154,1.015480865920354,0.19883260844535397,0
11.096000000000375,OPEN,0.19759842218824178,-0.060901315743422293,0.9290381090232712,0.37549282987583743,-0.0405141709042154,1.015480865920354,0.19883260844535397,0
11.098000000000376,OPEN,0.19759842218824178,-0.060901315743422293,0.9290381090232712,0.37549282987583743,-0.0405141709042154,1.015480865920354,0.19883260844535397,0
11.100000000000376,OPEN,0.19759842218824178,-0.060901315743422293,0.9290381090232712,0.37549282987583743,-0.0405141709042154,1.015480865920354,0.19883260844535397,0
11.102000000000377,OPEN,0.19759842218824178,-0.060901315743422293,0.9290381090232712,0.37549282987583743,-0.0405141709042154,1.015480865920354,0.19883260844535397,0
11.104000000000378,OPEN,0.19759842218824178,-0.060901315743422293,0.9290381090232712,0.37549282987583743,-0.0405141709042154,1.015480865920354,0.19883260844535397,0
11.106000000000378,OPEN,0.19759842218824178,-0.060901315743422293,0.9290381090232712,0.37549282987583743,-0.0405141709042154,1.015480865920354,0.19883260844535397,0
11.108000000000379,OPEN,0.19759842218824178,-0.060901315743422293,0.9290381090232712,0.37549282987583743,-0.0405141709042154,1.015480865920354,0.19883260844535397,0
11.11000000000038,OPEN,0.19759842218824178,-0.060901315743422293,0.9290381090232712,0.37549282987583743,-0.0405141709042154,1.015480865920354,0.19883260844535397,0
11.11200000000038,OPEN,0.19759842218824178,-0.060901315743422293,0.9290381090232712,0.37549282987583743,-0.0405141709042154,1.015480865920354,0.19883260844535397,0
11.114000000000381,OPEN,0.19759842218824178,-0.060901315743422293,0.9290381090232712,0.37549282987583743,-0.0405141709042154,1.015480865920354,0.19883260844535397,0
11.116000000000382,OPEN,0.19759842218824178,-0.060901315743422293,0.9290381090232712,0.37549282987583743,-0.0405141709042154,1.015480865920354,0.19883260844535397,0
11.118000000000382,OPEN,0.19759842218824178,-0.060901315743422293,0.9290381090232712,0.37549282987583743,-0.0405141709042154,1.015480865920354,0.19883260844535397,0
11.120000000000383,OPEN,0.19759842218824178,-0.060901315743422293,0.9290381090232712,0.37549282987583743,-0.0405141709042154,1.015480865920354,0.19883260844535397,0
11.122000000000384,OPEN,0.19759842218824178,-0.060901315743422293,0.9290381090232712,0.37549282987583743,-0.0405141709042154,1.015480865920354,0.19883260844535397,0
11.124000000000384,OPEN,0.19759842218824178,-0.060901315743422293,0.9290381090232712,0.37549282987583743,-0.0405141709042154,1.015480865920354,0.19883260844535397,0
11.126000000000385,OPEN,0.19759842218824178,-0.060901315743422293,0.9290381090232712,0.37549282987583743,-0.0405141709042154,1.015480865920354,0.19883260844535397,0
11.128000000000386,OPEN,0.19759842218824178,-0.060901315743422293,0.9290381090232712,0.37549282987583743,-0.0405141709042154,1.015480865920354,0.19883260844535397,0
11.130000000000386,OPEN,0.19759842218824178,-0.060901315743422293,0.9290381090232712,0.37549282987583743,-0.0405141709042154,1.015480865920354,0.19883260844535397,0
11.132000000000387,OPEN,0.19759842218824178,-0.060901315743422293,0.9290381090232712,0.37549282987583743,-0.0405141709042154,1.015480865920354,0.19883260844535397,0
11.134000000000388,OPEN,0.19759842218824178,-0.060901315743422293,0.9290381090232712,0.37549282987583743,-0.0405141709042154,1.015480865920354,0.19883260844535397,0
11.136000000000388,OPEN,0.19759842218824178,-0.060901315743422293,0.9290381090232712,0.37549282987583743,-0.0405141709042154,1.015480865920354,0.19883260844535397,0
11.138000000000389,OPEN,0.19759842218824178,-0.060901315743422293,0.9290381090232712,0.37549282987583743,-0.0405141709042154,1.015480865920354,0.19883260844535397,0
11.14000000000039,OPEN,0.19759842218824178,-0.060901315743422293,0.9290381090232712,0.37549282987583743,-0.0405141709042154,1.015480865920354,0.19883260844535397,0
11.14200000000039,OPEN,0.19759842218824178,-0.060901315743422293,0.9290381090232712,0.37549282987583743,-0.0405141709042154,1.015480865920354,0.19883260844535397,0
11.144000000000391,OPEN,0.19759842218824178,-0.060901315743422293,0.9290381090232712,0.37549282987583743,-0.0405141709042154,1.015480865920354,0.19883260844535397,0
11.146000000000392,OPEN,0.19759842218824178,-0.060901315743422293,0.9290381090232712,0.37549282987583743,-0.0405141709042154,1.015480865920354,0.19883260844535397,0
11.148000000000392,OPEN,0.19759842218824178,-0.060901315743422293,0.9290381090232712,0.37549282987583743,-0.0405141709042154,1.015480865920354,0.19883260844535397,0
11.150000000000393,OPEN,0.19759842218824178,-0.060901315743422293,0.9290381090232712,0.37549282987583743,-0.0405141709042154,1.015480865920354,0.19883260844535397,0
11.152000000000394,OPEN,0.19759842218824178,-0.060901315743422293,0.9290381090232712,0.37549282987583743,-0.0405141709042154,1.015480865920354,0.19883260844535397,0
11.154000000000394,OPEN,0.19759842218824178,-0.060901315743422293,0.9290381090232712,0.37549282987583743,-0.0405141709042154,1.015480865920354,0.19883260844535397,0
11.156000000000395,OPEN,0.19759842218824178,-0.060901315743422293,0.9290381090232712,0.37549282987583743,-0.0405141709042154,1.015480865920354,0.19883260844535397,0
11.158000000000396,OPEN,0.19759842218824178,-0.060901315743422293,0.9290381090232712,0.37549282987583743,-0.0405141709042154,1.015480865920354,0.19883260844535397,0
11.160000000000396,OPEN,0.19759842218824178,-0.060901315743422293,0.9290381090232712,0.37549282987583743,-0.0405141709042154,1.015480865920354,0.19883260844535397,0
11.162000000000397,OPEN,0.19759842218824178,-0.060901315743422293,0.9290381090232712,0.37549282987583743,-0.0405141709042154,1.015480865920354,0.19883260844535397,0
11.164000000000398,OPEN,0.19759842218824178,-0.060901315743422293,0.9290381090232712,0.37549282987583743,-0.0405141709042154,1.015480865920354,0.19883260844535397,0
11.166000000000398,OPEN,0.19759842218824178,-0.060901315743422293,0.9290381090232712,0.37549282987583743,-0.0405141709042154,1.015480865920354,0.19883260844535397,0
11.168000000000399,OPEN,0.19759842218824178,-0.060901315743422293,0.9290381090232712,0.37549282987583743,-0.0405141709042154,1.015480865920354,0.19883260844535397,0
11.1700000000004,OPEN,0.19759842218824178,-0.060901315743422293,0.9290381090232712,0.37549282987583743,-0.0405141709042154,1.015480865920354,0.19883260844535397,0
11.1720000000004,OPEN,0.19759842218824178,-0.060901315743422293,0.9290381090232712,0.37549282987583743,-0.0405141709042154,1.015480865920354,0.19883260844535397,0
11.174000000000401,OPEN,0.19759842218824178,-0.060901315743422293,0.9290381090232712,0.37549282987583743,-0.0405141709042154,1.015480865920354,0.19883260844535397,0
11.176000000000402,OPEN,0.19759842218824178,-0.060901315743422293,0.9290381090232712,0.37549282987583743,-0.0405141709042154,1.015480865920354,0.19883260844535397,0
11.178000000000402,OPEN,0.19759842218824178,-0.060901315743422293,0.9290381090232712,0.37549282987583743,-0.0405141709042154,1.015480865920354,0.19883260844535397,0
11.180000000000403,OPEN,0.19759842218824178,-0.060901315743422293,0.9290381090232712,0.37549282987583743,-0.0405141709042154,1.015480865920354,0.19883260844535397,0
11.182000000000404,OPEN,0.19759842218824178,-0.060901315743422293,0.9290381090232712,0.37549282987583743,-0.0405141709042154,1.015480865920354,0.19883260844535397,0
11.184000000000404,OPEN,0.19759842218824178,-0.060901315743422293,0.9290381090232712,0.37549282987583743,-0.0405141709042154,1.015480865920354,0.19883260844535397,0
11.186000000000405,OPEN,0.19759842218824178,-0.060901315743422293,0.9290381090232712,0.37549282987583743,-0.0405141709042154,1.015480865920354,0.19883260844535397,0
11.188000000000406,OPEN,0.19759842218824178,-0.060901315743422293,0.9290381090232712,0.37549282987583743,-0.0405141709042154,1.015480865920354,0.19883260844535397,0
11.190000000000406,OPEN,0.19759842218824178,-0.060901315743422293,0.9290381090232712,0.37549282987583743,-0.0405141709042154,1.015480865920354,0.19883260844535397,0
11.192000000000407,OPEN,0.19759842218824178,-0.060901315743422293,0.9290381090232712,0.37549282987583743,-0.0405141709042154,1.015480865920354,0.19883260844535397,0
11.194000000000408,OPEN,0.19759842218824178,-0.060901315743422293,0.9290381090232712,0.37549282987583743,-0.0405141709042154,1.015480865920354,0.19883260844535397,0
11.196000000000408,OPEN,0.19759842218824178,-0.060901315743422293,0.9290381090232712,0.37549282987583743,-0.0405141709042154,1.015480865920354,0.19883260844535397,0
11.198000000000409,OPEN,0.19759842218824178,-0.060901315743422293,0.9290381090232712,0.37549282987583743,-0.0405141709042154,1.015480865920354,0.19883260844535397,0
11.20000000000041,OPEN,0.19759842218824178,-0.060901315743422293,0.9290381090232712,0.37549282987583743,-0.0405141709042154,1.015480865920354,0.19883260844535397,0
11.20200000000041,OPEN,0.19759842218824178,-0.060901315743422293,0.9290381090232712,0.37549282987583743,-0.0405141709042154,1.015480865920354,0.19883260844535397,0
11.204000000000411,OPEN,0.19759842218824178,-0.060901315743422293,0.9290381090232712,0.37549282987583743,-0.0405141709042154,1.015480865920354,0.19883260844535397,0
11.206000000000412,OPEN,0.19759842218824178,-0.060901315743422293,0.9290381090232712,0.37549282987583743,-0.0405141709042154,1.015480865920354,0.19883260844535397,0
11.208000000000412,OPEN,0.19759842218824178,-0.060901315743422293,0.9290381090232712,0.37549282987583743,-0.0405141709042154,1.015480865920354,0.19883260844535397,0
11.210000000000413,OPEN,0.19759842218824178,-0.060901315743422293,0.9290381090232712,0.37549282987583743,-0.0405141709042154,1.015480865920354,0.19883260844535397,0
11.212000000000414,OPEN,0.19759842218824178,-0.060901315743422293,0.9290381090232712,0.37549282987583743,-0.0405141709042154,1.015480865920354,0.19883260844535397,0
11.214000000000414,OPEN,0.19759842218824178,-0.060901315743422293,0.9290381090232712,0.37549282987583743,-0.0405141709042154,1.015480865920354,0.19883260844535397,0
11.216000000000415,OPEN,0.19759842218824178,-0.060901315743422293,0.9290381090232712,0.37549282987583743,-0.0405141709042154,1.015480865920354,0.19883260844535397,0
11.218000000000416,OPEN,0.19759842218824178,-0.060901315743422293,0.9290381090232712,0.37549282987583743,-0.0405141709042154,1.015480865920354,0.19883260844535397,0
11.220000000000416,OPEN,0.19759842218824178,-0.060901315743422293,0.9290381090232712,0.37549282987583743,-0.0405141709042154,1.015480865920354,0.19883260844535397,0
11.222000000000417,OPEN,0.19759842218824178,-0.060901315743422293,0.9290381090232712,0.37549282987583743,-0.0405141709042154,1.015480865920354,0.19883260844535397,0
11.224000000000418,OPEN,0.19759842218824178,-0.060901315743422293,0.9290381090232712,0.37549282987583743,-0.0405141709042154,1.015480865920354,0.19883260844535397,0
11.226000000000418,OPEN,0.19759842218824178,-0.060901315743422293,0.9290381090232712,0.37549282987583743,-0.0405141709042154,1.015480865920354,0.19883260844535397,0
11.228000000000419,OPEN,0.19759842218824178,-0.060901315743422293,0.9290381090232712,0.37549282987583743,-0.0405141709042154,1.015480865920354,0.19883260844535397,0
11.23000000000042,OPEN,0.19759842218824178,-0.060901315743422293,0.9290381090232712,0.37549282987583743,-0.0405141709042154,1.015480865920354,0.19883260844535397,0
11.23200000000042,OPEN,0.19759842218824178,-0.060901315743422293,0.9290381090232712,0.37549282987583743,-0.0405141709042154,1.015480865920354,0.19883260844535397,0
11.234000000000421,OPEN,0.19759842218824178,-0.060901315743422293,0.9290381090232712,0.37549282987583743,-0.0405141709042154,1.015480865920354,0.19883260844535397,0
11.236000000000422,OPEN,0.19759842218824178,-0.060901315743422293,0.9290381090232712,0.37549282987583743,-0.0405141709042154,1.015480865920354,0.19883260844535397,0
11.238000000000422,OPEN,0.19759842218824178,-0.060901315743422293,0.9290381090232712,0.37549282987583743,-0.0405141709042154,1.015480865920354,0.19883260844535397,0
11.240000000000423,OPEN,0.19759842218824178,-0.060901315743422293,0.9290381090232712,0.37549282987583743,-0.0405141709042154,1.015480865920354,0.19883260844535397,0
11.242000000000424,OPEN,0.19759842218824178,-0.060901315743422293,0.9290381090232712,0.37549282987583743,-0.0405141709042154,1.015480865920354,0.19883260844535397,0
11.244000000000424,OPEN,0.19759842218824178,-0.060901315743422293,0.9290381090232712,0.37549282987583743,-0.0405141709042154,1.015480865920354,0.19883260844535397,0
11.246000000000425,OPEN,0.19759842218824178,-0.060901315743422293,0.9290381090232712,0.37549282987583743,-0.0405141709042154,1.015480865920354,0.19883260844535397,0
11.248000000000426,OPEN,0.19759842218824178,-0.060901315743422293,0.9290381090232712,0.37549282987583743,-0.0405141709042154,1.015480865920354,0.19883260844535397,0
11.250000000000426,OPEN,0.19759842218824178,-0.060901315743422293,0.9290381090232712,0.37549282987583743,-0.0405141709042154,1.015480865920354,0.19883260844535397,0
11.252000000000427,OPEN,0.19759842218824178,-0.060901315743422293,0.9290381090232712,0.37549282987583743,-0.0405141709042154,1.015480865920354,0.19883260844535397,0
11.254000000000428,OPEN,0.19759842218824178,-0.060901315743422293,0.9290381090232712,0.37549282987583743,-0.0405141709042154,1.015480865920354,0.19883260844535397,0
11.256000000000428,OPEN,0.19759842218824178,-0.060901315743422293,0.9290381090232712,0.37549282987583743,-0.0405141709042154,1.015480865920354,0.19883260844535397,0
11.258000000000429,OPEN,0.19759842218824178,-0.060901315743422293,0.9290381090232712,0.37549282987583743,-0.0405141709042154,1.015480865920354,0.19883260844535397,0
11.26000000000043,OPEN,0.19759842218824178,-0.060901315743422293,0.9290381090232712,0.37549282987583743,-0.0405141709042154,1.015480865920354,0.19883260844535397,0
11.26200000000043,OPEN,0.19759842218824178,-0.060901315743422293,0.9290381090232712,0.37549282987583743,-0.0405141709042154,1.015480865920354,0.19883260844535397,0
11.264000000000431,OPEN,0.19759842218824178,-0.060901315743422293,0.9290381090232712,0.37549282987583743,-0.0405141709042154,1.015480865920354,0.19883260844535397,0
11.266000000000432,OPEN,0.19759842218824178,-0.060901315743422293,0.9290381090232712,0.37549282987583743,-0.0405141709042154,1.015480865920354,0.19883260844535397,0
11.268000000000432,OPEN,0.19759842218824178,-0.060901315743422293,0.9290381090232712,0.37549282987583743,-0.0405141709042154,1.015480865920354,0.19883260844535397,0
11.270000000000433,OPEN,0.19759842218824178,-0.060901315743422293,0.9290381090232712,0.37549282987583743,-0.0405141709042154,1.015480865920354,0.19883260844535397,0
11.272000000000434,OPEN,0.19759842218824178,-0.060901315743422293,0.9290381090232712,0.37549282987583743,-0.0405141709042154,1.015480865920354,0.19883260844535397,0
11.274000000000434,OPEN,0.19759842218824178,-0.060901315743422293,0.9290381090232712,0.37549282987583743,-0.0405141709042154,1.015480865920354,0.19883260844535397,0
11.276000000000435,OPEN,0.19759842218824178,-0.060901315743422293,0.9290381090232712,0.37549282987583743,-0.0405141709042154,1.015480865920354,0.19883260844535397,0
11.278000000000436,OPEN,0.19759842218824178,-0.060901315743422293,0.9290381090232712,0.37549282987583743,-0.0405141709042154,1.015480865920354,0.19883260844535397,0
11.280000000000436,OPEN,0.19759842218824178,-0.060901315743422293,0.9290381090232712,0.37549282987583743,-0.0405141709042154,1.015480865920354,0.19883260844535397,0
11.282000000000437,OPEN,0.19759842218824178,-0.060901315743422293,0.9290381090232712,0.37549282987583743,-0.0405141709042154,1.015480865920354,0.19883260844535397,0
11.284000000000438,OPEN,0.19759842218824178,-0.060901315743422293,0.9290381090232712,0.37549282987583743,-0.0405141709042154,1.015480865920354,0.19883260844535397,0
11.286000000000438,OPEN,0.19759842218824178,-0.060901315743422293,0.9290381090232712,0.37549282987583743,-0.0405141709042154,1.015480865920354,0.19883260844535397,0
11.288000000000439,OPEN,0.19759842218824178,-0.060901315743422293,0.9290381090232712,0.37549282987583743,-0.0405141709042154,1.015480865920354,0.19883260844535397,0
11.29000000000044,OPEN,0.19759842218824178,-0.060901315743422293,0.9290381090232712,0.37549282987583743,-0.0405141709042154,1.015480865920354,0.19883260844535397,0
11.29200000000044,OPEN,0.19759842218824178,-0.060901315743422293,0.9290381090232712,0.37549282987583743,-0.0405141709042154,1.015480865920354,0.19883260844535397,0
11.294000000000441,OPEN,0.19759842218824178,-0.060901315743422293,0.9290381090232712,0.37549282987583743,-0.0405141709042154,1.015480865920354,0.19883260844535397,0
11.296000000000442,OPEN,0.19759842218824178,-0.060901315743422293,0.9290381090232712,0.37549282987583743,-0.0405141709042154,1.015480865920354,0.19883260844535397,0
11.298000000000442,OPEN,0.19759842218824178,-0.060901315743422293,0.9290381090232712,0.37549282987583743,-0.0405141709042154,1.015480865920354,0.19883260844535397,0
11.300000000000443,OPEN,0.19759842218824178,-0.060901315743422293,0.9290381090232712,0.37549282987583743,-0.0405141709042154,1.015480865920354,0.19883260844535397,0
11.302000000000444,OPEN,0.19759842218824178,-0.060901315743422293,0.9290381090232712,0.37549282987583743,-0.0405141709042154,1.015480865920354,0.19883260844535397,0
11.304000000000444,OPEN,0.19759842218824178,-0.060901315743422293,0.9290381090232712,0.37549282987583743,-0.0405141709042154,1.015480865920354,0.19883260844535397,0
11.306000000000445,OPEN,0.19759842218824178,-0.060901315743422293,0.9290381090232712,0.37549282987583743,-0.0405141709042154,1.015480865920354,0.19883260844535397,0
11.308000000000446,OPEN,0.19759842218824178,-0.060901315743422293,0.9290381090232712,0.37549282987583743,-0.0405141709042154,1.015480865920354,0.19883260844535397,0
11.310000000000446,OPEN,0.19759842218824178,-0.060901315743422293,0.9290381090232712,0.37549282987583743,-0.0405141709042154,1.015480865920354,0.19883260844535397,0
11.312000000000447,OPEN,0.19759842218824178,-0.060901315743422293,0.9290381090232712,0.37549282987583743,-0.0405141709042154,1.015480865920354,0.19883260844535397,0
11.314000000000448,OPEN,0.19759842218824178,-0.060901315743422293,0.9290381090232712,0.37549282987583743,-0.0405141709042154,1.015480865920354,0.19883260844535397,0
11.316000000000448,OPEN,0.19759842218824178,-0.060901315743422293,0.9290381090232712,0.37549282987583743,-0.0405141709042154,1.015480865920354,0.19883260844535397,0
11.318000000000449,OPEN,0.19759842218824178,-0.060901315743422293,0.9290381090232712,0.37549282987583743,-0.0405141709042154,1.015480865920354,0.19883260844535397,0
11.32000000000045,OPEN,0.19759842218824178,-0.060901315743422293,0.9290381090232712,0.37549282987583743,-0.0405141709042154,1.015480865920354,0.19883260844535397,0
11.32200000000045,OPEN,0.19759842218824178,-0.060901315743422293,0.9290381090232712,0.37549282987583743,-0.0405141709042154,1.015480865920354,0.19883260844535397,0
11.324000000000451,OPEN,0.19759842218824178,-0.060901315743422293,0.9290381090232712,0.37549282987583743,-0.0405141709042154,1.015480865920354,0.19883260844535397,0
11.326000000000452,OPEN,0.19759842218824178,-0.060901315743422293,0.9290381090232712,0.37549282987583743,-0.0405141709042154,1.015480865920354,0.19883260844535397,0
11.328000000000452,OPEN,0.19759842218824178,-0.060901315743422293,0.9290381090232712,0.37549282987583743,-0.0405141709042154,1.015480865920354,0.19883260844535397,0
11.330000000000453,OPEN,0.19759842218824178,-0.060901315743422293,0.9290381090232712,0.37549282987583743,-0.0405141709042154,1.015480865920354,0.19883260844535397,0
11.332000000000454,OPEN,0.19759842218824178,-0.060901315743422293,0.9290381090232712,0.37549282987583743,-0.0405141709042154,1.015480865920354,0.19883260844535397,0
11.334000000000454,OPEN,0.19759842218824178,-0.060901315743422293,0.9290381090232712,0.37549282987583743,-0.0405141709042154,1.015480865920354,0.19883260844535397,0
11.336000000000455,OPEN,0.19759842218824178,-0.060901315743422293,0.9290381090232712,0.37549282987583743,-0.0405141709042154,1.015480865920354,0.19883260844535397,0
11.338000000000456,OPEN,0.19759842218824178,-0.060901315743422293,0.9290381090232712,0.37549282987583743,-0.0405141709042154,1.015480865920354,0.19883260844535397,0
11.340000000000456,OPEN,0.19759842218824178,-0.060901315743422293,0.9290381090232712,0.37549282987583743,-0.0405141709042154,1.015480865920354,0.19883260844535397,0
11.342000000000457,OPEN,0.19759842218824178,-0.060901315743422293,0.9290381090232712,0.37549282987583743,-0.0405141709042154,1.015480865920354,0.19883260844535397,0
11.344000000000458,OPEN,0.19759842218824178,-0.060901315743422293,0.9290381090232712,0.37549282987583743,-0.0405141709042154,1.015480865920354,0.19883260844535397,0
11.346000000000458,OPEN,0.19759842218824178,-0.060901315743422293,0.9290381090232712,0.37549282987583743,-0.0405141709042154,1.015480865920354,0.19883260844535397,0
11.348000000000459,OPEN,0.19759842218824178,-0.060901315743422293,0.9290381090232712,0.37549282987583743,-0.0405141709042154,1.015480865920354,0.19883260844535397,0
11.35000000000046,OPEN,0.19759842218824178,-0.060901315743422293,0.9290381090232712,0.37549282987583743,-0.0405141709042154,1.015480865920354,0.19883260844535397,0
11.35200000000046,OPEN,0.19759842218824178,-0.060901315743422293,0.9290381090232712,0.37549282987583743,-0.0405141709042154,1.015480865920354,0.19883260844535397,0
11.354000000000461,OPEN,0.19759842218824178,-0.060901315743422293,0.9290381090232712,0.37549282987583743,-0.0405141709042154,1.015480865920354,0.19883260844535397,0
11.356000000000462,OPEN,0.19759842218824178,-0.060901315743422293,0.9290381090232712,0.37549282987583743,-0.0405141709042154,1.015480865920354,0.19883260844535397,0
11.358000000000462,OPEN,0.19759842218824178,-0.060901315743422293,0.9290381090232712,0.37549282987583743,-0.0405141709042154,1.015480865920354,0.19883260844535397,0
11.360000000000463,OPEN,0.19759842218824178,-0.060901315743422293,0.9290381090232712,0.37549282987583743,-0.0405141709042154,1.015480865920354,0.19883260844535397,0
11.362000000000464,OPEN,0.19759842218824178,-0.060901315743422293,0.9290381090232712,0.37549282987583743,-0.0405141709042154,1.015480865920354,0.19883260844535397,0
11.364000000000464,OPEN,0.19759842218824178,-0.060901315743422293,0.9290381090232712,0.37549282987583743,-0.0405141709042154,1.015480865920354,0.19883260844535397,0
11.366000000000465,OPEN,0.19759842218824178,-0.060901315743422293,0.9290381090232712,0.37549282987583743,-0.0405141709042154,1.015480865920354,0.19883260844535397,0
11.368000000000466,OPEN,0.19759842218824178,-0.060901315743422293,0.9290381090232712,0.37549282987583743,-0.0405141709042154,1.015480865920354,0.19883260844535397,0
11.370000000000466,OPEN,0.19759842218824178,-0.060901315743422293,0.9290381090232712,0.37549282987583743,-0.0405141709042154,1.015480865920354,0.19883260844535397,0
11.372000000000467,OPEN,0.19759842218824178,-0.060901315743422293,0.9290381090232712,0.37549282987583743,-0.0405141709042154,1.015480865920354,0.19883260844535397,0
11.374000000000468,OPEN,0.19759842218824178,-0.060901315743422293,0.9290381090232712,0.37549282987583743,-0.0405141709042154,1.015480865920354,0.19883260844535397,0
11.376000000000468,OPEN,0.19759842218824178,-0.060901315743422293,0.9290381090232712,0.37549282987583743,-0.0405141709042154,1.015480865920354,0.19883260844535397,0
11.378000000000469,OPEN,0.19759842218824178,-0.060901315743422293,0.9290381090232712,0.37549282987583743,-0.0405141709042154,1.015480865920354,0.19883260844535397,0
11.38000000000047,OPEN,0.19759842218824178,-0.060901315743422293,0.9290381090232712,0.37549282987583743,-0.0405141709042154,1.015480865920354,0.19883260844535397,0
11.38200000000047,OPEN,0.19759842218824178,-0.060901315743422293,0.9290381090232712,0.37549282987583743,-0.0405141709042154,1.015480865920354,0.19883260844535397,0
11.384000000000471,OPEN,0.19759842218824178,-0.060901315743422293,0.9290381090232712,0.37549282987583743,-0.0405141709042154,1.015480865920354,0.19883260844535397,0
11.386000000000472,OPEN,0.19759842218824178,-0.060901315743422293,0.9290381090232712,0.37549282987583743,-0.0405141709042154,1.015480865920354,0.19883260844535397,0
11.388000000000472,OPEN,0.19759842218824178,-0.060901315743422293,0.9290381090232712,0.37549282987583743,-0.0405141709042154,1.015480865920354,0.19883260844535397,0
11.390000000000473,OPEN,0.19759842218824178,-0.060901315743422293,0.9290381090232712,0.37549282987583743,-0.0405141709042154,1.015480865920354,0.19883260844535397,0
11.392000000000474,OPEN,0.19759842218824178,-0.060901315743422293,0.9290381090232712,0.37549282987583743,-0.0405141709042154,1.015480865920354,0.19883260844535397,0
11.394000000000474,OPEN,0.19759842218824178,-0.060901315743422293,0.9290381090232712,0.37549282987583743,-0.0405141709042154,1.015480865920354,0.19883260844535397,0
11.396000000000475,OPEN,0.19759842218824178,-0.060901315743422293,0.9290381090232712,0.37549282987583743,-0.0405141709042154,1.015480865920354,0.19883260844535397,0
11.398000000000476,OPEN,0.19759842218824178,-0.060901315743422293,0.9290381090232712,0.37549282987583743,-0.0405141709042154,1.015480865920354,0.19883260844535397,0
11.400000000000476,OPEN,0.19759842218824178,-0.060901315743422293,0.9290381090232712,0.37549282987583743,-0.0405141709042154,1.015480865920354,0.19883260844535397,0
11.402000000000477,OPEN,0.19759842218824178,-0.060901315743422293,0.9290381090232712,0.37549282987583743,-0.0405141709042154,1.015480865920354,0.19883260844535397,0
11.404000000000478,OPEN,0.19759842218824178,-0.060901315743422293,0.9290381090232712,0.37549282987583743,-0.0405141709042154,1.015480865920354,0.19883260844535397,0
11.406000000000478,OPEN,0.19759842218824178,-0.060901315743422293,0.9290381090232712,0.37549282987583743,-0.0405141709042154,1.015480865920354,0.19883260844535397,0
11.408000000000479,OPEN,0.19759842218824178,-0.060901315743422293,0.9290381090232712,0.37549282987583743,-0.0405141709042154,1.015480865920354,0.19883260844535397,0
11.41000000000048,OPEN,0.19759842218824178,-0.060901315743422293,0.9290381090232712,0.37549282987583743,-0.0405141709042154,1.015480865920354,0.19883260844535397,0
11.41200000000048,OPEN,0.19759842218824178,-0.060901315743422293,0.9290381090232712,0.37549282987583743,-0.0405141709042154,1.015480865920354,0.19883260844535397,0
11.414000000000481,OPEN,0.19759842218824178,-0.060901315743422293,0.9290381090232712,0.37549282987583743,-0.0405141709042154,1.015480865920354,0.19883260844535397,0
11.416000000000482,OPEN,0.19759842218824178,-0.060901315743422293,0.9290381090232712,0.37549282987583743,-0.0405141709042154,1.015480865920354,0.19883260844535397,0
11.418000000000482,OPEN,0.19759842218824178,-0.060901315743422293,0.9290381090232712,0.37549282987583743,-0.0405141709042154,1.015480865920354,0.19883260844535397,0
11.420000000000483,OPEN,0.19759842218824178,-0.060901315743422293,0.9290381090232712,0.37549282987583743,-0.0405141709042154,1.015480865920354,0.19883260844535397,0
11.422000000000484,OPEN,0.19759842218824178,-0.060901315743422293,0.9290381090232712,0.37549282987583743,-0.0405141709042154,1.015480865920354,0.19883260844535397,0
11.424000000000484,OPEN,0.19759842218824178,-0.060901315743422293,0.9290381090232712,0.37549282987583743,-0.0405141709042154,1.015480865920354,0.19883260844535397,0
11.426000000000485,OPEN,0.19759842218824178,-0.060901315743422293,0.9290381090232712,0.37549282987583743,-0.0405141709042154,1.015480865920354,0.19883260844535397,0
11.428000000000486,OPEN,0.19759842218824178,-0.060901315743422293,0.9290381090232712,0.37549282987583743,-0.0405141709042154,1.015480865920354,0.19883260844535397,0
11.430000000000486,OPEN,0.19759842218824178,-0.060901315743422293,0.9290381090232712,0.37549282987583743,-0.0405141709042154,1.015480865920354,0.19883260844535397,0
11.432000000000487,OPEN,0.19759842218824178,-0.060901315743422293,0.9290381090232712,0.37549282987583743,-0.0405141709042154,1.015480865920354,0.19883260844535397,0
11.434000000000488,OPEN,0.19759842218824178,-0.060901315743422293,0.9290381090232712,0.37549282987583743,-0.0405141709042154,1.015480865920354,0.19883260844535397,0
11.436000000000488,OPEN,0.19759842218824178,-0.060901315743422293,0.9290381090232712,0.37549282987583743,-0.0405141709042154,1.015480865920354,0.19883260844535397,0
11.438000000000489,OPEN,0.19759842218824178,-0.060901315743422293,0.9290381090232712,0.37549282987583743,-0.0405141709042154,1.015480865920354,0.19883260844535397,0
11.44000000000049,OPEN,0.19759842218824178,-0.060901315743422293,0.9290381090232712,0.37549282987583743,-0.0405141709042154,1.015480865920354,0.19883260844535397,0
11.44200000000049,OPEN,0.19759842218824178,-0.060901315743422293,0.9290381090232712,0.37549282987583743,-0.0405141709042154,1.015480865920354,0.19883260844535397,0
11.444000000000491,OPEN,0.19759842218824178,-0.060901315743422293,0.9290381090232712,0.37549282987583743,-0.0405141709042154,1.015480865920354,0.19883260844535397,0
11.446000000000492,OPEN,0.19759842218824178,-0.060901315743422293,0.9290381090232712,0.37549282987583743,-0.0405141709042154,1.015480865920354,0.19883260844535397,0
11.448000000000492,OPEN,0.19759842218824178,-0.060901315743422293,0.9290381090232712,0.37549282987583743,-0.0405141709042154,1.015480865920354,0.19883260844535397,0
11.450000000000493,OPEN,0.19759842218824178,-0.060901315743422293,0.9290381090232712,0.37549282987583743,-0.0405141709042154,1.015480865920354,0.19883260844535397,0
11.452000000000494,OPEN,0.19759842218824178,-0.060901315743422293,0.9290381090232712,0.37549282987583743,-0.0405141709042154,1.015480865920354,0.19883260844535397,0
11.454000000000494,OPEN,0.19759842218824178,-0.060901315743422293,0.9290381090232712,0.37549282987583743,-0.0405141709042154,1.015480865920354,0.19883260844535397,0
11.456000000000495,OPEN,0.19759842218824178,-0.060901315743422293,0.9290381090232712,0.37549282987583743,-0.0405141709042154,1.015480865920354,0.19883260844535397,0
11.458000000000496,OPEN,0.19759842218824178,-0.060901315743422293,0.9290381090232712,0.37549282987583743,-0.0405141709042154,1.015480865920354,0.19883260844535397,0
11.460000000000496,OPEN,0.19759842218824178,-0.060901315743422293,0.9290381090232712,0.37549282987583743,-0.0405141709042154,1.015480865920354,0.19883260844535397,0
11.462000000000497,OPEN,0.19759842218824178,-0.060901315743422293,0.9290381090232712,0.37549282987583743,-0.0405141709042154,1.015480865920354,0.19883260844535397,0
11.464000000000498,OPEN,0.19759842218824178,-0.060901315743422293,0.9290381090232712,0.37549282987583743,-0.0405141709042154,1.015480865920354,0.19883260844535397,0
11.466000000000498,OPEN,0.19759842218824178,-0.060901315743422293,0.9290381090232712,0.37549282987583743,-0.0405141709042154,1.015480865920354,0.19883260844535397,0
11.4680000000005,OPEN,0.19759842218824178,-0.060901315743422293,0.9290381090232712,0.37549282987583743,-0.0405141709042154,1.015480865920354,0.19883260844535397,0
11.4700000000005,OPEN,0.19759842218824178,-0.060901315743422293,0.9290381090232712,0.37549282987583743,-0.0405141709042154,1.015480865920354,0.19883260844535397,0
11.4720000000005,OPEN,0.19759842218824178,-0.060901315743422293,0.9290381090232712,0.37549282987583743,-0.0405141709042154,1.015480865920354,0.19883260844535397,0
11.474000000000501,OPEN,0.19759842218824178,-0.060901315743422293,0.9290381090232712,0.37549282987583743,-0.0405141709042154,1.015480865920354,0.19883260844535397,0
11.476000000000502,OPEN,0.19759842218824178,-0.060901315743422293,0.9290381090232712,0.37549282987583743,-0.0405141709042154,1.015480865920354,0.19883260844535397,0
11.478000000000502,OPEN,0.19759842218824178,-0.060901315743422293,0.9290381090232712,0.37549282987583743,-0.0405141709042154,1.015480865920354,0.19883260844535397,0
11.480000000000503,OPEN,0.19759842218824178,-0.060901315743422293,0.9290381090232712,0.37549282987583743,-0.0405141709042154,1.015480865920354,0.19883260844535397,0
11.482000000000504,OPEN,0.19759842218824178,-0.060901315743422293,0.9290381090232712,0.37549282987583743,-0.0405141709042154,1.015480865920354,0.19883260844535397,0
11.484000000000504,OPEN,0.19759842218824178,-0.060901315743422293,0.9290381090232712,0.37549282987583743,-0.0405141709042154,1.015480865920354,0.19883260844535397,0
11.486000000000505,OPEN,0.19759842218824178,-0.060901315743422293,0.9290381090232712,0.37549282987583743,-0.0405141709042154,1.015480865920354,0.19883260844535397,0
11.488000000000506,OPEN,0.19759842218824178,-0.060901315743422293,0.9290381090232712,0.37549282987583743,-0.0405141709042154,1.015480865920354,0.19883260844535397,0
11.490000000000506,OPEN,0.19759842218824178,-0.060901315743422293,0.9290381090232712,0.37549282987583743,-0.0405141709042154,1.015480865920354,0.19883260844535397,0
11.492000000000507,OPEN,0.19759842218824178,-0.060901315743422293,0.9290381090232712,0.37549282987583743,-0.0405141709042154,1.015480865920354,0.19883260844535397,0
11.494000000000508,OPEN,0.19759842218824178,-0.060901315743422293,0.9290381090232712,0.37549282987583743,-0.0405141709042154,1.015480865920354,0.19883260844535397,0
11.496000000000508,OPEN,0.19759842218824178,-0.060901315743422293,0.9290381090232712,0.37549282987583743,-0.0405141709042154,1.015480865920354,0.19883260844535397,0
11.49800000000051,OPEN,0.19759842218824178,-0.060901315743422293,0.9290381090232712,0.37549282987583743,-0.0405141709042154,1.015480865920354,0.19883260844535397,0
11.50000000000051,OPEN,0.19759842218824178,-0.060901315743422293,0.9290381090232712,0.37549282987583743,-0.0405141709042154,1.015480865920354,0.19883260844535397,0
11.50200000000051,OPEN,0.19759842218824178,-0.060901315743422293,0.9290381090232712,0.37549282987583743,-0.0405141709042154,1.015480865920354,0.19883260844535397,0
11.504000000000511,OPEN,0.19759842218824178,-0.060901315743422293,0.9290381090232712,0.37549282987583743,-0.0405141709042154,1.015480865920354,0.19883260844535397,0
11.506000000000512,OPEN,0.19759842218824178,-0.060901315743422293,0.9290381090232712,0.37549282987583743,-0.0405141709042154,1.015480865920354,0.19883260844535397,0
11.508000000000512,OPEN,0.19759842218824178,-0.060901315743422293,0.9290381090232712,0.37549282987583743,-0.0405141709042154,1.015480865920354,0.19883260844535397,0
11.510000000000513,OPEN,0.19759842218824178,-0.060901315743422293,0.9290381090232712,0.37549282987583743,-0.0405141709042154,1.015480865920354,0.19883260844535397,0
11.512000000000514,OPEN,0.19759842218824178,-0.060901315743422293,0.9290381090232712,0.37549282987583743,-0.0405141709042154,1.015480865920354,0.19883260844535397,0
11.514000000000514,OPEN,0.19759842218824178,-0.060901315743422293,0.9290381090232712,0.37549282987583743,-0.0405141709042154,1.015480865920354,0.19883260844535397,0
11.516000000000515,OPEN,0.19759842218824178,-0.060901315743422293,0.9290381090232712,0.37549282987583743,-0.0405141709042154,1.015480865920354,0.19883260844535397,0
11.518000000000516,OPEN,0.19759842218824178,-0.060901315743422293,0.9290381090232712,0.37549282987583743,-0.0405141709042154,1.015480865920354,0.19883260844535397,0
11.520000000000516,OPEN,0.19759842218824178,-0.060901315743422293,0.9290381090232712,0.37549282987583743,-0.0405141709042154,1.015480865920354,0.19883260844535397,0
11.522000000000517,OPEN,0.19759842218824178,-0.060901315743422293,0.9290381090232712,0.37549282987583743,-0.0405141709042154,1.015480865920354,0.19883260844535397,0
11.524000000000518,OPEN,0.19759842218824178,-0.060901315743422293,0.9290381090232712,0.37549282987583743,-0.0405141709042154,1.015480865920354,0.19883260844535397,0
11.526000000000518,OPEN,0.19759842218824178,-0.060901315743422293,0.9290381090232712,0.37549282987583743,-0.0405141709042154,1.015480865920354,0.19883260844535397,0
11.52800000000052,OPEN,0.19759842218824178,-0.060901315743422293,0.9290381090232712,0.37549282987583743,-0.0405141709042154,1.015480865920354,0.19883260844535397,0
11.53000000000052,OPEN,0.19759842218824178,-0.060901315743422293,0.9290381090232712,0.37549282987583743,-0.0405141709042154,1.015480865920354,0.19883260844535397,0
11.53200000000052,OPEN,0.19759842218824178,-0.060901315743422293,0.9290381090232712,0.37549282987583743,-0.0405141709042154,1.015480865920354,0.19883260844535397,0
11.534000000000521,OPEN,0.19759842218824178,-0.060901315743422293,0.9290381090232712,0.37549282987583743,-0.0405141709042154,1.015480865920354,0.19883260844535397,0
11.536000000000522,OPEN,0.19759842218824178,-0.060901315743422293,0.9290381090232712,0.37549282987583743,-0.0405141709042154,1.015480865920354,0.19883260844535397,0
11.538000000000523,OPEN,0.19759842218824178,-0.060901315743422293,0.9290381090232712,0.37549282987583743,-0.0405141709042154,1.015480865920354,0.19883260844535397,0
11.540000000000523,OPEN,0.19759842218824178,-0.060901315743422293,0.9290381090232712,0.37549282987583743,-0.0405141709042154,1.015480865920354,0.19883260844535397,0
11.542000000000524,OPEN,0.19759842218824178,-0.060901315743422293,0.9290381090232712,0.37549282987583743,-0.0405141709042154,1.015480865920354,0.19883260844535397,0
11.544000000000525,OPEN,0.19759842218824178,-0.060901315743422293,0.9290381090232712,0.37549282987583743,-0.0405141709042154,1.015480865920354,0.19883260844535397,0
11.546000000000525,OPEN,0.19759842218824178,-0.060901315743422293,0.9290381090232712,0.37549282987583743,-0.0405141709042154,1.015480865920354,0.19883260844535397,0
11.548000000000526,OPEN,0.19759842218824178,-0.060901315743422293,0.9290381090232712,0.37549282987583743,-0.0405141709042154,1.015480865920354,0.19883260844535397,0
11.550000000000527,OPEN,0.19759842218824178,-0.060901315743422293,0.9290381090232712,0.37549282987583743,-0.0405141709042154,1.015480865920354,0.19883260844535397,0
11.552000000000527,OPEN,0.19759842218824178,-0.060901315743422293,0.9290381090232712,0.37549282987583743,-0.0405141709042154,1.015480865920354,0.19883260844535397,0
11.554000000000528,OPEN,0.19759842218824178,-0.060901315743422293,0.9290381090232712,0.37549282987583743,-0.0405141709042154,1.015480865920354,0.19883260844535397,0
11.556000000000529,OPEN,0.19759842218824178,-0.060901315743422293,0.9290381090232712,0.37549282987583743,-0.0405141709042154,1.015480865920354,0.19883260844535397,0
11.55800000000053,OPEN,0.19759842218824178,-0.060901315743422293,0.9290381090232712,0.37549282987583743,-0.0405141709042154,1.015480865920354,0.19883260844535397,0
11.56000000000053,OPEN,0.19759842218824178,-0.060901315743422293,0.9290381090232712,0.37549282987583743,-0.0405141709042154,1.015480865920354,0.19883260844535397,0
11.56200000000053,OPEN,0.19759842218824178,-0.060901315743422293,0.9290381090232712,0.37549282987583743,-0.0405141709042154,1.015480865920354,0.19883260844535397,0
11.564000000000531,OPEN,0.19759842218824178,-0.060901315743422293,0.9290381090232712,0.37549282987583743,-0.0405141709042154,1.015480865920354,0.19883260844535397,0
11.566000000000532,OPEN,0.19759842218824178,-0.060901315743422293,0.9290381090232712,0.37549282987583743,-0.0405141709042154,1.015480865920354,0.19883260844535397,0
11.568000000000533,OPEN,0.19759842218824178,-0.060901315743422293,0.9290381090232712,0.37549282987583743,-0.0405141709042154,1.015480865920354,0.19883260844535397,0
11.570000000000533,OPEN,0.19759842218824178,-0.060901315743422293,0.9290381090232712,0.37549282987583743,-0.0405141709042154,1.015480865920354,0.19883260844535397,0
11.572000000000534,OPEN,0.19759842218824178,-0.060901315743422293,0.9290381090232712,0.37549282987583743,-0.0405141709042154,1.015480865920354,0.19883260844535397,0
11.574000000000535,OPEN,0.19759842218824178,-0.060901315743422293,0.9290381090232712,0.37549282987583743,-0.0405141709042154,1.015480865920354,0.19883260844535397,0
11.576000000000535,OPEN,0.19759842218824178,-0.060901315743422293,0.9290381090232712,0.37549282987583743,-0.0405141709042154,1.015480865920354,0.19883260844535397,0
11.578000000000536,OPEN,0.19759842218824178,-0.060901315743422293,0.9290381090232712,0.37549282987583743,-0.0405141709042154,1.015480865920354,0.19883260844535397,0
11.580000000000537,OPEN,0.19759842218824178,-0.060901315743422293,0.9290381090232712,0.37549282987583743,-0.0405141709042154,1.015480865920354,0.19883260844535397,0
11.582000000000537,OPEN,0.19759842218824178,-0.060901315743422293,0.9290381090232712,0.37549282987583743,-0.0405141709042154,1.015480865920354,0.19883260844535397,0
11.584000000000538,OPEN,0.19759842218824178,-0.060901315743422293,0.9290381090232712,0.37549282987583743,-0.0405141709042154,1.015480865920354,0.19883260844535397,0
11.586000000000539,OPEN,0.19759842218824178,-0.060901315743422293,0.9290381090232712,0.37549282987583743,-0.0405141709042154,1.015480865920354,0.19883260844535397,0
11.58800000000054,OPEN,0.19759842218824178,-0.060901315743422293,0.9290381090232712,0.37549282987583743,-0.0405141709042154,1.015480865920354,0.19883260844535397,0
11.59000000000054,OPEN,0.19759842218824178,-0.060901315743422293,0.9290381090232712,0.37549282987583743,-0.0405141709042154,1.015480865920354,0.19883260844535397,0
11.59200000000054,OPEN,0.19759842218824178,-0.060901315743422293,0.9290381090232712,0.37549282987583743,-0.0405141709042154,1.015480865920354,0.19883260844535397,0
11.594000000000541,OPEN,0.19759842218824178,-0.060901315743422293,0.9290381090232712,0.37549282987583743,-0.0405141709042154,1.015480865920354,0.19883260844535397,0
11.596000000000542,OPEN,0.19759842218824178,-0.060901315743422293,0.9290381090232712,0.37549282987583743,-0.0405141709042154,1.015480865920354,0.19883260844535397,0
11.598000000000543,OPEN,0.19759842218824178,-0.060901315743422293,0.9290381090232712,0.37549282987583743,-0.0405141709042154,1.015480865920354,0.19883260844535397,0
11.600000000000543,OPEN,0.19759842218824178,-0.060901315743422293,0.9290381090232712,0.37549282987583743,-0.0405141709042154,1.015480865920354,0.19883260844535397,0
11.602000000000544,OPEN,0.19759842218824178,-0.060901315743422293,0.9290381090232712,0.37549282987583743,-0.0405141709042154,1.015480865920354,0.19883260844535397,0
11.604000000000545,OPEN,0.19759842218824178,-0.060901315743422293,0.9290381090232712,0.37549282987583743,-0.0405141709042154,1.015480865920354,0.19883260844535397,0
11.606000000000545,OPEN,0.19759842218824178,-0.060901315743422293,0.9290381090232712,0.37549282987583743,-0.0405141709042154,1.015480865920354,0.19883260844535397,0
11.608000000000546,OPEN,0.19759842218824178,-0.060901315743422293,0.9290381090232712,0.37549282987583743,-0.0405141709042154,1.015480865920354,0.19883260844535397,0
11.610000000000547,OPEN,0.19759842218824178,-0.060901315743422293,0.9290381090232712,0.37549282987583743,-0.0405141709042154,1.015480865920354,0.19883260844535397,0
11.612000000000547,OPEN,0.19759842218824178,-0.060901315743422293,0.9290381090232712,0.37549282987583743,-0.0405141709042154,1.015480865920354,0.19883260844535397,0
11.614000000000548,OPEN,0.19759842218824178,-0.060901315743422293,0.9290381090232712,0.37549282987583743,-0.0405141709042154,1.015480865920354,0.19883260844535397,0
11.616000000000549,OPEN,0.19759842218824178,-0.060901315743422293,0.9290381090232712,0.37549282987583743,-0.0405141709042154,1.015480865920354,0.19883260844535397,0
11.61800000000055,OPEN,0.19759842218824178,-0.060901315743422293,0.9290381090232712,0.37549282987583743,-0.0405141709042154,1.015480865920354,0.19883260844535397,0
11.62000000000055,OPEN,0.19759842218824178,-0.060901315743422293,0.9290381090232712,0.37549282987583743,-0.0405141709042154,1.015480865920354,0.19883260844535397,0
11.62200000000055,OPEN,0.19759842218824178,-0.060901315743422293,0.9290381090232712,0.37549282987583743,-0.0405141709042154,1.015480865920354,0.19883260844535397,0
11.624000000000551,OPEN,0.19759842218824178,-0.060901315743422293,0.9290381090232712,0.37549282987583743,-0.0405141709042154,1.015480865920354,0.19883260844535397,0
11.626000000000552,OPEN,0.19759842218824178,-0.060901315743422293,0.9290381090232712,0.37549282987583743,-0.0405141709042154,1.015480865920354,0.19883260844535397,0
11.628000000000553,OPEN,0.19759842218824178,-0.060901315743422293,0.9290381090232712,0.37549282987583743,-0.0405141709042154,1.015480865920354,0.19883260844535397,0
11.630000000000553,OPEN,0.19759842218824178,-0.060901315743422293,0.9290381090232712,0.37549282987583743,-0.0405141709042154,1.015480865920354,0.19883260844535397,0
11.632000000000554,OPEN,0.19759842218824178,-0.060901315743422293,0.9290381090232712,0.37549282987583743,-0.0405141709042154,1.015480865920354,0.19883260844535397,0
11.634000000000555,OPEN,0.19759842218824178,-0.060901315743422293,0.9290381090232712,0.37549282987583743,-0.0405141709042154,1.015480865920354,0.19883260844535397,0
11.636000000000555,OPEN,0.19759842218824178,-0.060901315743422293,0.9290381090232712,0.37549282987583743,-0.0405141709042154,1.015480865920354,0.19883260844535397,0
11.638000000000556,OPEN,0.19759842218824178,-0.060901315743422293,0.9290381090232712,0.37549282987583743,-0.0405141709042154,1.015480865920354,0.19883260844535397,0
11.640000000000557,OPEN,0.19759842218824178,-0.060901315743422293,0.9290381090232712,0.37549282987583743,-0.0405141709042154,1.015480865920354,0.19883260844535397,0
11.642000000000557,OPEN,0.19759842218824178,-0.060901315743422293,0.9290381090232712,0.37549282987583743,-0.0405141709042154,1.015480865920354,0.19883260844535397,0
11.644000000000558,OPEN,0.19759842218824178,-0.060901315743422293,0.9290381090232712,0.37549282987583743,-0.0405141709042154,1.015480865920354,0.19883260844535397,0
11.646000000000559,OPEN,0.19759842218824178,-0.060901315743422293,0.9290381090232712,0.37549282987583743,-0.0405141709042154,1.015480865920354,0.19883260844535397,0
11.64800000000056,OPEN,0.19759842218824178,-0.060901315743422293,0.9290381090232712,0.37549282987583743,-0.0405141709042154,1.015480865920354,0.19883260844535397,0
11.65000000000056,OPEN,0.19759842218824178,-0.060901315743422293,0.9290381090232712,0.37549282987583743,-0.0405141709042154,1.015480865920354,0.19883260844535397,0
11.65200000000056,OPEN,0.19759842218824178,-0.060901315743422293,0.9290381090232712,0.37549282987583743,-0.0405141709042154,1.015480865920354,0.19883260844535397,0
11.654000000000561,OPEN,0.19759842218824178,-0.060901315743422293,0.9290381090232712,0.37549282987583743,-0.0405141709042154,1.015480865920354,0.19883260844535397,0
11.656000000000562,OPEN,0.19759842218824178,-0.060901315743422293,0.9290381090232712,0.37549282987583743,-0.0405141709042154,1.015480865920354,0.19883260844535397,0
11.658000000000563,OPEN,0.19759842218824178,-0.060901315743422293,0.9290381090232712,0.37549282987583743,-0.0405141709042154,1.015480865920354,0.19883260844535397,0
11.660000000000563,OPEN,0.19759842218824178,-0.060901315743422293,0.9290381090232712,0.37549282987583743,-0.0405141709042154,1.015480865920354,0.19883260844535397,0
11.662000000000564,OPEN,0.19759842218824178,-0.060901315743422293,0.9290381090232712,0.37549282987583743,-0.0405141709042154,1.015480865920354,0.19883260844535397,0
11.664000000000565,OPEN,0.19759842218824178,-0.060901315743422293,0.9290381090232712,0.37549282987583743,-0.0405141709042154,1.015480865920354,0.19883260844535397,0
11.666000000000565,OPEN,0.19759842218824178,-0.060901315743422293,0.9290381090232712,0.37549282987583743,-0.0405141709042154,1.015480865920354,0.19883260844535397,0
11.668000000000566,OPEN,0.19759842218824178,-0.060901315743422293,0.9290381090232712,0.37549282987583743,-0.0405141709042154,1.015480865920354,0.19883260844535397,0
11.670000000000567,OPEN,0.19759842218824178,-0.060901315743422293,0.9290381090232712,0.37549282987583743,-0.0405141709042154,1.015480865920354,0.19883260844535397,0
11.672000000000567,OPEN,0.19759842218824178,-0.060901315743422293,0.9290381090232712,0.37549282987583743,-0.0405141709042154,1.015480865920354,0.19883260844535397,0
11.674000000000568,OPEN,0.19759842218824178,-0.060901315743422293,0.9290381090232712,0.37549282987583743,-0.0405141709042154,1.015480865920354,0.19883260844535397,0
11.676000000000569,OPEN,0.19759842218824178,-0.060901315743422293,0.9290381090232712,0.37549282987583743,-0.0405141709042154,1.015480865920354,0.19883260844535397,0
11.67800000000057,OPEN,0.19759842218824178,-0.060901315743422293,0.9290381090232712,0.37549282987583743,-0.0405141709042154,1.015480865920354,0.19883260844535397,0
11.68000000000057,OPEN,0.19759842218824178,-0.060901315743422293,0.9290381090232712,0.37549282987583743,-0.0405141709042154,1.015480865920354,0.19883260844535397,0
11.68200000000057,OPEN,0.19759842218824178,-0.060901315743422293,0.9290381090232712,0.37549282987583743,-0.0405141709042154,1.015480865920354,0.19883260844535397,0
11.684000000000571,OPEN,0.19759842218824178,-0.060901315743422293,0.9290381090232712,0.37549282987583743,-0.0405141709042154,1.015480865920354,0.19883260844535397,0
11.686000000000572,OPEN,0.19759842218824178,-0.060901315743422293,0.9290381090232712,0.37549282987583743,-0.0405141709042154,1.015480865920354,0.19883260844535397,0
11.688000000000573,OPEN,0.19759842218824178,-0.060901315743422293,0.9290381090232712,0.37549282987583743,-0.0405141709042154,1.015480865920354,0.19883260844535397,0
11.690000000000573,OPEN,0.19759842218824178,-0.060901315743422293,0.9290381090232712,0.37549282987583743,-0.0405141709042154,1.015480865920354,0.19883260844535397,0
11.692000000000574,OPEN,0.19759842218824178,-0.060901315743422293,0.9290381090232712,0.37549282987583743,-0.0405141709042154,1.015480865920354,0.19883260844535397,0
11.694000000000575,OPEN,0.19759842218824178,-0.060901315743422293,0.9290381090232712,0.37549282987583743,-0.0405141709042154,1.015480865920354,0.19883260844535397,0
11.696000000000575,OPEN,0.19759842218824178,-0.060901315743422293,0.9290381090232712,0.37549282987583743,-0.0405141709042154,1.015480865920354,0.19883260844535397,0
11.698000000000576,OPEN,0.19759842218824178,-0.060901315743422293,0.9290381090232712,0.37549282987583743,-0.0405141709042154,1.015480865920354,0.19883260844535397,0
11.700000000000577,OPEN,0.19759842218824178,-0.060901315743422293,0.9290381090232712,0.37549282987583743,-0.0405141709042154,1.015480865920354,0.19883260844535397,0
11.702000000000577,OPEN,0.19759842218824178,-0.060901315743422293,0.9290381090232712,0.37549282987583743,-0.0405141709042154,1.015480865920354,0.19883260844535397,0
11.704000000000578,OPEN,0.19759842218824178,-0.060901315743422293,0.9290381090232712,0.37549282987583743,-0.0405141709042154,1.015480865920354,0.19883260844535397,0
11.706000000000579,OPEN,0.19759842218824178,-0.060901315743422293,0.9290381090232712,0.37549282987583743,-0.0405141709042154,1.015480865920354,0.19883260844535397,0
11.70800000000058,OPEN,0.19759842218824178,-0.060901315743422293,0.9290381090232712,0.37549282987583743,-0.0405141709042154,1.015480865920354,0.19883260844535397,0
11.71000000000058,OPEN,0.19759842218824178,-0.060901315743422293,0.9290381090232712,0.37549282987583743,-0.0405141709042154,1.015480865920354,0.19883260844535397,0
11.71200000000058,OPEN,0.19759842218824178,-0.060901315743422293,0.9290381090232712,0.37549282987583743,-0.0405141709042154,1.015480865920354,0.19883260844535397,0
11.714000000000581,OPEN,0.19759842218824178,-0.060901315743422293,0.9290381090232712,0.37549282987583743,-0.0405141709042154,1.015480865920354,0.19883260844535397,0
11.716000000000582,OPEN,0.19759842218824178,-0.060901315743422293,0.9290381090232712,0.37549282987583743,-0.0405141709042154,1.015480865920354,0.19883260844535397,0
11.718000000000583,OPEN,0.19759842218824178,-0.060901315743422293,0.9290381090232712,0.37549282987583743,-0.0405141709042154,1.015480865920354,0.19883260844535397,0
11.720000000000583,OPEN,0.19759842218824178,-0.060901315743422293,0.9290381090232712,0.37549282987583743,-0.0405141709042154,1.015480865920354,0.19883260844535397,0
11.722000000000584,OPEN,0.19759842218824178,-0.060901315743422293,0.9290381090232712,0.37549282987583743,-0.0405141709042154,1.015480865920354,0.19883260844535397,0
11.724000000000585,OPEN,0.19759842218824178,-0.060901315743422293,0.9290381090232712,0.37549282987583743,-0.0405141709042154,1.015480865920354,0.19883260844535397,0
11.726000000000585,OPEN,0.19759842218824178,-0.060901315743422293,0.9290381090232712,0.37549282987583743,-0.0405141709042154,1.015480865920354,0.19883260844535397,0
11.728000000000586,OPEN,0.19759842218824178,-0.060901315743422293,0.9290381090232712,0.37549282987583743,-0.0405141709042154,1.015480865920354,0.19883260844535397,0
11.730000000000587,OPEN,0.19759842218824178,-0.060901315743422293,0.9290381090232712,0.37549282987583743,-0.0405141709042154,1.015480865920354,0.19883260844535397,0
11.732000000000587,OPEN,0.19759842218824178,-0.060901315743422293,0.9290381090232712,0.37549282987583743,-0.0405141709042154,1.015480865920354,0.19883260844535397,0
11.734000000000588,OPEN,0.19759842218824178,-0.060901315743422293,0.9290381090232712,0.37549282987583743,-0.0405141709042154,1.015480865920354,0.19883260844535397,0
11.736000000000589,OPEN,0.19759842218824178,-0.060901315743422293,0.9290381090232712,0.37549282987583743,-0.0405141709042154,1.015480865920354,0.19883260844535397,0
11.73800000000059,OPEN,0.19759842218824178,-0.060901315743422293,0.9290381090232712,0.37549282987583743,-0.0405141709042154,1.015480865920354,0.19883260844535397,0
11.74000000000059,OPEN,0.19759842218824178,-0.060901315743422293,0.9290381090232712,0.37549282987583743,-0.0405141709042154,1.015480865920354,0.19883260844535397,0
11.74200000000059,OPEN,0.19759842218824178,-0.060901315743422293,0.9290381090232712,0.37549282987583743,-0.0405141709042154,1.015480865920354,0.19883260844535397,0
11.744000000000591,OPEN,0.19759842218824178,-0.060901315743422293,0.9290381090232712,0.37549282987583743,-0.0405141709042154,1.015480865920354,0.19883260844535397,0
11.746000000000592,OPEN,0.19759842218824178,-0.060901315743422293,0.9290381090232712,0.37549282987583743,-0.0405141709042154,1.015480865920354,0.19883260844535397,0
11.748000000000593,OPEN,0.19759842218824178,-0.060901315743422293,0.9290381090232712,0.37549282987583743,-0.0405141709042154,1.015480865920354,0.19883260844535397,0
11.750000000000593,OPEN,0.19759842218824178,-0.060901315743422293,0.9290381090232712,0.37549282987583743,-0.0405141709042154,1.015480865920354,0.19883260844535397,0
11.752000000000594,OPEN,0.19759842218824178,-0.060901315743422293,0.9290381090232712,0.37549282987583743,-0.0405141709042154,1.015480865920354,0.19883260844535397,0
11.754000000000595,OPEN,0.19759842218824178,-0.060901315743422293,0.9290381090232712,0.37549282987583743,-0.0405141709042154,1.015480865920354,0.19883260844535397,0
11.756000000000595,OPEN,0.19759842218824178,-0.060901315743422293,0.9290381090232712,0.37549282987583743,-0.0405141709042154,1.015480865920354,0.19883260844535397,0
11.758000000000596,OPEN,0.19759842218824178,-0.060901315743422293,0.9290381090232712,0.37549282987583743,-0.0405141709042154,1.015480865920354,0.19883260844535397,0
11.760000000000597,OPEN,0.19759842218824178,-0.060901315743422293,0.9290381090232712,0.37549282987583743,-0.0405141709042154,1.015480865920354,0.19883260844535397,0
11.762000000000597,OPEN,0.19759842218824178,-0.060901315743422293,0.9290381090232712,0.37549282987583743,-0.0405141709042154,1.015480865920354,0.19883260844535397,0
11.764000000000598,OPEN,0.19759842218824178,-0.060901315743422293,0.9290381090232712,0.37549282987583743,-0.0405141709042154,1.015480865920354,0.19883260844535397,0
11.766000000000599,OPEN,0.19759842218824178,-0.060901315743422293,0.9290381090232712,0.37549282987583743,-0.0405141709042154,1.015480865920354,0.19883260844535397,0
11.7680000000006,OPEN,0.19759842218824178,-0.060901315743422293,0.9290381090232712,0.37549282987583743,-0.0405141709042154,1.015480865920354,0.19883260844535397,0
11.7700000000006,OPEN,0.19759842218824178,-0.060901315743422293,0.9290381090232712,0.37549282987583743,-0.0405141709042154,1.015480865920354,0.19883260844535397,0
11.7720000000006,OPEN,0.19759842218824178,-0.060901315743422293,0.9290381090232712,0.37549282987583743,-0.0405141709042154,1.015480865920354,0.19883260844535397,0
11.774000000000601,OPEN,0.19759842218824178,-0.060901315743422293,0.9290381090232712,0.37549282987583743,-0.0405141709042154,1.015480865920354,0.19883260844535397,0
11.776000000000602,OPEN,0.19759842218824178,-0.060901315743422293,0.9290381090232712,0.37549282987583743,-0.0405141709042154,1.015480865920354,0.19883260844535397,0
11.778000000000603,OPEN,0.19759842218824178,-0.060901315743422293,0.9290381090232712,0.37549282987583743,-0.0405141709042154,1.015480865920354,0.19883260844535397,0
11.780000000000603,OPEN,0.19759842218824178,-0.060901315743422293,0.9290381090232712,0.37549282987583743,-0.0405141709042154,1.015480865920354,0.19883260844535397,0
11.782000000000604,OPEN,0.19759842218824178,-0.060901315743422293,0.9290381090232712,0.37549282987583743,-0.0405141709042154,1.015480865920354,0.19883260844535397,0
11.784000000000605,OPEN,0.19759842218824178,-0.060901315743422293,0.9290381090232712,0.37549282987583743,-0.0405141709042154,1.015480865920354,0.19883260844535397,0
11.786000000000605,OPEN,0.19759842218824178,-0.060901315743422293,0.9290381090232712,0.37549282987583743,-0.0405141709042154,1.015480865920354,0.19883260844535397,0
11.788000000000606,OPEN,0.19759842218824178,-0.060901315743422293,0.9290381090232712,0.37549282987583743,-0.0405141709042154,1.015480865920354,0.19883260844535397,0
11.790000000000607,OPEN,0.19759842218824178,-0.060901315743422293,0.9290381090232712,0.37549282987583743,-0.0405141709042154,1.015480865920354,0.19883260844535397,0
11.792000000000607,OPEN,0.19759842218824178,-0.060901315743422293,0.9290381090232712,0.37549282987583743,-0.0405141709042154,1.015480865920354,0.19883260844535397,0
11.794000000000608,OPEN,0.19759842218824178,-0.060901315743422293,0.9290381090232712,0.37549282987583743,-0.0405141709042154,1.015480865920354,0.19883260844535397,0
11.796000000000609,OPEN,0.19759842218824178,-0.060901315743422293,0.9290381090232712,0.37549282987583743,-0.0405141709042154,1.015480865920354,0.19883260844535397,0
11.79800000000061,OPEN,0.19759842218824178,-0.060901315743422293,0.9290381090232712,0.37549282987583743,-0.0405141709042154,1.015480865920354,0.19883260844535397,0
11.80000000000061,OPEN,0.19759842218824178,-0.060901315743422293,0.9290381090232712,0.37549282987583743,-0.0405141709042154,1.015480865920354,0.19883260844535397,0
11.80200000000061,OPEN,0.19759842218824178,-0.060901315743422293,0.9290381090232712,0.37549282987583743,-0.0405141709042154,1.015480865920354,0.19883260844535397,0
11.804000000000611,OPEN,0.19759842218824178,-0.060901315743422293,0.9290381090232712,0.37549282987583743,-0.0405141709042154,1.015480865920354,0.19883260844535397,0
11.806000000000612,OPEN,0.19759842218824178,-0.060901315743422293,0.9290381090232712,0.37549282987583743,-0.0405141709042154,1.015480865920354,0.19883260844535397,0
11.808000000000613,OPEN,0.19759842218824178,-0.060901315743422293,0.9290381090232712,0.37549282987583743,-0.0405141709042154,1.015480865920354,0.19883260844535397,0
11.810000000000613,OPEN,0.19759842218824178,-0.060901315743422293,0.9290381090232712,0.37549282987583743,-0.0405141709042154,1.015480865920354,0.19883260844535397,0
11.812000000000614,OPEN,0.19759842218824178,-0.060901315743422293,0.9290381090232712,0.37549282987583743,-0.0405141709042154,1.015480865920354,0.19883260844535397,0
11.814000000000615,OPEN,0.19759842218824178,-0.060901315743422293,0.9290381090232712,0.37549282987583743,-0.0405141709042154,1.015480865920354,0.19883260844535397,0
11.816000000000615,OPEN,0.19759842218824178,-0.060901315743422293,0.9290381090232712,0.37549282987583743,-0.0405141709042154,1.015480865920354,0.19883260844535397,0
11.818000000000616,OPEN,0.19759842218824178,-0.060901315743422293,0.9290381090232712,0.37549282987583743,-0.0405141709042154,1.015480865920354,0.19883260844535397,0
11.820000000000617,OPEN,0.19759842218824178,-0.060901315743422293,0.9290381090232712,0.37549282987583743,-0.0405141709042154,1.015480865920354,0.19883260844535397,0
11.822000000000617,OPEN,0.19759842218824178,-0.060901315743422293,0.9290381090232712,0.37549282987583743,-0.0405141709042154,1.015480865920354,0.19883260844535397,0
11.824000000000618,OPEN,0.19759842218824178,-0.060901315743422293,0.9290381090232712,0.37549282987583743,-0.0405141709042154,1.015480865920354,0.19883260844535397,0
11.826000000000619,OPEN,0.19759842218824178,-0.060901315743422293,0.9290381090232712,0.37549282987583743,-0.0405141709042154,1.015480865920354,0.19883260844535397,0
11.82800000000062,OPEN,0.19759842218824178,-0.060901315743422293,0.9290381090232712,0.37549282987583743,-0.0405141709042154,1.015480865920354,0.19883260844535397,0
11.83000000000062,OPEN,0.19759842218824178,-0.060901315743422293,0.9290381090232712,0.37549282987583743,-0.0405141709042154,1.015480865920354,0.19883260844535397,0
11.83200000000062,OPEN,0.19759842218824178,-0.060901315743422293,0.9290381090232712,0.37549282987583743,-0.0405141709042154,1.015480865920354,0.19883260844535397,0
11.834000000000621,OPEN,0.19759842218824178,-0.060901315743422293,0.9290381090232712,0.37549282987583743,-0.0405141709042154,1.015480865920354,0.19883260844535397,0
11.836000000000622,OPEN,0.19759842218824178,-0.060901315743422293,0.9290381090232712,0.37549282987583743,-0.0405141709042154,1.015480865920354,0.19883260844535397,0
11.838000000000623,OPEN,0.19759842218824178,-0.060901315743422293,0.9290381090232712,0.37549282987583743,-0.0405141709042154,1.015480865920354,0.19883260844535397,0
11.840000000000623,OPEN,0.19759842218824178,-0.060901315743422293,0.9290381090232712,0.37549282987583743,-0.0405141709042154,1.015480865920354,0.19883260844535397,0
11.842000000000624,OPEN,0.19759842218824178,-0.060901315743422293,0.9290381090232712,0.37549282987583743,-0.0405141709042154,1.015480865920354,0.19883260844535397,0
11.844000000000625,OPEN,0.19759842218824178,-0.060901315743422293,0.9290381090232712,0.37549282987583743,-0.0405141709042154,1.015480865920354,0.19883260844535397,0
11.846000000000625,OPEN,0.19759842218824178,-0.060901315743422293,0.9290381090232712,0.37549282987583743,-0.0405141709042154,1.015480865920354,0.19883260844535397,0
11.848000000000626,OPEN,0.19759842218824178,-0.060901315743422293,0.9290381090232712,0.37549282987583743,-0.0405141709042154,1.015480865920354,0.19883260844535397,0
11.850000000000627,OPEN,0.19759842218824178,-0.060901315743422293,0.9290381090232712,0.37549282987583743,-0.0405141709042154,1.015480865920354,0.19883260844535397,0
11.852000000000627,OPEN,0.19759842218824178,-0.060901315743422293,0.9290381090232712,0.37549282987583743,-0.0405141709042154,1.015480865920354,0.19883260844535397,0
11.854000000000628,OPEN,0.19759842218824178,-0.060901315743422293,0.9290381090232712,0.37549282987583743,-0.0405141709042154,1.015480865920354,0.19883260844535397,0
11.856000000000629,OPEN,0.19759842218824178,-0.060901315743422293,0.9290381090232712,0.37549282987583743,-0.0405141709042154,1.015480865920354,0.19883260844535397,0
11.85800000000063,OPEN,0.19759842218824178,-0.060901315743422293,0.9290381090232712,0.37549282987583743,-0.0405141709042154,1.015480865920354,0.19883260844535397,0
11.86000000000063,OPEN,0.19759842218824178,-0.060901315743422293,0.9290381090232712,0.37549282987583743,-0.0405141709042154,1.015480865920354,0.19883260844535397,0
11.86200000000063,OPEN,0.19759842218824178,-0.060901315743422293,0.9290381090232712,0.37549282987583743,-0.0405141709042154,1.015480865920354,0.19883260844535397,0
11.864000000000631,OPEN,0.19759842218824178,-0.060901315743422293,0.9290381090232712,0.37549282987583743,-0.0405141709042154,1.015480865920354,0.19883260844535397,0
11.866000000000632,OPEN,0.19759842218824178,-0.060901315743422293,0.9290381090232712,0.37549282987583743,-0.0405141709042154,1.015480865920354,0.19883260844535397,0
11.868000000000633,OPEN,0.19759842218824178,-0.060901315743422293,0.9290381090232712,0.37549282987583743,-0.0405141709042154,1.015480865920354,0.19883260844535397,0
11.870000000000633,OPEN,0.19759842218824178,-0.060901315743422293,0.9290381090232712,0.37549282987583743,-0.0405141709042154,1.015480865920354,0.19883260844535397,0
11.872000000000634,OPEN,0.19759842218824178,-0.060901315743422293,0.9290381090232712,0.37549282987583743,-0.0405141709042154,1.015480865920354,0.19883260844535397,0
11.874000000000635,OPEN,0.19759842218824178,-0.060901315743422293,0.9290381090232712,0.37549282987583743,-0.0405141709042154,1.015480865920354,0.19883260844535397,0
11.876000000000635,OPEN,0.19759842218824178,-0.060901315743422293,0.9290381090232712,0.37549282987583743,-0.0405141709042154,1.015480865920354,0.19883260844535397,0
11.878000000000636,OPEN,0.19759842218824178,-0.060901315743422293,0.9290381090232712,0.37549282987583743,-0.0405141709042154,1.015480865920354,0.19883260844535397,0
11.880000000000637,OPEN,0.19759842218824178,-0.060901315743422293,0.9290381090232712,0.37549282987583743,-0.0405141709042154,1.015480865920354,0.19883260844535397,0
11.882000000000637,OPEN,0.19759842218824178,-0.060901315743422293,0.9290381090232712,0.37549282987583743,-0.0405141709042154,1.015480865920354,0.19883260844535397,0
11.884000000000638,OPEN,0.19759842218824178,-0.060901315743422293,0.9290381090232712,0.37549282987583743,-0.0405141709042154,1.015480865920354,0.19883260844535397,0
11.886000000000639,OPEN,0.19759842218824178,-0.060901315743422293,0.9290381090232712,0.37549282987583743,-0.0405141709042154,1.015480865920354,0.19883260844535397,0
11.88800000000064,OPEN,0.19759842218824178,-0.060901315743422293,0.9290381090232712,0.37549282987583743,-0.0405141709042154,1.015480865920354,0.19883260844535397,0
11.89000000000064,OPEN,0.19759842218824178,-0.060901315743422293,0.9290381090232712,0.37549282987583743,-0.0405141709042154,1.015480865920354,0.19883260844535397,0
11.89200000000064,OPEN,0.19759842218824178,-0.060901315743422293,0.9290381090232712,0.37549282987583743,-0.0405141709042154,1.015480865920354,0.19883260844535397,0
11.894000000000641,OPEN,0.19759842218824178,-0.060901315743422293,0.9290381090232712,0.37549282987583743,-0.0405141709042154,1.015480865920354,0.19883260844535397,0
11.896000000000642,OPEN,0.19759842218824178,-0.060901315743422293,0.9290381090232712,0.37549282987583743,-0.0405141709042154,1.015480865920354,0.19883260844535397,0
11.898000000000643,OPEN,0.19759842218824178,-0.060901315743422293,0.9290381090232712,0.37549282987583743,-0.0405141709042154,1.015480865920354,0.19883260844535397,0
11.900000000000643,OPEN,0.19759842218824178,-0.060901315743422293,0.9290381090232712,0.37549282987583743,-0.0405141709042154,1.015480865920354,0.19883260844535397,0
11.902000000000644,OPEN,0.19759842218824178,-0.060901315743422293,0.9290381090232712,0.37549282987583743,-0.0405141709042154,1.015480865920354,0.19883260844535397,0
11.904000000000645,OPEN,0.19759842218824178,-0.060901315743422293,0.9290381090232712,0.37549282987583743,-0.0405141709042154,1.015480865920354,0.19883260844535397,0
11.906000000000645,OPEN,0.19759842218824178,-0.060901315743422293,0.9290381090232712,0.37549282987583743,-0.0405141709042154,1.015480865920354,0.19883260844535397,0
11.908000000000646,OPEN,0.19759842218824178,-0.060901315743422293,0.9290381090232712,0.37549282987583743,-0.0405141709042154,1.015480865920354,0.19883260844535397,0
11.910000000000647,OPEN,0.19759842218824178,-0.060901315743422293,0.9290381090232712,0.37549282987583743,-0.0405141709042154,1.015480865920354,0.19883260844535397,0
11.912000000000647,OPEN,0.19759842218824178,-0.060901315743422293,0.9290381090232712,0.37549282987583743,-0.0405141709042154,1.015480865920354,0.19883260844535397,0
11.914000000000648,OPEN,0.19759842218824178,-0.060901315743422293,0.9290381090232712,0.37549282987583743,-0.0405141709042154,1.015480865920354,0.19883260844535397,0
11.916000000000649,OPEN,0.19759842218824178,-0.060901315743422293,0.9290381090232712,0.37549282987583743,-0.0405141709042154,1.015480865920354,0.19883260844535397,0
11.91800000000065,OPEN,0.19759842218824178,-0.060901315743422293,0.9290381090232712,0.37549282987583743,-0.0405141709042154,1.015480865920354,0.19883260844535397,0
11.92000000000065,OPEN,0.19759842218824178,-0.060901315743422293,0.9290381090232712,0.37549282987583743,-0.0405141709042154,1.015480865920354,0.19883260844535397,0
11.92200000000065,OPEN,0.19759842218824178,-0.060901315743422293,0.9290381090232712,0.37549282987583743,-0.0405141709042154,1.015480865920354,0.19883260844535397,0
11.924000000000651,OPEN,0.19759842218824178,-0.060901315743422293,0.9290381090232712,0.37549282987583743,-0.0405141709042154,1.015480865920354,0.19883260844535397,0
11.926000000000652,OPEN,0.19759842218824178,-0.060901315743422293,0.9290381090232712,0.37549282987583743,-0.0405141709042154,1.015480865920354,0.19883260844535397,0
11.928000000000653,OPEN,0.19759842218824178,-0.060901315743422293,0.9290381090232712,0.37549282987583743,-0.0405141709042154,1.015480865920354,0.19883260844535397,0
11.930000000000653,OPEN,0.19759842218824178,-0.060901315743422293,0.9290381090232712,0.37549282987583743,-0.0405141709042154,1.015480865920354,0.19883260844535397,0
11.932000000000654,OPEN,0.19759842218824178,-0.060901315743422293,0.9290381090232712,0.37549282987583743,-0.0405141709042154,1.015480865920354,0.19883260844535397,0
11.934000000000655,OPEN,0.19759842218824178,-0.060901315743422293,0.9290381090232712,0.37549282987583743,-0.0405141709042154,1.015480865920354,0.19883260844535397,0
11.936000000000655,OPEN,0.19759842218824178,-0.060901315743422293,0.9290381090232712,0.37549282987583743,-0.0405141709042154,1.015480865920354,0.19883260844535397,0
11.938000000000656,OPEN,0.19759842218824178,-0.060901315743422293,0.9290381090232712,0.37549282987583743,-0.0405141709042154,1.015480865920354,0.19883260844535397,0
11.940000000000657,OPEN,0.19759842218824178,-0.060901315743422293,0.9290381090232712,0.37549282987583743,-0.0405141709042154,1.015480865920354,0.19883260844535397,0
11.942000000000657,OPEN,0.19759842218824178,-0.060901315743422293,0.9290381090232712,0.37549282987583743,-0.0405141709042154,1.015480865920354,0.19883260844535397,0
11.944000000000658,OPEN,0.19759842218824178,-0.060901315743422293,0.9290381090232712,0.37549282987583743,-0.0405141709042154,1.015480865920354,0.19883260844535397,0
11.946000000000659,OPEN,0.19759842218824178,-0.060901315743422293,0.9290381090232712,0.37549282987583743,-0.0405141709042154,1.015480865920354,0.19883260844535397,0
11.94800000000066,OPEN,0.19759842218824178,-0.060901315743422293,0.9290381090232712,0.37549282987583743,-0.0405141709042154,1.015480865920354,0.19883260844535397,0
11.95000000000066,OPEN,0.19759842218824178,-0.060901315743422293,0.9290381090232712,0.37549282987583743,-0.0405141709042154,1.015480865920354,0.19883260844535397,0
11.95200000000066,OPEN,0.19759842218824178,-0.060901315743422293,0.9290381090232712,0.37549282987583743,-0.0405141709042154,1.015480865920354,0.19883260844535397,0
11.954000000000661,OPEN,0.19759842218824178,-0.060901315743422293,0.9290381090232712,0.37549282987583743,-0.0405141709042154,1.015480865920354,0.19883260844535397,0
11.956000000000662,OPEN,0.19759842218824178,-0.060901315743422293,0.9290381090232712,0.37549282987583743,-0.0405141709042154,1.015480865920354,0.19883260844535397,0
11.958000000000663,OPEN,0.19759842218824178,-0.060901315743422293,0.9290381090232712,0.37549282987583743,-0.0405141709042154,1.015480865920354,0.19883260844535397,0
11.960000000000663,OPEN,0.19759842218824178,-0.060901315743422293,0.9290381090232712,0.37549282987583743,-0.0405141709042154,1.015480865920354,0.19883260844535397,0
11.962000000000664,OPEN,0.19759842218824178,-0.060901315743422293,0.9290381090232712,0.37549282987583743,-0.0405141709042154,1.015480865920354,0.19883260844535397,0
11.964000000000665,OPEN,0.19759842218824178,-0.060901315743422293,0.9290381090232712,0.37549282987583743,-0.0405141709042154,1.015480865920354,0.19883260844535397,0
11.966000000000665,OPEN,0.19759842218824178,-0.060901315743422293,0.9290381090232712,0.37549282987583743,-0.0405141709042154,1.015480865920354,0.19883260844535397,0
11.968000000000666,OPEN,0.19759842218824178,-0.060901315743422293,0.9290381090232712,0.37549282987583743,-0.0405141709042154,1.015480865920354,0.19883260844535397,0
11.970000000000667,OPEN,0.19759842218824178,-0.060901315743422293,0.9290381090232712,0.37549282987583743,-0.0405141709042154,1.015480865920354,0.19883260844535397,0
11.972000000000667,OPEN,0.19759842218824178,-0.060901315743422293,0.9290381090232712,0.37549282987583743,-0.0405141709042154,1.015480865920354,0.19883260844535397,0
11.974000000000668,OPEN,0.19759842218824178,-0.060901315743422293,0.9290381090232712,0.37549282987583743,-0.0405141709042154,1.015480865920354,0.19883260844535397,0
11.976000000000669,OPEN,0.19759842218824178,-0.060901315743422293,0.9290381090232712,0.37549282987583743,-0.0405141709042154,1.015480865920354,0.19883260844535397,0
11.97800000000067,OPEN,0.19759842218824178,-0.060901315743422293,0.9290381090232712,0.37549282987583743,-0.0405141709042154,1.015480865920354,0.19883260844535397,0
11.98000000000067,OPEN,0.19759842218824178,-0.060901315743422293,0.9290381090232712,0.37549282987583743,-0.0405141709042154,1.015480865920354,0.19883260844535397,0
11.98200000000067,OPEN,0.19759842218824178,-0.060901315743422293,0.9290381090232712,0.37549282987583743,-0.0405141709042154,1.015480865920354,0.19883260844535397,0
11.984000000000671,OPEN,0.19759842218824178,-0.060901315743422293,0.9290381090232712,0.37549282987583743,-0.0405141709042154,1.015480865920354,0.19883260844535397,0
11.986000000000672,OPEN,0.19759842218824178,-0.060901315743422293,0.9290381090232712,0.37549282987583743,-0.0405141709042154,1.015480865920354,0.19883260844535397,0
11.988000000000673,OPEN,0.19759842218824178,-0.060901315743422293,0.9290381090232712,0.37549282987583743,-0.0405141709042154,1.015480865920354,0.19883260844535397,0
11.990000000000673,OPEN,0.19759842218824178,-0.060901315743422293,0.9290381090232712,0.37549282987583743,-0.0405141709042154,1.015480865920354,0.19883260844535397,0
11.992000000000674,OPEN,0.19759842218824178,-0.060901315743422293,0.9290381090232712,0.37549282987583743,-0.0405141709042154,1.015480865920354,0.19883260844535397,0
11.994000000000675,OPEN,0.19759842218824178,-0.060901315743422293,0.9290381090232712,0.37549282987583743,-0.0405141709042154,1.015480865920354,0.19883260844535397,0
11.996000000000675,OPEN,0.19759842218824178,-0.060901315743422293,0.9290381090232712,0.37549282987583743,-0.0405141709042154,1.015480865920354,0.19883260844535397,0
11.998000000000676,OPEN,0.19759842218824178,-0.060901315743422293,0.9290381090232712,0.37549282987583743,-0.0405141709042154,1.015480865920354,0.19883260844535397,0
12.000000000000677,OPEN,0.19759842218824178,-0.060901315743422293,0.9290381090232712,0.37549282987583743,-0.0405141709042154,1.015480865920354,0.19883260844535397,0
12.002000000000677,OPEN,0.19759842218824178,-0.060901315743422293,0.9290381090232712,0.37549282987583743,-0.0405141709042154,1.015480865920354,0.19883260844535397,0
12.004000000000678,OPEN,0.19759842218824178,-0.060901315743422293,0.9290381090232712,0.37549282987583743,-0.0405141709042154,1.015480865920354,0.19883260844535397,0
12.006000000000679,OPEN,0.19759842218824178,-0.060901315743422293,0.9290381090232712,0.37549282987583743,-0.0405141709042154,1.015480865920354,0.19883260844535397,0
