time,phase,fingertip_x,fingertip_y,fingertip_z,target_x,target_y,target_z,distance,touched
0.002,REST,0.17446651415224415,0.0954487271497957,0.5615113307966204,0.5824536188017294,0.14480171371096257,1.0701208085555376,0.6538905074314623,0
0.004,REST,0.17446651415224415,0.0954487271497957,0.5615113307966204,0.5824536188017294,0.14480171371096257,1.0701208085555376,0.6538905074314623,0
0.006,REST,0.17446651415224415,0.0954487271497957,0.5615113307966204,0.5824536188017294,0.14480171371096257,1.0701208085555376,0.6538905074314623,0
0.008,REST,0.17446651415224415,0.0954487271497957,0.5615113307966204,0.5824536188017294,0.14480171371096257,1.0701208085555376,0.6538905074314623,0
0.01,REST,0.17446651415224415,0.0954487271497957,0.5615113307966204,0.5824536188017294,0.14480171371096257,1.0701208085555376,0.6538905074314623,0
0.012,REST,0.17446651415224415,0.0954487271497957,0.5615113307966204,0.5824536188017294,0.14480171371096257,1.0701208085555376,0.6538905074314623,0
0.014,REST,0.17446651415224415,0.0954487271497957,0.5615113307966204,0.5824536188017294,0.14480171371096257,1.0701208085555376,0.6538905074314623,0
0.016,REST,0.17446651415224415,0.0954487271497957,0.5615113307966204,0.5824536188017294,0.14480171371096257,1.0701208085555376,0.6538905074314623,0
0.018000000000000002,REST,0.17446651415224415,0.0954487271497957,0.5615113307966204,0.5824536188017294,0.14480171371096257,1.0701208085555376,0.6538905074314623,0
0.020000000000000004,REST,0.17446651415224415,0.0954487271497957,0.5615113307966204,0.5824536188017294,0.14480171371096257,1.0701208085555376,0.6538905074314623,0
0.022000000000000006,REST,0.17446651415224415,0.0954487271497957,0.5615113307966204,0.5824536188017294,0.14480171371096257,1.0701208085555376,0.6538905074314623,0
0.024000000000000007,REST,0.17446651415224415,0.0954487271497957,0.5615113307966204,0.5824536188017294,0.14480171371096257,1.0701208085555376,0.6538905074314623,0
0.02600000000000001,REST,0.17446651415224415,0.0954487271497957,0.5615113307966204,0.5824536188017294,0.14480171371096257,1.0701208085555376,0.6538905074314623,0
0.02800000000000001,REST,0.17446651415224415,0.0954487271497957,0.5615113307966204,0.5824536188017294,0.14480171371096257,1.0701208085555376,0.6538905074314623,0
0.030000000000000013,REST,0.17446651415224415,0.0954487271497957,0.5615113307966204,0.5824536188017294,0.14480171371096257,1.0701208085555376,0.6538905074314623,0
0.032000000000000015,REST,0.17446651415224415,0.0954487271497957,0.5615113307966204,0.5824536188017294,0.14480171371096257,1.0701208085555376,0.6538905074314623,0
0.034000000000000016,REST,0.17446651415224415,0.0954487271497957,0.5615113307966204,0.5824536188017294,0.14480171371096257,1.0701208085555376,0.6538905074314623,0
0.03600000000000002,REST,0.17446651415224415,0.0954487271497957,0.5615113307966204,0.5824536188017294,0.14480171371096257,1.0701208085555376,0.6538905074314623,0
0.03800000000000002,REST,0.17446651415224415,0.0954487271497957,0.5615113307966204,0.5824536188017294,0.14480171371096257,1.0701208085555376,0.6538905074314623,0
0.04000000000000002,REST,0.17446651415224415,0.0954487271497957,0.5615113307966204,0.5824536188017294,0.14480171371096257,1.0701208085555376,0.6538905074314623,0
0.04200000000000002,REST,0.17446651415224415,0.0954487271497957,0.5615113307966204,0.5824536188017294,0.14480171371096257,1.0701208085555376,0.6538905074314623,0
0.044000000000000025,REST,0.17446651415224415,0.0954487271497957,0.5615113307966204,0.5824536188017294,0.14480171371096257,1.0701208085555376,0.6538905074314623,0
0.04600000000000003,REST,0.17446651415224415,0.0954487271497957,0.5615113307966204,0.5824536188017294,0.14480171371096257,1.0701208085555376,0.6538905074314623,0
0.04800000000000003,REST,0.17446651415224415,0.0954487271497957,0.5615113307966204,0.5824536188017294,0.14480171371096257,1.0701208085555376,0.6538905074314623,0
0.05000000000000003,REST,0.17446651415224415,0.0954487271497957,0.5615113307966204,0.5824536188017294,0.14480171371096257,1.0701208085555376,0.6538905074314623,0
0.05200000000000003,REST,0.17446651415224415,0.0954487271497957,0.5615113307966204,0.5824536188017294,0.14480171371096257,1.0701208085555376,0.6538905074314623,0
0.054000000000000034,REST,0.17446651415224415,0.0954487271497957,0.5615113307966204,0.5824536188017294,0.14480171371096257,1.0701208085555376,0.6538905074314623,0
0.056000000000000036,REST,0.17446651415224415,0.0954487271497957,0.5615113307966204,0.5824536188017294,0.14480171371096257,1.0701208085555376,0.6538905074314623,0
0.05800000000000004,REST,0.17446651415224415,0.0954487271497957,0.5615113307966204,0.5824536188017294,0.14480171371096257,1.0701208085555376,0.6538905074314623,0
0.06000000000000004,REST,0.17446651415224415,0.0954487271497957,0.5615113307966204,0.5824536188017294,0.14480171371096257,1.0701208085555376,0.6538905074314623,0
0.06200000000000004,REST,0.17446651415224415,0.0954487271497957,0.5615113307966204,0.5824536188017294,0.14480171371096257,1.0701208085555376,0.6538905074314623,0
0.06400000000000004,REST,0.17446651415224415,0.0954487271497957,0.5615113307966204,0.5824536188017294,0.14480171371096257,1.0701208085555376,0.6538905074314623,0
0.06600000000000004,REST,0.17446651415224415,0.0954487271497957,0.5615113307966204,0.5824536188017294,0.14480171371096257,1.0701208085555376,0.6538905074314623,0
0.06800000000000005,REST,0.17446651415224415,0.0954487271497957,0.5615113307966204,0.5824536188017294,0.14480171371096257,1.0701208085555376,0.6538905074314623,0
0.07000000000000005,REST,0.17446651415224415,0.0954487271497957,0.5615113307966204,0.5824536188017294,0.14480171371096257,1.0701208085555376,0.6538905074314623,0
0.07200000000000005,REST,0.17446651415224415,0.0954487271497957,0.5615113307966204,0.5824536188017294,0.14480171371096257,1.0701208085555376,0.6538905074314623,0
0.07400000000000005,REST,0.17446651415224415,0.0954487271497957,0.5615113307966204,0.5824536188017294,0.14480171371096257,1.0701208085555376,0.6538905074314623,0
0.07600000000000005,REST,0.17446651415224415,0.0954487271497957,0.5615113307966204,0.5824536188017294,0.14480171371096257,1.0701208085555376,0.6538905074314623,0
0.07800000000000006,REST,0.17446651415224415,0.0954487271497957,0.5615113307966204,0.5824536188017294,0.14480171371096257,1.0701208085555376,0.6538905074314623,0
0.08000000000000006,REST,0.17446651415224415,0.0954487271497957,0.5615113307966204,0.5824536188017294,0.14480171371096257,1.0701208085555376,0.6538905074314623,0
0.08200000000000006,REST,0.17446651415224415,0.0954487271497957,0.5615113307966204,0.5824536188017294,0.14480171371096257,1.0701208085555376,0.6538905074314623,0
0.08400000000000006,REST,0.17446651415224415,0.0954487271497957,0.5615113307966204,0.5824536188017294,0.14480171371096257,1.0701208085555376,0.6538905074314623,0
0.08600000000000006,REST,0.17446651415224415,0.0954487271497957,0.5615113307966204,0.5824536188017294,0.14480171371096257,1.0701208085555376,0.6538905074314623,0
0.08800000000000006,REST,0.17446651415224415,0.0954487271497957,0.5615113307966204,0.5824536188017294,0.14480171371096257,1.0701208085555376,0.6538905074314623,0
0.09000000000000007,REST,0.17446651415224415,0.0954487271497957,0.5615113307966204,0.5824536188017294,0.14480171371096257,1.0701208085555376,0.6538905074314623,0
0.09200000000000007,REST,0.17446651415224415,0.0954487271497957,0.5615113307966204,0.5824536188017294,0.14480171371096257,1.0701208085555376,0.6538905074314623,0
0.09400000000000007,REST,0.17446651415224415,0.0954487271497957,0.5615113307966204,0.5824536188017294,0.14480171371096257,1.0701208085555376,0.6538905074314623,0
0.09600000000000007,REST,0.17446651415224415,0.0954487271497957,0.5615113307966204,0.5824536188017294,0.14480171371096257,1.0701208085555376,0.6538905074314623,0
0.09800000000000007,REST,0.17446651415224415,0.0954487271497957,0.5615113307966204,0.5824536188017294,0.14480171371096257,1.0701208085555376,0.6538905074314623,0
0.10000000000000007,REST,0.17446651415224415,0.0954487271497957,0.5615113307966204,0.5824536188017294,0.14480171371096257,1.0701208085555376,0.6538905074314623,0
0.10200000000000008,REST,0.17446651415224415,0.0954487271497957,0.5615113307966204,0.5824536188017294,0.14480171371096257,1.0701208085555376,0.6538905074314623,0
0.10400000000000008,REST,0.17446651415224415,0.0954487271497957,0.5615113307966204,0.5824536188017294,0.14480171371096257,1.0701208085555376,0.6538905074314623,0
0.10600000000000008,REST,0.17446651415224415,0.0954487271497957,0.5615113307966204,0.5824536188017294,0.14480171371096257,1.0701208085555376,0.6538905074314623,0
0.10800000000000008,REST,0.17446651415224415,0.0954487271497957,0.5615113307966204,0.5824536188017294,0.14480171371096257,1.0701208085555376,0.6538905074314623,0
0.11000000000000008,REST,0.17446651415224415,0.0954487271497957,0.5615113307966204,0.5824536188017294,0.14480171371096257,1.0701208085555376,0.6538905074314623,0
0.11200000000000009,REST,0.17446651415224415,0.0954487271497957,0.5615113307966204,0.5824536188017294,0.14480171371096257,1.0701208085555376,0.6538905074314623,0
0.11400000000000009,REST,0.17446651415224415,0.0954487271497957,0.5615113307966204,0.5824536188017294,0.14480171371096257,1.0701208085555376,0.6538905074314623,0
0.11600000000000009,REST,0.17446651415224415,0.0954487271497957,0.5615113307966204,0.5824536188017294,0.14480171371096257,1.0701208085555376,0.6538905074314623,0
0.11800000000000009,REST,0.17446651415224415,0.0954487271497957,0.5615113307966204,0.5824536188017294,0.14480171371096257,1.0701208085555376,0.6538905074314623,0
0.12000000000000009,REST,0.17446651415224415,0.0954487271497957,0.5615113307966204,0.5824536188017294,0.14480171371096257,1.0701208085555376,0.6538905074314623,0
0.1220000000000001,REST,0.17446651415224415,0.0954487271497957,0.5615113307966204,0.5824536188017294,0.14480171371096257,1.0701208085555376,0.6538905074314623,0
0.1240000000000001,REST,0.17446651415224415,0.0954487271497957,0.5615113307966204,0.5824536188017294,0.14480171371096257,1.0701208085555376,0.6538905074314623,0
0.12600000000000008,REST,0.17446651415224415,0.0954487271497957,0.5615113307966204,0.5824536188017294,0.14480171371096257,1.0701208085555376,0.6538905074314623,0
0.12800000000000009,REST,0.17446651415224415,0.0954487271497957,0.5615113307966204,0.5824536188017294,0.14480171371096257,1.0701208085555376,0.6538905074314623,0
0.1300000000000001,REST,0.17446651415224415,0.0954487271497957,0.5615113307966204,0.5824536188017294,0.14480171371096257,1.0701208085555376,0.6538905074314623,0
0.1320000000000001,REST,0.17446651415224415,0.0954487271497957,0.5615113307966204,0.5824536188017294,0.14480171371096257,1.0701208085555376,0.6538905074314623,0
0.1340000000000001,REST,0.17446651415224415,0.0954487271497957,0.5615113307966204,0.5824536188017294,0.14480171371096257,1.0701208085555376,0.6538905074314623,0
0.1360000000000001,REST,0.17446651415224415,0.0954487271497957,0.5615113307966204,0.5824536188017294,0.14480171371096257,1.0701208085555376,0.6538905074314623,0
0.1380000000000001,REST,0.17446651415224415,0.0954487271497957,0.5615113307966204,0.5824536188017294,0.14480171371096257,1.0701208085555376,0.6538905074314623,0
0.1400000000000001,REST,0.17446651415224415,0.0954487271497957,0.5615113307966204,0.5824536188017294,0.14480171371096257,1.0701208085555376,0.6538905074314623,0
0.1420000000000001,REST,0.17446651415224415,0.0954487271497957,0.5615113307966204,0.5824536188017294,0.14480171371096257,1.0701208085555376,0.6538905074314623,0
0.1440000000000001,REST,0.17446651415224415,0.0954487271497957,0.5615113307966204,0.5824536188017294,0.14480171371096257,1.0701208085555376,0.6538905074314623,0
0.1460000000000001,REST,0.17446651415224415,0.0954487271497957,0.5615113307966204,0.5824536188017294,0.14480171371096257,1.0701208085555376,0.6538905074314623,0
0.1480000000000001,REST,0.17446651415224415,0.0954487271497957,0.5615113307966204,0.5824536188017294,0.14480171371096257,1.0701208085555376,0.6538905074314623,0
0.1500000000000001,REST,0.17446651415224415,0.0954487271497957,0.5615113307966204,0.5824536188017294,0.14480171371096257,1.0701208085555376,0.6538905074314623,0
0.1520000000000001,REST,0.17446651415224415,0.0954487271497957,0.5615113307966204,0.5824536188017294,0.14480171371096257,1.0701208085555376,0.6538905074314623,0
0.1540000000000001,REST,0.17446651415224415,0.0954487271497957,0.5615113307966204,0.5824536188017294,0.14480171371096257,1.0701208085555376,0.6538905074314623,0
0.1560000000000001,REST,0.17446651415224415,0.0954487271497957,0.5615113307966204,0.5824536188017294,0.14480171371096257,1.0701208085555376,0.6538905074314623,0
0.1580000000000001,REST,0.17446651415224415,0.0954487271497957,0.5615113307966204,0.5824536188017294,0.14480171371096257,1.0701208085555376,0.6538905074314623,0
0.16000000000000011,REST,0.17446651415224415,0.0954487271497957,0.5615113307966204,0.5824536188017294,0.14480171371096257,1.0701208085555376,0.6538905074314623,0
0.16200000000000012,REST,0.17446651415224415,0.0954487271497957,0.5615113307966204,0.5824536188017294,0.14480171371096257,1.0701208085555376,0.6538905074314623,0
0.16400000000000012,REST,0.17446651415224415,0.0954487271497957,0.5615113307966204,0.5824536188017294,0.14480171371096257,1.0701208085555376,0.6538905074314623,0
0.16600000000000012,REST,0.17446651415224415,0.0954487271497957,0.5615113307966204,0.5824536188017294,0.14480171371096257,1.0701208085555376,0.6538905074314623,0
0.16800000000000012,REST,0.17446651415224415,0.0954487271497957,0.5615113307966204,0.5824536188017294,0.14480171371096257,1.0701208085555376,0.6538905074314623,0
0.17000000000000012,REST,0.17446651415224415,0.0954487271497957,0.5615113307966204,0.5824536188017294,0.14480171371096257,1.0701208085555376,0.6538905074314623,0
0.17200000000000013,REST,0.17446651415224415,0.0954487271497957,0.5615113307966204,0.5824536188017294,0.14480171371096257,1.0701208085555376,0.6538905074314623,0
0.17400000000000013,REST,0.17446651415224415,0.0954487271497957,0.5615113307966204,0.5824536188017294,0.14480171371096257,1.0701208085555376,0.6538905074314623,0
0.17600000000000013,REST,0.17446651415224415,0.0954487271497957,0.5615113307966204,0.5824536188017294,0.14480171371096257,1.0701208085555376,0.6538905074314623,0
0.17800000000000013,REST,0.17446651415224415,0.0954487271497957,0.5615113307966204,0.5824536188017294,0.14480171371096257,1.0701208085555376,0.6538905074314623,0
0.18000000000000013,REST,0.17446651415224415,0.0954487271497957,0.5615113307966204,0.5824536188017294,0.14480171371096257,1.0701208085555376,0.6538905074314623,0
0.18200000000000013,REST,0.17446651415224415,0.0954487271497957,0.5615113307966204,0.5824536188017294,0.14480171371096257,1.0701208085555376,0.6538905074314623,0
0.18400000000000014,REST,0.17446651415224415,0.0954487271497957,0.5615113307966204,0.5824536188017294,0.14480171371096257,1.0701208085555376,0.6538905074314623,0
0.18600000000000014,REST,0.17446651415224415,0.0954487271497957,0.5615113307966204,0.5824536188017294,0.14480171371096257,1.0701208085555376,0.6538905074314623,0
0.18800000000000014,REST,0.17446651415224415,0.0954487271497957,0.5615113307966204,0.5824536188017294,0.14480171371096257,1.0701208085555376,0.6538905074314623,0
0.19000000000000014,REST,0.17446651415224415,0.0954487271497957,0.5615113307966204,0.5824536188017294,0.14480171371096257,1.0701208085555376,0.6538905074314623,0
0.19200000000000014,REST,0.17446651415224415,0.0954487271497957,0.5615113307966204,0.5824536188017294,0.14480171371096257,1.0701208085555376,0.6538905074314623,0
0.19400000000000014,REST,0.17446651415224415,0.0954487271497957,0.5615113307966204,0.5824536188017294,0.14480171371096257,1.0701208085555376,0.6538905074314623,0
0.19600000000000015,REST,0.17446651415224415,0.0954487271497957,0.5615113307966204,0.5824536188017294,0.14480171371096257,1.0701208085555376,0.6538905074314623,0
0.19800000000000015,REST,0.17446651415224415,0.0954487271497957,0.5615113307966204,0.5824536188017294,0.14480171371096257,1.0701208085555376,0.6538905074314623,0
0.20000000000000015,REST,0.17446651415224415,0.0954487271497957,0.5615113307966204,0.5824536188017294,0.14480171371096257,1.0701208085555376,0.6538905074314623,0
0.20200000000000015,REST,0.17446651415224415,0.0954487271497957,0.5615113307966204,0.5824536188017294,0.14480171371096257,1.0701208085555376,0.6538905074314623,0
0.20400000000000015,REST,0.17446651415224415,0.0954487271497957,0.5615113307966204,0.5824536188017294,0.14480171371096257,1.0701208085555376,0.6538905074314623,0
0.20600000000000016,REST,0.17446651415224415,0.0954487271497957,0.5615113307966204,0.5824536188017294,0.14480171371096257,1.0701208085555376,0.6538905074314623,0
0.20800000000000016,REST,0.17446651415224415,0.0954487271497957,0.5615113307966204,0.5824536188017294,0.14480171371096257,1.0701208085555376,0.6538905074314623,0
0.21000000000000016,REST,0.17446651415224415,0.0954487271497957,0.5615113307966204,0.5824536188017294,0.14480171371096257,1.0701208085555376,0.6538905074314623,0
0.21200000000000016,REST,0.17446651415224415,0.0954487271497957,0.5615113307966204,0.5824536188017294,0.14480171371096257,1.0701208085555376,0.6538905074314623,0
0.21400000000000016,REST,0.17446651415224415,0.0954487271497957,0.5615113307966204,0.5824536188017294,0.14480171371096257,1.0701208085555376,0.6538905074314623,0
0.21600000000000016,REST,0.17446651415224415,0.0954487271497957,0.5615113307966204,0.5824536188017294,0.14480171371096257,1.0701208085555376,0.6538905074314623,0
0.21800000000000017,REST,0.17446651415224415,0.0954487271497957,0.5615113307966204,0.5824536188017294,0.14480171371096257,1.0701208085555376,0.6538905074314623,0
0.22000000000000017,REST,0.17446651415224415,0.0954487271497957,0.5615113307966204,0.5824536188017294,0.14480171371096257,1.0701208085555376,0.6538905074314623,0
0.22200000000000017,REST,0.17446651415224415,0.0954487271497957,0.5615113307966204,0.5824536188017294,0.14480171371096257,1.0701208085555376,0.6538905074314623,0
0.22400000000000017,REST,0.17446651415224415,0.0954487271497957,0.5615113307966204,0.5824536188017294,0.14480171371096257,1.0701208085555376,0.6538905074314623,0
0.22600000000000017,REST,0.17446651415224415,0.0954487271497957,0.5615113307966204,0.5824536188017294,0.14480171371096257,1.0701208085555376,0.6538905074314623,0
0.22800000000000017,REST,0.17446651415224415,0.0954487271497957,0.5615113307966204,0.5824536188017294,0.14480171371096257,1.0701208085555376,0.6538905074314623,0
0.23000000000000018,REST,0.17446651415224415,0.0954487271497957,0.5615113307966204,0.5824536188017294,0.14480171371096257,1.0701208085555376,0.6538905074314623,0
0.23200000000000018,REST,0.17446651415224415,0.0954487271497957,0.5615113307966204,0.5824536188017294,0.14480171371096257,1.0701208085555376,0.6538905074314623,0
0.23400000000000018,REST,0.17446651415224415,0.0954487271497957,0.5615113307966204,0.5824536188017294,0.14480171371096257,1.0701208085555376,0.6538905074314623,0
0.23600000000000018,REST,0.17446651415224415,0.0954487271497957,0.5615113307966204,0.5824536188017294,0.14480171371096257,1.0701208085555376,0.6538905074314623,0
0.23800000000000018,REST,0.17446651415224415,0.0954487271497957,0.5615113307966204,0.5824536188017294,0.14480171371096257,1.0701208085555376,0.6538905074314623,0
0.24000000000000019,REST,0.17446651415224415,0.0954487271497957,0.5615113307966204,0.5824536188017294,0.14480171371096257,1.0701208085555376,0.6538905074314623,0
0.2420000000000002,REST,0.17446651415224415,0.0954487271497957,0.5615113307966204,0.5824536188017294,0.14480171371096257,1.0701208085555376,0.6538905074314623,0
0.2440000000000002,REST,0.17446651415224415,0.0954487271497957,0.5615113307966204,0.5824536188017294,0.14480171371096257,1.0701208085555376,0.6538905074314623,0
0.2460000000000002,REST,0.17446651415224415,0.0954487271497957,0.5615113307966204,0.5824536188017294,0.14480171371096257,1.0701208085555376,0.6538905074314623,0
0.2480000000000002,REST,0.17446651415224415,0.0954487271497957,0.5615113307966204,0.5824536188017294,0.14480171371096257,1.0701208085555376,0.6538905074314623,0
0.25000000000000017,REST,0.17446651415224415,0.0954487271497957,0.5615113307966204,0.5824536188017294,0.14480171371096257,1.0701208085555376,0.6538905074314623,0
0.25200000000000017,REST,0.17446651415224415,0.0954487271497957,0.5615113307966204,0.5824536188017294,0.14480171371096257,1.0701208085555376,0.6538905074314623,0
0.25400000000000017,REST,0.17446651415224415,0.0954487271497957,0.5615113307966204,0.5824536188017294,0.14480171371096257,1.0701208085555376,0.6538905074314623,0
0.25600000000000017,REST,0.17446651415224415,0.0954487271497957,0.5615113307966204,0.5824536188017294,0.14480171371096257,1.0701208085555376,0.6538905074314623,0
0.2580000000000002,REST,0.17446651415224415,0.0954487271497957,0.5615113307966204,0.5824536188017294,0.14480171371096257,1.0701208085555376,0.6538905074314623,0
0.2600000000000002,REST,0.17446651415224415,0.0954487271497957,0.5615113307966204,0.5824536188017294,0.14480171371096257,1.0701208085555376,0.6538905074314623,0
0.2620000000000002,REST,0.17446651415224415,0.0954487271497957,0.5615113307966204,0.5824536188017294,0.14480171371096257,1.0701208085555376,0.6538905074314623,0
0.2640000000000002,REST,0.17446651415224415,0.0954487271497957,0.5615113307966204,0.5824536188017294,0.14480171371096257,1.0701208085555376,0.6538905074314623,0
0.2660000000000002,REST,0.17446651415224415,0.0954487271497957,0.5615113307966204,0.5824536188017294,0.14480171371096257,1.0701208085555376,0.6538905074314623,0
0.2680000000000002,REST,0.17446651415224415,0.0954487271497957,0.5615113307966204,0.5824536188017294,0.14480171371096257,1.0701208085555376,0.6538905074314623,0
0.2700000000000002,REST,0.17446651415224415,0.0954487271497957,0.5615113307966204,0.5824536188017294,0.14480171371096257,1.0701208085555376,0.6538905074314623,0
0.2720000000000002,REST,0.17446651415224415,0.0954487271497957,0.5615113307966204,0.5824536188017294,0.14480171371096257,1.0701208085555376,0.6538905074314623,0
0.2740000000000002,REST,0.17446651415224415,0.0954487271497957,0.5615113307966204,0.5824536188017294,0.14480171371096257,1.0701208085555376,0.6538905074314623,0
0.2760000000000002,REST,0.17446651415224415,0.0954487271497957,0.5615113307966204,0.5824536188017294,0.14480171371096257,1.0701208085555376,0.6538905074314623,0
0.2780000000000002,REST,0.17446651415224415,0.0954487271497957,0.5615113307966204,0.5824536188017294,0.14480171371096257,1.0701208085555376,0.6538905074314623,0
0.2800000000000002,REST,0.17446651415224415,0.0954487271497957,0.5615113307966204,0.5824536188017294,0.14480171371096257,1.0701208085555376,0.6538905074314623,0
0.2820000000000002,REST,0.17446651415224415,0.0954487271497957,0.5615113307966204,0.5824536188017294,0.14480171371096257,1.0701208085555376,0.6538905074314623,0
0.2840000000000002,REST,0.17446651415224415,0.0954487271497957,0.5615113307966204,0.5824536188017294,0.14480171371096257,1.0701208085555376,0.6538905074314623,0
0.2860000000000002,REST,0.17446651415224415,0.0954487271497957,0.5615113307966204,0.5824536188017294,0.14480171371096257,1.0701208085555376,0.6538905074314623,0
0.2880000000000002,REST,0.17446651415224415,0.0954487271497957,0.5615113307966204,0.5824536188017294,0.14480171371096257,1.0701208085555376,0.6538905074314623,0
0.2900000000000002,REST,0.17446651415224415,0.0954487271497957,0.5615113307966204,0.5824536188017294,0.14480171371096257,1.0701208085555376,0.6538905074314623,0
0.2920000000000002,REST,0.17446651415224415,0.0954487271497957,0.5615113307966204,0.5824536188017294,0.14480171371096257,1.0701208085555376,0.6538905074314623,0
0.2940000000000002,REST,0.17446651415224415,0.0954487271497957,0.5615113307966204,0.5824536188017294,0.14480171371096257,1.0701208085555376,0.6538905074314623,0
0.2960000000000002,REST,0.17446651415224415,0.0954487271497957,0.5615113307966204,0.5824536188017294,0.14480171371096257,1.0701208085555376,0.6538905074314623,0
0.2980000000000002,REST,0.17446651415224415,0.0954487271497957,0.5615113307966204,0.5824536188017294,0.14480171371096257,1.0701208085555376,0.6538905074314623,0
0.3000000000000002,REST,0.17446651415224415,0.0954487271497957,0.5615113307966204,0.5824536188017294,0.14480171371096257,1.0701208085555376,0.6538905074314623,0
0.3020000000000002,REST,0.17446651415224415,0.0954487271497957,0.5615113307966204,0.5824536188017294,0.14480171371096257,1.0701208085555376,0.6538905074314623,0
0.3040000000000002,REST,0.17446651415224415,0.0954487271497957,0.5615113307966204,0.5824536188017294,0.14480171371096257,1.0701208085555376,0.6538905074314623,0
0.3060000000000002,REST,0.17446651415224415,0.0954487271497957,0.5615113307966204,0.5824536188017294,0.14480171371096257,1.0701208085555376,0.6538905074314623,0
0.3080000000000002,REST,0.17446651415224415,0.0954487271497957,0.5615113307966204,0.5824536188017294,0.14480171371096257,1.0701208085555376,0.6538905074314623,0
0.3100000000000002,REST,0.17446651415224415,0.0954487271497957,0.5615113307966204,0.5824536188017294,0.14480171371096257,1.0701208085555376,0.6538905074314623,0
0.3120000000000002,REST,0.17446651415224415,0.0954487271497957,0.5615113307966204,0.5824536188017294,0.14480171371096257,1.0701208085555376,0.6538905074314623,0
0.3140000000000002,REST,0.17446651415224415,0.0954487271497957,0.5615113307966204,0.5824536188017294,0.14480171371096257,1.0701208085555376,0.6538905074314623,0
0.3160000000000002,REST,0.17446651415224415,0.0954487271497957,0.5615113307966204,0.5824536188017294,0.14480171371096257,1.0701208085555376,0.6538905074314623,0
0.3180000000000002,REST,0.17446651415224415,0.0954487271497957,0.5615113307966204,0.5824536188017294,0.14480171371096257,1.0701208085555376,0.6538905074314623,0
0.32000000000000023,REST,0.17446651415224415,0.0954487271497957,0.5615113307966204,0.5824536188017294,0.14480171371096257,1.0701208085555376,0.6538905074314623,0
0.32200000000000023,REST,0.17446651415224415,0.0954487271497957,0.5615113307966204,0.5824536188017294,0.14480171371096257,1.0701208085555376,0.6538905074314623,0
0.32400000000000023,REST,0.17446651415224415,0.0954487271497957,0.5615113307966204,0.5824536188017294,0.14480171371096257,1.0701208085555376,0.6538905074314623,0
0.32600000000000023,REST,0.17446651415224415,0.0954487271497957,0.5615113307966204,0.5824536188017294,0.14480171371096257,1.0701208085555376,0.6538905074314623,0
0.32800000000000024,REST,0.17446651415224415,0.0954487271497957,0.5615113307966204,0.5824536188017294,0.14480171371096257,1.0701208085555376,0.6538905074314623,0
0.33000000000000024,REST,0.17446651415224415,0.0954487271497957,0.5615113307966204,0.5824536188017294,0.14480171371096257,1.0701208085555376,0.6538905074314623,0
0.33200000000000024,REST,0.17446651415224415,0.0954487271497957,0.5615113307966204,0.5824536188017294,0.14480171371096257,1.0701208085555376,0.6538905074314623,0
0.33400000000000024,REST,0.17446651415224415,0.0954487271497957,0.5615113307966204,0.5824536188017294,0.14480171371096257,1.0701208085555376,0.6538905074314623,0
0.33600000000000024,REST,0.17446651415224415,0.0954487271497957,0.5615113307966204,0.5824536188017294,0.14480171371096257,1.0701208085555376,0.6538905074314623,0
0.33800000000000024,REST,0.17446651415224415,0.0954487271497957,0.5615113307966204,0.5824536188017294,0.14480171371096257,1.0701208085555376,0.6538905074314623,0
0.34000000000000025,REST,0.17446651415224415,0.0954487271497957,0.5615113307966204,0.5824536188017294,0.14480171371096257,1.0701208085555376,0.6538905074314623,0
0.34200000000000025,REST,0.17446651415224415,0.0954487271497957,0.5615113307966204,0.5824536188017294,0.14480171371096257,1.0701208085555376,0.6538905074314623,0
0.34400000000000025,REST,0.17446651415224415,0.0954487271497957,0.5615113307966204,0.5824536188017294,0.14480171371096257,1.0701208085555376,0.6538905074314623,0
0.34600000000000025,REST,0.17446651415224415,0.0954487271497957,0.5615113307966204,0.5824536188017294,0.14480171371096257,1.0701208085555376,0.6538905074314623,0
0.34800000000000025,REST,0.17446651415224415,0.0954487271497957,0.5615113307966204,0.5824536188017294,0.14480171371096257,1.0701208085555376,0.6538905074314623,0
0.35000000000000026,REST,0.17446651415224415,0.0954487271497957,0.5615113307966204,0.5824536188017294,0.14480171371096257,1.0701208085555376,0.6538905074314623,0
0.35200000000000026,REST,0.17446651415224415,0.0954487271497957,0.5615113307966204,0.5824536188017294,0.14480171371096257,1.0701208085555376,0.6538905074314623,0
0.35400000000000026,REST,0.17446651415224415,0.0954487271497957,0.5615113307966204,0.5824536188017294,0.14480171371096257,1.0701208085555376,0.6538905074314623,0
0.35600000000000026,REST,0.17446651415224415,0.0954487271497957,0.5615113307966204,0.5824536188017294,0.14480171371096257,1.0701208085555376,0.6538905074314623,0
0.35800000000000026,REST,0.17446651415224415,0.0954487271497957,0.5615113307966204,0.5824536188017294,0.14480171371096257,1.0701208085555376,0.6538905074314623,0
0.36000000000000026,REST,0.17446651415224415,0.0954487271497957,0.5615113307966204,0.5824536188017294,0.14480171371096257,1.0701208085555376,0.6538905074314623,0
0.36200000000000027,REST,0.17446651415224415,0.0954487271497957,0.5615113307966204,0.5824536188017294,0.14480171371096257,1.0701208085555376,0.6538905074314623,0
0.36400000000000027,REST,0.17446651415224415,0.0954487271497957,0.5615113307966204,0.5824536188017294,0.14480171371096257,1.0701208085555376,0.6538905074314623,0
0.36600000000000027,REST,0.17446651415224415,0.0954487271497957,0.5615113307966204,0.5824536188017294,0.14480171371096257,1.0701208085555376,0.6538905074314623,0
0.36800000000000027,REST,0.17446651415224415,0.0954487271497957,0.5615113307966204,0.5824536188017294,0.14480171371096257,1.0701208085555376,0.6538905074314623,0
0.3700000000000003,REST,0.17446651415224415,0.0954487271497957,0.5615113307966204,0.5824536188017294,0.14480171371096257,1.0701208085555376,0.6538905074314623,0
0.3720000000000003,REST,0.17446651415224415,0.0954487271497957,0.5615113307966204,0.5824536188017294,0.14480171371096257,1.0701208085555376,0.6538905074314623,0
0.3740000000000003,REST,0.17446651415224415,0.0954487271497957,0.5615113307966204,0.5824536188017294,0.14480171371096257,1.0701208085555376,0.6538905074314623,0
0.3760000000000003,REST,0.17446651415224415,0.0954487271497957,0.5615113307966204,0.5824536188017294,0.14480171371096257,1.0701208085555376,0.6538905074314623,0
0.3780000000000003,REST,0.17446651415224415,0.0954487271497957,0.5615113307966204,0.5824536188017294,0.14480171371096257,1.0701208085555376,0.6538905074314623,0
0.3800000000000003,REST,0.17446651415224415,0.0954487271497957,0.5615113307966204,0.5824536188017294,0.14480171371096257,1.0701208085555376,0.6538905074314623,0
0.3820000000000003,REST,0.17446651415224415,0.0954487271497957,0.5615113307966204,0.5824536188017294,0.14480171371096257,1.0701208085555376,0.6538905074314623,0
0.3840000000000003,REST,0.17446651415224415,0.0954487271497957,0.5615113307966204,0.5824536188017294,0.14480171371096257,1.0701208085555376,0.6538905074314623,0
0.3860000000000003,REST,0.17446651415224415,0.0954487271497957,0.5615113307966204,0.5824536188017294,0.14480171371096257,1.0701208085555376,0.6538905074314623,0
0.3880000000000003,REST,0.17446651415224415,0.0954487271497957,0.5615113307966204,0.5824536188017294,0.14480171371096257,1.0701208085555376,0.6538905074314623,0
0.3900000000000003,REST,0.17446651415224415,0.0954487271497957,0.5615113307966204,0.5824536188017294,0.14480171371096257,1.0701208085555376,0.6538905074314623,0
0.3920000000000003,REST,0.17446651415224415,0.0954487271497957,0.5615113307966204,0.5824536188017294,0.14480171371096257,1.0701208085555376,0.6538905074314623,0
0.3940000000000003,REST,0.17446651415224415,0.0954487271497957,0.5615113307966204,0.5824536188017294,0.14480171371096257,1.0701208085555376,0.6538905074314623,0
0.3960000000000003,REST,0.17446651415224415,0.0954487271497957,0.5615113307966204,0.5824536188017294,0.14480171371096257,1.0701208085555376,0.6538905074314623,0
0.3980000000000003,REST,0.17446651415224415,0.0954487271497957,0.5615113307966204,0.5824536188017294,0.14480171371096257,1.0701208085555376,0.6538905074314623,0
0.4000000000000003,REST,0.17446651415224415,0.0954487271497957,0.5615113307966204,0.5824536188017294,0.14480171371096257,1.0701208085555376,0.6538905074314623,0
0.4020000000000003,REST,0.17446651415224415,0.0954487271497957,0.5615113307966204,0.5824536188017294,0.14480171371096257,1.0701208085555376,0.6538905074314623,0
0.4040000000000003,REST,0.17446651415224415,0.0954487271497957,0.5615113307966204,0.5824536188017294,0.14480171371096257,1.0701208085555376,0.6538905074314623,0
0.4060000000000003,REST,0.17446651415224415,0.0954487271497957,0.5615113307966204,0.5824536188017294,0.14480171371096257,1.0701208085555376,0.6538905074314623,0
0.4080000000000003,REST,0.17446651415224415,0.0954487271497957,0.5615113307966204,0.5824536188017294,0.14480171371096257,1.0701208085555376,0.6538905074314623,0
0.4100000000000003,REST,0.17446651415224415,0.0954487271497957,0.5615113307966204,0.5824536188017294,0.14480171371096257,1.0701208085555376,0.6538905074314623,0
0.4120000000000003,REST,0.17446651415224415,0.0954487271497957,0.5615113307966204,0.5824536188017294,0.14480171371096257,1.0701208085555376,0.6538905074314623,0
0.4140000000000003,REST,0.17446651415224415,0.0954487271497957,0.5615113307966204,0.5824536188017294,0.14480171371096257,1.0701208085555376,0.6538905074314623,0
0.4160000000000003,REST,0.17446651415224415,0.0954487271497957,0.5615113307966204,0.5824536188017294,0.14480171371096257,1.0701208085555376,0.6538905074314623,0
0.4180000000000003,REST,0.17446651415224415,0.0954487271497957,0.5615113307966204,0.5824536188017294,0.14480171371096257,1.0701208085555376,0.6538905074314623,0
0.4200000000000003,REST,0.17446651415224415,0.0954487271497957,0.5615113307966204,0.5824536188017294,0.14480171371096257,1.0701208085555376,0.6538905074314623,0
0.4220000000000003,REST,0.17446651415224415,0.0954487271497957,0.5615113307966204,0.5824536188017294,0.14480171371096257,1.0701208085555376,0.6538905074314623,0
0.4240000000000003,REST,0.17446651415224415,0.0954487271497957,0.5615113307966204,0.5824536188017294,0.14480171371096257,1.0701208085555376,0.6538905074314623,0
0.4260000000000003,REST,0.17446651415224415,0.0954487271497957,0.5615113307966204,0.5824536188017294,0.14480171371096257,1.0701208085555376,0.6538905074314623,0
0.4280000000000003,REST,0.17446651415224415,0.0954487271497957,0.5615113307966204,0.5824536188017294,0.14480171371096257,1.0701208085555376,0.6538905074314623,0
0.4300000000000003,REST,0.17446651415224415,0.0954487271497957,0.5615113307966204,0.5824536188017294,0.14480171371096257,1.0701208085555376,0.6538905074314623,0
0.43200000000000033,REST,0.17446651415224415,0.0954487271497957,0.5615113307966204,0.5824536188017294,0.14480171371096257,1.0701208085555376,0.6538905074314623,0
0.43400000000000033,REST,0.17446651415224415,0.0954487271497957,0.5615113307966204,0.5824536188017294,0.14480171371096257,1.0701208085555376,0.6538905074314623,0
0.43600000000000033,REST,0.17446651415224415,0.0954487271497957,0.5615113307966204,0.5824536188017294,0.14480171371096257,1.0701208085555376,0.6538905074314623,0
0.43800000000000033,REST,0.17446651415224415,0.0954487271497957,0.5615113307966204,0.5824536188017294,0.14480171371096257,1.0701208085555376,0.6538905074314623,0
0.44000000000000034,REST,0.17446651415224415,0.0954487271497957,0.5615113307966204,0.5824536188017294,0.14480171371096257,1.0701208085555376,0.6538905074314623,0
0.44200000000000034,REST,0.17446651415224415,0.0954487271497957,0.5615113307966204,0.5824536188017294,0.14480171371096257,1.0701208085555376,0.6538905074314623,0
0.44400000000000034,REST,0.17446651415224415,0.0954487271497957,0.5615113307966204,0.5824536188017294,0.14480171371096257,1.0701208085555376,0.6538905074314623,0
0.44600000000000034,REST,0.17446651415224415,0.0954487271497957,0.5615113307966204,0.5824536188017294,0.14480171371096257,1.0701208085555376,0.6538905074314623,0
0.44800000000000034,REST,0.17446651415224415,0.0954487271497957,0.5615113307966204,0.5824536188017294,0.14480171371096257,1.0701208085555376,0.6538905074314623,0
0.45000000000000034,REST,0.17446651415224415,0.0954487271497957,0.5615113307966204,0.5824536188017294,0.14480171371096257,1.0701208085555376,0.6538905074314623,0
0.45200000000000035,REST,0.17446651415224415,0.0954487271497957,0.5615113307966204,0.5824536188017294,0.14480171371096257,1.0701208085555376,0.6538905074314623,0
0.45400000000000035,REST,0.17446651415224415,0.0954487271497957,0.5615113307966204,0.5824536188017294,0.14480171371096257,1.0701208085555376,0.6538905074314623,0
0.45600000000000035,REST,0.17446651415224415,0.0954487271497957,0.5615113307966204,0.5824536188017294,0.14480171371096257,1.0701208085555376,0.6538905074314623,0
0.45800000000000035,REST,0.17446651415224415,0.0954487271497957,0.5615113307966204,0.5824536188017294,0.14480171371096257,1.0701208085555376,0.6538905074314623,0
0.46000000000000035,REST,0.17446651415224415,0.0954487271497957,0.5615113307966204,0.5824536188017294,0.14480171371096257,1.0701208085555376,0.6538905074314623,0
0.46200000000000035,REST,0.17446651415224415,0.0954487271497957,0.5615113307966204,0.5824536188017294,0.14480171371096257,1.0701208085555376,0.6538905074314623,0
0.46400000000000036,REST,0.17446651415224415,0.0954487271497957,0.5615113307966204,0.5824536188017294,0.14480171371096257,1.0701208085555376,0.6538905074314623,0
0.46600000000000036,REST,0.17446651415224415,0.0954487271497957,0.5615113307966204,0.5824536188017294,0.14480171371096257,1.0701208085555376,0.6538905074314623,0
0.46800000000000036,REST,0.17446651415224415,0.0954487271497957,0.5615113307966204,0.5824536188017294,0.14480171371096257,1.0701208085555376,0.6538905074314623,0
0.47000000000000036,REST,0.17446651415224415,0.0954487271497957,0.5615113307966204,0.5824536188017294,0.14480171371096257,1.0701208085555376,0.6538905074314623,0
0.47200000000000036,REST,0.17446651415224415,0.0954487271497957,0.5615113307966204,0.5824536188017294,0.14480171371096257,1.0701208085555376,0.6538905074314623,0
0.47400000000000037,REST,0.17446651415224415,0.0954487271497957,0.5615113307966204,0.5824536188017294,0.14480171371096257,1.0701208085555376,0.6538905074314623,0
0.47600000000000037,REST,0.17446651415224415,0.0954487271497957,0.5615113307966204,0.5824536188017294,0.14480171371096257,1.0701208085555376,0.6538905074314623,0
0.47800000000000037,REST,0.17446651415224415,0.0954487271497957,0.5615113307966204,0.5824536188017294,0.14480171371096257,1.0701208085555376,0.6538905074314623,0
0.48000000000000037,REST,0.17446651415224415,0.0954487271497957,0.5615113307966204,0.5824536188017294,0.14480171371096257,1.0701208085555376,0.6538905074314623,0
0.4820000000000004,REST,0.17446651415224415,0.0954487271497957,0.5615113307966204,0.5824536188017294,0.14480171371096257,1.0701208085555376,0.6538905074314623,0
0.4840000000000004,REST,0.17446651415224415,0.0954487271497957,0.5615113307966204,0.5824536188017294,0.14480171371096257,1.0701208085555376,0.6538905074314623,0
0.4860000000000004,REST,0.17446651415224415,0.0954487271497957,0.5615113307966204,0.5824536188017294,0.14480171371096257,1.0701208085555376,0.6538905074314623,0
0.4880000000000004,REST,0.17446651415224415,0.0954487271497957,0.5615113307966204,0.5824536188017294,0.14480171371096257,1.0701208085555376,0.6538905074314623,0
0.4900000000000004,REST,0.17446651415224415,0.0954487271497957,0.5615113307966204,0.5824536188017294,0.14480171371096257,1.0701208085555376,0.6538905074314623,0
0.4920000000000004,REST,0.17446651415224415,0.0954487271497957,0.5615113307966204,0.5824536188017294,0.14480171371096257,1.0701208085555376,0.6538905074314623,0
0.4940000000000004,REST,0.17446651415224415,0.0954487271497957,0.5615113307966204,0.5824536188017294,0.14480171371096257,1.0701208085555376,0.6538905074314623,0
0.4960000000000004,REST,0.17446651415224415,0.0954487271497957,0.5615113307966204,0.5824536188017294,0.14480171371096257,1.0701208085555376,0.6538905074314623,0
0.4980000000000004,REST,0.17446651415224415,0.0954487271497957,0.5615113307966204,0.5824536188017294,0.14480171371096257,1.0701208085555376,0.6538905074314623,0
0.5000000000000003,REST,0.17446651415224415,0.0954487271497957,0.5615113307966204,0.5824536188017294,0.14480171371096257,1.0701208085555376,0.6538905074314623,0
0.5020000000000003,REST,0.17446651415224415,0.0954487271497957,0.5615113307966204,0.5824536188017294,0.14480171371096257,1.0701208085555376,0.6538905074314623,0
0.5040000000000003,REST,0.17446651415224415,0.0954487271497957,0.5615113307966204,0.5824536188017294,0.14480171371096257,1.0701208085555376,0.6538905074314623,0
0.5060000000000003,REST,0.17446651415224415,0.0954487271497957,0.5615113307966204,0.5824536188017294,0.14480171371096257,1.0701208085555376,0.6538905074314623,0
0.5080000000000003,REST,0.17446651415224415,0.0954487271497957,0.5615113307966204,0.5824536188017294,0.14480171371096257,1.0701208085555376,0.6538905074314623,0
0.5100000000000003,REST,0.17446651415224415,0.0954487271497957,0.5615113307966204,0.5824536188017294,0.14480171371096257,1.0701208085555376,0.6538905074314623,0
0.5120000000000003,REST,0.17446651415224415,0.0954487271497957,0.5615113307966204,0.5824536188017294,0.14480171371096257,1.0701208085555376,0.6538905074314623,0
0.5140000000000003,REST,0.17446651415224415,0.0954487271497957,0.5615113307966204,0.5824536188017294,0.14480171371096257,1.0701208085555376,0.6538905074314623,0
0.5160000000000003,REST,0.17446651415224415,0.0954487271497957,0.5615113307966204,0.5824536188017294,0.14480171371096257,1.0701208085555376,0.6538905074314623,0
0.5180000000000003,REST,0.17446651415224415,0.0954487271497957,0.5615113307966204,0.5824536188017294,0.14480171371096257,1.0701208085555376,0.6538905074314623,0
0.5200000000000004,REST,0.17446651415224415,0.0954487271497957,0.5615113307966204,0.5824536188017294,0.14480171371096257,1.0701208085555376,0.6538905074314623,0
0.5220000000000004,REST,0.17446651415224415,0.0954487271497957,0.5615113307966204,0.5824536188017294,0.14480171371096257,1.0701208085555376,0.6538905074314623,0
0.5240000000000004,REST,0.17446651415224415,0.0954487271497957,0.5615113307966204,0.5824536188017294,0.14480171371096257,1.0701208085555376,0.6538905074314623,0
0.5260000000000004,REST,0.17446651415224415,0.0954487271497957,0.5615113307966204,0.5824536188017294,0.14480171371096257,1.0701208085555376,0.6538905074314623,0
0.5280000000000004,REST,0.17446651415224415,0.0954487271497957,0.5615113307966204,0.5824536188017294,0.14480171371096257,1.0701208085555376,0.6538905074314623,0
0.5300000000000004,REST,0.17446651415224415,0.0954487271497957,0.5615113307966204,0.5824536188017294,0.14480171371096257,1.0701208085555376,0.6538905074314623,0
0.5320000000000004,REST,0.17446651415224415,0.0954487271497957,0.5615113307966204,0.5824536188017294,0.14480171371096257,1.0701208085555376,0.6538905074314623,0
0.5340000000000004,REST,0.17446651415224415,0.0954487271497957,0.5615113307966204,0.5824536188017294,0.14480171371096257,1.0701208085555376,0.6538905074314623,0
0.5360000000000004,REST,0.17446651415224415,0.0954487271497957,0.5615113307966204,0.5824536188017294,0.14480171371096257,1.0701208085555376,0.6538905074314623,0
0.5380000000000004,REST,0.17446651415224415,0.0954487271497957,0.5615113307966204,0.5824536188017294,0.14480171371096257,1.0701208085555376,0.6538905074314623,0
0.5400000000000004,REST,0.17446651415224415,0.0954487271497957,0.5615113307966204,0.5824536188017294,0.14480171371096257,1.0701208085555376,0.6538905074314623,0
0.5420000000000004,REST,0.17446651415224415,0.0954487271497957,0.5615113307966204,0.5824536188017294,0.14480171371096257,1.0701208085555376,0.6538905074314623,0
0.5440000000000004,REST,0.17446651415224415,0.0954487271497957,0.5615113307966204,0.5824536188017294,0.14480171371096257,1.0701208085555376,0.6538905074314623,0
0.5460000000000004,REST,0.17446651415224415,0.0954487271497957,0.5615113307966204,0.5824536188017294,0.14480171371096257,1.0701208085555376,0.6538905074314623,0
0.5480000000000004,REST,0.17446651415224415,0.0954487271497957,0.5615113307966204,0.5824536188017294,0.14480171371096257,1.0701208085555376,0.6538905074314623,0
0.5500000000000004,REST,0.17446651415224415,0.0954487271497957,0.5615113307966204,0.5824536188017294,0.14480171371096257,1.0701208085555376,0.6538905074314623,0
0.5520000000000004,REST,0.17446651415224415,0.0954487271497957,0.5615113307966204,0.5824536188017294,0.14480171371096257,1.0701208085555376,0.6538905074314623,0
0.5540000000000004,REST,0.17446651415224415,0.0954487271497957,0.5615113307966204,0.5824536188017294,0.14480171371096257,1.0701208085555376,0.6538905074314623,0
0.5560000000000004,REST,0.17446651415224415,0.0954487271497957,0.5615113307966204,0.5824536188017294,0.14480171371096257,1.0701208085555376,0.6538905074314623,0
0.5580000000000004,REST,0.17446651415224415,0.0954487271497957,0.5615113307966204,0.5824536188017294,0.14480171371096257,1.0701208085555376,0.6538905074314623,0
0.5600000000000004,REST,0.17446651415224415,0.0954487271497957,0.5615113307966204,0.5824536188017294,0.14480171371096257,1.0701208085555376,0.6538905074314623,0
0.5620000000000004,REST,0.17446651415224415,0.0954487271497957,0.5615113307966204,0.5824536188017294,0.14480171371096257,1.0701208085555376,0.6538905074314623,0
0.5640000000000004,REST,0.17446651415224415,0.0954487271497957,0.5615113307966204,0.5824536188017294,0.14480171371096257,1.0701208085555376,0.6538905074314623,0
0.5660000000000004,REST,0.17446651415224415,0.0954487271497957,0.5615113307966204,0.5824536188017294,0.14480171371096257,1.0701208085555376,0.6538905074314623,0
0.5680000000000004,REST,0.17446651415224415,0.0954487271497957,0.5615113307966204,0.5824536188017294,0.14480171371096257,1.0701208085555376,0.6538905074314623,0
0.5700000000000004,REST,0.17446651415224415,0.0954487271497957,0.5615113307966204,0.5824536188017294,0.14480171371096257,1.0701208085555376,0.6538905074314623,0
0.5720000000000004,REST,0.17446651415224415,0.0954487271497957,0.5615113307966204,0.5824536188017294,0.14480171371096257,1.0701208085555376,0.6538905074314623,0
0.5740000000000004,REST,0.17446651415224415,0.0954487271497957,0.5615113307966204,0.5824536188017294,0.14480171371096257,1.0701208085555376,0.6538905074314623,0
0.5760000000000004,REST,0.17446651415224415,0.0954487271497957,0.5615113307966204,0.5824536188017294,0.14480171371096257,1.0701208085555376,0.6538905074314623,0
0.5780000000000004,REST,0.17446651415224415,0.0954487271497957,0.5615113307966204,0.5824536188017294,0.14480171371096257,1.0701208085555376,0.6538905074314623,0
0.5800000000000004,REST,0.17446651415224415,0.0954487271497957,0.5615113307966204,0.5824536188017294,0.14480171371096257,1.0701208085555376,0.6538905074314623,0
0.5820000000000004,REST,0.17446651415224415,0.0954487271497957,0.5615113307966204,0.5824536188017294,0.14480171371096257,1.0701208085555376,0.6538905074314623,0
0.5840000000000004,REST,0.17446651415224415,0.0954487271497957,0.5615113307966204,0.5824536188017294,0.14480171371096257,1.0701208085555376,0.6538905074314623,0
0.5860000000000004,REST,0.17446651415224415,0.0954487271497957,0.5615113307966204,0.5824536188017294,0.14480171371096257,1.0701208085555376,0.6538905074314623,0
0.5880000000000004,REST,0.17446651415224415,0.0954487271497957,0.5615113307966204,0.5824536188017294,0.14480171371096257,1.0701208085555376,0.6538905074314623,0
0.5900000000000004,REST,0.17446651415224415,0.0954487271497957,0.5615113307966204,0.5824536188017294,0.14480171371096257,1.0701208085555376,0.6538905074314623,0
0.5920000000000004,REST,0.17446651415224415,0.0954487271497957,0.5615113307966204,0.5824536188017294,0.14480171371096257,1.0701208085555376,0.6538905074314623,0
0.5940000000000004,REST,0.17446651415224415,0.0954487271497957,0.5615113307966204,0.5824536188017294,0.14480171371096257,1.0701208085555376,0.6538905074314623,0
0.5960000000000004,REST,0.17446651415224415,0.0954487271497957,0.5615113307966204,0.5824536188017294,0.14480171371096257,1.0701208085555376,0.6538905074314623,0
0.5980000000000004,REST,0.17446651415224415,0.0954487271497957,0.5615113307966204,0.5824536188017294,0.14480171371096257,1.0701208085555376,0.6538905074314623,0
0.6000000000000004,REST,0.17446651415224415,0.0954487271497957,0.5615113307966204,0.5824536188017294,0.14480171371096257,1.0701208085555376,0.6538905074314623,0
0.6020000000000004,REST,0.17446651415224415,0.0954487271497957,0.5615113307966204,0.5824536188017294,0.14480171371096257,1.0701208085555376,0.6538905074314623,0
0.6040000000000004,REST,0.17446651415224415,0.0954487271497957,0.5615113307966204,0.5824536188017294,0.14480171371096257,1.0701208085555376,0.6538905074314623,0
0.6060000000000004,REST,0.17446651415224415,0.0954487271497957,0.5615113307966204,0.5824536188017294,0.14480171371096257,1.0701208085555376,0.6538905074314623,0
0.6080000000000004,REST,0.17446651415224415,0.0954487271497957,0.5615113307966204,0.5824536188017294,0.14480171371096257,1.0701208085555376,0.6538905074314623,0
0.6100000000000004,REST,0.17446651415224415,0.0954487271497957,0.5615113307966204,0.5824536188017294,0.14480171371096257,1.0701208085555376,0.6538905074314623,0
0.6120000000000004,REST,0.17446651415224415,0.0954487271497957,0.5615113307966204,0.5824536188017294,0.14480171371096257,1.0701208085555376,0.6538905074314623,0
0.6140000000000004,REST,0.17446651415224415,0.0954487271497957,0.5615113307966204,0.5824536188017294,0.14480171371096257,1.0701208085555376,0.6538905074314623,0
0.6160000000000004,REST,0.17446651415224415,0.0954487271497957,0.5615113307966204,0.5824536188017294,0.14480171371096257,1.0701208085555376,0.6538905074314623,0
0.6180000000000004,REST,0.17446651415224415,0.0954487271497957,0.5615113307966204,0.5824536188017294,0.14480171371096257,1.0701208085555376,0.6538905074314623,0
0.6200000000000004,REST,0.17446651415224415,0.0954487271497957,0.5615113307966204,0.5824536188017294,0.14480171371096257,1.0701208085555376,0.6538905074314623,0
0.6220000000000004,REST,0.17446651415224415,0.0954487271497957,0.5615113307966204,0.5824536188017294,0.14480171371096257,1.0701208085555376,0.6538905074314623,0
0.6240000000000004,REST,0.17446651415224415,0.0954487271497957,0.5615113307966204,0.5824536188017294,0.14480171371096257,1.0701208085555376,0.6538905074314623,0
0.6260000000000004,REST,0.17446651415224415,0.0954487271497957,0.5615113307966204,0.5824536188017294,0.14480171371096257,1.0701208085555376,0.6538905074314623,0
0.6280000000000004,REST,0.17446651415224415,0.0954487271497957,0.5615113307966204,0.5824536188017294,0.14480171371096257,1.0701208085555376,0.6538905074314623,0
0.6300000000000004,REST,0.17446651415224415,0.0954487271497957,0.5615113307966204,0.5824536188017294,0.14480171371096257,1.0701208085555376,0.6538905074314623,0
0.6320000000000005,REST,0.17446651415224415,0.0954487271497957,0.5615113307966204,0.5824536188017294,0.14480171371096257,1.0701208085555376,0.6538905074314623,0
0.6340000000000005,REST,0.17446651415224415,0.0954487271497957,0.5615113307966204,0.5824536188017294,0.14480171371096257,1.0701208085555376,0.6538905074314623,0
0.6360000000000005,REST,0.17446651415224415,0.0954487271497957,0.5615113307966204,0.5824536188017294,0.14480171371096257,1.0701208085555376,0.6538905074314623,0
0.6380000000000005,REST,0.17446651415224415,0.0954487271497957,0.5615113307966204,0.5824536188017294,0.14480171371096257,1.0701208085555376,0.6538905074314623,0
0.6400000000000005,REST,0.17446651415224415,0.0954487271497957,0.5615113307966204,0.5824536188017294,0.14480171371096257,1.0701208085555376,0.6538905074314623,0
0.6420000000000005,REST,0.17446651415224415,0.0954487271497957,0.5615113307966204,0.5824536188017294,0.14480171371096257,1.0701208085555376,0.6538905074314623,0
0.6440000000000005,REST,0.17446651415224415,0.0954487271497957,0.5615113307966204,0.5824536188017294,0.14480171371096257,1.0701208085555376,0.6538905074314623,0
0.6460000000000005,REST,0.17446651415224415,0.0954487271497957,0.5615113307966204,0.5824536188017294,0.14480171371096257,1.0701208085555376,0.6538905074314623,0
0.6480000000000005,REST,0.17446651415224415,0.0954487271497957,0.5615113307966204,0.5824536188017294,0.14480171371096257,1.0701208085555376,0.6538905074314623,0
0.6500000000000005,REST,0.17446651415224415,0.0954487271497957,0.5615113307966204,0.5824536188017294,0.14480171371096257,1.0701208085555376,0.6538905074314623,0
0.6520000000000005,REST,0.17446651415224415,0.0954487271497957,0.5615113307966204,0.5824536188017294,0.14480171371096257,1.0701208085555376,0.6538905074314623,0
0.6540000000000005,REST,0.17446651415224415,0.0954487271497957,0.5615113307966204,0.5824536188017294,0.14480171371096257,1.0701208085555376,0.6538905074314623,0
0.6560000000000005,REST,0.17446651415224415,0.0954487271497957,0.5615113307966204,0.5824536188017294,0.14480171371096257,1.0701208085555376,0.6538905074314623,0
0.6580000000000005,REST,0.17446651415224415,0.0954487271497957,0.5615113307966204,0.5824536188017294,0.14480171371096257,1.0701208085555376,0.6538905074314623,0
0.6600000000000005,REST,0.17446651415224415,0.0954487271497957,0.5615113307966204,0.5824536188017294,0.14480171371096257,1.0701208085555376,0.6538905074314623,0
0.6620000000000005,REST,0.17446651415224415,0.0954487271497957,0.5615113307966204,0.5824536188017294,0.14480171371096257,1.0701208085555376,0.6538905074314623,0
0.6640000000000005,REST,0.17446651415224415,0.0954487271497957,0.5615113307966204,0.5824536188017294,0.14480171371096257,1.0701208085555376,0.6538905074314623,0
0.6660000000000005,REST,0.17446651415224415,0.0954487271497957,0.5615113307966204,0.5824536188017294,0.14480171371096257,1.0701208085555376,0.6538905074314623,0
0.6680000000000005,REST,0.17446651415224415,0.0954487271497957,0.5615113307966204,0.5824536188017294,0.14480171371096257,1.0701208085555376,0.6538905074314623,0
0.6700000000000005,REST,0.17446651415224415,0.0954487271497957,0.5615113307966204,0.5824536188017294,0.14480171371096257,1.0701208085555376,0.6538905074314623,0
0.6720000000000005,REST,0.17446651415224415,0.0954487271497957,0.5615113307966204,0.5824536188017294,0.14480171371096257,1.0701208085555376,0.6538905074314623,0
0.6740000000000005,REST,0.17446651415224415,0.0954487271497957,0.5615113307966204,0.5824536188017294,0.14480171371096257,1.0701208085555376,0.6538905074314623,0
0.6760000000000005,REST,0.17446651415224415,0.0954487271497957,0.5615113307966204,0.5824536188017294,0.14480171371096257,1.0701208085555376,0.6538905074314623,0
0.6780000000000005,REST,0.17446651415224415,0.0954487271497957,0.5615113307966204,0.5824536188017294,0.14480171371096257,1.0701208085555376,0.6538905074314623,0
0.6800000000000005,REST,0.17446651415224415,0.0954487271497957,0.5615113307966204,0.5824536188017294,0.14480171371096257,1.0701208085555376,0.6538905074314623,0
0.6820000000000005,REST,0.17446651415224415,0.0954487271497957,0.5615113307966204,0.5824536188017294,0.14480171371096257,1.0701208085555376,0.6538905074314623,0
0.6840000000000005,REST,0.17446651415224415,0.0954487271497957,0.5615113307966204,0.5824536188017294,0.14480171371096257,1.0701208085555376,0.6538905074314623,0
0.6860000000000005,REST,0.17446651415224415,0.0954487271497957,0.5615113307966204,0.5824536188017294,0.14480171371096257,1.0701208085555376,0.6538905074314623,0
0.6880000000000005,REST,0.17446651415224415,0.0954487271497957,0.5615113307966204,0.5824536188017294,0.14480171371096257,1.0701208085555376,0.6538905074314623,0
0.6900000000000005,REST,0.17446651415224415,0.0954487271497957,0.5615113307966204,0.5824536188017294,0.14480171371096257,1.0701208085555376,0.6538905074314623,0
0.6920000000000005,REST,0.17446651415224415,0.0954487271497957,0.5615113307966204,0.5824536188017294,0.14480171371096257,1.0701208085555376,0.6538905074314623,0
0.6940000000000005,REST,0.17446651415224415,0.0954487271497957,0.5615113307966204,0.5824536188017294,0.14480171371096257,1.0701208085555376,0.6538905074314623,0
0.6960000000000005,REST,0.17446651415224415,0.0954487271497957,0.5615113307966204,0.5824536188017294,0.14480171371096257,1.0701208085555376,0.6538905074314623,0
0.6980000000000005,REST,0.17446651415224415,0.0954487271497957,0.5615113307966204,0.5824536188017294,0.14480171371096257,1.0701208085555376,0.6538905074314623,0
0.7000000000000005,REST,0.17446651415224415,0.0954487271497957,0.5615113307966204,0.5824536188017294,0.14480171371096257,1.0701208085555376,0.6538905074314623,0
0.7020000000000005,REST,0.17446651415224415,0.0954487271497957,0.5615113307966204,0.5824536188017294,0.14480171371096257,1.0701208085555376,0.6538905074314623,0
0.7040000000000005,REST,0.17446651415224415,0.0954487271497957,0.5615113307966204,0.5824536188017294,0.14480171371096257,1.0701208085555376,0.6538905074314623,0
0.7060000000000005,REST,0.17446651415224415,0.0954487271497957,0.5615113307966204,0.5824536188017294,0.14480171371096257,1.0701208085555376,0.6538905074314623,0
0.7080000000000005,REST,0.17446651415224415,0.0954487271497957,0.5615113307966204,0.5824536188017294,0.14480171371096257,1.0701208085555376,0.6538905074314623,0
0.7100000000000005,REST,0.17446651415224415,0.0954487271497957,0.5615113307966204,0.5824536188017294,0.14480171371096257,1.0701208085555376,0.6538905074314623,0
0.7120000000000005,REST,0.17446651415224415,0.0954487271497957,0.5615113307966204,0.5824536188017294,0.14480171371096257,1.0701208085555376,0.6538905074314623,0
0.7140000000000005,REST,0.17446651415224415,0.0954487271497957,0.5615113307966204,0.5824536188017294,0.14480171371096257,1.0701208085555376,0.6538905074314623,0
0.7160000000000005,REST,0.17446651415224415,0.0954487271497957,0.5615113307966204,0.5824536188017294,0.14480171371096257,1.0701208085555376,0.6538905074314623,0
0.7180000000000005,REST,0.17446651415224415,0.0954487271497957,0.5615113307966204,0.5824536188017294,0.14480171371096257,1.0701208085555376,0.6538905074314623,0
0.7200000000000005,REST,0.17446651415224415,0.0954487271497957,0.5615113307966204,0.5824536188017294,0.14480171371096257,1.0701208085555376,0.6538905074314623,0
0.7220000000000005,REST,0.17446651415224415,0.0954487271497957,0.5615113307966204,0.5824536188017294,0.14480171371096257,1.0701208085555376,0.6538905074314623,0
0.7240000000000005,REST,0.17446651415224415,0.0954487271497957,0.5615113307966204,0.5824536188017294,0.14480171371096257,1.0701208085555376,0.6538905074314623,0
0.7260000000000005,REST,0.17446651415224415,0.0954487271497957,0.5615113307966204,0.5824536188017294,0.14480171371096257,1.0701208085555376,0.6538905074314623,0
0.7280000000000005,REST,0.17446651415224415,0.0954487271497957,0.5615113307966204,0.5824536188017294,0.14480171371096257,1.0701208085555376,0.6538905074314623,0
0.7300000000000005,REST,0.17446651415224415,0.0954487271497957,0.5615113307966204,0.5824536188017294,0.14480171371096257,1.0701208085555376,0.6538905074314623,0
0.7320000000000005,REST,0.17446651415224415,0.0954487271497957,0.5615113307966204,0.5824536188017294,0.14480171371096257,1.0701208085555376,0.6538905074314623,0
0.7340000000000005,REST,0.17446651415224415,0.0954487271497957,0.5615113307966204,0.5824536188017294,0.14480171371096257,1.0701208085555376,0.6538905074314623,0
0.7360000000000005,REST,0.17446651415224415,0.0954487271497957,0.5615113307966204,0.5824536188017294,0.14480171371096257,1.0701208085555376,0.6538905074314623,0
0.7380000000000005,REST,0.17446651415224415,0.0954487271497957,0.5615113307966204,0.5824536188017294,0.14480171371096257,1.0701208085555376,0.6538905074314623,0
0.7400000000000005,REST,0.17446651415224415,0.0954487271497957,0.5615113307966204,0.5824536188017294,0.14480171371096257,1.0701208085555376,0.6538905074314623,0
0.7420000000000005,REST,0.17446651415224415,0.0954487271497957,0.5615113307966204,0.5824536188017294,0.14480171371096257,1.0701208085555376,0.6538905074314623,0
0.7440000000000005,REST,0.17446651415224415,0.0954487271497957,0.5615113307966204,0.5824536188017294,0.14480171371096257,1.0701208085555376,0.6538905074314623,0
0.7460000000000006,REST,0.17446651415224415,0.0954487271497957,0.5615113307966204,0.5824536188017294,0.14480171371096257,1.0701208085555376,0.6538905074314623,0
0.7480000000000006,REST,0.17446651415224415,0.0954487271497957,0.5615113307966204,0.5824536188017294,0.14480171371096257,1.0701208085555376,0.6538905074314623,0
0.7500000000000006,REST,0.17446651415224415,0.0954487271497957,0.5615113307966204,0.5824536188017294,0.14480171371096257,1.0701208085555376,0.6538905074314623,0
0.7520000000000006,REST,0.17446651415224415,0.0954487271497957,0.5615113307966204,0.5824536188017294,0.14480171371096257,1.0701208085555376,0.6538905074314623,0
0.7540000000000006,REST,0.17446651415224415,0.0954487271497957,0.5615113307966204,0.5824536188017294,0.14480171371096257,1.0701208085555376,0.6538905074314623,0
0.7560000000000006,REST,0.17446651415224415,0.0954487271497957,0.5615113307966204,0.5824536188017294,0.14480171371096257,1.0701208085555376,0.6538905074314623,0
0.7580000000000006,REST,0.17446651415224415,0.0954487271497957,0.5615113307966204,0.5824536188017294,0.14480171371096257,1.0701208085555376,0.6538905074314623,0
0.7600000000000006,REST,0.17446651415224415,0.0954487271497957,0.5615113307966204,0.5824536188017294,0.14480171371096257,1.0701208085555376,0.6538905074314623,0
0.7620000000000006,REST,0.17446651415224415,0.0954487271497957,0.5615113307966204,0.5824536188017294,0.14480171371096257,1.0701208085555376,0.6538905074314623,0
0.7640000000000006,REST,0.17446651415224415,0.0954487271497957,0.5615113307966204,0.5824536188017294,0.14480171371096257,1.0701208085555376,0.6538905074314623,0
0.7660000000000006,REST,0.17446651415224415,0.0954487271497957,0.5615113307966204,0.5824536188017294,0.14480171371096257,1.0701208085555376,0.6538905074314623,0
0.7680000000000006,REST,0.17446651415224415,0.0954487271497957,0.5615113307966204,0.5824536188017294,0.14480171371096257,1.0701208085555376,0.6538905074314623,0
0.7700000000000006,REST,0.17446651415224415,0.0954487271497957,0.5615113307966204,0.5824536188017294,0.14480171371096257,1.0701208085555376,0.6538905074314623,0
0.7720000000000006,REST,0.17446651415224415,0.0954487271497957,0.5615113307966204,0.5824536188017294,0.14480171371096257,1.0701208085555376,0.6538905074314623,0
0.7740000000000006,REST,0.17446651415224415,0.0954487271497957,0.5615113307966204,0.5824536188017294,0.14480171371096257,1.0701208085555376,0.6538905074314623,0
0.7760000000000006,REST,0.17446651415224415,0.0954487271497957,0.5615113307966204,0.5824536188017294,0.14480171371096257,1.0701208085555376,0.6538905074314623,0
0.7780000000000006,REST,0.17446651415224415,0.0954487271497957,0.5615113307966204,0.5824536188017294,0.14480171371096257,1.0701208085555376,0.6538905074314623,0
0.7800000000000006,REST,0.17446651415224415,0.0954487271497957,0.5615113307966204,0.5824536188017294,0.14480171371096257,1.0701208085555376,0.6538905074314623,0
0.7820000000000006,REST,0.17446651415224415,0.0954487271497957,0.5615113307966204,0.5824536188017294,0.14480171371096257,1.0701208085555376,0.6538905074314623,0
0.7840000000000006,REST,0.17446651415224415,0.0954487271497957,0.5615113307966204,0.5824536188017294,0.14480171371096257,1.0701208085555376,0.6538905074314623,0
0.7860000000000006,REST,0.17446651415224415,0.0954487271497957,0.5615113307966204,0.5824536188017294,0.14480171371096257,1.0701208085555376,0.6538905074314623,0
0.7880000000000006,REST,0.17446651415224415,0.0954487271497957,0.5615113307966204,0.5824536188017294,0.14480171371096257,1.0701208085555376,0.6538905074314623,0
0.7900000000000006,REST,0.17446651415224415,0.0954487271497957,0.5615113307966204,0.5824536188017294,0.14480171371096257,1.0701208085555376,0.6538905074314623,0
0.7920000000000006,REST,0.17446651415224415,0.0954487271497957,0.5615113307966204,0.5824536188017294,0.14480171371096257,1.0701208085555376,0.6538905074314623,0
0.7940000000000006,REST,0.17446651415224415,0.0954487271497957,0.5615113307966204,0.5824536188017294,0.14480171371096257,1.0701208085555376,0.6538905074314623,0
0.7960000000000006,REST,0.17446651415224415,0.0954487271497957,0.5615113307966204,0.5824536188017294,0.14480171371096257,1.0701208085555376,0.6538905074314623,0
0.7980000000000006,REST,0.17446651415224415,0.0954487271497957,0.5615113307966204,0.5824536188017294,0.14480171371096257,1.0701208085555376,0.6538905074314623,0
0.8000000000000006,REST,0.17446651415224415,0.0954487271497957,0.5615113307966204,0.5824536188017294,0.14480171371096257,1.0701208085555376,0.6538905074314623,0
0.8020000000000006,REST,0.17446651415224415,0.0954487271497957,0.5615113307966204,0.5824536188017294,0.14480171371096257,1.0701208085555376,0.6538905074314623,0
0.8040000000000006,REST,0.17446651415224415,0.0954487271497957,0.5615113307966204,0.5824536188017294,0.14480171371096257,1.0701208085555376,0.6538905074314623,0
0.8060000000000006,REST,0.17446651415224415,0.0954487271497957,0.5615113307966204,0.5824536188017294,0.14480171371096257,1.0701208085555376,0.6538905074314623,0
0.8080000000000006,REST,0.17446651415224415,0.0954487271497957,0.5615113307966204,0.5824536188017294,0.14480171371096257,1.0701208085555376,0.6538905074314623,0
0.8100000000000006,REST,0.17446651415224415,0.0954487271497957,0.5615113307966204,0.5824536188017294,0.14480171371096257,1.0701208085555376,0.6538905074314623,0
0.8120000000000006,REST,0.17446651415224415,0.0954487271497957,0.5615113307966204,0.5824536188017294,0.14480171371096257,1.0701208085555376,0.6538905074314623,0
0.8140000000000006,REST,0.17446651415224415,0.0954487271497957,0.5615113307966204,0.5824536188017294,0.14480171371096257,1.0701208085555376,0.6538905074314623,0
0.8160000000000006,REST,0.17446651415224415,0.0954487271497957,0.5615113307966204,0.5824536188017294,0.14480171371096257,1.0701208085555376,0.6538905074314623,0
0.8180000000000006,REST,0.17446651415224415,0.0954487271497957,0.5615113307966204,0.5824536188017294,0.14480171371096257,1.0701208085555376,0.6538905074314623,0
0.8200000000000006,REST,0.17446651415224415,0.0954487271497957,0.5615113307966204,0.5824536188017294,0.14480171371096257,1.0701208085555376,0.6538905074314623,0
0.8220000000000006,REST,0.17446651415224415,0.0954487271497957,0.5615113307966204,0.5824536188017294,0.14480171371096257,1.0701208085555376,0.6538905074314623,0
0.8240000000000006,REST,0.17446651415224415,0.0954487271497957,0.5615113307966204,0.5824536188017294,0.14480171371096257,1.0701208085555376,0.6538905074314623,0
0.8260000000000006,REST,0.17446651415224415,0.0954487271497957,0.5615113307966204,0.5824536188017294,0.14480171371096257,1.0701208085555376,0.6538905074314623,0
0.8280000000000006,REST,0.17446651415224415,0.0954487271497957,0.5615113307966204,0.5824536188017294,0.14480171371096257,1.0701208085555376,0.6538905074314623,0
0.8300000000000006,REST,0.17446651415224415,0.0954487271497957,0.5615113307966204,0.5824536188017294,0.14480171371096257,1.0701208085555376,0.6538905074314623,0
0.8320000000000006,REST,0.17446651415224415,0.0954487271497957,0.5615113307966204,0.5824536188017294,0.14480171371096257,1.0701208085555376,0.6538905074314623,0
0.8340000000000006,REST,0.17446651415224415,0.0954487271497957,0.5615113307966204,0.5824536188017294,0.14480171371096257,1.0701208085555376,0.6538905074314623,0
0.8360000000000006,REST,0.17446651415224415,0.0954487271497957,0.5615113307966204,0.5824536188017294,0.14480171371096257,1.0701208085555376,0.6538905074314623,0
0.8380000000000006,REST,0.17446651415224415,0.0954487271497957,0.5615113307966204,0.5824536188017294,0.14480171371096257,1.0701208085555376,0.6538905074314623,0
0.8400000000000006,REST,0.17446651415224415,0.0954487271497957,0.5615113307966204,0.5824536188017294,0.14480171371096257,1.0701208085555376,0.6538905074314623,0
0.8420000000000006,REST,0.17446651415224415,0.0954487271497957,0.5615113307966204,0.5824536188017294,0.14480171371096257,1.0701208085555376,0.6538905074314623,0
0.8440000000000006,REST,0.17446651415224415,0.0954487271497957,0.5615113307966204,0.5824536188017294,0.14480171371096257,1.0701208085555376,0.6538905074314623,0
0.8460000000000006,REST,0.17446651415224415,0.0954487271497957,0.5615113307966204,0.5824536188017294,0.14480171371096257,1.0701208085555376,0.6538905074314623,0
0.8480000000000006,REST,0.17446651415224415,0.0954487271497957,0.5615113307966204,0.5824536188017294,0.14480171371096257,1.0701208085555376,0.6538905074314623,0
0.8500000000000006,REST,0.17446651415224415,0.0954487271497957,0.5615113307966204,0.5824536188017294,0.14480171371096257,1.0701208085555376,0.6538905074314623,0
0.8520000000000006,REST,0.17446651415224415,0.0954487271497957,0.5615113307966204,0.5824536188017294,0.14480171371096257,1.0701208085555376,0.6538905074314623,0
0.8540000000000006,REST,0.17446651415224415,0.0954487271497957,0.5615113307966204,0.5824536188017294,0.14480171371096257,1.0701208085555376,0.6538905074314623,0
0.8560000000000006,REST,0.17446651415224415,0.0954487271497957,0.5615113307966204,0.5824536188017294,0.14480171371096257,1.0701208085555376,0.6538905074314623,0
0.8580000000000007,REST,0.17446651415224415,0.0954487271497957,0.5615113307966204,0.5824536188017294,0.14480171371096257,1.0701208085555376,0.6538905074314623,0
0.8600000000000007,REST,0.17446651415224415,0.0954487271497957,0.5615113307966204,0.5824536188017294,0.14480171371096257,1.0701208085555376,0.6538905074314623,0
0.8620000000000007,REST,0.17446651415224415,0.0954487271497957,0.5615113307966204,0.5824536188017294,0.14480171371096257,1.0701208085555376,0.6538905074314623,0
0.8640000000000007,REST,0.17446651415224415,0.0954487271497957,0.5615113307966204,0.5824536188017294,0.14480171371096257,1.0701208085555376,0.6538905074314623,0
0.8660000000000007,REST,0.17446651415224415,0.0954487271497957,0.5615113307966204,0.5824536188017294,0.14480171371096257,1.0701208085555376,0.6538905074314623,0
0.8680000000000007,REST,0.17446651415224415,0.0954487271497957,0.5615113307966204,0.5824536188017294,0.14480171371096257,1.0701208085555376,0.6538905074314623,0
0.8700000000000007,REST,0.17446651415224415,0.0954487271497957,0.5615113307966204,0.5824536188017294,0.14480171371096257,1.0701208085555376,0.6538905074314623,0
0.8720000000000007,REST,0.17446651415224415,0.0954487271497957,0.5615113307966204,0.5824536188017294,0.14480171371096257,1.0701208085555376,0.6538905074314623,0
0.8740000000000007,REST,0.17446651415224415,0.0954487271497957,0.5615113307966204,0.5824536188017294,0.14480171371096257,1.0701208085555376,0.6538905074314623,0
0.8760000000000007,REST,0.17446651415224415,0.0954487271497957,0.5615113307966204,0.5824536188017294,0.14480171371096257,1.0701208085555376,0.6538905074314623,0
0.8780000000000007,REST,0.17446651415224415,0.0954487271497957,0.5615113307966204,0.5824536188017294,0.14480171371096257,1.0701208085555376,0.6538905074314623,0
0.8800000000000007,REST,0.17446651415224415,0.0954487271497957,0.5615113307966204,0.5824536188017294,0.14480171371096257,1.0701208085555376,0.6538905074314623,0
0.8820000000000007,REST,0.17446651415224415,0.0954487271497957,0.5615113307966204,0.5824536188017294,0.14480171371096257,1.0701208085555376,0.6538905074314623,0
0.8840000000000007,REST,0.17446651415224415,0.0954487271497957,0.5615113307966204,0.5824536188017294,0.14480171371096257,1.0701208085555376,0.6538905074314623,0
0.8860000000000007,REST,0.17446651415224415,0.0954487271497957,0.5615113307966204,0.5824536188017294,0.14480171371096257,1.0701208085555376,0.6538905074314623,0
0.8880000000000007,REST,0.17446651415224415,0.0954487271497957,0.5615113307966204,0.5824536188017294,0.14480171371096257,1.0701208085555376,0.6538905074314623,0
0.8900000000000007,REST,0.17446651415224415,0.0954487271497957,0.5615113307966204,0.5824536188017294,0.14480171371096257,1.0701208085555376,0.6538905074314623,0
0.8920000000000007,REST,0.17446651415224415,0.0954487271497957,0.5615113307966204,0.5824536188017294,0.14480171371096257,1.0701208085555376,0.6538905074314623,0
0.8940000000000007,REST,0.17446651415224415,0.0954487271497957,0.5615113307966204,0.5824536188017294,0.14480171371096257,1.0701208085555376,0.6538905074314623,0
0.8960000000000007,REST,0.17446651415224415,0.0954487271497957,0.5615113307966204,0.5824536188017294,0.14480171371096257,1.0701208085555376,0.6538905074314623,0
0.8980000000000007,REST,0.17446651415224415,0.0954487271497957,0.5615113307966204,0.5824536188017294,0.14480171371096257,1.0701208085555376,0.6538905074314623,0
0.9000000000000007,REST,0.17446651415224415,0.0954487271497957,0.5615113307966204,0.5824536188017294,0.14480171371096257,1.0701208085555376,0.6538905074314623,0
0.9020000000000007,REST,0.17446651415224415,0.0954487271497957,0.5615113307966204,0.5824536188017294,0.14480171371096257,1.0701208085555376,0.6538905074314623,0
0.9040000000000007,REST,0.17446651415224415,0.0954487271497957,0.5615113307966204,0.5824536188017294,0.14480171371096257,1.0701208085555376,0.6538905074314623,0
0.9060000000000007,REST,0.17446651415224415,0.0954487271497957,0.5615113307966204,0.5824536188017294,0.14480171371096257,1.0701208085555376,0.6538905074314623,0
0.9080000000000007,REST,0.17446651415224415,0.0954487271497957,0.5615113307966204,0.5824536188017294,0.14480171371096257,1.0701208085555376,0.6538905074314623,0
0.9100000000000007,REST,0.17446651415224415,0.0954487271497957,0.5615113307966204,0.5824536188017294,0.14480171371096257,1.0701208085555376,0.6538905074314623,0
0.9120000000000007,REST,0.17446651415224415,0.0954487271497957,0.5615113307966204,0.5824536188017294,0.14480171371096257,1.0701208085555376,0.6538905074314623,0
0.9140000000000007,REST,0.17446651415224415,0.0954487271497957,0.5615113307966204,0.5824536188017294,0.14480171371096257,1.0701208085555376,0.6538905074314623,0
0.9160000000000007,REST,0.17446651415224415,0.0954487271497957,0.5615113307966204,0.5824536188017294,0.14480171371096257,1.0701208085555376,0.6538905074314623,0
0.9180000000000007,REST,0.17446651415224415,0.0954487271497957,0.5615113307966204,0.5824536188017294,0.14480171371096257,1.0701208085555376,0.6538905074314623,0
0.9200000000000007,REST,0.17446651415224415,0.0954487271497957,0.5615113307966204,0.5824536188017294,0.14480171371096257,1.0701208085555376,0.6538905074314623,0
0.9220000000000007,REST,0.17446651415224415,0.0954487271497957,0.5615113307966204,0.5824536188017294,0.14480171371096257,1.0701208085555376,0.6538905074314623,0
0.9240000000000007,REST,0.17446651415224415,0.0954487271497957,0.5615113307966204,0.5824536188017294,0.14480171371096257,1.0701208085555376,0.6538905074314623,0
0.9260000000000007,REST,0.17446651415224415,0.0954487271497957,0.5615113307966204,0.5824536188017294,0.14480171371096257,1.0701208085555376,0.6538905074314623,0
0.9280000000000007,REST,0.17446651415224415,0.0954487271497957,0.5615113307966204,0.5824536188017294,0.14480171371096257,1.0701208085555376,0.6538905074314623,0
0.9300000000000007,REST,0.17446651415224415,0.0954487271497957,0.5615113307966204,0.5824536188017294,0.14480171371096257,1.0701208085555376,0.6538905074314623,0
0.9320000000000007,REST,0.17446651415224415,0.0954487271497957,0.5615113307966204,0.5824536188017294,0.14480171371096257,1.0701208085555376,0.6538905074314623,0
0.9340000000000007,REST,0.17446651415224415,0.0954487271497957,0.5615113307966204,0.5824536188017294,0.14480171371096257,1.0701208085555376,0.6538905074314623,0
0.9360000000000007,REST,0.17446651415224415,0.0954487271497957,0.5615113307966204,0.5824536188017294,0.14480171371096257,1.0701208085555376,0.6538905074314623,0
0.9380000000000007,REST,0.17446651415224415,0.0954487271497957,0.5615113307966204,0.5824536188017294,0.14480171371096257,1.0701208085555376,0.6538905074314623,0
0.9400000000000007,REST,0.17446651415224415,0.0954487271497957,0.5615113307966204,0.5824536188017294,0.14480171371096257,1.0701208085555376,0.6538905074314623,0
0.9420000000000007,REST,0.17446651415224415,0.0954487271497957,0.5615113307966204,0.5824536188017294,0.14480171371096257,1.0701208085555376,0.6538905074314623,0
0.9440000000000007,REST,0.17446651415224415,0.0954487271497957,0.5615113307966204,0.5824536188017294,0.14480171371096257,1.0701208085555376,0.6538905074314623,0
0.9460000000000007,REST,0.17446651415224415,0.0954487271497957,0.5615113307966204,0.5824536188017294,0.14480171371096257,1.0701208085555376,0.6538905074314623,0
0.9480000000000007,REST,0.17446651415224415,0.0954487271497957,0.5615113307966204,0.5824536188017294,0.14480171371096257,1.0701208085555376,0.6538905074314623,0
0.9500000000000007,REST,0.17446651415224415,0.0954487271497957,0.5615113307966204,0.5824536188017294,0.14480171371096257,1.0701208085555376,0.6538905074314623,0
0.9520000000000007,REST,0.17446651415224415,0.0954487271497957,0.5615113307966204,0.5824536188017294,0.14480171371096257,1.0701208085555376,0.6538905074314623,0
0.9540000000000007,REST,0.17446651415224415,0.0954487271497957,0.5615113307966204,0.5824536188017294,0.14480171371096257,1.0701208085555376,0.6538905074314623,0
0.9560000000000007,REST,0.17446651415224415,0.0954487271497957,0.5615113307966204,0.5824536188017294,0.14480171371096257,1.0701208085555376,0.6538905074314623,0
0.9580000000000007,REST,0.17446651415224415,0.0954487271497957,0.5615113307966204,0.5824536188017294,0.14480171371096257,1.0701208085555376,0.6538905074314623,0
0.9600000000000007,REST,0.17446651415224415,0.0954487271497957,0.5615113307966204,0.5824536188017294,0.14480171371096257,1.0701208085555376,0.6538905074314623,0
0.9620000000000007,REST,0.17446651415224415,0.0954487271497957,0.5615113307966204,0.5824536188017294,0.14480171371096257,1.0701208085555376,0.6538905074314623,0
0.9640000000000007,REST,0.17446651415224415,0.0954487271497957,0.5615113307966204,0.5824536188017294,0.14480171371096257,1.0701208085555376,0.6538905074314623,0
0.9660000000000007,REST,0.17446651415224415,0.0954487271497957,0.5615113307966204,0.5824536188017294,0.14480171371096257,1.0701208085555376,0.6538905074314623,0
0.9680000000000007,REST,0.17446651415224415,0.0954487271497957,0.5615113307966204,0.5824536188017294,0.14480171371096257,1.0701208085555376,0.6538905074314623,0
0.9700000000000008,REST,0.17446651415224415,0.0954487271497957,0.5615113307966204,0.5824536188017294,0.14480171371096257,1.0701208085555376,0.6538905074314623,0
0.9720000000000008,REST,0.17446651415224415,0.0954487271497957,0.5615113307966204,0.5824536188017294,0.14480171371096257,1.0701208085555376,0.6538905074314623,0
0.9740000000000008,REST,0.17446651415224415,0.0954487271497957,0.5615113307966204,0.5824536188017294,0.14480171371096257,1.0701208085555376,0.6538905074314623,0
0.9760000000000008,REST,0.17446651415224415,0.0954487271497957,0.5615113307966204,0.5824536188017294,0.14480171371096257,1.0701208085555376,0.6538905074314623,0
0.9780000000000008,REST,0.17446651415224415,0.0954487271497957,0.5615113307966204,0.5824536188017294,0.14480171371096257,1.0701208085555376,0.6538905074314623,0
0.9800000000000008,REST,0.17446651415224415,0.0954487271497957,0.5615113307966204,0.5824536188017294,0.14480171371096257,1.0701208085555376,0.6538905074314623,0
0.9820000000000008,REST,0.17446651415224415,0.0954487271497957,0.5615113307966204,0.5824536188017294,0.14480171371096257,1.0701208085555376,0.6538905074314623,0
0.9840000000000008,REST,0.17446651415224415,0.0954487271497957,0.5615113307966204,0.5824536188017294,0.14480171371096257,1.0701208085555376,0.6538905074314623,0
0.9860000000000008,REST,0.17446651415224415,0.0954487271497957,0.5615113307966204,0.5824536188017294,0.14480171371096257,1.0701208085555376,0.6538905074314623,0
0.9880000000000008,REST,0.17446651415224415,0.0954487271497957,0.5615113307966204,0.5824536188017294,0.14480171371096257,1.0701208085555376,0.6538905074314623,0
0.9900000000000008,REST,0.17446651415224415,0.0954487271497957,0.5615113307966204,0.5824536188017294,0.14480171371096257,1.0701208085555376,0.6538905074314623,0
0.9920000000000008,REST,0.17446651415224415,0.0954487271497957,0.5615113307966204,0.5824536188017294,0.14480171371096257,1.0701208085555376,0.6538905074314623,0
0.9940000000000008,REST,0.17446651415224415,0.0954487271497957,0.5615113307966204,0.5824536188017294,0.14480171371096257,1.0701208085555376,0.6538905074314623,0
0.9960000000000008,REST,0.17446651415224415,0.0954487271497957,0.5615113307966204,0.5824536188017294,0.14480171371096257,1.0701208085555376,0.6538905074314623,0
0.9980000000000008,REST,0.17446651415224415,0.0954487271497957,0.5615113307966204,0.5824536188017294,0.14480171371096257,1.0701208085555376,0.6538905074314623,0
1.0000000000000007,REST,0.17446651415224415,0.0954487271497957,0.5615113307966204,0.5824536188017294,0.14480171371096257,1.0701208085555376,0.6538905074314623,0
1.0020000000000007,POINT,0.17446651415224415,0.0954487271497957,0.5615113307966204,0.5824536188017294,0.14480171371096257,1.0701208085555376,0.6538905074314623,0
1.0040000000000007,POINT,0.17446656256769966,0.0954488756356962,0.5615112171817324,0.5824536188017294,0.14480171371096257,1.0701208085555376,0.6538905543881346,0
1.0060000000000007,POINT,0.17446670764076236,0.09544932056723365,0.5615108767437236,0.5824536188017294,0.14480171371096257,1.0701208085555376,0.6538906950900113,0
1.0080000000000007,POINT,0.17446694910997648,0.09545006115852175,0.5615103100960515,0.5824536188017294,0.14480171371096257,1.0701208085555376,0.653890929283341,0
1.0100000000000007,POINT,0.17446728671190045,0.09545109662812196,0.5615095178567728,0.5824536188017294,0.14480171371096257,1.0701208085555376,0.653891256712332,0
1.0120000000000007,POINT,0.17446772018112472,0.09545242619900315,0.5615085006485026,0.5824536188017294,0.14480171371096257,1.0701208085555376,0.6538916771191701,0
1.0140000000000007,POINT,0.17446824925028925,0.09545404909850108,0.5615072590983734,0.5824536188017294,0.14480171371096257,1.0701208085555376,0.6538921902440373,0
1.0160000000000007,POINT,0.1744688736501011,0.09545596455827796,0.5615057938379947,0.5824536188017294,0.14480171371096257,1.0701208085555376,0.65389279582513,0
1.0180000000000007,POINT,0.17446959310935176,0.09545817181428201,0.5615041055034127,0.5824536188017294,0.14480171371096257,1.0701208085555376,0.6538934935986759,0
1.0200000000000007,POINT,0.17447040735493452,0.09546067010670702,0.5615021947350702,0.5824536188017294,0.14480171371096257,1.0701208085555376,0.6538942832989526,0
1.0220000000000007,POINT,0.17447131611186162,0.0954634586799517,0.5615000621777668,0.5824536188017294,0.14480171371096257,1.0701208085555376,0.6538951646583057,0
1.0240000000000007,POINT,0.1744723191032815,0.09546653678257905,0.5614977084806191,0.5824536188017294,0.14480171371096257,1.0701208085555376,0.6538961374071651,0
1.0260000000000007,POINT,0.17447341605049563,0.09546990366727594,0.5614951342970214,0.5824536188017294,0.14480171371096257,1.0701208085555376,0.6538972012740646,0
1.0280000000000007,POINT,0.1744746066729756,0.09547355859081241,0.5614923402846065,0.5824536188017294,0.14480171371096257,1.0701208085555376,0.6538983559856569,0
1.0300000000000007,POINT,0.17447589068837976,0.09547750081400092,0.561489327105207,0.5824536188017294,0.14480171371096257,1.0701208085555376,0.6538996012667334,0
1.0320000000000007,POINT,0.17447726781257025,0.09548172960165593,0.5614860954248162,0.5824536188017294,0.14480171371096257,1.0701208085555376,0.6539009368402396,0
1.0340000000000007,POINT,0.17447873775962933,0.095486244222553,0.5614826459135493,0.5824536188017294,0.14480171371096257,1.0701208085555376,0.6539023624272937,0
1.0360000000000007,POINT,0.1744803002418762,0.09549104394938826,0.5614789792456062,0.5824536188017294,0.14480171371096257,1.0701208085555376,0.6539038777472022,0
1.0380000000000007,POINT,0.17448195496988322,0.09549612805873768,0.5614750960992317,0.5824536188017294,0.14480171371096257,1.0701208085555376,0.6539054825174788,0
1.0400000000000007,POINT,0.17448370165249247,0.09550149583101636,0.5614709971566795,0.5824536188017294,0.14480171371096257,1.0701208085555376,0.6539071764538598,0
1.0420000000000007,POINT,0.17448553999683203,0.0955071465504378,0.5614666831041727,0.5824536188017294,0.14480171371096257,1.0701208085555376,0.6539089592703218,0
1.0440000000000007,POINT,0.17448746970833212,0.0955130795049733,0.5614621546318674,0.5824536188017294,0.14480171371096257,1.0701208085555376,0.6539108306790979,0
1.0460000000000007,POINT,0.17448949049074122,0.0955192939863112,0.5614574124338154,0.5824536188017294,0.14480171371096257,1.0701208085555376,0.6539127903906952,0
1.0480000000000007,POINT,0.17449160204614209,0.09552578928981614,0.5614524572079262,0.5824536188017294,0.14480171371096257,1.0701208085555376,0.6539148381139104,0
1.0500000000000007,POINT,0.17449380407496778,0.09553256471448845,0.5614472896559312,0.5824536188017294,0.14480171371096257,1.0701208085555376,0.6539169735558473,0
1.0520000000000007,POINT,0.1744960962760175,0.09553961956292345,0.5614419104833462,0.5824536188017294,0.14480171371096257,1.0701208085555376,0.6539191964219324,0
1.0540000000000007,POINT,0.17449847834647236,0.09554695314127074,0.5614363203994351,0.5824536188017294,0.14480171371096257,1.0701208085555376,0.6539215064159323,0
1.0560000000000007,POINT,0.17450094998191104,0.09555456475919359,0.5614305201171739,0.5824536188017294,0.14480171371096257,1.0701208085555376,0.6539239032399686,0
1.0580000000000007,POINT,0.17450351087632554,0.0955624537298283,0.5614245103532137,0.5824536188017294,0.14480171371096257,1.0701208085555376,0.6539263865945356,0
1.0600000000000007,POINT,0.17450616072213654,0.09557061936974355,0.5614182918278456,0.5824536188017294,0.14480171371096257,1.0701208085555376,0.6539289561785155,0
1.0620000000000007,POINT,0.17450889921020907,0.09557906099889979,0.5614118652649648,0.5824536188017294,0.14480171371096257,1.0701208085555376,0.6539316116891947,0
1.0640000000000007,POINT,0.17451172602986775,0.09558777794060869,0.5614052313920342,0.5824536188017294,0.14480171371096257,1.0701208085555376,0.6539343528222799,0
1.0660000000000007,POINT,0.17451464086891222,0.09559676952149257,0.5613983909400502,0.5824536188017294,0.14480171371096257,1.0701208085555376,0.6539371792719135,0
1.0680000000000007,POINT,0.17451764341363218,0.09560603507144386,0.5613913446435058,0.5824536188017294,0.14480171371096257,1.0701208085555376,0.6539400907306909,0
1.0700000000000007,POINT,0.17452073334882287,0.09561557392358463,0.5613840932403575,0.5824536188017294,0.14480171371096257,1.0701208085555376,0.6539430868896744,0
1.0720000000000007,POINT,0.17452391035779982,0.09562538541422615,0.561376637471989,0.5824536188017294,0.14480171371096257,1.0701208085555376,0.6539461674384099,0
1.0740000000000007,POINT,0.17452717412241406,0.09563546888282826,0.5613689780831765,0.5824536188017294,0.14480171371096257,1.0701208085555376,0.6539493320649427,0
1.0760000000000007,POINT,0.17453052432306715,0.09564582367195934,0.561361115822055,0.5824536188017294,0.14480171371096257,1.0701208085555376,0.6539525804558324,0
1.0780000000000007,POINT,0.17453396063872575,0.09565644912725552,0.5613530514400829,0.5824536188017294,0.14480171371096257,1.0701208085555376,0.653955912296169,0
1.0800000000000007,POINT,0.17453748274693676,0.09566734459738067,0.5613447856920087,0.5824536188017294,0.14480171371096257,1.0701208085555376,0.6539593272695878,0
1.0820000000000007,POINT,0.17454109032384177,0.09567850943398601,0.5613363193358359,0.5824536188017294,0.14480171371096257,1.0701208085555376,0.6539628250582855,0
1.0840000000000007,POINT,0.174544783044192,0.09568994299166989,0.56132765313279,0.5824536188017294,0.14480171371096257,1.0701208085555376,0.6539664053430346,0
1.0860000000000007,POINT,0.1745485605813626,0.09570164462793754,0.561318787847284,0.5824536188017294,0.14480171371096257,1.0701208085555376,0.6539700678031991,0
1.0880000000000007,POINT,0.17455242260736745,0.09571361370316105,0.5613097242468853,0.5824536188017294,0.14480171371096257,1.0701208085555376,0.6539738121167497,0
1.0900000000000007,POINT,0.17455636879287348,0.09572584958053913,0.561300463102282,0.5824536188017294,0.14480171371096257,1.0701208085555376,0.6539776379602786,0
1.0920000000000007,POINT,0.17456039880721513,0.0957383516260572,0.5612910051872497,0.5824536188017294,0.14480171371096257,1.0701208085555376,0.653981545009015,0
1.0940000000000007,POINT,0.17456451231840858,0.09575111920844732,0.5612813512786182,0.5824536188017294,0.14480171371096257,1.0701208085555376,0.6539855329368394,0
1.0960000000000008,POINT,0.17456870899316623,0.09576415169914833,0.5612715021562386,0.5824536188017294,0.14480171371096257,1.0701208085555376,0.6539896014162992,0
1.0980000000000008,POINT,0.17457298849691064,0.09577744847226591,0.5612614586029504,0.5824536188017294,0.14480171371096257,1.0701208085555376,0.653993750118623,0
1.1000000000000008,POINT,0.17457735049378892,0.09579100890453279,0.5612512214045489,0.5824536188017294,0.14480171371096257,1.0701208085555376,0.6539979787137357,0
1.1020000000000008,POINT,0.17458179464668666,0.09580483237526903,0.561240791349752,0.5824536188017294,0.14480171371096257,1.0701208085555376,0.654002286870273,0
1.1040000000000008,POINT,0.1745863206172421,0.09581891826634231,0.5612301692301692,0.5824536188017294,0.14480171371096257,1.0701208085555376,0.654006674255596,0
1.1060000000000008,POINT,0.1745909280658599,0.09583326596212824,0.5612193558402675,0.5824536188017294,0.14480171371096257,1.0701208085555376,0.6540111405358062,0
1.1080000000000008,POINT,0.17459561665172524,0.09584787484947102,0.5612083519773403,0.5824536188017294,0.14480171371096257,1.0701208085555376,0.65401568537576,0
1.1100000000000008,POINT,0.17460038603281755,0.09586274431764367,0.5611971584414756,0.5824536188017294,0.14480171371096257,1.0701208085555376,0.6540203084390825,0
1.1120000000000008,POINT,0.17460523586592433,0.09587787375830885,0.561185776035523,0.5824536188017294,0.14480171371096257,1.0701208085555376,0.6540250093881825,0
1.1140000000000008,POINT,0.17461016580665498,0.09589326256547935,0.5611742055650629,0.5824536188017294,0.14480171371096257,1.0701208085555376,0.6540297878842671,0
1.1160000000000008,POINT,0.1746151755094543,0.09590891013547895,0.5611624478383749,0.5824536188017294,0.14480171371096257,1.0701208085555376,0.6540346435873551,0
1.1180000000000008,POINT,0.17462026462761626,0.09592481586690324,0.5611505036664056,0.5824536188017294,0.14480171371096257,1.0701208085555376,0.654039576156292,0
1.1200000000000008,POINT,0.17462543281329754,0.09594097916058028,0.5611383738627373,0.5824536188017294,0.14480171371096257,1.0701208085555376,0.6540445852487646,0
1.1220000000000008,POINT,0.17463067971753102,0.09595739941953192,0.5611260592435576,0.5824536188017294,0.14480171371096257,1.0701208085555376,0.6540496705213138,0
1.1240000000000008,POINT,0.17463600499023924,0.09597407604893457,0.5611135606276274,0.5824536188017294,0.14480171371096257,1.0701208085555376,0.6540548316293497,0
1.1260000000000008,POINT,0.17464140828024788,0.09599100845608038,0.5611008788362501,0.5824536188017294,0.14480171371096257,1.0701208085555376,0.6540600682271657,0
1.1280000000000008,POINT,0.174646889235299,0.09600819605033872,0.561088014693241,0.5824536188017294,0.14480171371096257,1.0701208085555376,0.6540653799679513,0
1.1300000000000008,POINT,0.17465244750206446,0.09602563824311698,0.561074969024896,0.5824536188017294,0.14480171371096257,1.0701208085555376,0.6540707665038084,0
1.1320000000000008,POINT,0.17465808272615915,0.0960433344478225,0.5610617426599611,0.5824536188017294,0.14480171371096257,1.0701208085555376,0.6540762274857624,0
1.1340000000000008,POINT,0.1746637945521542,0.09606128407982369,0.5610483364296027,0.5824536188017294,0.14480171371096257,1.0701208085555376,0.6540817625637778,0
1.1360000000000008,POINT,0.1746695826235901,0.09607948655641177,0.5610347511673759,0.5824536188017294,0.14480171371096257,1.0701208085555376,0.6540873713867715,0
1.1380000000000008,POINT,0.17467544658298984,0.09609794129676233,0.5610209877091947,0.5824536188017294,0.14480171371096257,1.0701208085555376,0.6540930536026267,0
1.1400000000000008,POINT,0.17468138607187206,0.09611664772189725,0.5610070468933022,0.5824536188017294,0.14480171371096257,1.0701208085555376,0.6540988088582061,0
1.1420000000000008,POINT,0.1746874007307639,0.09613560525464637,0.5609929295602396,0.5824536188017294,0.14480171371096257,1.0701208085555376,0.6541046367993664,0
1.1440000000000008,POINT,0.1746934901992141,0.09615481331960958,0.5609786365528172,0.5824536188017294,0.14480171371096257,1.0701208085555376,0.6541105370709708,0
1.1460000000000008,POINT,0.17469965411580587,0.09617427134311887,0.5609641687160836,0.5824536188017294,0.14480171371096257,1.0701208085555376,0.6541165093169036,0
1.1480000000000008,POINT,0.17470589211816995,0.09619397875320038,0.5609495268972968,0.5824536188017294,0.14480171371096257,1.0701208085555376,0.6541225531800828,0
1.1500000000000008,POINT,0.17471220384299704,0.09621393497953683,0.5609347119458937,0.5824536188017294,0.14480171371096257,1.0701208085555376,0.6541286683024746,0
1.1520000000000008,POINT,0.17471858892605105,0.09623413945342967,0.5609197247134611,0.5824536188017294,0.14480171371096257,1.0701208085555376,0.6541348543251053,0
1.1540000000000008,POINT,0.17472504700218153,0.09625459160776172,0.5609045660537058,0.5824536188017294,0.14480171371096257,1.0701208085555376,0.6541411108880764,0
1.1560000000000008,POINT,0.17473157770533662,0.09627529087695968,0.5608892368224256,0.5824536188017294,0.14480171371096257,1.0701208085555376,0.6541474376305761,0
1.1580000000000008,POINT,0.17473818066857547,0.09629623669695694,0.5608737378774795,0.5824536188017294,0.14480171371096257,1.0701208085555376,0.654153834190895,0
1.1600000000000008,POINT,0.17474485552408106,0.09631742850515607,0.5608580700787594,0.5824536188017294,0.14480171371096257,1.0701208085555376,0.6541603002064362,0
1.1620000000000008,POINT,0.1747516019031727,0.09633886574039202,0.5608422342881599,0.5824536188017294,0.14480171371096257,1.0701208085555376,0.6541668353137313,0
1.1640000000000008,POINT,0.17475841943631867,0.09636054784289508,0.56082623136955,0.5824536188017294,0.14480171371096257,1.0701208085555376,0.654173439148452,0
1.1660000000000008,POINT,0.17476530775314852,0.09638247425425384,0.560810062188744,0.5824536188017294,0.14480171371096257,1.0701208085555376,0.6541801113454236,0
1.1680000000000008,POINT,0.1747722664824658,0.0964046444173787,0.5607937276134727,0.5824536188017294,0.14480171371096257,1.0701208085555376,0.6541868515386382,0
1.1700000000000008,POINT,0.17477929525226021,0.09642705777646503,0.5607772285133548,0.5824536188017294,0.14480171371096257,1.0701208085555376,0.6541936593612673,0
1.1720000000000008,POINT,0.1747863936897203,0.09644971377695671,0.5607605657598677,0.5824536188017294,0.14480171371096257,1.0701208085555376,0.6542005344456755,0
1.1740000000000008,POINT,0.17479356142124552,0.09647261186550986,0.5607437402263197,0.5824536188017294,0.14480171371096257,1.0701208085555376,0.6542074764234328,0
1.1760000000000008,POINT,0.17480079807245874,0.09649575148995632,0.560726752787821,0.5824536188017294,0.14480171371096257,1.0701208085555376,0.6542144849253276,0
1.1780000000000008,POINT,0.1748081032682184,0.0965191320992677,0.5607096043212557,0.5824536188017294,0.14480171371096257,1.0701208085555376,0.6542215595813801,0
1.1800000000000008,POINT,0.17481547663263106,0.09654275314351927,0.560692295705253,0.5824536188017294,0.14480171371096257,1.0701208085555376,0.654228700020854,0
1.1820000000000008,POINT,0.17482291778906298,0.09656661407385411,0.5606748278201593,0.5824536188017294,0.14480171371096257,1.0701208085555376,0.654235905872271,0
1.1840000000000008,POINT,0.17483042636015297,0.09659071434244725,0.56065720154801,0.5824536188017294,0.14480171371096257,1.0701208085555376,0.6542431767634217,0
1.1860000000000008,POINT,0.17483800196782417,0.09661505340247002,0.5606394177725016,0.5824536188017294,0.14480171371096257,1.0701208085555376,0.6542505123213797,0
1.1880000000000008,POINT,0.17484564423329618,0.09663963070805465,0.5606214773789631,0.5824536188017294,0.14480171371096257,1.0701208085555376,0.6542579121725134,0
1.1900000000000008,POINT,0.1748533527770972,0.0966644457142588,0.5606033812543288,0.5824536188017294,0.14480171371096257,1.0701208085555376,0.6542653759424993,0
1.1920000000000008,POINT,0.17486112721907615,0.09668949787703024,0.5605851302871103,0.5824536188017294,0.14480171371096257,1.0701208085555376,0.6542729032563341,0
1.1940000000000008,POINT,0.17486896717841438,0.09671478665317176,0.5605667253673685,0.5824536188017294,0.14480171371096257,1.0701208085555376,0.6542804937383475,0
1.1960000000000008,POINT,0.17487687227363802,0.09674031150030632,0.5605481673866859,0.5824536188017294,0.14480171371096257,1.0701208085555376,0.6542881470122149,0
1.1980000000000008,POINT,0.17488484212262964,0.09676607187684193,0.5605294572381392,0.5824536188017294,0.14480171371096257,1.0701208085555376,0.6542958627009695,0
1.2000000000000008,POINT,0.17489287634264034,0.0967920672419372,0.5605105958162716,0.5824536188017294,0.14480171371096257,1.0701208085555376,0.6543036404270152,0
1.2020000000000008,POINT,0.1749009745503015,0.09681829705546643,0.5604915840170654,0.5824536188017294,0.14480171371096257,1.0701208085555376,0.6543114798121383,0
1.2040000000000008,POINT,0.1749091363616367,0.09684476077798562,0.5604724227379149,0.5824536188017294,0.14480171371096257,1.0701208085555376,0.6543193804775213,0
1.2060000000000008,POINT,0.17491736139207364,0.09687145787069767,0.560453112877598,0.5824536188017294,0.14480171371096257,1.0701208085555376,0.6543273420437535,0
1.2080000000000009,POINT,0.1749256492564557,0.09689838779541853,0.5604336553362506,0.5824536188017294,0.14480171371096257,1.0701208085555376,0.6543353641308448,0
1.2100000000000009,POINT,0.17493399956905387,0.09692555001454312,0.5604140510153377,0.5824536188017294,0.14480171371096257,1.0701208085555376,0.6543434463582373,0
1.2120000000000009,POINT,0.1749424119435784,0.09695294399101134,0.5603943008176276,0.5824536188017294,0.14480171371096257,1.0701208085555376,0.6543515883448173,0
1.2140000000000009,POINT,0.17495088599319067,0.09698056918827447,0.5603744056471638,0.5824536188017294,0.14480171371096257,1.0701208085555376,0.6543597897089286,0
1.2160000000000009,POINT,0.17495942133051473,0.0970084250702615,0.5603543664092385,0.5824536188017294,0.14480171371096257,1.0701208085555376,0.6543680500683837,0
1.2180000000000009,POINT,0.1749680175676489,0.09703651110134576,0.5603341840103662,0.5824536188017294,0.14480171371096257,1.0701208085555376,0.6543763690404761,0
1.2200000000000009,POINT,0.17497667431617756,0.09706482674631144,0.5603138593582554,0.5824536188017294,0.14480171371096257,1.0701208085555376,0.654384746241993,0
1.2220000000000009,POINT,0.1749853911871825,0.09709337147032071,0.5602933933617831,0.5824536188017294,0.14480171371096257,1.0701208085555376,0.6543931812892272,0
1.2240000000000009,POINT,0.17499416779125493,0.09712214473888048,0.5602727869309674,0.5824536188017294,0.14480171371096257,1.0701208085555376,0.6544016737979885,0
1.2260000000000009,POINT,0.17500300373850652,0.09715114601780972,0.5602520409769407,0.5824536188017294,0.14480171371096257,1.0701208085555376,0.6544102233836171,0
1.2280000000000009,POINT,0.1750118986385812,0.09718037477320664,0.5602311564119238,0.5824536188017294,0.14480171371096257,1.0701208085555376,0.6544188296609942,0
1.2300000000000009,POINT,0.17502085210066673,0.09720983047141624,0.5602101341491984,0.5824536188017294,0.14480171371096257,1.0701208085555376,0.6544274922445548,0
1.2320000000000009,POINT,0.17502986373350587,0.09723951257899786,0.560188975103081,0.5824536188017294,0.14480171371096257,1.0701208085555376,0.6544362107482999,0
1.2340000000000009,POINT,0.1750389331454082,0.09726942056269297,0.5601676801888964,0.5824536188017294,0.14480171371096257,1.0701208085555376,0.6544449847858077,0
1.2360000000000009,POINT,0.17504805994426118,0.09729955388939311,0.5601462503229515,0.5824536188017294,0.14480171371096257,1.0701208085555376,0.6544538139702459,0
1.2380000000000009,POINT,0.17505724373754178,0.09732991202610788,0.5601246864225085,0.5824536188017294,0.14480171371096257,1.0701208085555376,0.6544626979143838,0
1.2400000000000009,POINT,0.17506648413232784,0.09736049443993328,0.5601029894057586,0.5824536188017294,0.14480171371096257,1.0701208085555376,0.6544716362306037,0
1.2420000000000009,POINT,0.17507578073530924,0.09739130059802008,0.5600811601917964,0.5824536188017294,0.14480171371096257,1.0701208085555376,0.654480628530913,0
1.2440000000000009,POINT,0.1750851331527996,0.09742232996754231,0.5600591997005929,0.5824536188017294,0.14480171371096257,1.0701208085555376,0.6544896744269563,0
1.2460000000000009,POINT,0.17509454099074714,0.09745358201566603,0.56003710885297,0.5824536188017294,0.14480171371096257,1.0701208085555376,0.654498773530026,0
1.2480000000000009,POINT,0.17510400385474625,0.0974850562095182,0.5600148885705734,0.5824536188017294,0.14480171371096257,1.0701208085555376,0.654507925451076,0
1.2500000000000009,POINT,0.17511352135004865,0.09751675201615566,0.559992539775848,0.5824536188017294,0.14480171371096257,1.0701208085555376,0.6545171298007313,0
1.252000000000001,POINT,0.1751230930815747,0.09754866890253447,0.5599700633920107,0.5824536188017294,0.14480171371096257,1.0701208085555376,0.6545263861893015,0
1.254000000000001,POINT,0.1751327186539246,0.09758080633547901,0.5599474603430252,0.5824536188017294,0.14480171371096257,1.0701208085555376,0.6545356942267911,0
1.256000000000001,POINT,0.17514239767138945,0.0976131637816519,0.5599247315535754,0.5824536188017294,0.14480171371096257,1.0701208085555376,0.6545450535229121,0
1.258000000000001,POINT,0.1751521297379626,0.0976457407075233,0.5599018779490399,0.5824536188017294,0.14480171371096257,1.0701208085555376,0.6545544636870954,0
1.260000000000001,POINT,0.17516191445735074,0.097678536579341,0.5598789004554668,0.5824536188017294,0.14480171371096257,1.0701208085555376,0.6545639243285013,0
1.262000000000001,POINT,0.17517175143298508,0.09771155086310043,0.5598557999995468,0.5824536188017294,0.14480171371096257,1.0701208085555376,0.6545734350560333,0
1.264000000000001,POINT,0.17518164026803232,0.09774478302451475,0.5598325775085882,0.5824536188017294,0.14480171371096257,1.0701208085555376,0.6545829954783474,0
1.266000000000001,POINT,0.17519158056540596,0.09777823252898532,0.559809233910491,0.5824536188017294,0.14480171371096257,1.0701208085555376,0.6545926052038652,0
1.268000000000001,POINT,0.1752015719277772,0.09781189884157225,0.5597857701337215,0.5824536188017294,0.14480171371096257,1.0701208085555376,0.6546022638407843,0
1.270000000000001,POINT,0.175211613957586,0.09784578142696494,0.5597621871072864,0.5824536188017294,0.14480171371096257,1.0701208085555376,0.6546119709970908,0
1.272000000000001,POINT,0.17522170625705225,0.09787987974945321,0.5597384857607077,0.5824536188017294,0.14480171371096257,1.0701208085555376,0.6546217262805696,0
1.274000000000001,POINT,0.17523184842818665,0.09791419327289816,0.5597146670239967,0.5824536188017294,0.14480171371096257,1.0701208085555376,0.6546315292988168,0
1.276000000000001,POINT,0.17524204007280184,0.09794872146070344,0.5596907318276291,0.5824536188017294,0.14480171371096257,1.0701208085555376,0.6546413796592505,0
1.278000000000001,POINT,0.1752522807925231,0.09798346377578669,0.5596666811025187,0.5824536188017294,0.14480171371096257,1.0701208085555376,0.654651276969123,0
1.280000000000001,POINT,0.17526257018879984,0.09801841968055106,0.5596425157799934,0.5824536188017294,0.14480171371096257,1.0701208085555376,0.6546612208355306,0
1.282000000000001,POINT,0.1752729078629158,0.09805358863685704,0.5596182367917687,0.5824536188017294,0.14480171371096257,1.0701208085555376,0.6546712108654267,0
1.284000000000001,POINT,0.1752832934160007,0.09808897010599424,0.559593845069923,0.5824536188017294,0.14480171371096257,1.0701208085555376,0.6546812466656317,0
1.286000000000001,POINT,0.17529372644904068,0.09812456354865366,0.559569341546872,0.5824536188017294,0.14480171371096257,1.0701208085555376,0.6546913278428457,0
1.288000000000001,POINT,0.1753042065628893,0.09816036842489988,0.559544727155344,0.5824536188017294,0.14480171371096257,1.0701208085555376,0.654701454003658,0
1.290000000000001,POINT,0.17531473335827846,0.09819638419414346,0.5595200028283545,0.5824536188017294,0.14480171371096257,1.0701208085555376,0.6547116247545597,0
1.292000000000001,POINT,0.17532530643582928,0.09823261031511371,0.5594951694991807,0.5824536188017294,0.14480171371096257,1.0701208085555376,0.6547218397019547,0
1.294000000000001,POINT,0.1753359253960628,0.09826904624583144,0.5594702281013372,0.5824536188017294,0.14480171371096257,1.0701208085555376,0.6547320984521705,0
1.296000000000001,POINT,0.1753465898394109,0.0983056914435819,0.5594451795685504,0.5824536188017294,0.14480171371096257,1.0701208085555376,0.6547424006114693,0
1.298000000000001,POINT,0.17535729936622702,0.09834254536488805,0.5594200248347336,0.5824536188017294,0.14480171371096257,1.0701208085555376,0.6547527457860599,0
1.300000000000001,POINT,0.17536805357679697,0.0983796074654839,0.5593947648339624,0.5824536188017294,0.14480171371096257,1.0701208085555376,0.6547631335821081,0
1.302000000000001,POINT,0.17537885207134982,0.09841687720028797,0.5593694005004491,0.5824536188017294,0.14480171371096257,1.0701208085555376,0.6547735636057479,0
1.304000000000001,POINT,0.1753896944500684,0.09845435402337714,0.5593439327685186,0.5824536188017294,0.14480171371096257,1.0701208085555376,0.654784035463093,0
1.306000000000001,POINT,0.17540058031310027,0.09849203738796045,0.559318362572583,0.5824536188017294,0.14480171371096257,1.0701208085555376,0.6547945487602472,0
1.308000000000001,POINT,0.17541150926056814,0.09852992674635327,0.5592926908471172,0.5824536188017294,0.14480171371096257,1.0701208085555376,0.6548051031033164,0
1.310000000000001,POINT,0.175422480892581,0.09856802154995148,0.5592669185266336,0.5824536188017294,0.14480171371096257,1.0701208085555376,0.6548156980984183,0
1.312000000000001,POINT,0.17543349480924425,0.0986063212492061,0.5592410465456579,0.5824536188017294,0.14480171371096257,1.0701208085555376,0.6548263333516949,0
1.314000000000001,POINT,0.17544455061067094,0.0986448252935977,0.5592150758387046,0.5824536188017294,0.14480171371096257,1.0701208085555376,0.6548370084693219,0
1.316000000000001,POINT,0.17545564789699186,0.09868353313161143,0.5591890073402512,0.5824536188017294,0.14480171371096257,1.0701208085555376,0.6548477230575214,0
1.318000000000001,POINT,0.1754667862683666,0.09872244421071204,0.5591628419847151,0.5824536188017294,0.14480171371096257,1.0701208085555376,0.6548584767225709,0
1.320000000000001,POINT,0.17547796532499393,0.09876155797731886,0.5591365807064281,0.5824536188017294,0.14480171371096257,1.0701208085555376,0.6548692690708159,0
1.322000000000001,POINT,0.1754891846671225,0.09880087387678152,0.559110224439612,0.5824536188017294,0.14480171371096257,1.0701208085555376,0.6548800997086797,0
1.324000000000001,POINT,0.1755004438950613,0.09884039135335532,0.5590837741183541,0.5824536188017294,0.14480171371096257,1.0701208085555376,0.6548909682426748,0
1.326000000000001,POINT,0.17551174260919042,0.098880109850177,0.5590572306765829,0.5824536188017294,0.14480171371096257,1.0701208085555376,0.6549018742794137,0
1.328000000000001,POINT,0.17552308040997136,0.09892002880924088,0.5590305950480439,0.5824536188017294,0.14480171371096257,1.0701208085555376,0.6549128174256192,0
1.330000000000001,POINT,0.17553445689795777,0.09896014767137476,0.5590038681662741,0.5824536188017294,0.14480171371096257,1.0701208085555376,0.6549237972881362,0
1.332000000000001,POINT,0.17554587167380575,0.09900046587621655,0.5589770509645796,0.5824536188017294,0.14480171371096257,1.0701208085555376,0.6549348134739412,0
1.334000000000001,POINT,0.17555732433828458,0.09904098286219051,0.5589501443760092,0.5824536188017294,0.14480171371096257,1.0701208085555376,0.6549458655901542,0
1.336000000000001,POINT,0.17556881449228703,0.09908169806648429,0.5589231493333314,0.5824536188017294,0.14480171371096257,1.0701208085555376,0.654956953244049,0
1.338000000000001,POINT,0.17558034173683992,0.09912261092502549,0.5588960667690099,0.5824536188017294,0.14480171371096257,1.0701208085555376,0.6549680760430636,0
1.340000000000001,POINT,0.17559190567311453,0.0991637208724592,0.5588688976151794,0.5824536188017294,0.14480171371096257,1.0701208085555376,0.6549792335948114,0
1.342000000000001,POINT,0.17560350590243695,0.09920502734212484,0.5588416428036209,0.5824536188017294,0.14480171371096257,1.0701208085555376,0.6549904255070917,0
1.344000000000001,POINT,0.1756151420262987,0.09924652976603406,0.5588143032657384,0.5824536188017294,0.14480171371096257,1.0701208085555376,0.6550016513879002,0
1.346000000000001,POINT,0.1756268136463669,0.0992882275748482,0.5587868799325345,0.5824536188017294,0.14480171371096257,1.0701208085555376,0.6550129108454398,0
1.348000000000001,POINT,0.17563852036449487,0.09933012019785625,0.5587593737345861,0.5824536188017294,0.14480171371096257,1.0701208085555376,0.6550242034881308,0
1.350000000000001,POINT,0.17565026178273233,0.09937220706295294,0.5587317856020204,0.5824536188017294,0.14480171371096257,1.0701208085555376,0.6550355289246226,0
1.352000000000001,POINT,0.17566203750333584,0.09941448759661695,0.5587041164644913,0.5824536188017294,0.14480171371096257,1.0701208085555376,0.6550468867638028,0
1.354000000000001,POINT,0.1756738471287791,0.09945696122388943,0.5586763672511553,0.5824536188017294,0.14480171371096257,1.0701208085555376,0.6550582766148086,0
1.356000000000001,POINT,0.17568569026176328,0.09949962736835279,0.5586485388906471,0.5824536188017294,0.14480171371096257,1.0701208085555376,0.6550696980870376,0
1.358000000000001,POINT,0.17569756650522736,0.09954248545210923,0.5586206323110567,0.5824536188017294,0.14480171371096257,1.0701208085555376,0.6550811507901573,0
1.360000000000001,POINT,0.1757094754623583,0.09958553489576018,0.5585926484399045,0.5824536188017294,0.14480171371096257,1.0701208085555376,0.6550926343341161,0
1.362000000000001,POINT,0.17572141673660147,0.09962877511838536,0.5585645882041181,0.5824536188017294,0.14480171371096257,1.0701208085555376,0.6551041483291545,0
1.364000000000001,POINT,0.17573338993167076,0.09967220553752218,0.5585364525300087,0.5824536188017294,0.14480171371096257,1.0701208085555376,0.655115692385814,0
1.366000000000001,POINT,0.17574539465155894,0.09971582556914557,0.5585082423432468,0.5824536188017294,0.14480171371096257,1.0701208085555376,0.6551272661149491,0
1.368000000000001,POINT,0.1757574305005478,0.09975963462764761,0.558479958568839,0.5824536188017294,0.14480171371096257,1.0701208085555376,0.6551388691277363,0
1.370000000000001,POINT,0.1757694970832183,0.09980363212581787,0.5584516021311039,0.5824536188017294,0.14480171371096257,1.0701208085555376,0.6551505010356856,0
1.372000000000001,POINT,0.17578159400446097,0.09984781747482328,0.5584231739536493,0.5824536188017294,0.14480171371096257,1.0701208085555376,0.6551621614506498,0
1.374000000000001,POINT,0.1757937208694859,0.09989219008418895,0.5583946749593474,0.5824536188017294,0.14480171371096257,1.0701208085555376,0.6551738499848361,0
1.376000000000001,POINT,0.17580587728383282,0.09993674936177854,0.5583661060703125,0.5824536188017294,0.14480171371096257,1.0701208085555376,0.6551855662508149,0
1.378000000000001,POINT,0.17581806285338147,0.09998149471377525,0.5583374682078764,0.5824536188017294,0.14480171371096257,1.0701208085555376,0.6551973098615316,0
1.380000000000001,POINT,0.1758302771843616,0.10002642554466273,0.5583087622925663,0.5824536188017294,0.14480171371096257,1.0701208085555376,0.6552090804303154,0
1.382000000000001,POINT,0.175842519883363,0.10007154125720649,0.5582799892440798,0.5824536188017294,0.14480171371096257,1.0701208085555376,0.6552208775708911,0
1.384000000000001,POINT,0.17585479055734568,0.1001168412524352,0.5582511499812627,0.5824536188017294,0.14480171371096257,1.0701208085555376,0.6552327008973877,0
1.386000000000001,POINT,0.17586708881364999,0.10016232492962245,0.558222245422085,0.5824536188017294,0.14480171371096257,1.0701208085555376,0.6552445500243496,0
1.388000000000001,POINT,0.17587941426000644,0.10020799168626845,0.558193276483618,0.5824536188017294,0.14480171371096257,1.0701208085555376,0.6552564245667468,0
1.390000000000001,POINT,0.17589176650454608,0.1002538409180822,0.5581642440820112,0.5824536188017294,0.14480171371096257,1.0701208085555376,0.6552683241399843,0
1.392000000000001,POINT,0.17590414515581018,0.10029987201896368,0.5581351491324679,0.5824536188017294,0.14480171371096257,1.0701208085555376,0.655280248359913,0
1.394000000000001,POINT,0.1759165498227604,0.10034608438098622,0.5581059925492238,0.5824536188017294,0.14480171371096257,1.0701208085555376,0.6552921968428395,0
1.396000000000001,POINT,0.17592898011478872,0.10039247739437931,0.5580767752455222,0.5824536188017294,0.14480171371096257,1.0701208085555376,0.6553041692055361,0
1.398000000000001,POINT,0.17594143564172743,0.10043905044751131,0.5580474981335926,0.5824536188017294,0.14480171371096257,1.0701208085555376,0.6553161650652508,0
1.400000000000001,POINT,0.17595391601385904,0.1004858029268725,0.5580181621246255,0.5824536188017294,0.14480171371096257,1.0701208085555376,0.6553281840397177,0
1.402000000000001,POINT,0.1759664208419263,0.10053273421705841,0.5579887681287515,0.5824536188017294,0.14480171371096257,1.0701208085555376,0.6553402257471664,0
1.404000000000001,POINT,0.17597894973714187,0.10057984370075332,0.5579593170550172,0.5824536188017294,0.14480171371096257,1.0701208085555376,0.6553522898063326,0
1.406000000000001,POINT,0.17599150231119848,0.1006271307587136,0.5579298098113621,0.5824536188017294,0.14480171371096257,1.0701208085555376,0.6553643758364679,0
1.408000000000001,POINT,0.17600407817627867,0.10067459476975199,0.5579002473045964,0.5824536188017294,0.14480171371096257,1.0701208085555376,0.655376483457349,0
1.410000000000001,POINT,0.17601667694506457,0.10072223511072133,0.5578706304403778,0.5824536188017294,0.14480171371096257,1.0701208085555376,0.655388612289289,0
1.412000000000001,POINT,0.17602929823074787,0.100770051156499,0.5578409601231886,0.5824536188017294,0.14480171371096257,1.0701208085555376,0.6554007619531461,0
1.414000000000001,POINT,0.17604194164703954,0.10081804227997128,0.5578112372563135,0.5824536188017294,0.14480171371096257,1.0701208085555376,0.6554129320703338,0
1.416000000000001,POINT,0.17605460680817964,0.10086620785201807,0.557781462741816,0.5824536188017294,0.14480171371096257,1.0701208085555376,0.655425122262831,0
1.418000000000001,POINT,0.17606729332894708,0.10091454724149769,0.5577516374805161,0.5824536188017294,0.14480171371096257,1.0701208085555376,0.6554373321531917,0
1.420000000000001,POINT,0.17608000082466943,0.10096305981523203,0.5577217623719685,0.5824536188017294,0.14480171371096257,1.0701208085555376,0.6554495613645542,0
1.422000000000001,POINT,0.17609272891123257,0.10101174493799177,0.5576918383144385,0.5824536188017294,0.14480171371096257,1.0701208085555376,0.655461809520652,0
1.424000000000001,POINT,0.1761054772050904,0.10106060197248186,0.5576618662048807,0.5824536188017294,0.14480171371096257,1.0701208085555376,0.6554740762458225,0
1.426000000000001,POINT,0.17611824532327458,0.1011096302793272,0.5576318469389161,0.5824536188017294,0.14480171371096257,1.0701208085555376,0.6554863611650171,0
1.428000000000001,POINT,0.17613103288340426,0.10115882921705847,0.5576017814108095,0.5824536188017294,0.14480171371096257,1.0701208085555376,0.6554986639038111,0
1.430000000000001,POINT,0.17614383950369555,0.10120819814209828,0.5575716705134472,0.5824536188017294,0.14480171371096257,1.0701208085555376,0.6555109840884129,0
1.432000000000001,POINT,0.17615666480297132,0.10125773640874741,0.5575415151383151,0.5824536188017294,0.14480171371096257,1.0701208085555376,0.655523321345674,0
1.434000000000001,POINT,0.17616950840067064,0.10130744336917134,0.5575113161754753,0.5824536188017294,0.14480171371096257,1.0701208085555376,0.6555356753030986,0
1.436000000000001,POINT,0.17618236991685854,0.10135731837338686,0.5574810745135453,0.5824536188017294,0.14480171371096257,1.0701208085555376,0.6555480455888529,0
1.438000000000001,POINT,0.17619524897223543,0.10140736076924897,0.5574507910396749,0.5824536188017294,0.14480171371096257,1.0701208085555376,0.6555604318317746,0
1.440000000000001,POINT,0.17620814518814676,0.10145756990243802,0.5574204666395238,0.5824536188017294,0.14480171371096257,1.0701208085555376,0.6555728336613832,0
1.442000000000001,POINT,0.17622105818659242,0.10150794511644703,0.5573901021972405,0.5824536188017294,0.14480171371096257,1.0701208085555376,0.6555852507078883,0
1.444000000000001,POINT,0.17623398759023634,0.10155848575256904,0.5573596985954393,0.5824536188017294,0.14480171371096257,1.0701208085555376,0.6555976826022,0
1.446000000000001,POINT,0.17624693302241587,0.10160919114988502,0.557329256715179,0.5824536188017294,0.14480171371096257,1.0701208085555376,0.6556101289759382,0
1.448000000000001,POINT,0.17625989410715134,0.10166006064525152,0.5572987774359404,0.5824536188017294,0.14480171371096257,1.0701208085555376,0.6556225894614416,0
1.450000000000001,POINT,0.17627287046915538,0.10171109357328899,0.5572682616356046,0.5824536188017294,0.14480171371096257,1.0701208085555376,0.6556350636917775,0
1.452000000000001,POINT,0.17628586173384236,0.10176228926636996,0.5572377101904319,0.5824536188017294,0.14480171371096257,1.0701208085555376,0.6556475513007507,0
1.454000000000001,POINT,0.1762988675273378,0.10181364705460759,0.5572071239750384,0.5824536188017294,0.14480171371096257,1.0701208085555376,0.6556600519229138,0
1.456000000000001,POINT,0.17631188747648777,0.10186516626584435,0.5571765038623759,0.5824536188017294,0.14480171371096257,1.0701208085555376,0.655672565193575,0
1.458000000000001,POINT,0.17632492120886806,0.10191684622564101,0.5571458507237093,0.5824536188017294,0.14480171371096257,1.0701208085555376,0.6556850907488087,0
1.460000000000001,POINT,0.17633796835279364,0.10196868625726553,0.557115165428595,0.5824536188017294,0.14480171371096257,1.0701208085555376,0.6556976282254644,0
1.462000000000001,POINT,0.17635102853732793,0.1020206856816827,0.5570844488448599,0.5824536188017294,0.14480171371096257,1.0701208085555376,0.6557101772611756,0
1.464000000000001,POINT,0.17636410139229197,0.10207284381754331,0.5570537018385797,0.5824536188017294,0.14480171371096257,1.0701208085555376,0.6557227374943687,0
1.466000000000001,POINT,0.17637718654827375,0.10212515998117415,0.5570229252740567,0.5824536188017294,0.14480171371096257,1.0701208085555376,0.6557353085642735,0
1.468000000000001,POINT,0.17639028363663742,0.10217763348656772,0.5569921200137996,0.5824536188017294,0.14480171371096257,1.0701208085555376,0.6557478901109308,0
1.470000000000001,POINT,0.1764033922895323,0.10223026364537244,0.5569612869185012,0.5824536188017294,0.14480171371096257,1.0701208085555376,0.6557604817752025,0
1.472000000000001,POINT,0.1764165121399024,0.10228304976688296,0.5569304268470177,0.5824536188017294,0.14480171371096257,1.0701208085555376,0.6557730831987798,0
1.474000000000001,POINT,0.17642964282149512,0.1023359911580306,0.5568995406563472,0.5824536188017294,0.14480171371096257,1.0701208085555376,0.6557856940241935,0
1.476000000000001,POINT,0.17644278396887061,0.10238908712337416,0.5568686292016085,0.5824536188017294,0.14480171371096257,1.0701208085555376,0.6557983138948216,0
1.478000000000001,POINT,0.17645593521741096,0.10244233696509081,0.5568376933360205,0.5824536188017294,0.14480171371096257,1.0701208085555376,0.6558109424548991,0
1.480000000000001,POINT,0.17646909620332893,0.10249573998296709,0.5568067339108804,0.5824536188017294,0.14480171371096257,1.0701208085555376,0.6558235793495272,0
1.482000000000001,POINT,0.17648226656367727,0.10254929547439033,0.5567757517755434,0.5824536188017294,0.14480171371096257,1.0701208085555376,0.6558362242246812,0
1.484000000000001,POINT,0.17649544593635744,0.10260300273434025,0.5567447477774015,0.5824536188017294,0.14480171371096257,1.0701208085555376,0.65584887672722,0
1.486000000000001,POINT,0.1765086339601289,0.10265686105538042,0.5567137227618622,0.5824536188017294,0.14480171371096257,1.0701208085555376,0.6558615365048955,0
1.488000000000001,POINT,0.17652183027461782,0.1027108697276504,0.5566826775723288,0.5824536188017294,0.14480171371096257,1.0701208085555376,0.6558742032063601,0
1.490000000000001,POINT,0.17653503452032607,0.10276502803885763,0.5566516130501789,0.5824536188017294,0.14480171371096257,1.0701208085555376,0.6558868764811768,0
1.492000000000001,POINT,0.1765482463386401,0.10281933527427,0.5566205300347434,0.5824536188017294,0.14480171371096257,1.0701208085555376,0.655899555979827,0
1.494000000000001,POINT,0.17656146537183987,0.10287379071670802,0.5565894293632874,0.5824536188017294,0.14480171371096257,1.0701208085555376,0.6559122413537194,0
1.496000000000001,POINT,0.17657469126310746,0.10292839364653786,0.5565583118709879,0.5824536188017294,0.14480171371096257,1.0701208085555376,0.6559249322551993,0
1.498000000000001,POINT,0.17658792365653617,0.1029831433416639,0.5565271783909143,0.5824536188017294,0.14480171371096257,1.0701208085555376,0.6559376283375568,0
1.500000000000001,POINT,0.1766011621971391,0.10303803907752214,0.5564960297540079,0.5824536188017294,0.14480171371096257,1.0701208085555376,0.6559503292550352,0
1.5020000000000011,POINT,0.17661440653085786,0.10309308012707323,0.5564648667890618,0.5824536188017294,0.14480171371096257,1.0701208085555376,0.6559630346628397,0
1.5040000000000011,POINT,0.17662765630457147,0.10314826576079614,0.5564336903227001,0.5824536188017294,0.14480171371096257,1.0701208085555376,0.6559757442171464,0
1.5060000000000011,POINT,0.17664091116610486,0.10320359524668168,0.5564025011793582,0.5824536188017294,0.14480171371096257,1.0701208085555376,0.65598845757511,0
1.5080000000000011,POINT,0.17665417076423753,0.10325906785022645,0.5563713001812621,0.5824536188017294,0.14480171371096257,1.0701208085555376,0.6560011743948736,0
1.5100000000000011,POINT,0.17666743474871235,0.10331468283442691,0.5563400881484094,0.5824536188017294,0.14480171371096257,1.0701208085555376,0.6560138943355752,0
1.5120000000000011,POINT,0.17668070277024386,0.1033704394597736,0.5563088658985483,0.5824536188017294,0.14480171371096257,1.0701208085555376,0.6560266170573581,0
1.5140000000000011,POINT,0.17669397448052707,0.10342633698424572,0.5562776342471583,0.5824536188017294,0.14480171371096257,1.0701208085555376,0.6560393422213777,0
1.5160000000000011,POINT,0.1767072495322459,0.10348237466330545,0.5562463940074297,0.5824536188017294,0.14480171371096257,1.0701208085555376,0.6560520694898111,0
1.5180000000000011,POINT,0.1767205275790816,0.10353855174989317,0.5562151459902452,0.5824536188017294,0.14480171371096257,1.0701208085555376,0.6560647985258643,0
1.5200000000000011,POINT,0.1767338082757213,0.10359486749442233,0.556183891004159,0.5824536188017294,0.14480171371096257,1.0701208085555376,0.6560775289937815,0
1.5220000000000011,POINT,0.17674709127786642,0.10365132114477457,0.5561526298553772,0.5824536188017294,0.14480171371096257,1.0701208085555376,0.6560902605588521,0
1.5240000000000011,POINT,0.17676037624224095,0.10370791194629533,0.5561213633477391,0.5824536188017294,0.14480171371096257,1.0701208085555376,0.6561029928874204,0
1.5260000000000011,POINT,0.17677366282660006,0.10376463914178928,0.5560900922826976,0.5824536188017294,0.14480171371096257,1.0701208085555376,0.656115725646892,0
1.5280000000000011,POINT,0.17678695068973813,0.1038215019715162,0.5560588174592987,0.5824536188017294,0.14480171371096257,1.0701208085555376,0.6561284585057441,0
1.5300000000000011,POINT,0.17680023949149717,0.10387849967318702,0.5560275396741642,0.5824536188017294,0.14480171371096257,1.0701208085555376,0.656141191133531,0
1.5320000000000011,POINT,0.17681352889277518,0.10393563148195986,0.5559962597214705,0.5824536188017294,0.14480171371096257,1.0701208085555376,0.6561539232008944,0
1.5340000000000011,POINT,0.17682681855553417,0.10399289663043654,0.5559649783929307,0.5824536188017294,0.14480171371096257,1.0701208085555376,0.65616665437957,0
1.5360000000000011,POINT,0.1768401081428085,0.10405029434865888,0.5559336964777755,0.5824536188017294,0.14480171371096257,1.0701208085555376,0.6561793843423961,0
1.5380000000000011,POINT,0.17685339731871288,0.10410782386410584,0.5559024147627334,0.5824536188017294,0.14480171371096257,1.0701208085555376,0.6561921127633215,0
1.5400000000000011,POINT,0.17686668574845069,0.1041654844016901,0.555871134032013,0.5824536188017294,0.14480171371096257,1.0701208085555376,0.6562048393174128,0
1.5420000000000011,POINT,0.17687997309832185,0.10422327518375527,0.5558398550672831,0.5824536188017294,0.14480171371096257,1.0701208085555376,0.6562175636808631,0
1.5440000000000011,POINT,0.17689325903573094,0.1042811954300733,0.5558085786476548,0.5824536188017294,0.14480171371096257,1.0701208085555376,0.6562302855309994,0
1.5460000000000012,POINT,0.1769065432291953,0.1043392443578418,0.5557773055496623,0.5824536188017294,0.14480171371096257,1.0701208085555376,0.6562430045462898,0
1.5480000000000012,POINT,0.17691982534835282,0.10439742118168183,0.5557460365472451,0.5824536188017294,0.14480171371096257,1.0701208085555376,0.6562557204063524,0
1.5500000000000012,POINT,0.17693310506396995,0.10445572511363574,0.5557147724117285,0.5824536188017294,0.14480171371096257,1.0701208085555376,0.6562684327919619,0
1.5520000000000012,POINT,0.1769463820479497,0.10451415536316516,0.5556835139118061,0.5824536188017294,0.14480171371096257,1.0701208085555376,0.656281141385058,0
1.5540000000000012,POINT,0.17695965597333926,0.10457271113714921,0.5556522618135213,0.5824536188017294,0.14480171371096257,1.0701208085555376,0.6562938458687525,0
1.5560000000000012,POINT,0.17697292651433802,0.10463139163988305,0.555621016880249,0.5824536188017294,0.14480171371096257,1.0701208085555376,0.6563065459273371,0
1.5580000000000012,POINT,0.17698619334630522,0.10469019607307624,0.5555897798726773,0.5824536188017294,0.14480171371096257,1.0701208085555376,0.6563192412462907,0
1.5600000000000012,POINT,0.17699945614576776,0.10474912363585179,0.55555855154879,0.5824536188017294,0.14480171371096257,1.0701208085555376,0.6563319315122875,0
1.5620000000000012,POINT,0.17701271459042786,0.10480817352474475,0.5555273326638483,0.5824536188017294,0.14480171371096257,1.0701208085555376,0.6563446164132033,0
1.5640000000000012,POINT,0.1770259683591707,0.10486734493370171,0.5554961239703733,0.5824536188017294,0.14480171371096257,1.0701208085555376,0.656357295638124,0
1.5660000000000012,POINT,0.17703921713207207,0.10492663705407994,0.5554649262181277,0.5824536188017294,0.14480171371096257,1.0701208085555376,0.6563699688773522,0
1.5680000000000012,POINT,0.177052460590406,0.10498604907464679,0.5554337401540986,0.5824536188017294,0.14480171371096257,1.0701208085555376,0.6563826358224154,0
1.5700000000000012,POINT,0.17706569841665215,0.10504558018157947,0.5554025665224801,0.5824536188017294,0.14480171371096257,1.0701208085555376,0.6563952961660717,0
1.5720000000000012,POINT,0.17707893029450333,0.10510522955846498,0.5553714060646556,0.5824536188017294,0.14480171371096257,1.0701208085555376,0.6564079496023186,0
1.5740000000000012,POINT,0.17709215590887314,0.10516499638629993,0.5553402595191801,0.5824536188017294,0.14480171371096257,1.0701208085555376,0.6564205958263994,0
1.5760000000000012,POINT,0.17710537494590317,0.10522487984349092,0.5553091276217635,0.5824536188017294,0.14480171371096257,1.0701208085555376,0.6564332345348107,0
1.5780000000000012,POINT,0.17711858709297046,0.10528487910585471,0.5552780111052535,0.5824536188017294,0.14480171371096257,1.0701208085555376,0.6564458654253085,0
1.5800000000000012,POINT,0.17713179203869475,0.10534499334661898,0.5552469106996182,0.5824536188017294,0.14480171371096257,1.0701208085555376,0.6564584881969165,0
1.5820000000000012,POINT,0.17714498947294588,0.105405221736423,0.5552158271319286,0.5824536188017294,0.14480171371096257,1.0701208085555376,0.6564711025499328,0
1.5840000000000012,POINT,0.17715817908685091,0.10546556344331837,0.5551847611263433,0.5824536188017294,0.14480171371096257,1.0701208085555376,0.6564837081859357,0
1.5860000000000012,POINT,0.17717136057280145,0.10552601763277035,0.55515371340409,0.5824536188017294,0.14480171371096257,1.0701208085555376,0.6564963048077925,0
1.5880000000000012,POINT,0.17718453362446066,0.10558658346765884,0.5551226846834502,0.5824536188017294,0.14480171371096257,1.0701208085555376,0.6565088921196647,0
1.5900000000000012,POINT,0.1771976979367704,0.10564726010827999,0.5550916756797418,0.5824536188017294,0.14480171371096257,1.0701208085555376,0.6565214698270153,0
1.5920000000000012,POINT,0.17721085320595842,0.10570804671234767,0.5550606871053028,0.5824536188017294,0.14480171371096257,1.0701208085555376,0.6565340376366166,0
1.5940000000000012,POINT,0.17722399912954523,0.10576894243499521,0.5550297196694752,0.5824536188017294,0.14480171371096257,1.0701208085555376,0.6565465952565549,0
1.5960000000000012,POINT,0.17723713540635108,0.10582994642877751,0.554998774078589,0.5824536188017294,0.14480171371096257,1.0701208085555376,0.6565591423962386,0
1.5980000000000012,POINT,0.17725026173650288,0.10589105784367285,0.5549678510359448,0.5824536188017294,0.14480171371096257,1.0701208085555376,0.6565716787664051,0
1.6000000000000012,POINT,0.1772633778214413,0.10595227582708529,0.5549369512417996,0.5824536188017294,0.14480171371096257,1.0701208085555376,0.6565842040791258,0
1.6020000000000012,POINT,0.17727648336392723,0.10601359952384715,0.5549060753933491,0.5824536188017294,0.14480171371096257,1.0701208085555376,0.6565967180478143,0
1.6040000000000012,POINT,0.17728957806804888,0.10607502807622143,0.5548752241847132,0.5824536188017294,0.14480171371096257,1.0701208085555376,0.6566092203872314,0
1.6060000000000012,POINT,0.17730266163922836,0.10613656062390481,0.5548443983069196,0.5824536188017294,0.14480171371096257,1.0701208085555376,0.656621710813493,0
1.6080000000000012,POINT,0.17731573378422838,0.10619819630403024,0.5548135984478885,0.5824536188017294,0.14480171371096257,1.0701208085555376,0.656634189044075,0
1.6100000000000012,POINT,0.177328794211159,0.10625993425117031,0.5547828252924165,0.5824536188017294,0.14480171371096257,1.0701208085555376,0.6566466547978209,0
1.6120000000000012,POINT,0.17734184262948408,0.10632177359734035,0.5547520795221624,0.5824536188017294,0.14480171371096257,1.0701208085555376,0.6566591077949471,0
1.6140000000000012,POINT,0.17735487875002795,0.10638371347200182,0.5547213618156309,0.5824536188017294,0.14480171371096257,1.0701208085555376,0.6566715477570493,0
1.6160000000000012,POINT,0.1773679022849818,0.106445753002066,0.5546906728481578,0.5824536188017294,0.14480171371096257,1.0701208085555376,0.6566839744071095,0
1.6180000000000012,POINT,0.1773809129479103,0.10650789131189753,0.5546600132918947,0.5824536188017294,0.14480171371096257,1.0701208085555376,0.656696387469501,0
1.6200000000000012,POINT,0.17739391045375777,0.10657012752331846,0.5546293838157947,0.5824536188017294,0.14480171371096257,1.0701208085555376,0.6567087866699951,0
1.6220000000000012,POINT,0.1774068945188547,0.10663246075561211,0.554598785085597,0.5824536188017294,0.14480171371096257,1.0701208085555376,0.6567211717357668,0
1.6240000000000012,POINT,0.17741986486092398,0.10669489012552752,0.5545682177638124,0.5824536188017294,0.14480171371096257,1.0701208085555376,0.6567335423954014,0
1.6260000000000012,POINT,0.17743282119908718,0.10675741474728351,0.5545376825097086,0.5824536188017294,0.14480171371096257,1.0701208085555376,0.6567458983788992,0
1.6280000000000012,POINT,0.17744576325387076,0.10682003373257337,0.5545071799792962,0.5824536188017294,0.14480171371096257,1.0701208085555376,0.6567582394176826,0
1.6300000000000012,POINT,0.17745869074721216,0.10688274619056957,0.5544767108253136,0.5824536188017294,0.14480171371096257,1.0701208085555376,0.6567705652446012,0
1.6320000000000012,POINT,0.17747160340246593,0.10694555122792837,0.5544462756972134,0.5824536188017294,0.14480171371096257,1.0701208085555376,0.6567828755939379,0
1.6340000000000012,POINT,0.17748450094440982,0.10700844794879495,0.5544158752411481,0.5824536188017294,0.14480171371096257,1.0701208085555376,0.656795170201414,0
1.6360000000000012,POINT,0.17749738309925067,0.10707143545480845,0.554385510099956,0.5824536188017294,0.14480171371096257,1.0701208085555376,0.6568074488041957,0
1.6380000000000012,POINT,0.1775102495946304,0.10713451284510729,0.5543551809131473,0.5824536188017294,0.14480171371096257,1.0701208085555376,0.6568197111408993,0
1.6400000000000012,POINT,0.17752310015963205,0.10719767921633461,0.5543248883168909,0.5824536188017294,0.14480171371096257,1.0701208085555376,0.6568319569515962,0
1.6420000000000012,POINT,0.17753593452478525,0.1072609336626437,0.5542946329439999,0.5824536188017294,0.14480171371096257,1.0701208085555376,0.6568441859778195,0
1.6440000000000012,POINT,0.17754875242207233,0.10732427527570389,0.5542644154239188,0.5824536188017294,0.14480171371096257,1.0701208085555376,0.6568563979625682,0
1.6460000000000012,POINT,0.17756155358493392,0.10738770314470622,0.5542342363827097,0.5824536188017294,0.14480171371096257,1.0701208085555376,0.6568685926503139,0
1.6480000000000012,POINT,0.1775743377482747,0.10745121635636967,0.5542040964430399,0.5824536188017294,0.14480171371096257,1.0701208085555376,0.6568807697870045,0
1.6500000000000012,POINT,0.17758710464846883,0.10751481399494717,0.5541739962241673,0.5824536188017294,0.14480171371096257,1.0701208085555376,0.6568929291200711,0
1.6520000000000012,POINT,0.17759985402336573,0.1075784951422318,0.5541439363419286,0.5824536188017294,0.14480171371096257,1.0701208085555376,0.6569050703984322,0
1.6540000000000012,POINT,0.17761258561229545,0.10764225887756354,0.5541139174087262,0.5824536188017294,0.14480171371096257,1.0701208085555376,0.6569171933724989,0
1.6560000000000012,POINT,0.1776252991560742,0.10770610427783547,0.5540839400335151,0.5824536188017294,0.14480171371096257,1.0701208085555376,0.6569292977941804,0
1.6580000000000013,POINT,0.17763799439700959,0.10777003041750075,0.5540540048217909,0.5824536188017294,0.14480171371096257,1.0701208085555376,0.656941383416889,0
1.6600000000000013,POINT,0.17765067107890628,0.10783403636857945,0.5540241123755766,0.5824536188017294,0.14480171371096257,1.0701208085555376,0.6569534499955444,0
1.6620000000000013,POINT,0.17766332894707096,0.10789812120066533,0.5539942632934107,0.5824536188017294,0.14480171371096257,1.0701208085555376,0.6569654972865796,0
1.6640000000000013,POINT,0.1776759677483177,0.10796228398093333,0.5539644581703349,0.5824536188017294,0.14480171371096257,1.0701208085555376,0.6569775250479452,0
1.6660000000000013,POINT,0.1776885872309731,0.10802652377414657,0.5539346975978824,0.5824536188017294,0.14480171371096257,1.0701208085555376,0.6569895330391139,0
1.6680000000000013,POINT,0.17770118714488148,0.10809083964266376,0.553904982164065,0.5824536188017294,0.14480171371096257,1.0701208085555376,0.6570015210210862,0
1.6700000000000013,POINT,0.17771376724140975,0.10815523064644696,0.5538753124533621,0.5824536188017294,0.14480171371096257,1.0701208085555376,0.6570134887563944,0
1.6720000000000013,POINT,0.17772632727345267,0.10821969584306898,0.5538456890467089,0.5824536188017294,0.14480171371096257,1.0701208085555376,0.6570254360091068,0
1.6740000000000013,POINT,0.1777388669954375,0.10828423428772137,0.5538161125214847,0.5824536188017294,0.14480171371096257,1.0701208085555376,0.6570373625448336,0
1.6760000000000013,POINT,0.17775138616332908,0.10834884503322234,0.5537865834515012,0.5824536188017294,0.14480171371096257,1.0701208085555376,0.6570492681307303,0
1.6780000000000013,POINT,0.17776388453463468,0.10841352713002468,0.5537571024069919,0.5824536188017294,0.14480171371096257,1.0701208085555376,0.6570611525355022,0
1.6800000000000013,POINT,0.17777636186840848,0.10847827962622411,0.5537276699546007,0.5824536188017294,0.14480171371096257,1.0701208085555376,0.6570730155294097,0
1.6820000000000013,POINT,0.17778881792525664,0.10854310156756758,0.5536982866573704,0.5824536188017294,0.14480171371096257,1.0701208085555376,0.6570848568842714,0
1.6840000000000013,POINT,0.17780125246734163,0.10860799199746171,0.5536689530747325,0.5824536188017294,0.14480171371096257,1.0701208085555376,0.6570966763734697,0
1.6860000000000013,POINT,0.17781366525838702,0.10867294995698124,0.5536396697624963,0.5824536188017294,0.14480171371096257,1.0701208085555376,0.6571084737719535,0
1.6880000000000013,POINT,0.17782605606368193,0.10873797448487792,0.5536104372728384,0.5824536188017294,0.14480171371096257,1.0701208085555376,0.6571202488562434,0
1.6900000000000013,POINT,0.17783842465008548,0.1088030646175892,0.5535812561542917,0.5824536188017294,0.14480171371096257,1.0701208085555376,0.6571320014044362,0
1.6920000000000013,POINT,0.17785077078603106,0.10886821938924729,0.5535521269517356,0.5824536188017294,0.14480171371096257,1.0701208085555376,0.6571437311962073,0
1.6940000000000013,POINT,0.17786309424153104,0.10893343783168805,0.5535230502063861,0.5824536188017294,0.14480171371096257,1.0701208085555376,0.6571554380128164,0
1.6960000000000013,POINT,0.17787539478818062,0.1089987189744604,0.5534940264557856,0.5824536188017294,0.14480171371096257,1.0701208085555376,0.6571671216371098,0
1.6980000000000013,POINT,0.17788767219916232,0.10906406184483543,0.5534650562337923,0.5824536188017294,0.14480171371096257,1.0701208085555376,0.657178781853526,0
1.7000000000000013,POINT,0.17789992624924994,0.10912946546781589,0.5534361400705713,0.5824536188017294,0.14480171371096257,1.0701208085555376,0.6571904184480981,0
1.7020000000000013,POINT,0.17791215671481284,0.10919492886614579,0.553407278492585,0.5824536188017294,0.14480171371096257,1.0701208085555376,0.657202031208458,0
1.7040000000000013,POINT,0.17792436337381984,0.10926045106031994,0.5533784720225835,0.5824536188017294,0.14480171371096257,1.0701208085555376,0.65721361992384,0
1.7060000000000013,POINT,0.1779365460058432,0.10932603106859383,0.5533497211795952,0.5824536188017294,0.14480171371096257,1.0701208085555376,0.6572251843850844,0
1.7080000000000013,POINT,0.17794870439206253,0.10939166790699342,0.5533210264789175,0.5824536188017294,0.14480171371096257,1.0701208085555376,0.6572367243846414,0
1.7100000000000013,POINT,0.17796083831526863,0.10945736058932515,0.5532923884321084,0.5824536188017294,0.14480171371096257,1.0701208085555376,0.657248239716574,0
1.7120000000000013,POINT,0.1779729475598673,0.10952310812718609,0.5532638075469773,0.5824536188017294,0.14480171371096257,1.0701208085555376,0.657259730176561,0
1.7140000000000013,POINT,0.17798503191188297,0.1095889095299741,0.5532352843275762,0.5824536188017294,0.14480171371096257,1.0701208085555376,0.6572711955619023,0
1.7160000000000013,POINT,0.17799709115896234,0.10965476380489826,0.5532068192741914,0.5824536188017294,0.14480171371096257,1.0701208085555376,0.6572826356715196,0
1.7180000000000013,POINT,0.178009125090378,0.10972066995698906,0.553178412883335,0.5824536188017294,0.14480171371096257,1.0701208085555376,0.6572940503059613,0
1.7200000000000013,POINT,0.17802113349703194,0.1097866269891092,0.5531500656477366,0.5824536188017294,0.14480171371096257,1.0701208085555376,0.6573054392674055,0
1.7220000000000013,POINT,0.178033116171459,0.10985263390196402,0.5531217780563354,0.5824536188017294,0.14480171371096257,1.0701208085555376,0.6573168023596623,0
1.7240000000000013,POINT,0.17804507290783025,0.1099186896941124,0.5530935505942721,0.5824536188017294,0.14480171371096257,1.0701208085555376,0.6573281393881772,0
1.7260000000000013,POINT,0.17805700350195625,0.10998479336197753,0.5530653837428811,0.5824536188017294,0.14480171371096257,1.0701208085555376,0.6573394501600349,0
1.7280000000000013,POINT,0.1780689077512903,0.11005094389985777,0.5530372779796832,0.5824536188017294,0.14480171371096257,1.0701208085555376,0.6573507344839603,0
1.7300000000000013,POINT,0.17808078545493175,0.11011714029993783,0.5530092337783774,0.5824536188017294,0.14480171371096257,1.0701208085555376,0.6573619921703233,0
1.7320000000000013,POINT,0.178092636413629,0.11018338155229995,0.5529812516088347,0.5824536188017294,0.14480171371096257,1.0701208085555376,0.6573732230311402,0
1.7340000000000013,POINT,0.17810446042978248,0.11024966664493491,0.5529533319370898,0.5824536188017294,0.14480171371096257,1.0701208085555376,0.6573844268800771,0
1.7360000000000013,POINT,0.17811625730744785,0.11031599456375357,0.5529254752253348,0.5824536188017294,0.14480171371096257,1.0701208085555376,0.6573956035324523,0
1.7380000000000013,POINT,0.17812802685233867,0.11038236429259822,0.552897681931912,0.5824536188017294,0.14480171371096257,1.0701208085555376,0.6574067528052383,0
1.7400000000000013,POINT,0.1781397688718294,0.11044877481325416,0.5528699525113074,0.5824536188017294,0.14480171371096257,1.0701208085555376,0.6574178745170657,0
1.7420000000000013,POINT,0.17815148317495813,0.1105152251054612,0.5528422874141445,0.5824536188017294,0.14480171371096257,1.0701208085555376,0.6574289684882239,0
1.7440000000000013,POINT,0.17816316957242928,0.1105817141469255,0.552814687087177,0.5824536188017294,0.14480171371096257,1.0701208085555376,0.6574400345406646,0
1.7460000000000013,POINT,0.17817482787661626,0.11064824091333128,0.5527871519732834,0.5824536188017294,0.14480171371096257,1.0701208085555376,0.6574510724980038,0
1.7480000000000013,POINT,0.17818645790156398,0.11071480437835272,0.5527596825114607,0.5824536188017294,0.14480171371096257,1.0701208085555376,0.6574620821855243,0
1.7500000000000013,POINT,0.17819805946299147,0.110781403513666,0.5527322791368183,0.5824536188017294,0.14480171371096257,1.0701208085555376,0.6574730634301766,0
1.7520000000000013,POINT,0.17820963237829415,0.11084803728896125,0.552704942280573,0.5824536188017294,0.14480171371096257,1.0701208085555376,0.6574840160605827,0
1.7540000000000013,POINT,0.17822117646654634,0.11091470467195477,0.552677672370042,0.5824536188017294,0.14480171371096257,1.0701208085555376,0.6574949399070371,0
1.7560000000000013,POINT,0.17823269154850346,0.11098140462840123,0.5526504698286392,0.5824536188017294,0.14480171371096257,1.0701208085555376,0.6575058348015086,0
1.7580000000000013,POINT,0.17824417744660437,0.11104813612210596,0.5526233350758687,0.5824536188017294,0.14480171371096257,1.0701208085555376,0.657516700577643,0
1.7600000000000013,POINT,0.17825563398497327,0.11111489811493737,0.5525962685273204,0.5824536188017294,0.14480171371096257,1.0701208085555376,0.6575275370707642,0
1.7620000000000013,POINT,0.1782670609894221,0.11118168956683946,0.5525692705946645,0.5824536188017294,0.14480171371096257,1.0701208085555376,0.6575383441178758,0
1.7640000000000013,POINT,0.17827845828745228,0.11124850943584422,0.5525423416856475,0.5824536188017294,0.14480171371096257,1.0701208085555376,0.6575491215576639,0
1.7660000000000013,POINT,0.17828982570825688,0.11131535667808448,0.5525154822040869,0.5824536188017294,0.14480171371096257,1.0701208085555376,0.6575598692304971,0
1.7680000000000013,POINT,0.17830116308272226,0.11138223024780641,0.552488692549867,0.5824536188017294,0.14480171371096257,1.0701208085555376,0.6575705869784294,0
1.7700000000000014,POINT,0.17831247024343003,0.11144912909738232,0.5524619731189351,0.5824536188017294,0.14480171371096257,1.0701208085555376,0.6575812746452008,0
1.7720000000000014,POINT,0.17832374702465878,0.11151605217732363,0.5524353243032966,0.5824536188017294,0.14480171371096257,1.0701208085555376,0.6575919320762389,0
1.7740000000000014,POINT,0.17833499326238553,0.11158299843629377,0.5524087464910117,0.5824536188017294,0.14480171371096257,1.0701208085555376,0.6576025591186605,0
1.7760000000000014,POINT,0.17834620879428764,0.11164996682112091,0.5523822400661914,0.5824536188017294,0.14480171371096257,1.0701208085555376,0.6576131556212726,0
1.7780000000000014,POINT,0.17835739345974402,0.1117169562768115,0.5523558054089942,0.5824536188017294,0.14480171371096257,1.0701208085555376,0.6576237214345734,0
1.7800000000000014,POINT,0.17836854709983666,0.11178396574656294,0.5523294428956218,0.5824536188017294,0.14480171371096257,1.0701208085555376,0.6576342564107538,0
1.7820000000000014,POINT,0.17837966955735213,0.11185099417177702,0.5523031528983172,0.5824536188017294,0.14480171371096257,1.0701208085555376,0.657644760403698,0
1.7840000000000014,POINT,0.17839076067678256,0.11191804049207311,0.5522769357853604,0.5824536188017294,0.14480171371096257,1.0701208085555376,0.657655233268985,0
1.7860000000000014,POINT,0.17840182030432733,0.11198510364530155,0.5522507919210662,0.5824536188017294,0.14480171371096257,1.0701208085555376,0.657665674863889,0
1.7880000000000014,POINT,0.17841284828789372,0.11205218256755692,0.5522247216657812,0.5824536188017294,0.14480171371096257,1.0701208085555376,0.6576760850473804,0
1.7900000000000014,POINT,0.17842384447709825,0.11211927619319155,0.5521987253758814,0.5824536188017294,0.14480171371096257,1.0701208085555376,0.6576864636801263,0
1.7920000000000014,POINT,0.1784348087232677,0.11218638345482912,0.5521728034037694,0.5824536188017294,0.14480171371096257,1.0701208085555376,0.657696810624492,0
1.7940000000000014,POINT,0.1784457408794398,0.112253503283378,0.5521469560978727,0.5824536188017294,0.14480171371096257,1.0701208085555376,0.6577071257445406,0
1.7960000000000014,POINT,0.17845664080036439,0.11232063460804517,0.5521211838026413,0.5824536188017294,0.14480171371096257,1.0701208085555376,0.6577174089060338,0
1.7980000000000014,POINT,0.17846750834250394,0.1123877763563497,0.5520954868585459,0.5824536188017294,0.14480171371096257,1.0701208085555376,0.6577276599764328,0
1.8000000000000014,POINT,0.1784783433640344,0.1124549274541364,0.5520698656020763,0.5824536188017294,0.14480171371096257,1.0701208085555376,0.6577378788248984,0
1.8020000000000014,POINT,0.17848914572484578,0.11252208682558999,0.5520443203657395,0.5824536188017294,0.14480171371096257,1.0701208085555376,0.6577480653222914,0
1.8040000000000014,POINT,0.17849991528654266,0.1125892533932485,0.5520188514780591,0.5824536188017294,0.14480171371096257,1.0701208085555376,0.6577582193411718,0
1.8060000000000014,POINT,0.1785106519124447,0.11265642607801743,0.5519934592635732,0.5824536188017294,0.14480171371096257,1.0701208085555376,0.6577683407558012,0
1.8080000000000014,POINT,0.17852135546758707,0.11272360379918367,0.5519681440428339,0.5824536188017294,0.14480171371096257,1.0701208085555376,0.6577784294421408,0
1.8100000000000014,POINT,0.1785320258187207,0.11279078547442942,0.5519429061324063,0.5824536188017294,0.14480171371096257,1.0701208085555376,0.6577884852778528,0
1.8120000000000014,POINT,0.1785426628343127,0.1128579700198462,0.5519177458448682,0.5824536188017294,0.14480171371096257,1.0701208085555376,0.657798508142299,0
1.8140000000000014,POINT,0.17855326638454616,0.11292515634994905,0.551892663488809,0.5824536188017294,0.14480171371096257,1.0701208085555376,0.6578084979165418,0
1.8160000000000014,POINT,0.17856383634132073,0.11299234337769068,0.5518676593688301,0.5824536188017294,0.14480171371096257,1.0701208085555376,0.657818454483344,0
1.8180000000000014,POINT,0.17857437257825234,0.11305953001447533,0.551842733785544,0.5824536188017294,0.14480171371096257,1.0701208085555376,0.6578283777271672,0
1.8200000000000014,POINT,0.17858487497067316,0.11312671517017353,0.5518178870355748,0.5824536188017294,0.14480171371096257,1.0701208085555376,0.6578382675341736,0
1.8220000000000014,POINT,0.17859534339563155,0.1131938977531358,0.5517931194115584,0.5824536188017294,0.14480171371096257,1.0701208085555376,0.6578481237922238,0
1.8240000000000014,POINT,0.1786057777318919,0.1132610766702073,0.5517684312021431,0.5824536188017294,0.14480171371096257,1.0701208085555376,0.6578579463908765,0
1.8260000000000014,POINT,0.17861617785993417,0.11332825082674203,0.5517438226919894,0.5824536188017294,0.14480171371096257,1.0701208085555376,0.657867735221389,0
1.8280000000000014,POINT,0.17862654366195363,0.11339541912661721,0.5517192941617718,0.5824536188017294,0.14480171371096257,1.0701208085555376,0.6578774901767156,0
1.8300000000000014,POINT,0.17863687502186046,0.11346258047224768,0.551694845888179,0.5824536188017294,0.14480171371096257,1.0701208085555376,0.6578872111515072,0
1.8320000000000014,POINT,0.17864717182527928,0.1135297337646004,0.551670478143915,0.5824536188017294,0.14480171371096257,1.0701208085555376,0.6578968980421104,0
1.8340000000000014,POINT,0.1786574339595484,0.11359687790320884,0.5516461911977012,0.5824536188017294,0.14480171371096257,1.0701208085555376,0.6579065507465666,0
1.8360000000000014,POINT,0.17866766131371917,0.11366401178618747,0.5516219853142766,0.5824536188017294,0.14480171371096257,1.0701208085555376,0.6579161691646115,0
1.8380000000000014,POINT,0.17867785377855538,0.11373113431024642,0.5515978607544009,0.5824536188017294,0.14480171371096257,1.0701208085555376,0.6579257531976735,0
1.8400000000000014,POINT,0.17868801124653233,0.11379824437070589,0.551573817774855,0.5824536188017294,0.14480171371096257,1.0701208085555376,0.6579353027488728,0
1.8420000000000014,POINT,0.17869813361183592,0.11386534086151083,0.5515498566284439,0.5824536188017294,0.14480171371096257,1.0701208085555376,0.6579448177230205,0
1.8440000000000014,POINT,0.17870822077036183,0.11393242267524552,0.5515259775639985,0.5824536188017294,0.14480171371096257,1.0701208085555376,0.657954298026617,0
1.8460000000000014,POINT,0.1787182726197141,0.11399948870314819,0.551502180826378,0.5824536188017294,0.14480171371096257,1.0701208085555376,0.6579637435678507,0
1.8480000000000014,POINT,0.17872828905920443,0.11406653783512571,0.5514784666564728,0.5824536188017294,0.14480171371096257,1.0701208085555376,0.657973154256597,0
1.8500000000000014,POINT,0.17873826998985065,0.11413356895976831,0.5514548352912069,0.5824536188017294,0.14480171371096257,1.0701208085555376,0.6579825300044163,0
1.8520000000000014,POINT,0.17874821531437562,0.11420058096436418,0.5514312869635406,0.5824536188017294,0.14480171371096257,1.0701208085555376,0.6579918707245529,0
1.8540000000000014,POINT,0.17875812493720572,0.11426757273491434,0.5514078219024744,0.5824536188017294,0.14480171371096257,1.0701208085555376,0.6580011763319331,0
1.8560000000000014,POINT,0.17876799876446953,0.11433454315614713,0.5513844403330515,0.5824536188017294,0.14480171371096257,1.0701208085555376,0.6580104467431638,0
1.8580000000000014,POINT,0.17877783670399616,0.11440149111153342,0.5513611424763614,0.5824536188017294,0.14480171371096257,1.0701208085555376,0.6580196818765301,0
1.8600000000000014,POINT,0.17878763866531378,0.11446841548330086,0.5513379285495441,0.5824536188017294,0.14480171371096257,1.0701208085555376,0.6580288816519944,0
1.8620000000000014,POINT,0.17879740455964788,0.114535315152449,0.5513147987657935,0.5824536188017294,0.14480171371096257,1.0701208085555376,0.6580380459911934,0
1.8640000000000014,POINT,0.17880713429991943,0.11460218899876395,0.5512917533343612,0.5824536188017294,0.14480171371096257,1.0701208085555376,0.6580471748174375,0
1.8660000000000014,POINT,0.17881682780074323,0.11466903590083341,0.5512687924605614,0.5824536188017294,0.14480171371096257,1.0701208085555376,0.6580562680557068,0
1.8680000000000014,POINT,0.17882648497842574,0.11473585473606113,0.5512459163457745,0.5824536188017294,0.14480171371096257,1.0701208085555376,0.658065325632651,0
1.8700000000000014,POINT,0.17883610575096337,0.1148026443806821,0.5512231251874522,0.5824536188017294,0.14480171371096257,1.0701208085555376,0.6580743474765858,0
1.8720000000000014,POINT,0.17884569003804007,0.11486940370977713,0.5512004191791222,0.5824536188017294,0.14480171371096257,1.0701208085555376,0.6580833335174907,0
1.8740000000000014,POINT,0.17885523776102547,0.11493613159728794,0.551177798510393,0.5824536188017294,0.14480171371096257,1.0701208085555376,0.6580922836870077,0
1.8760000000000014,POINT,0.17886474884297246,0.11500282691603173,0.5511552633669591,0.5824536188017294,0.14480171371096257,1.0701208085555376,0.6581011979184372,0
1.8780000000000014,POINT,0.1788742232086149,0.11506948853771627,0.5511328139306061,0.5824536188017294,0.14480171371096257,1.0701208085555376,0.6581100761467371,0
1.8800000000000014,POINT,0.1788836607843653,0.11513611533295469,0.5511104503792167,0.5824536188017294,0.14480171371096257,1.0701208085555376,0.6581189183085191,0
1.8820000000000014,POINT,0.17889306149831227,0.11520270617128031,0.5510881728867758,0.5824536188017294,0.14480171371096257,1.0701208085555376,0.6581277243420462,0
1.8840000000000015,POINT,0.178902425280218,0.11526925992116151,0.5510659816233769,0.5824536188017294,0.14480171371096257,1.0701208085555376,0.6581364941872303,0
1.8860000000000015,POINT,0.17891175206151563,0.11533577545001666,0.5510438767552277,0.5824536188017294,0.14480171371096257,1.0701208085555376,0.6581452277856293,0
1.8880000000000015,POINT,0.1789210417753064,0.11540225162422887,0.5510218584446566,0.5824536188017294,0.14480171371096257,1.0701208085555376,0.6581539250804437,0
1.8900000000000015,POINT,0.17893029435635716,0.11546868730916095,0.5509999268501191,0.5824536188017294,0.14480171371096257,1.0701208085555376,0.6581625860165139,0
1.8920000000000015,POINT,0.1789395097410971,0.11553508136917015,0.5509780821262044,0.5824536188017294,0.14480171371096257,1.0701208085555376,0.6581712105403176,0
1.8940000000000015,POINT,0.17894868786761506,0.11560143266762314,0.550956324423642,0.5824536188017294,0.14480171371096257,1.0701208085555376,0.6581797985999659,0
1.8960000000000015,POINT,0.17895782867565657,0.11566774006691072,0.5509346538893091,0.5824536188017294,0.14480171371096257,1.0701208085555376,0.6581883501452005,0
1.8980000000000015,POINT,0.17896693210662037,0.1157340024284627,0.5509130706662373,0.5824536188017294,0.14480171371096257,1.0701208085555376,0.6581968651273904,0
1.9000000000000015,POINT,0.17897599810355563,0.1158002186127628,0.5508915748936204,0.5824536188017294,0.14480171371096257,1.0701208085555376,0.6582053434995283,0
1.9020000000000015,POINT,0.1789850266111583,0.11586638747936327,0.5508701667068217,0.5824536188017294,0.14480171371096257,1.0701208085555376,0.6582137852162274,0
1.9040000000000015,POINT,0.17899401757576816,0.11593250788689992,0.5508488462373817,0.5824536188017294,0.14480171371096257,1.0701208085555376,0.6582221902337174,0
1.9060000000000015,POINT,0.1790029709453649,0.11599857869310674,0.5508276136130261,0.5824536188017294,0.14480171371096257,1.0701208085555376,0.6582305585098418,0
1.9080000000000015,POINT,0.17901188666956513,0.11606459875483066,0.5508064689576738,0.5824536188017294,0.14480171371096257,1.0701208085555376,0.6582388900040534,0
1.9100000000000015,POINT,0.17902076469961825,0.11613056692804644,0.5507854123914456,0.5824536188017294,0.14480171371096257,1.0701208085555376,0.6582471846774106,0
1.9120000000000015,POINT,0.1790296049884032,0.11619648206787127,0.5507644440306722,0.5824536188017294,0.14480171371096257,1.0701208085555376,0.6582554424925742,0
1.9140000000000015,POINT,0.17903840749042457,0.11626234302857955,0.5507435639879026,0.5824536188017294,0.14480171371096257,1.0701208085555376,0.6582636634138027,0
1.9160000000000015,POINT,0.1790471721618086,0.1163281486636176,0.5507227723719142,0.5824536188017294,0.14480171371096257,1.0701208085555376,0.6582718474069487,0
1.9180000000000015,POINT,0.17905589896029944,0.11639389782561828,0.5507020692877205,0.5824536188017294,0.14480171371096257,1.0701208085555376,0.6582799944394551,0
1.9200000000000015,POINT,0.1790645878452552,0.11645958936641573,0.5506814548365809,0.5824536188017294,0.14480171371096257,1.0701208085555376,0.6582881044803502,0
1.9220000000000015,POINT,0.17907323877764358,0.11652522213705993,0.5506609291160103,0.5824536188017294,0.14480171371096257,1.0701208085555376,0.6582961775002443,0
1.9240000000000015,POINT,0.17908185172003813,0.11659079498783138,0.5506404922197882,0.5824536188017294,0.14480171371096257,1.0701208085555376,0.6583042134713248,0
1.9260000000000015,POINT,0.1790904266366136,0.11665630676825556,0.5506201442379689,0.5824536188017294,0.14480171371096257,1.0701208085555376,0.6583122123673523,0
1.9280000000000015,POINT,0.1790989634931419,0.11672175632711762,0.5505998852568915,0.5824536188017294,0.14480171371096257,1.0701208085555376,0.6583201741636554,0
1.9300000000000015,POINT,0.17910746225698757,0.11678714251247695,0.5505797153591899,0.5824536188017294,0.14480171371096257,1.0701208085555376,0.6583280988371273,0
1.9320000000000015,POINT,0.17911592289710332,0.11685246417168133,0.5505596346238029,0.5824536188017294,0.14480171371096257,1.0701208085555376,0.6583359863662201,0
1.9340000000000015,POINT,0.1791243453840255,0.11691772015138199,0.5505396431259852,0.5824536188017294,0.14480171371096257,1.0701208085555376,0.6583438367309408,0
1.9360000000000015,POINT,0.17913272968986937,0.11698290929754751,0.5505197409373181,0.5824536188017294,0.14480171371096257,1.0701208085555376,0.658351649912846,0
1.9380000000000015,POINT,0.17914107578832458,0.11704803045547854,0.55049992812572,0.5824536188017294,0.14480171371096257,1.0701208085555376,0.658359425895038,0
1.9400000000000015,POINT,0.17914938365465005,0.117113082469822,0.550480204755458,0.5824536188017294,0.14480171371096257,1.0701208085555376,0.6583671646621586,0
1.9420000000000015,POINT,0.17915765326566943,0.11717806418458557,0.5504605708871588,0.5824536188017294,0.14480171371096257,1.0701208085555376,0.6583748662003851,0
1.9440000000000015,POINT,0.17916588459976585,0.11724297444315185,0.5504410265778206,0.5824536188017294,0.14480171371096257,1.0701208085555376,0.6583825304974247,0
1.9460000000000015,POINT,0.17917407763687698,0.11730781208829283,0.550421571880824,0.5824536188017294,0.14480171371096257,1.0701208085555376,0.6583901575425098,0
1.9480000000000015,POINT,0.17918223235849004,0.11737257596218385,0.5504022068459449,0.5824536188017294,0.14480171371096257,1.0701208085555376,0.6583977473263926,0
1.9500000000000015,POINT,0.17919034874763634,0.11743726490641805,0.5503829315193658,0.5824536188017294,0.14480171371096257,1.0701208085555376,0.6584052998413392,0
1.9520000000000015,POINT,0.17919842678888617,0.11750187776202037,0.5503637459436885,0.5824536188017294,0.14480171371096257,1.0701208085555376,0.658412815081125,0
1.9540000000000015,POINT,0.17920646646834343,0.11756641336946168,0.5503446501579459,0.5824536188017294,0.14480171371096257,1.0701208085555376,0.6584202930410294,0
1.9560000000000015,POINT,0.17921446777364006,0.11763087056867289,0.5503256441976149,0.5824536188017294,0.14480171371096257,1.0701208085555376,0.6584277337178296,0
1.9580000000000015,POINT,0.17922243069393068,0.11769524819905898,0.5503067280946299,0.5824536188017294,0.14480171371096257,1.0701208085555376,0.6584351371097946,0
1.9600000000000015,POINT,0.17923035521988678,0.11775954509951296,0.5502879018773945,0.5824536188017294,0.14480171371096257,1.0701208085555376,0.6584425032166812,0
1.9620000000000015,POINT,0.17923824134369123,0.11782376010842978,0.5502691655707956,0.5824536188017294,0.14480171371096257,1.0701208085555376,0.6584498320397266,0
1.9640000000000015,POINT,0.17924608905903244,0.11788789206372026,0.5502505191962167,0.5824536188017294,0.14480171371096257,1.0701208085555376,0.6584571235816433,0
1.9660000000000015,POINT,0.1792538983610984,0.11795193980282492,0.5502319627715505,0.5824536188017294,0.14480171371096257,1.0701208085555376,0.6584643778466133,0
1.9680000000000015,POINT,0.17926166924657094,0.11801590216272785,0.5502134963112142,0.5824536188017294,0.14480171371096257,1.0701208085555376,0.6584715948402812,0
1.9700000000000015,POINT,0.17926940171361955,0.11807977797997023,0.550195119826162,0.5824536188017294,0.14480171371096257,1.0701208085555376,0.6584787745697495,0
1.9720000000000015,POINT,0.17927709576189552,0.11814356609066437,0.5501768333239,0.5824536188017294,0.14480171371096257,1.0701208085555376,0.6584859170435713,0
1.9740000000000015,POINT,0.17928475139252542,0.11820726533050702,0.5501586368085,0.5824536188017294,0.14480171371096257,1.0701208085555376,0.658493022271745,0
1.9760000000000015,POINT,0.17929236860810513,0.1182708745347932,0.5501405302806147,0.5824536188017294,0.14480171371096257,1.0701208085555376,0.6585000902657069,0
1.9780000000000015,POINT,0.17929994741269353,0.11833439253842956,0.5501225137374913,0.5824536188017294,0.14480171371096257,1.0701208085555376,0.658507121038326,0
1.9800000000000015,POINT,0.17930748781180592,0.11839781817594804,0.5501045871729875,0.5824536188017294,0.14480171371096257,1.0701208085555376,0.6585141146038965,0
1.9820000000000015,POINT,0.1793149898124075,0.11846115028151921,0.5500867505775857,0.5824536188017294,0.14480171371096257,1.0701208085555376,0.6585210709781324,0
1.9840000000000015,POINT,0.17932245342290706,0.11852438768896557,0.5500690039384084,0.5824536188017294,0.14480171371096257,1.0701208085555376,0.6585279901781597,0
1.9860000000000015,POINT,0.17932987865315012,0.118587529231775,0.550051347239234,0.5824536188017294,0.14480171371096257,1.0701208085555376,0.6585348722225106,0
1.9880000000000015,POINT,0.17933726551441226,0.11865057374311393,0.5500337804605118,0.5824536188017294,0.14480171371096257,1.0701208085555376,0.6585417171311163,0
1.9900000000000015,POINT,0.17934461401939228,0.11871352005584064,0.5500163035793784,0.5824536188017294,0.14480171371096257,1.0701208085555376,0.6585485249253005,0
1.9920000000000015,POINT,0.17935192418220536,0.11877636700251823,0.549998916569673,0.5824536188017294,0.14480171371096257,1.0701208085555376,0.6585552956277719,0
1.9940000000000015,POINT,0.17935919601837613,0.1188391134154279,0.549981619401954,0.5824536188017294,0.14480171371096257,1.0701208085555376,0.6585620292626184,0
1.9960000000000016,POINT,0.1793664295448315,0.11890175812658169,0.5499644120435158,0.5824536188017294,0.14480171371096257,1.0701208085555376,0.6585687258552981,0
1.9980000000000016,POINT,0.1793736247798936,0.11896429996773583,0.5499472944584037,0.5824536188017294,0.14480171371096257,1.0701208085555376,0.6585753854326344,0
2.0000000000000013,POINT,0.17938078174327265,0.11902673777040329,0.5499302666074326,0.5824536188017294,0.14480171371096257,1.0701208085555376,0.6585820080228072,0
2.002000000000001,POINT,0.17938790045605954,0.1190890703658667,0.5499133284482024,0.5824536188017294,0.14480171371096257,1.0701208085555376,0.658588593655346,0
2.004000000000001,POINT,0.17939498094071857,0.11915129658519116,0.5498964799351159,0.5824536188017294,0.14480171371096257,1.0701208085555376,0.658595142361123,0
2.0060000000000007,POINT,0.17940202322107993,0.11921341525923701,0.5498797210193959,0.5824536188017294,0.14480171371096257,1.0701208085555376,0.6586016541723453,0
2.0080000000000005,POINT,0.17940902732233227,0.11927542521867214,0.5498630516491019,0.5824536188017294,0.14480171371096257,1.0701208085555376,0.6586081291225472,0
2.0100000000000002,POINT,0.17941599327101496,0.11933732529398496,0.5498464717691492,0.5824536188017294,0.14480171371096257,1.0701208085555376,0.6586145672465826,0
2.012,POINT,0.17942292109501062,0.11939911431549657,0.5498299813213254,0.5824536188017294,0.14480171371096257,1.0701208085555376,0.6586209685806184,0
2.014,POINT,0.17942981082353712,0.11946079111337342,0.549813580244309,0.5824536188017294,0.14480171371096257,1.0701208085555376,0.658627333162125,0
2.0159999999999996,POINT,0.17943666248713988,0.11952235451763947,0.5497972684736875,0.5824536188017294,0.14480171371096257,1.0701208085555376,0.6586336610298699,0
2.0179999999999993,POINT,0.17944347611768408,0.11958380335818856,0.5497810459419756,0.5824536188017294,0.14480171371096257,1.0701208085555376,0.658639952223909,0
2.019999999999999,POINT,0.17945025174834628,0.11964513646479659,0.5497649125786338,0.5824536188017294,0.14480171371096257,1.0701208085555376,0.6586462067855795,0
2.021999999999999,POINT,0.1794569894136068,0.11970635266713367,0.5497488683100876,0.5824536188017294,0.14480171371096257,1.0701208085555376,0.6586524247574909,0
2.0239999999999987,POINT,0.1794636891492413,0.11976745079477627,0.5497329130597456,0.5824536188017294,0.14480171371096257,1.0701208085555376,0.6586586061835171,0
2.0259999999999985,POINT,0.1794703509923125,0.11982842967721902,0.5497170467480194,0.5824536188017294,0.14480171371096257,1.0701208085555376,0.6586647511087886,0
2.0279999999999982,POINT,0.1794769749811622,0.11988928814388669,0.5497012692923419,0.5824536188017294,0.14480171371096257,1.0701208085555376,0.6586708595796844,0
2.029999999999998,POINT,0.17948356115540245,0.11995002502414615,0.5496855806071881,0.5824536188017294,0.14480171371096257,1.0701208085555376,0.6586769316438227,0
2.031999999999998,POINT,0.17949010955590744,0.12001063914731805,0.5496699806040934,0.5824536188017294,0.14480171371096257,1.0701208085555376,0.6586829673500535,0
2.0339999999999976,POINT,0.17949662022480484,0.1200711293426884,0.5496544691916743,0.5824536188017294,0.14480171371096257,1.0701208085555376,0.6586889667484496,0
2.0359999999999974,POINT,0.17950309320546715,0.12013149443952033,0.5496390462756482,0.5824536188017294,0.14480171371096257,1.0701208085555376,0.6586949298902978,0
2.037999999999997,POINT,0.179509528542503,0.12019173326706552,0.5496237117588532,0.5824536188017294,0.14480171371096257,1.0701208085555376,0.6587008568280913,0
2.039999999999997,POINT,0.1795159262817484,0.12025184465457568,0.5496084655412691,0.5824536188017294,0.14480171371096257,1.0701208085555376,0.6587067476155197,0
2.0419999999999967,POINT,0.17952228647025803,0.120311827431314,0.5495933075200374,0.5824536188017294,0.14480171371096257,1.0701208085555376,0.6587126023074611,0
2.0439999999999965,POINT,0.17952860915629595,0.1203716804265662,0.5495782375894827,0.5824536188017294,0.14480171371096257,1.0701208085555376,0.6587184209599726,0
2.0459999999999963,POINT,0.17953489438932704,0.120431402469652,0.5495632556411324,0.5824536188017294,0.14480171371096257,1.0701208085555376,0.6587242036302823,0
2.047999999999996,POINT,0.17954114222000753,0.12049099238993613,0.5495483615637393,0.5824536188017294,0.14480171371096257,1.0701208085555376,0.6587299503767791,0
2.049999999999996,POINT,0.17954735270017605,0.12055044901683937,0.5495335552433019,0.5824536188017294,0.14480171371096257,1.0701208085555376,0.6587356612590045,0
2.0519999999999956,POINT,0.17955352588284443,0.12060977117984945,0.5495188365630861,0.5824536188017294,0.14480171371096257,1.0701208085555376,0.6587413363376433,0
2.0539999999999954,POINT,0.1795596618221882,0.12066895770853205,0.5495042054036468,0.5824536188017294,0.14480171371096257,1.0701208085555376,0.658746975674514,0
2.055999999999995,POINT,0.1795657605735373,0.12072800743254156,0.5494896616428495,0.5824536188017294,0.14480171371096257,1.0701208085555376,0.6587525793325598,0
2.057999999999995,POINT,0.17957182219336676,0.12078691918163163,0.5494752051558929,0.5824536188017294,0.14480171371096257,1.0701208085555376,0.6587581473758394,0
2.0599999999999947,POINT,0.1795778467392868,0.120845691785666,0.5494608358153305,0.5824536188017294,0.14480171371096257,1.0701208085555376,0.6587636798695172,0
2.0619999999999945,POINT,0.17958383427003355,0.120904324074629,0.5494465534910932,0.5824536188017294,0.14480171371096257,1.0701208085555376,0.6587691768798537,0
2.0639999999999943,POINT,0.17958978484545926,0.12096281487863582,0.5494323580505116,0.5824536188017294,0.14480171371096257,1.0701208085555376,0.6587746384741963,0
2.065999999999994,POINT,0.17959569852652238,0.12102116302794307,0.5494182493583392,0.5824536188017294,0.14480171371096257,1.0701208085555376,0.6587800647209694,0
2.067999999999994,POINT,0.17960157537527788,0.12107936735295896,0.5494042272767745,0.5824536188017294,0.14480171371096257,1.0701208085555376,0.6587854556896648,0
2.0699999999999936,POINT,0.17960741545486728,0.12113742668425351,0.5493902916654848,0.5824536188017294,0.14480171371096257,1.0701208085555376,0.6587908114508318,0
2.0719999999999934,POINT,0.17961321882950856,0.12119533985256858,0.5493764423816291,0.5824536188017294,0.14480171371096257,1.0701208085555376,0.658796132076067,0
2.073999999999993,POINT,0.17961898556448633,0.12125310568882808,0.5493626792798812,0.5824536188017294,0.14480171371096257,1.0701208085555376,0.6588014176380054,0
2.075999999999993,POINT,0.1796247157261413,0.12131072302414755,0.5493490022124541,0.5824536188017294,0.14480171371096257,1.0701208085555376,0.6588066682103085,0
2.0779999999999927,POINT,0.17963040938186042,0.12136819068984436,0.5493354110291232,0.5824536188017294,0.14480171371096257,1.0701208085555376,0.6588118838676564,0
2.0799999999999925,POINT,0.1796360666000664,0.12142550751744714,0.5493219055772498,0.5824536188017294,0.14480171371096257,1.0701208085555376,0.658817064685736,0
2.0819999999999923,POINT,0.17964168745020723,0.1214826723387056,0.5493084857018065,0.5824536188017294,0.14480171371096257,1.0701208085555376,0.6588222107412314,0
2.083999999999992,POINT,0.179647272002746,0.12153968398560003,0.5492951512454002,0.5824536188017294,0.14480171371096257,1.0701208085555376,0.6588273221118135,0
2.085999999999992,POINT,0.17965282032915014,0.12159654129035086,0.5492819020482973,0.5824536188017294,0.14480171371096257,1.0701208085555376,0.6588323988761297,0
2.0879999999999916,POINT,0.17965833250188093,0.12165324308542774,0.5492687379484479,0.5824536188017294,0.14480171371096257,1.0701208085555376,0.6588374411137932,0
2.0899999999999914,POINT,0.17966380859438277,0.12170978820355922,0.5492556587815112,0.5824536188017294,0.14480171371096257,1.0701208085555376,0.6588424489053728,0
2.091999999999991,POINT,0.17966924868107248,0.12176617547774166,0.54924266438088,0.5824536188017294,0.14480171371096257,1.0701208085555376,0.6588474223323818,0
2.093999999999991,POINT,0.17967465283732845,0.12182240374124842,0.5492297545777057,0.5824536188017294,0.14480171371096257,1.0701208085555376,0.6588523614772681,0
2.0959999999999908,POINT,0.17968002113947967,0.12187847182763879,0.5492169292009244,0.5824536188017294,0.14480171371096257,1.0701208085555376,0.6588572664234027,0
2.0979999999999905,POINT,0.17968535366479493,0.121934378570767,0.5492041880772818,0.5824536188017294,0.14480171371096257,1.0701208085555376,0.6588621372550688,0
2.0999999999999903,POINT,0.1796906504914716,0.12199012280479098,0.5491915310313585,0.5824536188017294,0.14480171371096257,1.0701208085555376,0.6588669740574522,0
2.10199999999999,POINT,0.17969591169862453,0.12204570336418105,0.5491789578855973,0.5824536188017294,0.14480171371096257,1.0701208085555376,0.6588717769166286,0
2.10399999999999,POINT,0.17970113736627494,0.12210111908372862,0.5491664684603275,0.5824536188017294,0.14480171371096257,1.0701208085555376,0.6588765459195539,0
2.1059999999999897,POINT,0.1797063275753391,0.12215636879855457,0.5491540625737924,0.5824536188017294,0.14480171371096257,1.0701208085555376,0.6588812811540521,0
2.1079999999999894,POINT,0.17971148240761706,0.12221145134411793,0.5491417400421748,0.5824536188017294,0.14480171371096257,1.0701208085555376,0.6588859827088052,0
2.109999999999989,POINT,0.17971660194578104,0.12226636555622392,0.5491295006796241,0.5824536188017294,0.14480171371096257,1.0701208085555376,0.658890650673341,0
2.111999999999989,POINT,0.17972168627336413,0.12232111027103239,0.5491173442982829,0.5824536188017294,0.14480171371096257,1.0701208085555376,0.6588952851380222,0
2.1139999999999888,POINT,0.17972673547474866,0.122375684325066,0.5491052707083135,0.5824536188017294,0.14480171371096257,1.0701208085555376,0.6588998861940355,0
2.1159999999999886,POINT,0.17973174963515454,0.12243008655521809,0.5490932797179259,0.5824536188017294,0.14480171371096257,1.0701208085555376,0.6589044539333786,0
2.1179999999999883,POINT,0.1797367288406276,0.12248431579876073,0.5490813711334035,0.5824536188017294,0.14480171371096257,1.0701208085555376,0.6589089884488507,0
2.119999999999988,POINT,0.17974167317802783,0.12253837089335265,0.549069544759132,0.5824536188017294,0.14480171371096257,1.0701208085555376,0.6589134898340396,0
2.121999999999988,POINT,0.17974658273501737,0.12259225067704686,0.5490578003976264,0.5824536188017294,0.14480171371096257,1.0701208085555376,0.6589179581833101,0
2.1239999999999877,POINT,0.17975145760004882,0.12264595398829846,0.5490461378495582,0.5824536188017294,0.14480171371096257,1.0701208085555376,0.6589223935917928,0
2.1259999999999875,POINT,0.17975629786235298,0.122699479665972,0.5490345569137842,0.5824536188017294,0.14480171371096257,1.0701208085555376,0.6589267961553722,0
2.1279999999999872,POINT,0.179761103611927,0.12275282654934924,0.5490230573873738,0.5824536188017294,0.14480171371096257,1.0701208085555376,0.6589311659706744,0
2.129999999999987,POINT,0.17976587493952217,0.12280599347813627,0.549011639065638,0.5824536188017294,0.14480171371096257,1.0701208085555376,0.6589355031350552,0
2.131999999999987,POINT,0.17977061193663166,0.12285897929247093,0.549000301742157,0.5824536188017294,0.14480171371096257,1.0701208085555376,0.6589398077465889,0
2.1339999999999866,POINT,0.17977531469547822,0.12291178283292992,0.5489890452088094,0.5824536188017294,0.14480171371096257,1.0701208085555376,0.6589440799040551,0
2.1359999999999864,POINT,0.17977998330900188,0.12296440294053591,0.5489778692558007,0.5824536188017294,0.14480171371096257,1.0701208085555376,0.6589483197069277,0
2.137999999999986,POINT,0.17978461787084757,0.12301683845676453,0.5489667736716922,0.5824536188017294,0.14480171371096257,1.0701208085555376,0.6589525272553615,0
2.139999999999986,POINT,0.1797892184753525,0.12306908822355124,0.54895575824343,0.5824536188017294,0.14480171371096257,1.0701208085555376,0.6589567026501805,0
2.1419999999999857,POINT,0.17979378521753356,0.12312115108329814,0.5489448227563746,0.5824536188017294,0.14480171371096257,1.0701208085555376,0.6589608459928661,0
2.1439999999999855,POINT,0.1797983181930749,0.12317302587888071,0.5489339669943296,0.5824536188017294,0.14480171371096257,1.0701208085555376,0.6589649573855436,0
2.1459999999999853,POINT,0.17980281749831495,0.12322471145365427,0.5489231907395723,0.5824536188017294,0.14480171371096257,1.0701208085555376,0.6589690369309705,0
2.147999999999985,POINT,0.1798072832302338,0.12327620665146055,0.5489124937728823,0.5824536188017294,0.14480171371096257,1.0701208085555376,0.6589730847325235,0
2.149999999999985,POINT,0.17981171548644034,0.1233275103166343,0.5489018758735725,0.5824536188017294,0.14480171371096257,1.0701208085555376,0.6589771008941862,0
2.1519999999999846,POINT,0.17981611436515926,0.12337862129400917,0.5488913368195183,0.5824536188017294,0.14480171371096257,1.0701208085555376,0.658981085520536,0
2.1539999999999844,POINT,0.17982047996521808,0.1234295384289243,0.5488808763871881,0.5824536188017294,0.14480171371096257,1.0701208085555376,0.6589850387167323,0
2.155999999999984,POINT,0.179824812386034,0.12348026056723022,0.548870494351674,0.5824536188017294,0.14480171371096257,1.0701208085555376,0.6589889605885021,0
2.157999999999984,POINT,0.17982911172760102,0.12353078655529497,0.5488601904867222,0.5824536188017294,0.14480171371096257,1.0701208085555376,0.6589928512421285,0
2.1599999999999837,POINT,0.17983337809047645,0.12358111524001003,0.5488499645647633,0.5824536188017294,0.14480171371096257,1.0701208085555376,0.658996710784437,0
2.1619999999999835,POINT,0.17983761157576778,0.12363124546879597,0.548839816356944,0.5824536188017294,0.14480171371096257,1.0701208085555376,0.6590005393227827,0
2.1639999999999833,POINT,0.1798418122851193,0.12368117608960846,0.5488297456331572,0.5824536188017294,0.14480171371096257,1.0701208085555376,0.6590043369650374,0
2.165999999999983,POINT,0.1798459803206987,0.12373090595094365,0.5488197521620742,0.5824536188017294,0.14480171371096257,1.0701208085555376,0.6590081038195759,0
2.167999999999983,POINT,0.17985011578518345,0.12378043390184384,0.5488098357111755,0.5824536188017294,0.14480171371096257,1.0701208085555376,0.6590118399952632,0
2.1699999999999826,POINT,0.1798542187817476,0.12382975879190287,0.5487999960467821,0.5824536188017294,0.14480171371096257,1.0701208085555376,0.6590155456014414,0
2.1719999999999824,POINT,0.1798582894140476,0.12387887947127156,0.5487902329340877,0.5824536188017294,0.14480171371096257,1.0701208085555376,0.6590192207479155,0
2.173999999999982,POINT,0.17986232778620925,0.12392779479066278,0.5487805461371907,0.5824536188017294,0.14480171371096257,1.0701208085555376,0.6590228655449409,0
2.175999999999982,POINT,0.17986633400281338,0.12397650360135677,0.5487709354191257,0.5824536188017294,0.14480171371096257,1.0701208085555376,0.6590264801032092,0
2.1779999999999817,POINT,0.17987030816888233,0.1240250047552062,0.5487614005418957,0.5824536188017294,0.14480171371096257,1.0701208085555376,0.6590300645338351,0
2.1799999999999815,POINT,0.17987425038986593,0.1240732971046409,0.5487519412665051,0.5824536188017294,0.14480171371096257,1.0701208085555376,0.6590336189483423,0
2.1819999999999813,POINT,0.1798781607716277,0.12412137950267316,0.5487425573529912,0.5824536188017294,0.14480171371096257,1.0701208085555376,0.6590371434586509,0
2.183999999999981,POINT,0.1798820394204305,0.12416925080290209,0.5487332485604577,0.5824536188017294,0.14480171371096257,1.0701208085555376,0.6590406381770619,0
2.185999999999981,POINT,0.1798858864429227,0.12421690985951853,0.5487240146471077,0.5824536188017294,0.14480171371096257,1.0701208085555376,0.6590441032162445,0
2.1879999999999806,POINT,0.17988970194612397,0.12426435552730965,0.5487148553702754,0.5824536188017294,0.14480171371096257,1.0701208085555376,0.6590475386892225,0
2.1899999999999804,POINT,0.17989348603741087,0.12431158666166338,0.5487057704864606,0.5824536188017294,0.14480171371096257,1.0701208085555376,0.6590509447093594,0
2.19199999999998,POINT,0.17989723882450276,0.12435860211857283,0.5486967597513615,0.5824536188017294,0.14480171371096257,1.0701208085555376,0.6590543213903449,0
2.19399999999998,POINT,0.17990096041544723,0.1244054007546407,0.5486878229199077,0.5824536188017294,0.14480171371096257,1.0701208085555376,0.6590576688461808,0
2.1959999999999797,POINT,0.1799046509186058,0.12445198142708327,0.5486789597462948,0.5824536188017294,0.14480171371096257,1.0701208085555376,0.6590609871911665,0
2.1979999999999795,POINT,0.1799083104426393,0.12449834299373494,0.5486701699840173,0.5824536188017294,0.14480171371096257,1.0701208085555376,0.6590642765398853,0
2.1999999999999793,POINT,0.1799119390964934,0.12454448431305189,0.5486614533859028,0.5824536188017294,0.14480171371096257,1.0701208085555376,0.65906753700719,0
2.201999999999979,POINT,0.1799155369893839,0.12459040424411617,0.5486528097041462,0.5824536188017294,0.14480171371096257,1.0701208085555376,0.659070768708188,0
2.203999999999979,POINT,0.17991910423078195,0.12463610164663981,0.5486442386903443,0.5824536188017294,0.14480171371096257,1.0701208085555376,0.6590739717582276,0
2.2059999999999786,POINT,0.17992264093039945,0.12468157538096812,0.5486357400955292,0.5824536188017294,0.14480171371096257,1.0701208085555376,0.6590771462728828,0
2.2079999999999784,POINT,0.17992614719817393,0.12472682430808384,0.5486273136702038,0.5824536188017294,0.14480171371096257,1.0701208085555376,0.6590802923679395,0
2.209999999999978,POINT,0.179929623144254,0.1247718472896105,0.5486189591643761,0.5824536188017294,0.14480171371096257,1.0701208085555376,0.6590834101593804,0
2.211999999999978,POINT,0.179933068878984,0.12481664318781599,0.5486106763275942,0.5824536188017294,0.14480171371096257,1.0701208085555376,0.6590864997633706,0
2.2139999999999778,POINT,0.17993648451288924,0.12486121086561605,0.5486024649089811,0.5824536188017294,0.14480171371096257,1.0701208085555376,0.6590895612962424,0
2.2159999999999775,POINT,0.17993987015666063,0.12490554918657759,0.5485943246572702,0.5824536188017294,0.14480171371096257,1.0701208085555376,0.659092594874481,0
2.2179999999999773,POINT,0.1799432259211398,0.12494965701492185,0.5485862553208406,0.5824536188017294,0.14480171371096257,1.0701208085555376,0.6590956006147093,0
2.219999999999977,POINT,0.1799465519173035,0.12499353321552778,0.5485782566477522,0.5824536188017294,0.14480171371096257,1.0701208085555376,0.6590985786336734,0
2.221999999999977,POINT,0.17994984825624868,0.12503717665393502,0.5485703283857819,0.5824536188017294,0.14480171371096257,1.0701208085555376,0.6591015290482266,0
2.2239999999999767,POINT,0.17995311504917674,0.1250805861963468,0.5485624702824587,0.5824536188017294,0.14480171371096257,1.0701208085555376,0.6591044519753161,0
2.2259999999999764,POINT,0.1799563524073783,0.12512376070963313,0.5485546820851008,0.5824536188017294,0.14480171371096257,1.0701208085555376,0.6591073475319656,0
2.227999999999976,POINT,0.17995956044221773,0.12516669906133354,0.5485469635408504,0.5824536188017294,0.14480171371096257,1.0701208085555376,0.6591102158352623,0
2.229999999999976,POINT,0.1799627392651174,0.1252094001196597,0.5485393143967107,0.5824536188017294,0.14480171371096257,1.0701208085555376,0.65911305700234,0
2.231999999999976,POINT,0.17996588898754207,0.1252518627534984,0.548531734399582,0.5824536188017294,0.14480171371096257,1.0701208085555376,0.6591158711503647,0
2.2339999999999756,POINT,0.17996900972098337,0.1252940858324138,0.5485242232962989,0.5824536188017294,0.14480171371096257,1.0701208085555376,0.6591186583965191,0
2.2359999999999753,POINT,0.17997210157694385,0.12533606822665042,0.5485167808336661,0.5824536188017294,0.14480171371096257,1.0701208085555376,0.6591214188579864,0
2.237999999999975,POINT,0.17997516466692112,0.12537780880713514,0.5485094067584958,0.5824536188017294,0.14480171371096257,1.0701208085555376,0.6591241526519362,0
2.239999999999975,POINT,0.1799781991023922,0.12541930644547986,0.5485021008176446,0.5824536188017294,0.14480171371096257,1.0701208085555376,0.6591268598955076,0
2.2419999999999747,POINT,0.17998120499479717,0.12546056001398376,0.548494862758051,0.5824536188017294,0.14480171371096257,1.0701208085555376,0.6591295407057941,0
2.2439999999999745,POINT,0.17998418245552344,0.12550156838563545,0.5484876923267722,0.5824536188017294,0.14480171371096257,1.0701208085555376,0.659132195199828,0
2.2459999999999742,POINT,0.1799871315958896,0.1255423304341152,0.5484805892710216,0.5824536188017294,0.14480171371096257,1.0701208085555376,0.6591348234945645,0
2.247999999999974,POINT,0.17999005252712916,0.125582845033797,0.5484735533382071,0.5824536188017294,0.14480171371096257,1.0701208085555376,0.6591374257068661,0
2.249999999999974,POINT,0.17999294536037436,0.12562311105975058,0.548466584275968,0.5824536188017294,0.14480171371096257,1.0701208085555376,0.6591400019534861,0
2.2519999999999736,POINT,0.17999581020663996,0.12566312738774332,0.5484596818322135,0.5824536188017294,0.14480171371096257,1.0701208085555376,0.6591425523510532,0
2.2539999999999734,POINT,0.1799986471768068,0.12570289289424222,0.5484528457551606,0.5824536188017294,0.14480171371096257,1.0701208085555376,0.6591450770160556,0
2.255999999999973,POINT,0.18000145638160545,0.1257424064564155,0.5484460757933723,0.5824536188017294,0.14480171371096257,1.0701208085555376,0.6591475760648245,0
2.257999999999973,POINT,0.1800042379315996,0.12578166695213452,0.5484393716957963,0.5824536188017294,0.14480171371096257,1.0701208085555376,0.6591500496135179,0
2.2599999999999727,POINT,0.18000699193716968,0.12582067325997545,0.5484327332118026,0.5824536188017294,0.14480171371096257,1.0701208085555376,0.6591524977781049,0
2.2619999999999725,POINT,0.1800097185084962,0.12585942425922075,0.5484261600912235,0.5824536188017294,0.14480171371096257,1.0701208085555376,0.6591549206743493,0
2.2639999999999723,POINT,0.180012417755543,0.1258979188298608,0.5484196520843913,0.5824536188017294,0.14480171371096257,1.0701208085555376,0.6591573184177927,0
2.265999999999972,POINT,0.18001508978804057,0.12593615585259527,0.5484132089421777,0.5824536188017294,0.14480171371096257,1.0701208085555376,0.6591596911237388,0
2.267999999999972,POINT,0.18001773471546928,0.1259741342088346,0.5484068304160334,0.5824536188017294,0.14480171371096257,1.0701208085555376,0.659162038907237,0
2.2699999999999716,POINT,0.1800203526470424,0.1260118527807015,0.5484005162580263,0.5824536188017294,0.14480171371096257,1.0701208085555376,0.6591643618830649,0
2.2719999999999714,POINT,0.18002294369168936,0.12604931045103193,0.5483942662208819,0.5824536188017294,0.14480171371096257,1.0701208085555376,0.6591666601657132,0
2.273999999999971,POINT,0.18002550795803865,0.12608650610337657,0.5483880800580223,0.5824536188017294,0.14480171371096257,1.0701208085555376,0.6591689338693677,0
2.275999999999971,POINT,0.18002804555440072,0.1261234386220019,0.5483819575236062,0.5824536188017294,0.14480171371096257,1.0701208085555376,0.6591711831078934,0
2.2779999999999707,POINT,0.18003055658875083,0.12616010689189128,0.5483758983725685,0.5824536188017294,0.14480171371096257,1.0701208085555376,0.6591734079948176,0
2.2799999999999705,POINT,0.18003304116871222,0.12619650979874614,0.5483699023606605,0.5824536188017294,0.14480171371096257,1.0701208085555376,0.6591756086433127,0
2.2819999999999703,POINT,0.1800354994015383,0.12623264622898686,0.54836396924449,0.5824536188017294,0.14480171371096257,1.0701208085555376,0.6591777851661803,0
2.28399999999997,POINT,0.1800379313940958,0.12626851506975376,0.5483580987815618,0.5824536188017294,0.14480171371096257,1.0701208085555376,0.6591799376758328,0
2.28599999999997,POINT,0.18004033725284735,0.126304115208908,0.5483522907303178,0.5824536188017294,0.14480171371096257,1.0701208085555376,0.6591820662842777,0
2.2879999999999696,POINT,0.18004271708383374,0.12633944553503257,0.5483465448501773,0.5824536188017294,0.14480171371096257,1.0701208085555376,0.6591841711030998,0
2.2899999999999694,POINT,0.18004507099265676,0.1263745049374328,0.5483408609015791,0.5824536188017294,0.14480171371096257,1.0701208085555376,0.6591862522434442,0
2.291999999999969,POINT,0.18004739908446157,0.12640929230613734,0.5483352386460205,0.5824536188017294,0.14480171371096257,1.0701208085555376,0.6591883098159995,0
2.293999999999969,POINT,0.18004970146391888,0.1264438065318989,0.5483296778461,0.5824536188017294,0.14480171371096257,1.0701208085555376,0.6591903439309802,0
2.2959999999999687,POINT,0.18005197823520755,0.12647804650619474,0.5483241782655572,0.5824536188017294,0.14480171371096257,1.0701208085555376,0.6591923546981092,0
2.2979999999999685,POINT,0.18005422950199673,0.1265120111212274,0.5483187396693153,0.5824536188017294,0.14480171371096257,1.0701208085555376,0.6591943422266006,0
2.2999999999999683,POINT,0.18005645536742798,0.1265456992699253,0.5483133618235212,0.5824536188017294,0.14480171371096257,1.0701208085555376,0.6591963066251428,0
2.301999999999968,POINT,0.18005865593409748,0.12657910984594317,0.5483080444955886,0.5824536188017294,0.14480171371096257,1.0701208085555376,0.6591982480018802,0
2.303999999999968,POINT,0.18006083130403813,0.12661224174366273,0.5483027874542381,0.5824536188017294,0.14480171371096257,1.0701208085555376,0.659200166464396,0
2.3059999999999676,POINT,0.18006298157870154,0.12664509385819292,0.5482975904695407,0.5824536188017294,0.14480171371096257,1.0701208085555376,0.659202062119695,0
2.3079999999999674,POINT,0.18006510685893995,0.12667766508537057,0.5482924533129591,0.5824536188017294,0.14480171371096257,1.0701208085555376,0.6592039350741847,0
2.309999999999967,POINT,0.18006720724498806,0.12670995432176066,0.5482873757573896,0.5824536188017294,0.14480171371096257,1.0701208085555376,0.659205785433659,0
2.311999999999967,POINT,0.18006928283644508,0.12674196046465672,0.548282357577205,0.5824536188017294,0.14480171371096257,1.0701208085555376,0.6592076133032794,0
2.3139999999999668,POINT,0.1800713337322562,0.12677368241208103,0.5482773985482965,0.5824536188017294,0.14480171371096257,1.0701208085555376,0.6592094187875578,0
2.3159999999999665,POINT,0.18007336003069446,0.1268051190627852,0.5482724984481167,0.5824536188017294,0.14480171371096257,1.0701208085555376,0.6592112019903384,0
2.3179999999999663,POINT,0.18007536182934247,0.12683626931625014,0.5482676570557228,0.5824536188017294,0.14480171371096257,1.0701208085555376,0.659212963014779,0
2.319999999999966,POINT,0.18007733922507368,0.12686713207268654,0.5482628741518182,0.5824536188017294,0.14480171371096257,1.0701208085555376,0.6592147019633343,0
2.321999999999966,POINT,0.18007929231403433,0.12689770623303503,0.5482581495187969,0.5824536188017294,0.14480171371096257,1.0701208085555376,0.6592164189377366,0
2.3239999999999656,POINT,0.18008122119162448,0.1269279906989662,0.5482534829407859,0.5824536188017294,0.14480171371096257,1.0701208085555376,0.6592181140389781,0
2.3259999999999654,POINT,0.1800831259524798,0.12695798437288108,0.5482488742036887,0.5824536188017294,0.14480171371096257,1.0701208085555376,0.6592197873672931,0
2.327999999999965,POINT,0.1800850066904525,0.12698768615791112,0.5482443230952289,0.5824536188017294,0.14480171371096257,1.0701208085555376,0.6592214390221391,0
2.329999999999965,POINT,0.180086863498593,0.12701709495791835,0.5482398294049937,0.5824536188017294,0.14480171371096257,1.0701208085555376,0.6592230691021785,0
2.3319999999999648,POINT,0.1800886964691308,0.1270462096774955,0.5482353929244778,0.5824536188017294,0.14480171371096257,1.0701208085555376,0.6592246777052605,0
2.3339999999999645,POINT,0.18009050569345592,0.12707502922196612,0.5482310134471268,0.5824536188017294,0.14480171371096257,1.0701208085555376,0.6592262649284029,0
2.3359999999999643,POINT,0.1800922912620998,0.12710355249738484,0.5482266907683818,0.5824536188017294,0.14480171371096257,1.0701208085555376,0.6592278308677725,0
2.337999999999964,POINT,0.18009405326471636,0.12713177841053708,0.5482224246857237,0.5824536188017294,0.14480171371096257,1.0701208085555376,0.6592293756186679,0
2.339999999999964,POINT,0.1800957917900631,0.1271597058689396,0.548218214998717,0.5824536188017294,0.14480171371096257,1.0701208085555376,0.6592308992754995,0
2.3419999999999637,POINT,0.1800975069259818,0.1271873337808403,0.5482140615090542,0.5824536188017294,0.14480171371096257,1.0701208085555376,0.6592324019317723,0
2.3439999999999634,POINT,0.1800991987593796,0.1272146610552182,0.5482099640206008,0.5824536188017294,0.14480171371096257,1.0701208085555376,0.6592338836800657,0
2.3459999999999632,POINT,0.18010086737620956,0.12724168660178378,0.5482059223394402,0.5824536188017294,0.14480171371096257,1.0701208085555376,0.6592353446120157,0
2.347999999999963,POINT,0.18010251286145157,0.12726840933097888,0.5482019362739181,0.5824536188017294,0.14480171371096257,1.0701208085555376,0.6592367848182952,0
2.349999999999963,POINT,0.18010413529909292,0.12729482815397689,0.5481980056346876,0.5824536188017294,0.14480171371096257,1.0701208085555376,0.6592382043885959,0
2.3519999999999626,POINT,0.18010573477210892,0.12732094198268262,0.5481941302347546,0.5824536188017294,0.14480171371096257,1.0701208085555376,0.6592396034116088,0
2.3539999999999623,POINT,0.18010731136244354,0.12734674972973262,0.5481903098895231,0.5824536188017294,0.14480171371096257,1.0701208085555376,0.659240981975005,0
2.355999999999962,POINT,0.18010886515098976,0.12737225030849503,0.5481865444168402,0.5824536188017294,0.14480171371096257,1.0701208085555376,0.6592423401654173,0
2.357999999999962,POINT,0.18011039621757008,0.12739744263306993,0.5481828336370426,0.5824536188017294,0.14480171371096257,1.0701208085555376,0.6592436780684201,0
2.3599999999999617,POINT,0.18011190464091684,0.12742232561828923,0.5481791773730009,0.5824536188017294,0.14480171371096257,1.0701208085555376,0.6592449957685108,0
2.3619999999999615,POINT,0.18011339049865263,0.12744689817971697,0.5481755754501669,0.5824536188017294,0.14480171371096257,1.0701208085555376,0.6592462933490907,0
2.3639999999999612,POINT,0.18011485386727039,0.12747115923364927,0.548172027696619,0.5824536188017294,0.14480171371096257,1.0701208085555376,0.6592475708924443,0
2.365999999999961,POINT,0.18011629482211372,0.12749510769711467,0.5481685339431079,0.5824536188017294,0.14480171371096257,1.0701208085555376,0.6592488284797221,0
2.367999999999961,POINT,0.18011771343735694,0.12751874248787412,0.5481650940231039,0.5824536188017294,0.14480171371096257,1.0701208085555376,0.6592500661909189,0
2.3699999999999606,POINT,0.18011910978598525,0.12754206252442146,0.5481617077728422,0.5824536188017294,0.14480171371096257,1.0701208085555376,0.6592512841048556,0
2.3719999999999604,POINT,0.18012048393977456,0.12756506672598333,0.5481583750313704,0.5824536188017294,0.14480171371096257,1.0701208085555376,0.6592524822991593,0
2.37399999999996,POINT,0.18012183596927167,0.1275877540125196,0.5481550956405944,0.5824536188017294,0.14480171371096257,1.0701208085555376,0.659253660850244,0
2.37599999999996,POINT,0.18012316594377395,0.12761012330472363,0.5481518694453258,0.5824536188017294,0.14480171371096257,1.0701208085555376,0.6592548198332898,0
2.3779999999999597,POINT,0.1801244739313093,0.12763217352402262,0.548148696293329,0.5824536188017294,0.14480171371096257,1.0701208085555376,0.6592559593222242,0
2.3799999999999595,POINT,0.18012575999861594,0.1276539035925778,0.5481455760353674,0.5824536188017294,0.14480171371096257,1.0701208085555376,0.6592570793897021,0
2.3819999999999593,POINT,0.18012702421112198,0.12767531243328503,0.5481425085252516,0.5824536188017294,0.14480171371096257,1.0701208085555376,0.6592581801070855,0
2.383999999999959,POINT,0.18012826663292528,0.12769639896977503,0.5481394936198865,0.5824536188017294,0.14480171371096257,1.0701208085555376,0.6592592615444237,0
2.385999999999959,POINT,0.1801294873267728,0.12771716212641396,0.5481365311793185,0.5824536188017294,0.14480171371096257,1.0701208085555376,0.6592603237704335,0
2.3879999999999586,POINT,0.1801306863540404,0.12773760082830396,0.5481336210667835,0.5824536188017294,0.14480171371096257,1.0701208085555376,0.6592613668524795,0
2.3899999999999584,POINT,0.18013186377471202,0.12775771400128355,0.5481307631487549,0.5824536188017294,0.14480171371096257,1.0701208085555376,0.6592623908565527,0
2.391999999999958,POINT,0.18013301964735942,0.1277775005719284,0.5481279572949906,0.5824536188017294,0.14480171371096257,1.0701208085555376,0.6592633958472517,0
2.393999999999958,POINT,0.1801341540291213,0.12779695946755185,0.5481252033785824,0.5824536188017294,0.14480171371096257,1.0701208085555376,0.6592643818877616,0
2.3959999999999577,POINT,0.18013526697568266,0.12781608961620572,0.548122501276003,0.5824536188017294,0.14480171371096257,1.0701208085555376,0.6592653490398342,0
2.3979999999999575,POINT,0.18013635854125412,0.12783488994668107,0.5481198508671552,0.5824536188017294,0.14480171371096257,1.0701208085555376,0.6592662973637675,0
2.3999999999999573,POINT,0.18013742877855105,0.12785335938850884,0.5481172520354199,0.5824536188017294,0.14480171371096257,1.0701208085555376,0.659267226918385,0
2.401999999999957,POINT,0.18013847773877253,0.12787149687196103,0.548114704667705,0.5824536188017294,0.14480171371096257,1.0701208085555376,0.6592681377610154,0
2.403999999999957,POINT,0.18013950547158078,0.12788930132805149,0.5481122086544935,0.5824536188017294,0.14480171371096257,1.0701208085555376,0.6592690299474727,0
2.4059999999999566,POINT,0.1801405120250798,0.12790677168853679,0.5481097638898937,0.5824536188017294,0.14480171371096257,1.0701208085555376,0.6592699035320343,0
2.4079999999999564,POINT,0.18014149744579455,0.12792390688591768,0.5481073702716869,0.5824536188017294,0.14480171371096257,1.0701208085555376,0.6592707585674217,0
2.409999999999956,POINT,0.18014246177864976,0.12794070585343986,0.548105027701377,0.5824536188017294,0.14480171371096257,1.0701208085555376,0.6592715951047788,0
2.411999999999956,POINT,0.18014340506694881,0.1279571675250954,0.5481027360842403,0.5824536188017294,0.14480171371096257,1.0701208085555376,0.6592724131936518,0
2.4139999999999557,POINT,0.1801443273523523,0.12797329083562412,0.5481004953293741,0.5824536188017294,0.14480171371096257,1.0701208085555376,0.6592732128819682,0
2.4159999999999555,POINT,0.1801452286748571,0.1279890747205148,0.548098305349747,0.5824536188017294,0.14480171371096257,1.0701208085555376,0.6592739942160152,0
2.4179999999999553,POINT,0.1801461090727748,0.1280045181160067,0.5480961660622481,0.5824536188017294,0.14480171371096257,1.0701208085555376,0.6592747572404201,0
2.419999999999955,POINT,0.18014696858271018,0.12801961995909117,0.5480940773877371,0.5824536188017294,0.14480171371096257,1.0701208085555376,0.6592755019981282,0
2.421999999999955,POINT,0.18014780723954016,0.12803437918751343,0.5480920392510938,0.5824536188017294,0.14480171371096257,1.0701208085555376,0.6592762285303825,0
2.4239999999999546,POINT,0.18014862507639184,0.12804879473977396,0.5480900515812693,0.5824536188017294,0.14480171371096257,1.0701208085555376,0.6592769368767017,0
2.4259999999999544,POINT,0.18014942212462118,0.1280628655551306,0.5480881143113349,0.5824536188017294,0.14480171371096257,1.0701208085555376,0.6592776270748604,0
2.427999999999954,POINT,0.18015019841379137,0.12807659057360046,0.5480862273785333,0.5824536188017294,0.14480171371096257,1.0701208085555376,0.6592782991608659,0
2.429999999999954,POINT,0.180150953971651,0.12808996873596187,0.548084390724329,0.5824536188017294,0.14480171371096257,1.0701208085555376,0.659278953168939,0
2.4319999999999538,POINT,0.18015168882411245,0.1281029989837565,0.5480826042944584,0.5824536188017294,0.14480171371096257,1.0701208085555376,0.6592795891314915,0
2.4339999999999535,POINT,0.18015240299522994,0.1281156802592917,0.5480808680389818,0.5824536188017294,0.14480171371096257,1.0701208085555376,0.6592802070791046,0
2.4359999999999533,POINT,0.18015309650717784,0.12812801150564276,0.5480791819123328,0.5824536188017294,0.14480171371096257,1.0701208085555376,0.6592808070405083,0
2.437999999999953,POINT,0.18015376938022862,0.12813999166665546,0.5480775458733702,0.5824536188017294,0.14480171371096257,1.0701208085555376,0.6592813890425593,0
2.439999999999953,POINT,0.1801544216327309,0.12815161968694852,0.5480759598854292,0.5824536188017294,0.14480171371096257,1.0701208085555376,0.6592819531102194,0
2.4419999999999527,POINT,0.18015505328108752,0.12816289451191648,0.5480744239163725,0.5824536188017294,0.14480171371096257,1.0701208085555376,0.6592824992665344,0
2.4439999999999524,POINT,0.1801556643397333,0.12817381508773223,0.5480729379386414,0.5824536188017294,0.14480171371096257,1.0701208085555376,0.6592830275326116,0
2.445999999999952,POINT,0.18015625482111286,0.12818438036135033,0.5480715019293083,0.5824536188017294,0.14480171371096257,1.0701208085555376,0.6592835379275988,0
2.447999999999952,POINT,0.1801568247356587,0.12819458928050975,0.5480701158701273,0.5824536188017294,0.14480171371096257,1.0701208085555376,0.659284030468662,0
2.4499999999999518,POINT,0.1801573740917686,0.12820444079373727,0.5480687797475868,0.5824536188017294,0.14480171371096257,1.0701208085555376,0.659284505170964,0
2.4519999999999516,POINT,0.18015790289578348,0.1282139338503507,0.5480674935529611,0.5824536188017294,0.14480171371096257,1.0701208085555376,0.6592849620476422,0
2.4539999999999513,POINT,0.1801584111519651,0.12822306740046246,0.5480662572823628,0.5824536188017294,0.14480171371096257,1.0701208085555376,0.6592854011097861,0
2.455999999999951,POINT,0.18015889886247333,0.12823184039498306,0.5480650709367946,0.5824536188017294,0.14480171371096257,1.0701208085555376,0.6592858223664164,0
2.457999999999951,POINT,0.180159366027344,0.128240251785625,0.5480639345222018,0.5824536188017294,0.14480171371096257,1.0701208085555376,0.6592862258244622,0
2.4599999999999507,POINT,0.18015981264446623,0.12824830052490668,0.5480628480495252,0.5824536188017294,0.14480171371096257,1.0701208085555376,0.6592866114887388,0
2.4619999999999505,POINT,0.18016023870955966,0.12825598556615614,0.5480618115347532,0.5824536188017294,0.14480171371096257,1.0701208085555376,0.6592869793619256,0
2.4639999999999502,POINT,0.18016064421615208,0.1282633058635158,0.5480608249989746,0.5824536188017294,0.14480171371096257,1.0701208085555376,0.6592873294445445,0
2.46599999999995,POINT,0.18016102915555648,0.12827026037194644,0.5480598884684317,0.5824536188017294,0.14480171371096257,1.0701208085555376,0.6592876617349362,0
2.46799999999995,POINT,0.18016139351684857,0.1282768480472318,0.548059001974573,0.5824536188017294,0.14480171371096257,1.0701208085555376,0.6592879762292394,0
2.4699999999999496,POINT,0.18016173728684348,0.12828306784598337,0.5480581655541069,0.5824536188017294,0.14480171371096257,1.0701208085555376,0.6592882729213669,0
2.4719999999999493,POINT,0.18016206045007346,0.1282889187256452,0.5480573792490544,0.5824536188017294,0.14480171371096257,1.0701208085555376,0.6592885518029843,0
2.473999999999949,POINT,0.18016236298876448,0.12829439964449893,0.5480566431068024,0.5824536188017294,0.14480171371096257,1.0701208085555376,0.6592888128634867,0
2.475999999999949,POINT,0.18016264488281347,0.128299509561669,0.5480559571801576,0.5824536188017294,0.14480171371096257,1.0701208085555376,0.6592890560899767,0
2.4779999999999487,POINT,0.1801629061097653,0.128304247437128,0.5480553215274004,0.5824536188017294,0.14480171371096257,1.0701208085555376,0.6592892814672409,0
2.4799999999999485,POINT,0.1801631466447894,0.12830861223170245,0.5480547362123378,0.5824536188017294,0.14480171371096257,1.0701208085555376,0.6592894889777282,0
2.4819999999999482,POINT,0.18016336646065706,0.12831260290707813,0.5480542013043579,0.5824536188017294,0.14480171371096257,1.0701208085555376,0.6592896786015263,0
2.483999999999948,POINT,0.18016356552771778,0.12831621842580654,0.5480537168784839,0.5824536188017294,0.14480171371096257,1.0701208085555376,0.6592898503163394,0
2.485999999999948,POINT,0.18016374381387634,0.12831945775131062,0.5480532830154279,0.5824536188017294,0.14480171371096257,1.0701208085555376,0.6592900040974647,0
2.4879999999999476,POINT,0.1801639012845692,0.1283223198478913,0.5480528998016458,0.5824536188017294,0.14480171371096257,1.0701208085555376,0.65929013991777,0
2.4899999999999474,POINT,0.18016403790274135,0.128324803680734,0.548052567329391,0.5824536188017294,0.14480171371096257,1.0701208085555376,0.6592902577476704,0
2.491999999999947,POINT,0.1801641536288228,0.12832690821591544,0.5480522856967694,0.5824536188017294,0.14480171371096257,1.0701208085555376,0.6592903575551057,0
2.493999999999947,POINT,0.18016424842070514,0.1283286324204103,0.5480520550077936,0.5824536188017294,0.14480171371096257,1.0701208085555376,0.6592904393055167,0
2.4959999999999467,POINT,0.18016432223371778,0.12832997526209883,0.5480518753724384,0.5824536188017294,0.14480171371096257,1.0701208085555376,0.6592905029618223,0
2.4979999999999465,POINT,0.18016437502060476,0.1283309357097738,0.548051746906695,0.5824536188017294,0.14480171371096257,1.0701208085555376,0.6592905484843966,0
2.4999999999999463,POINT,0.1801644067315008,0.12833151273314838,0.548051669732626,0.5824536188017294,0.14480171371096257,1.0701208085555376,0.6592905758310454,0
2.501999999999946,POINT,0.18016441731390775,0.12833170530286386,0.5480516439784212,0.5824536188017294,0.14480171371096257,1.0701208085555376,0.6592905849569826,0
2.503999999999946,REACH,0.18016441731390775,0.12833170530286386,0.5480516439784212,0.5824536188017294,0.14480171371096257,1.0701208085555376,0.6592905849569826,0
2.5059999999999456,REACH,0.18016526562868646,0.12833184195329903,0.548051916074236,0.5824536188017294,0.14480171371096257,1.0701208085555376,0.6592898484513816,0
2.5079999999999454,REACH,0.18016780906270735,0.12833225165933257,0.5480527318860728,0.5824536188017294,0.14480171371096257,1.0701208085555376,0.6592876402413478,0
2.509999999999945,REACH,0.18017204534821085,0.12833293404972326,0.5480540907129826,0.5824536188017294,0.14480171371096257,1.0701208085555376,0.6592839622823136,0
2.511999999999945,REACH,0.18017797221439846,0.12833388874880167,0.5480559918705679,0.5824536188017294,0.14480171371096257,1.0701208085555376,0.6592788165234422,0
2.5139999999999447,REACH,0.18018558738744683,0.12833511537648942,0.548058434690909,0.5824536188017294,0.14480171371096257,1.0701208085555376,0.6592722049076559,0
2.5159999999999445,REACH,0.18019488859051883,0.1283366135483193,0.5480614185224942,0.5824536188017294,0.14480171371096257,1.0701208085555376,0.6592641293716613,0
2.5179999999999443,REACH,0.18020587354377648,0.12833838287545493,0.5480649427301404,0.5824536188017294,0.14480171371096257,1.0701208085555376,0.6592545918459813,0
2.519999999999944,REACH,0.18021853996439316,0.12834042296471046,0.5480690066949222,0.5824536188017294,0.14480171371096257,1.0701208085555376,0.6592435942549809,0
2.521999999999944,REACH,0.18023288556656386,0.12834273341857066,0.5480736098140992,0.5824536188017294,0.14480171371096257,1.0701208085555376,0.6592311385168955,0
2.5239999999999436,REACH,0.18024890806151816,0.12834531383520975,0.5480787515010396,0.5824536188017294,0.14480171371096257,1.0701208085555376,0.6592172265438604,0
2.5259999999999434,REACH,0.18026660515752982,0.12834816380851194,0.548084431185147,0.5824536188017294,0.14480171371096257,1.0701208085555376,0.6592018602419389,0
2.527999999999943,REACH,0.180285974559928,0.12835128292809073,0.5480906483117891,0.5824536188017294,0.14480171371096257,1.0701208085555376,0.6591850415111495,0
2.529999999999943,REACH,0.18030701397110752,0.12835467077930843,0.5480974023422225,0.5824536188017294,0.14480171371096257,1.0701208085555376,0.6591667722454947,0
2.5319999999999427,REACH,0.18032972109053913,0.12835832694329596,0.5481046927535189,0.5824536188017294,0.14480171371096257,1.0701208085555376,0.6591470543329898,0
2.5339999999999425,REACH,0.1803540936147787,0.128362250996972,0.5481125190384927,0.5824536188017294,0.14480171371096257,1.0701208085555376,0.6591258896556915,0
2.5359999999999423,REACH,0.18038012923747723,0.1283664425130635,0.5481208807056283,0.5824536188017294,0.14480171371096257,1.0701208085555376,0.6591032800897245,0
2.537999999999942,REACH,0.18040782564939034,0.12837090106012386,0.5481297772790052,0.5824536188017294,0.14480171371096257,1.0701208085555376,0.6590792275053116,0
2.539999999999942,REACH,0.18043718053838576,0.12837562620255372,0.5481392082982262,0.5824536188017294,0.14480171371096257,1.0701208085555376,0.6590537337668018,0
2.5419999999999416,REACH,0.18046819158945365,0.12838061750061958,0.5481491733183438,0.5824536188017294,0.14480171371096257,1.0701208085555376,0.659026800732698,0
2.5439999999999414,REACH,0.18050085648471406,0.1283858745104735,0.5481596719097879,0.5824536188017294,0.14480171371096257,1.0701208085555376,0.658998430255686,0
2.545999999999941,REACH,0.18053517290342463,0.12839139678417302,0.5481707036582922,0.5824536188017294,0.14480171371096257,1.0701208085555376,0.6589686241826629,0
2.547999999999941,REACH,0.1805711385219896,0.1283971838696995,0.5481822681648209,0.5824536188017294,0.14480171371096257,1.0701208085555376,0.6589373843547657,0
2.5499999999999408,REACH,0.18060875101396606,0.1284032353109788,0.5481943650454982,0.5824536188017294,0.14480171371096257,1.0701208085555376,0.6589047126073981,0
2.5519999999999405,REACH,0.18064800805007192,0.12840955064789947,0.5482069939315334,0.5824536188017294,0.14480171371096257,1.0701208085555376,0.6588706107702619,0
2.5539999999999403,REACH,0.18068890729819292,0.12841612941633312,0.5482201544691485,0.5824536188017294,0.14480171371096257,1.0701208085555376,0.658835080667383,0
2.55599999999994,REACH,0.18073144642338862,0.12842297114815296,0.5482338463195073,0.5824536188017294,0.14480171371096257,1.0701208085555376,0.6587981241171409,0
2.55799999999994,REACH,0.1807756230878999,0.12843007537125348,0.5482480691586424,0.5824536188017294,0.14480171371096257,1.0701208085555376,0.6587597429322963,0
2.5599999999999397,REACH,0.1808214349511546,0.1284374416095697,0.5482628226773802,0.5824536188017294,0.14480171371096257,1.0701208085555376,0.6587199389200219,0
2.5619999999999394,REACH,0.1808688796697731,0.12844506938309633,0.5482781065812733,0.5824536188017294,0.14480171371096257,1.0701208085555376,0.6586787138819278,0
2.563999999999939,REACH,0.180917954897575,0.128452958207907,0.5482939205905237,0.5824536188017294,0.14480171371096257,1.0701208085555376,0.6586360696140926,0
2.565999999999939,REACH,0.18096865828558384,0.1284611075961736,0.5483102644399148,0.5824536188017294,0.14480171371096257,1.0701208085555376,0.6585920079070896,0
2.5679999999999388,REACH,0.18102098748203216,0.12846951705618553,0.5483271378787359,0.5824536188017294,0.14480171371096257,1.0701208085555376,0.6585465305460176,0
2.5699999999999386,REACH,0.18107494013236722,0.12847818609236833,0.5483445406707118,0.5824536188017294,0.14480171371096257,1.0701208085555376,0.6584996393105281,0
2.5719999999999383,REACH,0.18113051387925497,0.12848711420530365,0.5483624725939319,0.5824536188017294,0.14480171371096257,1.0701208085555376,0.6584513359748534,0
2.573999999999938,REACH,0.18118770636258508,0.12849630089174766,0.5483809334407754,0.5824536188017294,0.14480171371096257,1.0701208085555376,0.658401622307837,0
2.575999999999938,REACH,0.18124651521947457,0.1285057456446506,0.5483999230178431,0.5824536188017294,0.14480171371096257,1.0701208085555376,0.65835050007296,0
2.5779999999999377,REACH,0.18130693808427253,0.12851544795317532,0.5484194411458825,0.5824536188017294,0.14480171371096257,1.0701208085555376,0.6582979710283714,0
2.5799999999999375,REACH,0.18136897258856327,0.12852540730271728,0.5484394876597192,0.5824536188017294,0.14480171371096257,1.0701208085555376,0.6582440369269148,0
2.5819999999999372,REACH,0.18143261636117022,0.12853562317492254,0.5484600624081826,0.5824536188017294,0.14480171371096257,1.0701208085555376,0.6581886995161591,0
2.583999999999937,REACH,0.18149786702815918,0.1285460950477072,0.5484811652540362,0.5824536188017294,0.14480171371096257,1.0701208085555376,0.6581319605384255,0
2.585999999999937,REACH,0.18156472221284115,0.12855682239527666,0.5485027960739062,0.5824536188017294,0.14480171371096257,1.0701208085555376,0.6580738217308163,0
2.5879999999999366,REACH,0.1816331795357758,0.12856780468814424,0.5485249547582086,0.5824536188017294,0.14480171371096257,1.0701208085555376,0.6580142848252444,0
2.5899999999999364,REACH,0.1817032366147734,0.1285790413931499,0.5485476412110806,0.5824536188017294,0.14480171371096257,1.0701208085555376,0.65795335154846,0
2.591999999999936,REACH,0.18177489106489783,0.12859053197348008,0.5485708553503063,0.5824536188017294,0.14480171371096257,1.0701208085555376,0.6578910236220818,0
2.593999999999936,REACH,0.18184814049846845,0.12860227588868522,0.5485945971072491,0.5824536188017294,0.14480171371096257,1.0701208085555376,0.6578273027626227,0
2.5959999999999357,REACH,0.18192298252506214,0.12861427259469996,0.5486188664267769,0.5824536188017294,0.14480171371096257,1.0701208085555376,0.657762190681521,0
2.5979999999999355,REACH,0.18199941475151535,0.12862652154386117,0.5486436632671955,0.5824536188017294,0.14480171371096257,1.0701208085555376,0.6576956890851663,0
2.5999999999999353,REACH,0.18207743478192542,0.12863902218492693,0.5486689876001732,0.5824536188017294,0.14480171371096257,1.0701208085555376,0.657627799674931,0
2.601999999999935,REACH,0.18215704021765228,0.12865177396309563,0.548694839410674,0.5824536188017294,0.14480171371096257,1.0701208085555376,0.6575585241471957,0
2.603999999999935,REACH,0.18223822865731892,0.12866477632002427,0.5487212186968837,0.5824536188017294,0.14480171371096257,1.0701208085555376,0.6574878641933812,0
2.6059999999999346,REACH,0.1823209976968131,0.128678028693848,0.5487481254701424,0.5824536188017294,0.14480171371096257,1.0701208085555376,0.6574158214999739,0
2.6079999999999344,REACH,0.18240534492928828,0.12869153051919777,0.548775559754871,0.5824536188017294,0.14480171371096257,1.0701208085555376,0.6573423977485561,0
2.609999999999934,REACH,0.18249126794516357,0.12870528122721983,0.5488035215885021,0.5824536188017294,0.14480171371096257,1.0701208085555376,0.6572675946158344,0
2.611999999999934,REACH,0.1825787643321242,0.12871928024559443,0.548832011021411,0.5824536188017294,0.14480171371096257,1.0701208085555376,0.6571914137736673,0
2.6139999999999337,REACH,0.18266783167512204,0.12873352699855395,0.5488610281168423,0.5824536188017294,0.14480171371096257,1.0701208085555376,0.6571138568890955,0
2.6159999999999335,REACH,0.18275846755637576,0.12874802090690213,0.5488905729508414,0.5824536188017294,0.14480171371096257,1.0701208085555376,0.6570349256243693,0
2.6179999999999333,REACH,0.1828506695553702,0.12876276138803233,0.5489206456121861,0.5824536188017294,0.14480171371096257,1.0701208085555376,0.6569546216369755,0
2.619999999999933,REACH,0.18294443524885604,0.12877774785594628,0.5489512462023126,0.5824536188017294,0.14480171371096257,1.0701208085555376,0.6568729465796702,0
2.621999999999933,REACH,0.18303976221084975,0.12879297972127265,0.5489823748352484,0.5824536188017294,0.14480171371096257,1.0701208085555376,0.6567899021005034,0
2.6239999999999326,REACH,0.1831366480126326,0.12880845639128571,0.5490140316375411,0.5824536188017294,0.14480171371096257,1.0701208085555376,0.6567054898428489,0
2.6259999999999324,REACH,0.18323509022274972,0.12882417726992337,0.5490462167481901,0.5824536188017294,0.14480171371096257,1.0701208085555376,0.6566197114454334,0
2.627999999999932,REACH,0.1833350864070091,0.12884014175780675,0.5490789303185741,0.5824536188017294,0.14480171371096257,1.0701208085555376,0.656532568542364,0
2.629999999999932,REACH,0.18343663412848019,0.1288563492522574,0.549112172512384,0.5824536188017294,0.14480171371096257,1.0701208085555376,0.6564440627631575,0
2.6319999999999317,REACH,0.18353973094749296,0.12887279914731653,0.5491459435055517,0.5824536188017294,0.14480171371096257,1.0701208085555376,0.6563541957327684,0
2.6339999999999315,REACH,0.18364437442163592,0.12888949083376364,0.5491802434861818,0.5824536188017294,0.14480171371096257,1.0701208085555376,0.6562629690716173,0
2.6359999999999313,REACH,0.18375056210575444,0.1289064236991344,0.5492150726544801,0.5824536188017294,0.14480171371096257,1.0701208085555376,0.6561703843956204,0
2.637999999999931,REACH,0.18385829155194916,0.12892359712773918,0.5492504312226862,0.5824536188017294,0.14480171371096257,1.0701208085555376,0.6560764433162166,0
2.639999999999931,REACH,0.1839675603095733,0.12894101050068188,0.5492863194150039,0.5824536188017294,0.14480171371096257,1.0701208085555376,0.6559811474403966,0
2.6419999999999306,REACH,0.18407836592523127,0.12895866319587776,0.5493227374675314,0.5824536188017294,0.14480171371096257,1.0701208085555376,0.6558844983707309,0
2.6439999999999304,REACH,0.18419070594277592,0.1289765545880719,0.5493596856281906,0.5824536188017294,0.14480171371096257,1.0701208085555376,0.6557864977054,0
2.64599999999993,REACH,0.18430457790330557,0.12899468404885792,0.5493971641566615,0.5824536188017294,0.14480171371096257,1.0701208085555376,0.6556871470382203,0
2.64799999999993,REACH,0.18441997934516235,0.12901305094669585,0.5494351733243096,0.5824536188017294,0.14480171371096257,1.0701208085555376,0.6555864479586743,0
2.6499999999999297,REACH,0.18453690780392842,0.12903165464693048,0.5494737134141205,0.5824536188017294,0.14480171371096257,1.0701208085555376,0.6554844020519377,0
2.6519999999999295,REACH,0.18465536081242326,0.1290504945118099,0.549512784720627,0.5824536188017294,0.14480171371096257,1.0701208085555376,0.65538101089891,0
2.6539999999999293,REACH,0.1847753359007012,0.12906956990050328,0.5495523875498438,0.5824536188017294,0.14480171371096257,1.0701208085555376,0.6552762760762398,0
2.655999999999929,REACH,0.18489683059604714,0.12908888016911946,0.5495925222191965,0.5824536188017294,0.14480171371096257,1.0701208085555376,0.6551701991563561,0
2.657999999999929,REACH,0.18501984242297403,0.12910842467072517,0.5496331890574543,0.5824536188017294,0.14480171371096257,1.0701208085555376,0.6550627817074944,0
2.6599999999999286,REACH,0.18514436890321875,0.12912820275536288,0.5496743884046605,0.5824536188017294,0.14480171371096257,1.0701208085555376,0.6549540252937268,0
2.6619999999999284,REACH,0.18527040755573893,0.12914821377006935,0.5497161206120643,0.5824536188017294,0.14480171371096257,1.0701208085555376,0.6548439314749892,0
2.663999999999928,REACH,0.18539795589670846,0.12916845705889324,0.5497583860420526,0.5824536188017294,0.14480171371096257,1.0701208085555376,0.6547325018071103,0
2.665999999999928,REACH,0.18552701143951467,0.12918893196291398,0.5498011850680813,0.5824536188017294,0.14480171371096257,1.0701208085555376,0.6546197378418392,0
2.6679999999999278,REACH,0.1856575716947528,0.12920963782025902,0.5498445180746072,0.5824536188017294,0.14480171371096257,1.0701208085555376,0.6545056411268744,0
2.6699999999999275,REACH,0.1857896341702232,0.1292305739661227,0.5498883854570193,0.5824536188017294,0.14480171371096257,1.0701208085555376,0.654390213205892,0
2.6719999999999273,REACH,0.1859231963709261,0.1292517397327836,0.549932787621572,0.5824536188017294,0.14480171371096257,1.0701208085555376,0.6542734556185732,0
2.673999999999927,REACH,0.1860582557990576,0.12927313444962327,0.5499777249853153,0.5824536188017294,0.14480171371096257,1.0701208085555376,0.6541553699006337,0
2.675999999999927,REACH,0.18619480995400528,0.12929475744314337,0.550023197976027,0.5824536188017294,0.14480171371096257,1.0701208085555376,0.6540359575838515,0
2.6779999999999267,REACH,0.1863328563323428,0.1293166080369845,0.5500692070321468,0.5824536188017294,0.14480171371096257,1.0701208085555376,0.653915220196094,0
2.6799999999999264,REACH,0.1864723924278255,0.12933868555194386,0.5501157526027061,0.5824536188017294,0.14480171371096257,1.0701208085555376,0.6537931592613485,0
2.681999999999926,REACH,0.18661341573138607,0.12936098930599313,0.550162835147261,0.5824536188017294,0.14480171371096257,1.0701208085555376,0.6536697762997482,0
2.683999999999926,REACH,0.1867559237311287,0.12938351861429614,0.5502104551358251,0.5824536188017294,0.14480171371096257,1.0701208085555376,0.6535450728276018,0
2.685999999999926,REACH,0.18689991391232405,0.12940627278922762,0.550258613048801,0.5824536188017294,0.14480171371096257,1.0701208085555376,0.653419050357421,0
2.6879999999999256,REACH,0.18704538375740465,0.12942925114039008,0.5503073093769132,0.5824536188017294,0.14480171371096257,1.0701208085555376,0.6532917103979488,0
2.6899999999999253,REACH,0.18719233074595856,0.1294524529746326,0.5503565446211418,0.5824536188017294,0.14480171371096257,1.0701208085555376,0.653163054454187,0
2.691999999999925,REACH,0.18734075235472505,0.1294758775960677,0.5504063192926515,0.5824536188017294,0.14480171371096257,1.0701208085555376,0.6530330840274262,0
2.693999999999925,REACH,0.18749064605758817,0.12949952430609019,0.5504566339127287,0.5824536188017294,0.14480171371096257,1.0701208085555376,0.6529018006152715,0
2.6959999999999247,REACH,0.18764200932557143,0.12952339240339425,0.5505074890127115,0.5824536188017294,0.14480171371096257,1.0701208085555376,0.6527692057116716,0
2.6979999999999245,REACH,0.18779483962683183,0.12954748118399162,0.5505588851339226,0.5824536188017294,0.14480171371096257,1.0701208085555376,0.6526353008069481,0
2.6999999999999242,REACH,0.18794913442665462,0.129571789941229,0.5506108228276032,0.5824536188017294,0.14480171371096257,1.0701208085555376,0.6525000873878211,0
2.701999999999924,REACH,0.18810489118744664,0.12959631796580626,0.5506633026548451,0.5824536188017294,0.14480171371096257,1.0701208085555376,0.652363566937439,0
2.703999999999924,REACH,0.18826210736873022,0.12962106454579375,0.5507163251865248,0.5824536188017294,0.14480171371096257,1.0701208085555376,0.6522257409354061,0
2.7059999999999236,REACH,0.18842078042713822,0.12964602896665045,0.550769891003235,0.5824536188017294,0.14480171371096257,1.0701208085555376,0.6520866108578094,0
2.7079999999999234,REACH,0.1885809078164064,0.12967121051124103,0.5508240006952188,0.5824536188017294,0.14480171371096257,1.0701208085555376,0.6519461781772492,0
2.709999999999923,REACH,0.1887424869873679,0.12969660845985406,0.5508786548623025,0.5824536188017294,0.14480171371096257,1.0701208085555376,0.651804444362864,0
2.711999999999923,REACH,0.18890551538794645,0.12972222209021977,0.5509338541138296,0.5824536188017294,0.14480171371096257,1.0701208085555376,0.6516614108803604,0
2.7139999999999227,REACH,0.18906999046315057,0.12974805067752707,0.5509895990685936,0.5824536188017294,0.14480171371096257,1.0701208085555376,0.6515170791920398,0
2.7159999999999225,REACH,0.18923590965506606,0.12977409349444166,0.5510458903547715,0.5824536188017294,0.14480171371096257,1.0701208085555376,0.6513714507568273,0
2.7179999999999223,REACH,0.18940327040285015,0.12980034981112343,0.551102728609857,0.5824536188017294,0.14480171371096257,1.0701208085555376,0.651224527030299,0
2.719999999999922,REACH,0.18957207014272454,0.12982681889524403,0.5511601144805944,0.5824536188017294,0.14480171371096257,1.0701208085555376,0.6510763094647098,0
2.721999999999922,REACH,0.18974230630796846,0.12985350001200463,0.5512180486229128,0.5824536188017294,0.14480171371096257,1.0701208085555376,0.6509267995090211,0
2.7239999999999216,REACH,0.18991397632891202,0.12988039242415328,0.5512765317018585,0.5824536188017294,0.14480171371096257,1.0701208085555376,0.6507759986089289,0
2.7259999999999214,REACH,0.19008707763292917,0.12990749539200233,0.5513355643915305,0.5824536188017294,0.14480171371096257,1.0701208085555376,0.6506239082068911,0
2.727999999999921,REACH,0.19026160764443076,0.12993480817344616,0.5513951473750123,0.5824536188017294,0.14480171371096257,1.0701208085555376,0.6504705297421561,0
2.729999999999921,REACH,0.19043756378485777,0.12996233002397836,0.5514552813443079,0.5824536188017294,0.14480171371096257,1.0701208085555376,0.650315864650789,0
2.7319999999999207,REACH,0.1906149434726732,0.12999006019670983,0.551515967000275,0.5824536188017294,0.14480171371096257,1.0701208085555376,0.6501599143657003,0
2.7339999999999205,REACH,0.190793744123356,0.13001799794238533,0.5515772050525583,0.5824536188017294,0.14480171371096257,1.0701208085555376,0.650002680316674,0
2.7359999999999203,REACH,0.1909739631493936,0.13004614250940144,0.5516389962195241,0.5824536188017294,0.14480171371096257,1.0701208085555376,0.649844163930394,0
2.73799999999992,REACH,0.19115559796027373,0.1300744931438242,0.5517013412281955,0.5824536188017294,0.14480171371096257,1.0701208085555376,0.6496843666304728,0
2.73999999999992,REACH,0.1913386459624785,0.1301030490894058,0.5517642408141852,0.5824536188017294,0.14480171371096257,1.0701208085555376,0.6495232898374779,0
2.7419999999999196,REACH,0.19152310455947508,0.13013180958760232,0.5518276957216316,0.5824536188017294,0.14480171371096257,1.0701208085555376,0.6493609349689601,0
2.7439999999999194,REACH,0.1917089711517104,0.1301607738775914,0.551891706703131,0.5824536188017294,0.14480171371096257,1.0701208085555376,0.6491973034394812,0
2.745999999999919,REACH,0.1918962431366015,0.13018994119628893,0.551956274519674,0.5824536188017294,0.14480171371096257,1.0701208085555376,0.6490323966606413,0
2.747999999999919,REACH,0.1920849179085299,0.13021931077836688,0.552021399940579,0.5824536188017294,0.14480171371096257,1.0701208085555376,0.6488662160411055,0
2.7499999999999187,REACH,0.19227499285883198,0.13024888185627032,0.5520870837434273,0.5824536188017294,0.14480171371096257,1.0701208085555376,0.6486987629866329,0
2.7519999999999185,REACH,0.19246646537579326,0.13027865366023478,0.5521533267139975,0.5824536188017294,0.14480171371096257,1.0701208085555376,0.648530038900102,0
2.7539999999999183,REACH,0.19265933284463904,0.1303086254183035,0.5522201296462008,0.5824536188017294,0.14480171371096257,1.0701208085555376,0.6483600451815401,0
2.755999999999918,REACH,0.19285359264752774,0.1303387963563446,0.5522874933420154,0.5824536188017294,0.14480171371096257,1.0701208085555376,0.6481887832281489,0
2.757999999999918,REACH,0.19304924216354258,0.1303691656980684,0.5523554186114215,0.5824536188017294,0.14480171371096257,1.0701208085555376,0.6480162544343329,0
2.7599999999999176,REACH,0.1932462787686834,0.13039973266504484,0.5524239062723357,0.5824536188017294,0.14480171371096257,1.0701208085555376,0.6478424601917269,0
2.7619999999999174,REACH,0.19344469983585963,0.1304304964767199,0.5524929571505478,0.5824536188017294,0.14480171371096257,1.0701208085555376,0.6476674018892217,0
2.763999999999917,REACH,0.19364450273488173,0.1304614563504337,0.5525625720796538,0.5824536188017294,0.14480171371096257,1.0701208085555376,0.6474910809129933,0
2.765999999999917,REACH,0.1938456848324532,0.13049261150143707,0.5526327519009919,0.5824536188017294,0.14480171371096257,1.0701208085555376,0.6473134986465292,0
2.7679999999999167,REACH,0.19404824349216307,0.1305239611429088,0.552703497463579,0.5824536188017294,0.14480171371096257,1.0701208085555376,0.6471346564706546,0
2.7699999999999165,REACH,0.19425217607447734,0.13055550448597286,0.552774809624044,0.5824536188017294,0.14480171371096257,1.0701208085555376,0.6469545557635614,0
2.7719999999999163,REACH,0.19445747993673101,0.13058724073971528,0.5528466892465651,0.5824536188017294,0.14480171371096257,1.0701208085555376,0.6467731979008333,0
2.773999999999916,REACH,0.19466415243312046,0.13061916911120156,0.5529191372028018,0.5824536188017294,0.14480171371096257,1.0701208085555376,0.6465905842554762,0
2.775999999999916,REACH,0.19487219091469465,0.13065128880549348,0.5529921543718361,0.5824536188017294,0.14480171371096257,1.0701208085555376,0.6464067161979401,0
2.7779999999999156,REACH,0.19508159272934736,0.13068359902566595,0.5530657416401028,0.5824536188017294,0.14480171371096257,1.0701208085555376,0.6462215950961513,0
2.7799999999999154,REACH,0.19529235522180888,0.13071609897282466,0.5531398999013287,0.5824536188017294,0.14480171371096257,1.0701208085555376,0.6460352223155355,0
2.781999999999915,REACH,0.19550447573363824,0.13074878784612223,0.5532146300564652,0.5824536188017294,0.14480171371096257,1.0701208085555376,0.6458475992190478,0
2.783999999999915,REACH,0.19571795160321448,0.1307816648427762,0.5532899330136273,0.5824536188017294,0.14480171371096257,1.0701208085555376,0.6456587271671965,0
2.7859999999999148,REACH,0.1959327801657283,0.130814729158085,0.5533658096880272,0.5824536188017294,0.14480171371096257,1.0701208085555376,0.6454686075180734,0
2.7879999999999145,REACH,0.19614895875317437,0.13084797998544562,0.5534422610019112,0.5824536188017294,0.14480171371096257,1.0701208085555376,0.6452772416273778,0
2.7899999999999143,REACH,0.19636648469434304,0.13088141651637025,0.5535192878844959,0.5824536188017294,0.14480171371096257,1.0701208085555376,0.6450846308484441,0
2.791999999999914,REACH,0.19658535531481142,0.130915037940503,0.5535968912719025,0.5824536188017294,0.14480171371096257,1.0701208085555376,0.6448907765322706,0
2.793999999999914,REACH,0.19680556793693557,0.1309488434456374,0.5536750721070968,0.5824536188017294,0.14480171371096257,1.0701208085555376,0.6446956800275421,0
2.7959999999999137,REACH,0.1970271198798427,0.13098283221773263,0.5537538313398198,0.5824536188017294,0.14480171371096257,1.0701208085555376,0.6444993426806614,0
2.7979999999999134,REACH,0.1972500084594214,0.1310170034409307,0.5538331699265306,0.5824536188017294,0.14480171371096257,1.0701208085555376,0.6443017658357716,0
2.7999999999999132,REACH,0.1974742309883149,0.13105135629757336,0.5539130888303366,0.5824536188017294,0.14480171371096257,1.0701208085555376,0.6441029508347862,0
2.801999999999913,REACH,0.19769978477591188,0.1310858899682187,0.5539935890209338,0.5824536188017294,0.14480171371096257,1.0701208085555376,0.6439028990174136,0
2.803999999999913,REACH,0.19792666712833856,0.13112060363165834,0.5540746714745414,0.5824536188017294,0.14480171371096257,1.0701208085555376,0.6437016117211846,0
2.8059999999999126,REACH,0.19815487534844958,0.13115549646493369,0.5541563371738398,0.5824536188017294,0.14480171371096257,1.0701208085555376,0.6434990902814786,0
2.8079999999999123,REACH,0.19838440673582108,0.13119056764335302,0.5542385871079057,0.5824536188017294,0.14480171371096257,1.0701208085555376,0.6432953360315501,0
2.809999999999912,REACH,0.19861525858674123,0.13122581634050842,0.5543214222721492,0.5824536188017294,0.14480171371096257,1.0701208085555376,0.643090350302556,0
2.811999999999912,REACH,0.19884742819420165,0.13126124172829207,0.5544048436682527,0.5824536188017294,0.14480171371096257,1.0701208085555376,0.64288413442358,0
2.8139999999999117,REACH,0.19908091284789062,0.13129684297691363,0.554488852304104,0.5824536188017294,0.14480171371096257,1.0701208085555376,0.642676689721661,0
2.8159999999999115,REACH,0.1993157098341836,0.13133261925491593,0.5545734491937355,0.5824536188017294,0.14480171371096257,1.0701208085555376,0.6424680175218191,0
2.8179999999999112,REACH,0.1995518164361345,0.13136856972919284,0.5546586353572613,0.5824536188017294,0.14480171371096257,1.0701208085555376,0.6422581191470808,0
2.819999999999911,REACH,0.1997892299334689,0.13140469356500517,0.5547444118208129,0.5824536188017294,0.14480171371096257,1.0701208085555376,0.6420469959185066,0
2.821999999999911,REACH,0.2000279476025745,0.13144098992599743,0.5548307796164776,0.5824536188017294,0.14480171371096257,1.0701208085555376,0.6418346491552163,0
2.8239999999999106,REACH,0.20026796671649305,0.13147745797421467,0.5549177397822347,0.5824536188017294,0.14480171371096257,1.0701208085555376,0.6416210801744159,0
2.8259999999999104,REACH,0.2005092845449128,0.13151409687011906,0.5550052933618933,0.5824536188017294,0.14480171371096257,1.0701208085555376,0.6414062902914233,0
2.82799999999991,REACH,0.20075189835415908,0.13155090577260625,0.5550934414050294,0.5824536188017294,0.14480171371096257,1.0701208085555376,0.6411902808196945,0
2.82999999999991,REACH,0.20099580540718742,0.13158788383902248,0.5551821849669226,0.5824536188017294,0.14480171371096257,1.0701208085555376,0.6409730530708503,0
2.8319999999999097,REACH,0.20124100296357417,0.1316250302251805,0.5552715251084954,0.5824536188017294,0.14480171371096257,1.0701208085555376,0.640754608354701,0
2.8339999999999095,REACH,0.2014874882795088,0.13166234408537658,0.5553614628962481,0.5824536188017294,0.14480171371096257,1.0701208085555376,0.640534947979274,0
2.8359999999999093,REACH,0.20173525860778585,0.1316998245724068,0.5554519994021988,0.5824536188017294,0.14480171371096257,1.0701208085555376,0.6403140732508386,0
2.837999999999909,REACH,0.20198431119779653,0.13173747083758391,0.5555431357038192,0.5824536188017294,0.14480171371096257,1.0701208085555376,0.6400919854739323,0
2.839999999999909,REACH,0.20223464329552082,0.13177528203075356,0.5556348728839728,0.5824536188017294,0.14480171371096257,1.0701208085555376,0.6398686859513876,0
2.8419999999999086,REACH,0.2024862521435188,0.13181325730031065,0.5557272120308551,0.5824536188017294,0.14480171371096257,1.0701208085555376,0.6396441759843549,0
2.8439999999999084,REACH,0.2027391349809235,0.13185139579321617,0.5558201542379253,0.5824536188017294,0.14480171371096257,1.0701208085555376,0.6394184568723333,0
2.845999999999908,REACH,0.2029932890434317,0.1318896966550132,0.5559137006038515,0.5824536188017294,0.14480171371096257,1.0701208085555376,0.6391915299131913,0
2.847999999999908,REACH,0.2032487115632975,0.13192815902984414,0.556007852232444,0.5824536188017294,0.14480171371096257,1.0701208085555376,0.6389633964031951,0
2.8499999999999077,REACH,0.2035053997693223,0.13196678206046594,0.5561026102325939,0.5824536188017294,0.14480171371096257,1.0701208085555376,0.638734057637035,0
2.8519999999999075,REACH,0.20376335088684885,0.13200556488826773,0.5561979757182126,0.5824536188017294,0.14480171371096257,1.0701208085555376,0.638503514907849,0
2.8539999999999073,REACH,0.2040225621377513,0.13204450665328638,0.5562939498081698,0.5824536188017294,0.14480171371096257,1.0701208085555376,0.6382717695072491,0
2.855999999999907,REACH,0.2042830307404292,0.1320836064942232,0.5563905336262299,0.5824536188017294,0.14480171371096257,1.0701208085555376,0.6380388227253481,0
2.857999999999907,REACH,0.20454475390979865,0.1321228635484601,0.5564877283009927,0.5824536188017294,0.14480171371096257,1.0701208085555376,0.6378046758507832,0
2.8599999999999066,REACH,0.20480772885728465,0.13216227695207633,0.5565855349658293,0.5824536188017294,0.14480171371096257,1.0701208085555376,0.6375693301707431,0
2.8619999999999064,REACH,0.2050719527908129,0.13220184583986427,0.556683954758823,0.5824536188017294,0.14480171371096257,1.0701208085555376,0.6373327869709928,0
2.863999999999906,REACH,0.20533742291480275,0.132241569345346,0.5567829888227069,0.5824536188017294,0.14480171371096257,1.0701208085555376,0.637095047535898,0
2.865999999999906,REACH,0.20560413643015946,0.13228144660078983,0.5568826383048006,0.5824536188017294,0.14480171371096257,1.0701208085555376,0.6368561131484527,0
2.8679999999999057,REACH,0.20587209053426575,0.13232147673722588,0.5569829043569515,0.5824536188017294,0.14480171371096257,1.0701208085555376,0.6366159850903027,0
2.8699999999999055,REACH,0.20614128242097515,0.1323616588844633,0.5570837881354727,0.5824536188017294,0.14480171371096257,1.0701208085555376,0.636374664641771,0
2.8719999999999053,REACH,0.20641170928060387,0.13240199217110554,0.5571852908010806,0.5824536188017294,0.14480171371096257,1.0701208085555376,0.6361321530818838,0
2.873999999999905,REACH,0.20668336829992315,0.13244247572456722,0.5572874135188358,0.5824536188017294,0.14480171371096257,1.0701208085555376,0.6358884516883951,0
2.875999999999905,REACH,0.2069562566621521,0.13248310867108992,0.557390157458079,0.5824536188017294,0.14480171371096257,1.0701208085555376,0.6356435617378132,0
2.8779999999999046,REACH,0.20723037154695076,0.13252389013575883,0.5574935237923739,0.5824536188017294,0.14480171371096257,1.0701208085555376,0.6353974845054222,0
2.8799999999999044,REACH,0.20750571013041122,0.1325648192425183,0.5575975136994433,0.5824536188017294,0.14480171371096257,1.0701208085555376,0.6351502212653114,0
2.881999999999904,REACH,0.2077822695850521,0.13260589511418866,0.557702128361108,0.5824536188017294,0.14480171371096257,1.0701208085555376,0.634901773290398,0
2.883999999999904,REACH,0.2080600470798098,0.13264711687248204,0.5578073689632282,0.5824536188017294,0.14480171371096257,1.0701208085555376,0.6346521418524521,0
2.8859999999999038,REACH,0.2083390397800322,0.1326884836380182,0.5579132366956415,0.5824536188017294,0.14480171371096257,1.0701208085555376,0.6344013282221218,0
2.8879999999999035,REACH,0.208619244847471,0.13272999453034107,0.5580197327521023,0.5824536188017294,0.14480171371096257,1.0701208085555376,0.6341493336689584,0
2.8899999999999033,REACH,0.20890065944027522,0.13277164866793484,0.5581268583302198,0.5824536188017294,0.14480171371096257,1.0701208085555376,0.6338961594614412,0
2.891999999999903,REACH,0.20918328071298287,0.13281344516823948,0.5582346146314002,0.5824536188017294,0.14480171371096257,1.0701208085555376,0.6336418068670021,0
2.893999999999903,REACH,0.2094671058165159,0.13285538314766782,0.5583430028607843,0.5824536188017294,0.14480171371096257,1.0701208085555376,0.6333862771520496,0
2.8959999999999027,REACH,0.20975213189817124,0.1328974617216202,0.5584520242271876,0.5824536188017294,0.14480171371096257,1.0701208085555376,0.6331295715819949,0
2.8979999999999024,REACH,0.2100383561016154,0.13293968000450182,0.55856167994304,0.5824536188017294,0.14480171371096257,1.0701208085555376,0.6328716914212754,0
2.899999999999902,REACH,0.21032577556687693,0.13298203710973794,0.5586719712243251,0.5824536188017294,0.14480171371096257,1.0701208085555376,0.6326126379333799,0
2.901999999999902,REACH,0.21061438743034028,0.13302453214978996,0.5587828992905204,0.5824536188017294,0.14480171371096257,1.0701208085555376,0.6323524123808727,0
2.9039999999999018,REACH,0.21090418882473813,0.13306716423617185,0.5588944653645371,0.5824536188017294,0.14480171371096257,1.0701208085555376,0.6320910160254186,0
2.9059999999999016,REACH,0.2111951768791459,0.13310993247946554,0.5590066706726602,0.5824536188017294,0.14480171371096257,1.0701208085555376,0.6318284501278069,0
2.9079999999999013,REACH,0.21148734871897418,0.13315283598933705,0.5591195164444875,0.5824536188017294,0.14480171371096257,1.0701208085555376,0.6315647159479761,0
2.909999999999901,REACH,0.21178070146596348,0.13319587387455262,0.5592330039128713,0.5824536188017294,0.14480171371096257,1.0701208085555376,0.6312998147450378,0
2.911999999999901,REACH,0.21207523223817648,0.13323904524299432,0.5593471343138576,0.5824536188017294,0.14480171371096257,1.0701208085555376,0.6310337477773011,0
2.9139999999999007,REACH,0.2123709381499927,0.1332823492016761,0.5594619088866255,0.5824536188017294,0.14480171371096257,1.0701208085555376,0.630766516302298,0
2.9159999999999004,REACH,0.21266781631210185,0.1333257848567596,0.5595773288734284,0.5824536188017294,0.14480171371096257,1.0701208085555376,0.630498121576806,0
2.9179999999999002,REACH,0.2129658638314971,0.13336935131356994,0.5596933955195355,0.5824536188017294,0.14480171371096257,1.0701208085555376,0.6302285648568726,0
2.9199999999999,REACH,0.21326507781147058,0.1334130476766117,0.5598101100731696,0.5824536188017294,0.14480171371096257,1.0701208085555376,0.62995784739784,0
2.9219999999999,REACH,0.2135654553516059,0.13345687304958473,0.5599274737854492,0.5824536188017294,0.14480171371096257,1.0701208085555376,0.6296859704543691,0
2.9239999999998996,REACH,0.21386699354777192,0.13350082653539974,0.5600454879103288,0.5824536188017294,0.14480171371096257,1.0701208085555376,0.6294129352804633,0
2.9259999999998993,REACH,0.21416968949211845,0.13354490723619425,0.5601641537045405,0.5824536188017294,0.14480171371096257,1.0701208085555376,0.6291387431294911,0
2.927999999999899,REACH,0.21447354027306903,0.1335891142533486,0.5602834724275315,0.5824536188017294,0.14480171371096257,1.0701208085555376,0.6288633952542136,0
2.929999999999899,REACH,0.2147785429753162,0.133633446687501,0.5604034453414085,0.5824536188017294,0.14480171371096257,1.0701208085555376,0.6285868929068045,0
2.9319999999998987,REACH,0.21508469467981495,0.1336779036385639,0.560524073710877,0.5824536188017294,0.14480171371096257,1.0701208085555376,0.6283092373388752,0
2.9339999999998985,REACH,0.21539199246377774,0.13372248420573973,0.5606453588031818,0.5824536188017294,0.14480171371096257,1.0701208085555376,0.6280304298014999,0
2.9359999999998982,REACH,0.21570043340066913,0.13376718748753608,0.5607673018880478,0.5824536188017294,0.14480171371096257,1.0701208085555376,0.6277504715452379,0
2.937999999999898,REACH,0.2160100145601997,0.1338120125817817,0.5608899042376227,0.5824536188017294,0.14480171371096257,1.0701208085555376,0.6274693638201573,0
2.939999999999898,REACH,0.21632073300832155,0.13385695858564212,0.5610131671264175,0.5824536188017294,0.14480171371096257,1.0701208085555376,0.6271871078758582,0
2.9419999999998976,REACH,0.2166325858072229,0.13390202459563574,0.5611370918312442,0.5824536188017294,0.14480171371096257,1.0701208085555376,0.6269037049614992,0
2.9439999999998974,REACH,0.21694557001532233,0.13394720970764834,0.5612616796311626,0.5824536188017294,0.14480171371096257,1.0701208085555376,0.6266191563258167,0
2.945999999999897,REACH,0.2172596826872646,0.13399251301694995,0.5613869318074195,0.5824536188017294,0.14480171371096257,1.0701208085555376,0.6263334632171498,0
2.947999999999897,REACH,0.217574920873915,0.1340379336182096,0.5615128496433874,0.5824536188017294,0.14480171371096257,1.0701208085555376,0.626046626883466,0
2.9499999999998967,REACH,0.21789128162235538,0.1340834706055113,0.5616394344245101,0.5824536188017294,0.14480171371096257,1.0701208085555376,0.6257586485723814,0
2.9519999999998965,REACH,0.21820876197587796,0.13412912307236957,0.5617666874382414,0.5824536188017294,0.14480171371096257,1.0701208085555376,0.6254695295311856,0
2.9539999999998963,REACH,0.21852735897398234,0.13417489011174455,0.5618946099739867,0.5824536188017294,0.14480171371096257,1.0701208085555376,0.6251792710068655,0
2.955999999999896,REACH,0.21884706965236952,0.1342207708160583,0.5620232033230482,0.5824536188017294,0.14480171371096257,1.0701208085555376,0.6248878742461256,0
2.957999999999896,REACH,0.21916789104293857,0.13426676427720963,0.5621524687785612,0.5824536188017294,0.14480171371096257,1.0701208085555376,0.6245953404954153,0
2.9599999999998956,REACH,0.21948982017378132,0.13431286958658992,0.5622824076354396,0.5824536188017294,0.14480171371096257,1.0701208085555376,0.6243016710009491,0
2.9619999999998954,REACH,0.21981285406917794,0.13435908583509862,0.5624130211903189,0.5824536188017294,0.14480171371096257,1.0701208085555376,0.624006867008729,0
2.963999999999895,REACH,0.22013698974959423,0.13440541211315846,0.5625443107414934,0.5824536188017294,0.14480171371096257,1.0701208085555376,0.6237109297645709,0
2.965999999999895,REACH,0.22046222423167602,0.13445184751073094,0.5626762775888623,0.5824536188017294,0.14480171371096257,1.0701208085555376,0.6234138605141242,0
2.9679999999998947,REACH,0.22078855452824533,0.13449839111733217,0.5628089230338709,0.5824536188017294,0.14480171371096257,1.0701208085555376,0.6231156605028961,0
2.9699999999998945,REACH,0.2211159776482977,0.1345450420220477,0.5629422483794516,0.5824536188017294,0.14480171371096257,1.0701208085555376,0.6228163309762743,0
2.9719999999998943,REACH,0.22144449059699672,0.1345917993135484,0.5630762549299677,0.5824536188017294,0.14480171371096257,1.0701208085555376,0.6225158731795496,0
2.973999999999894,REACH,0.22177409037567183,0.13463866208010514,0.5632109439911548,0.5824536188017294,0.14480171371096257,1.0701208085555376,0.6222142883579383,0
2.975999999999894,REACH,0.22210477398181327,0.13468562940960507,0.5633463168700628,0.5824536188017294,0.14480171371096257,1.0701208085555376,0.6219115777566064,0
2.9779999999998936,REACH,0.22243653840907046,0.13473270038956625,0.5634823748749995,0.5824536188017294,0.14480171371096257,1.0701208085555376,0.6216077426206897,0
2.9799999999998934,REACH,0.22276938064724655,0.13477987410715322,0.5636191193154733,0.5824536188017294,0.14480171371096257,1.0701208085555376,0.621302784195318,0
2.981999999999893,REACH,0.22310329768229706,0.13482714964919212,0.5637565515021333,0.5824536188017294,0.14480171371096257,1.0701208085555376,0.6209967037256378,0
2.983999999999893,REACH,0.22343828649632497,0.13487452610218625,0.5638946727467161,0.5824536188017294,0.14480171371096257,1.0701208085555376,0.6206895024568333,0
2.9859999999998927,REACH,0.2237743440675793,0.1349220025523314,0.564033484361985,0.5824536188017294,0.14480171371096257,1.0701208085555376,0.6203811816341499,0
2.9879999999998925,REACH,0.22411146737045112,0.13496957808553048,0.5641729876616746,0.5824536188017294,0.14480171371096257,1.0701208085555376,0.620071742502916,0
2.9899999999998923,REACH,0.22444965337547096,0.1350172517874092,0.5643131839604336,0.5824536188017294,0.14480171371096257,1.0701208085555376,0.6197611863085657,0
2.991999999999892,REACH,0.22478889904930638,0.13506502274333151,0.5644540745737663,0.5824536188017294,0.14480171371096257,1.0701208085555376,0.6194495142966615,0
2.993999999999892,REACH,0.2251292013547586,0.13511289003841423,0.5645956608179782,0.5824536188017294,0.14480171371096257,1.0701208085555376,0.6191367277129148,0
2.9959999999998916,REACH,0.22547055725076148,0.13516085275754258,0.564737944010118,0.5824536188017294,0.14480171371096257,1.0701208085555376,0.6188228278032083,0
2.9979999999998914,REACH,0.22581296369237733,0.13520890998538543,0.5648809254679196,0.5824536188017294,0.14480171371096257,1.0701208085555376,0.6185078158136202,0
2.999999999999891,REACH,0.226156417630796,0.13525706080640984,0.5650246065097472,0.5824536188017294,0.14480171371096257,1.0701208085555376,0.6181916929904436,0
3.001999999999891,REACH,0.22650091601333197,0.1353053043048968,0.5651689884545379,0.5824536188017294,0.14480171371096257,1.0701208085555376,0.6178744605802097,0
3.0039999999998908,REACH,0.22684645578342305,0.13535363956495614,0.5653140726217453,0.5824536188017294,0.14480171371096257,1.0701208085555376,0.6175561198297094,0
3.0059999999998905,REACH,0.2271930338806278,0.13540206567054147,0.5654598603312824,0.5824536188017294,0.14480171371096257,1.0701208085555376,0.617236671986015,0
3.0079999999998903,REACH,0.2275406472406237,0.13545058170546528,0.5656063529034673,0.5824536188017294,0.14480171371096257,1.0701208085555376,0.6169161182965017,0
3.00999999999989,REACH,0.2278892927952059,0.1354991867534143,0.5657535516589638,0.5824536188017294,0.14480171371096257,1.0701208085555376,0.6165944600088705,0
3.01199999999989,REACH,0.22823896747228598,0.13554787989796382,0.5659014579187275,0.5824536188017294,0.14480171371096257,1.0701208085555376,0.6162716983711682,0
3.0139999999998897,REACH,0.22858966819588933,0.13559666022259362,0.5660500730039494,0.5824536188017294,0.14480171371096257,1.0701208085555376,0.6159478346318098,0
3.0159999999998894,REACH,0.2289413918861548,0.13564552681070205,0.5661993982359986,0.5824536188017294,0.14480171371096257,1.0701208085555376,0.6156228700396001,0
3.017999999999889,REACH,0.22929413545933378,0.13569447874562138,0.5663494349363668,0.5824536188017294,0.14480171371096257,1.0701208085555376,0.6152968058437553,0
3.019999999999889,REACH,0.2296478958277874,0.13574351511063323,0.5665001844266139,0.5824536188017294,0.14480171371096257,1.0701208085555376,0.6149696432939236,0
3.0219999999998888,REACH,0.230002669899988,0.13579263498898256,0.5666516480283099,0.5824536188017294,0.14480171371096257,1.0701208085555376,0.614641383640207,0
3.0239999999998886,REACH,0.2303584545805165,0.135841837463893,0.5668038270629809,0.5824536188017294,0.14480171371096257,1.0701208085555376,0.6143120281331828,0
3.0259999999998883,REACH,0.23071524677006225,0.13589112161858216,0.5669567228520523,0.5824536188017294,0.14480171371096257,1.0701208085555376,0.6139815780239245,0
3.027999999999888,REACH,0.23107304336542298,0.13594048653627586,0.5671103367167938,0.5824536188017294,0.14480171371096257,1.0701208085555376,0.6136500345640232,0
3.029999999999888,REACH,0.2314318412595033,0.1359899313002232,0.5672646699782633,0.5824536188017294,0.14480171371096257,1.0701208085555376,0.6133173990056088,0
3.0319999999998877,REACH,0.23179163734131528,0.1360394549937115,0.5674197239572527,0.5824536188017294,0.14480171371096257,1.0701208085555376,0.6129836726013702,0
3.0339999999998875,REACH,0.232152428495978,0.13608905670008103,0.5675754999742316,0.5824536188017294,0.14480171371096257,1.0701208085555376,0.612648856604577,0
3.0359999999998872,REACH,0.23251421160471755,0.1361387355027397,0.5677319993492908,0.5824536188017294,0.14480171371096257,1.0701208085555376,0.6123129522691014,0
3.037999999999887,REACH,0.23287698354486638,0.1361884904851778,0.5678892234020907,0.5824536188017294,0.14480171371096257,1.0701208085555376,0.6119759608494365,0
3.039999999999887,REACH,0.23324074118986485,0.13623832073098324,0.5680471734518029,0.5824536188017294,0.14480171371096257,1.0701208085555376,0.6116378836007191,0
3.0419999999998866,REACH,0.23360548140926068,0.13628822532385546,0.5682058508170563,0.5824536188017294,0.14480171371096257,1.0701208085555376,0.61129872177875,0
3.0439999999998864,REACH,0.23397120106870917,0.136338203347621,0.568365256815882,0.5824536188017294,0.14480171371096257,1.0701208085555376,0.610958476640015,0
3.045999999999886,REACH,0.2343378970299747,0.13638825388624715,0.568525392765659,0.5824536188017294,0.14480171371096257,1.0701208085555376,0.6106171494417045,0
3.047999999999886,REACH,0.2347055661509305,0.136438376023858,0.5686862599830593,0.5824536188017294,0.14480171371096257,1.0701208085555376,0.6102747414417349,0
3.0499999999998857,REACH,0.23507420528556067,0.1364885688447477,0.5688478597839921,0.5824536188017294,0.14480171371096257,1.0701208085555376,0.6099312538987689,0
3.0519999999998855,REACH,0.23544381128395964,0.13653883143339604,0.5690101934835516,0.5824536188017294,0.14480171371096257,1.0701208085555376,0.6095866880722353,0
3.0539999999998853,REACH,0.23581438099233493,0.1365891628744824,0.5691732623959586,0.5824536188017294,0.14480171371096257,1.0701208085555376,0.6092410452223515,0
3.055999999999885,REACH,0.23618591125300697,0.1366395622529009,0.5693370678345108,0.5824536188017294,0.14480171371096257,1.0701208085555376,0.6088943266101405,0
3.057999999999885,REACH,0.23655839890441177,0.1366900286537747,0.569501611111525,0.5824536188017294,0.14480171371096257,1.0701208085555376,0.6085465334974541,0
3.0599999999998846,REACH,0.23693184078110155,0.13674056116247044,0.5696668935382837,0.5824536188017294,0.14480171371096257,1.0701208085555376,0.6081976671469916,0
3.0619999999998844,REACH,0.23730623371374676,0.1367911588646129,0.5698329164249823,0.5824536188017294,0.14480171371096257,1.0701208085555376,0.60784772882232,0
3.063999999999884,REACH,0.2376815745291382,0.13684182084609955,0.5699996810806726,0.5824536188017294,0.14480171371096257,1.0701208085555376,0.6074967197878948,0
3.065999999999884,REACH,0.23805786005018853,0.1368925461931149,0.5701671888132108,0.5824536188017294,0.14480171371096257,1.0701208085555376,0.6071446413090789,0
3.0679999999998837,REACH,0.23843508709593417,0.13694333399214495,0.5703354409292029,0.5824536188017294,0.14480171371096257,1.0701208085555376,0.6067914946521638,0
3.0699999999998835,REACH,0.23881325248153834,0.13699418332999178,0.5705044387339505,0.5824536188017294,0.14480171371096257,1.0701208085555376,0.6064372810843887,0
3.0719999999998833,REACH,0.23919235301829309,0.13704509329378792,0.5706741835313979,0.5824536188017294,0.14480171371096257,1.0701208085555376,0.6060820018739598,0
3.073999999999883,REACH,0.23957238551362128,0.1370960629710106,0.5708446766240785,0.5824536188017294,0.14480171371096257,1.0701208085555376,0.6057256582900711,0
3.075999999999883,REACH,0.23995334677108,0.137147091449496,0.5710159193130585,0.5824536188017294,0.14480171371096257,1.0701208085555376,0.6053682516029246,0
3.0779999999998826,REACH,0.24033523359036313,0.13719817781745453,0.5711879128978891,0.5824536188017294,0.14480171371096257,1.0701208085555376,0.6050097830837471,0
3.0799999999998824,REACH,0.24071804276730427,0.1372493211634836,0.5713606586765462,0.5824536188017294,0.14480171371096257,1.0701208085555376,0.6046502540048135,0
3.081999999999882,REACH,0.24110177109387954,0.13730052057658343,0.5715341579453834,0.5824536188017294,0.14480171371096257,1.0701208085555376,0.6042896656394633,0
3.083999999999882,REACH,0.2414864153582114,0.13735177514617022,0.5717084119990744,0.5824536188017294,0.14480171371096257,1.0701208085555376,0.6039280192621218,0
3.0859999999998817,REACH,0.24187197234457156,0.13740308396209125,0.571883422130562,0.5824536188017294,0.14480171371096257,1.0701208085555376,0.6035653161483187,0
3.0879999999998815,REACH,0.24225843883338477,0.13745444611463842,0.572059189631005,0.5824536188017294,0.14480171371096257,1.0701208085555376,0.6032015575747072,0
3.0899999999998813,REACH,0.24264581160123272,0.13750586069456314,0.5722357157897242,0.5824536188017294,0.14480171371096257,1.0701208085555376,0.602836744819084,0
3.091999999999881,REACH,0.24303408742085686,0.13755732679308974,0.5724130018941508,0.5824536188017294,0.14480171371096257,1.0701208085555376,0.6024708791604083,0
3.093999999999881,REACH,0.24342326306116369,0.13760884350193064,0.5725910492297722,0.5824536188017294,0.14480171371096257,1.0701208085555376,0.6021039618788209,0
3.0959999999998806,REACH,0.24381333528722804,0.13766040991329936,0.5727698590800824,0.5824536188017294,0.14480171371096257,1.0701208085555376,0.6017359942556613,0
3.0979999999998804,REACH,0.24420430086029773,0.1377120251199257,0.5729494327265244,0.5824536188017294,0.14480171371096257,1.0701208085555376,0.6013669775734909,0
3.09999999999988,REACH,0.24459615653779762,0.13776368821506893,0.573129771448443,0.5824536188017294,0.14480171371096257,1.0701208085555376,0.6009969131161078,0
3.10199999999988,REACH,0.2449888990733347,0.1378153982925329,0.573310876523029,0.5824536188017294,0.14480171371096257,1.0701208085555376,0.6006258021685678,0
3.1039999999998797,REACH,0.24538252521670215,0.13786715444667896,0.573492749225268,0.5824536188017294,0.14480171371096257,1.0701208085555376,0.6002536460172031,0
3.1059999999998795,REACH,0.24577703171388493,0.13791895577244087,0.573675390827889,0.5824536188017294,0.14480171371096257,1.0701208085555376,0.5998804459496397,0
3.1079999999998793,REACH,0.2461724153070639,0.13797080136533837,0.5738588026013111,0.5824536188017294,0.14480171371096257,1.0701208085555376,0.5995062032548178,0
3.109999999999879,REACH,0.24656867273462238,0.1380226903214914,0.5740429858135913,0.5824536188017294,0.14480171371096257,1.0701208085555376,0.5991309192230095,0
3.111999999999879,REACH,0.24696580073114974,0.13807462173763374,0.5742279417303744,0.5824536188017294,0.14480171371096257,1.0701208085555376,0.5987545951458368,0
3.1139999999998786,REACH,0.24736379602744812,0.13812659471112745,0.5744136716148398,0.5824536188017294,0.14480171371096257,1.0701208085555376,0.5983772323162914,0
3.1159999999998784,REACH,0.24776265535053793,0.1381786083399763,0.5746001767276501,0.5824536188017294,0.14480171371096257,1.0701208085555376,0.5979988320287514,0
3.117999999999878,REACH,0.248162375423663,0.13823066172283982,0.5747874583268987,0.5824536188017294,0.14480171371096257,1.0701208085555376,0.597619395579002,0
3.119999999999878,REACH,0.24856295296629688,0.13828275395904757,0.5749755176680604,0.5824536188017294,0.14480171371096257,1.0701208085555376,0.5972389242642512,0
3.1219999999998778,REACH,0.2489643846941496,0.1383348841486122,0.5751643560039379,0.5824536188017294,0.14480171371096257,1.0701208085555376,0.5968574193831493,0
3.1239999999998775,REACH,0.24936666731917242,0.13838705139224383,0.5753539745846118,0.5824536188017294,0.14480171371096257,1.0701208085555376,0.5964748822358072,0
3.1259999999998773,REACH,0.24976979754956558,0.13843925479136404,0.5755443746573884,0.5824536188017294,0.14480171371096257,1.0701208085555376,0.5960913141238141,0
3.127999999999877,REACH,0.25017377208978436,0.1384914934481189,0.5757355574667491,0.5824536188017294,0.14480171371096257,1.0701208085555376,0.5957067163502555,0
3.129999999999877,REACH,0.25057858764054525,0.13854376646539326,0.5759275242543006,0.5824536188017294,0.14480171371096257,1.0701208085555376,0.5953210902197306,0
3.1319999999998767,REACH,0.2509842408988343,0.13859607294682452,0.5761202762587204,0.5824536188017294,0.14480171371096257,1.0701208085555376,0.5949344370383719,0
3.1339999999998764,REACH,0.2513907285579121,0.138648411996816,0.576313814715711,0.5824536188017294,0.14480171371096257,1.0701208085555376,0.5945467581138608,0
3.135999999999876,REACH,0.2517980473073231,0.13870078272055064,0.5765081408579448,0.5824536188017294,0.14480171371096257,1.0701208085555376,0.5941580547554467,0
3.137999999999876,REACH,0.2522061938329008,0.13875318422400512,0.5767032559150159,0.5824536188017294,0.14480171371096257,1.0701208085555376,0.5937683282739646,0
3.139999999999876,REACH,0.25261516481677737,0.13880561561396293,0.5768991611133893,0.5824536188017294,0.14480171371096257,1.0701208085555376,0.5933775799818518,0
3.1419999999998756,REACH,0.2530249569373895,0.13885807599802807,0.5770958576763493,0.5824536188017294,0.14480171371096257,1.0701208085555376,0.592985811193167,0
3.1439999999998753,REACH,0.25343556686948715,0.13891056448463904,0.5772933468239515,0.5824536188017294,0.14480171371096257,1.0701208085555376,0.5925930232236053,0
3.145999999999875,REACH,0.2538469912841419,0.13896308018308173,0.5774916297729696,0.5824536188017294,0.14480171371096257,1.0701208085555376,0.5921992173905186,0
3.147999999999875,REACH,0.2542592268487536,0.13901562220350355,0.5776907077368487,0.5824536188017294,0.14480171371096257,1.0701208085555376,0.5918043950129301,0
3.1499999999998747,REACH,0.25467227022706024,0.1390681896569264,0.5778905819256515,0.5824536188017294,0.14480171371096257,1.0701208085555376,0.5914085574115546,0
3.1519999999998745,REACH,0.2550861180791456,0.13912078165526062,0.5780912535460121,0.5824536188017294,0.14480171371096257,1.0701208085555376,0.591011705908812,0
3.1539999999998742,REACH,0.2555007670614476,0.1391733973113182,0.5782927238010843,0.5824536188017294,0.14480171371096257,1.0701208085555376,0.5906138418288475,0
3.155999999999874,REACH,0.2559162138267682,0.13922603573882597,0.5784949938904921,0.5824536188017294,0.14480171371096257,1.0701208085555376,0.590214966497547,0
3.157999999999874,REACH,0.2563324550242807,0.13927869605243928,0.5786980650102798,0.5824536188017294,0.14480171371096257,1.0701208085555376,0.5898150812425553,0
3.1599999999998736,REACH,0.2567494872995403,0.1393313773677556,0.5789019383528637,0.5824536188017294,0.14480171371096257,1.0701208085555376,0.5894141873932918,0
3.1619999999998734,REACH,0.2571673072944929,0.139384078801327,0.5791066151069821,0.5824536188017294,0.14480171371096257,1.0701208085555376,0.5890122862809676,0
3.163999999999873,REACH,0.2575859116474837,0.1394367994706746,0.5793120964576456,0.5824536188017294,0.14480171371096257,1.0701208085555376,0.5886093792386032,0
3.165999999999873,REACH,0.25800529699326774,0.13948953849430074,0.5795183835860893,0.5824536188017294,0.14480171371096257,1.0701208085555376,0.588205467601044,0
3.1679999999998727,REACH,0.2584254599630195,0.13954229499170306,0.5797254776697227,0.5824536188017294,0.14480171371096257,1.0701208085555376,0.5878005527049771,0
3.1699999999998725,REACH,0.2588463971843428,0.1395950680833873,0.5799333798820796,0.5824536188017294,0.14480171371096257,1.0701208085555376,0.5873946358889498,0
3.1719999999998723,REACH,0.25926810528128025,0.13964785689088072,0.5801420913927731,0.5824536188017294,0.14480171371096257,1.0701208085555376,0.5869877184933827,0
3.173999999999872,REACH,0.25969058087432373,0.13970066053674512,0.5803516133674427,0.5824536188017294,0.14480171371096257,1.0701208085555376,0.5865798018605894,0
3.175999999999872,REACH,0.26011382058042576,0.13975347814458997,0.5805619469677085,0.5824536188017294,0.14480171371096257,1.0701208085555376,0.5861708873347904,0
3.1779999999998716,REACH,0.26053782101300865,0.13980630883908546,0.5807730933511213,0.5824536188017294,0.14480171371096257,1.0701208085555376,0.5857609762621313,0
3.1799999999998714,REACH,0.2609625787819757,0.13985915174597602,0.5809850536711161,0.5824536188017294,0.14480171371096257,1.0701208085555376,0.5853500699906967,0
3.181999999999871,REACH,0.2613880904937228,0.13991200599209277,0.58119782907696,0.5824536188017294,0.14480171371096257,1.0701208085555376,0.5849381698705299,0
3.183999999999871,REACH,0.26181435275114817,0.13996487070536723,0.5814114207137099,0.5824536188017294,0.14480171371096257,1.0701208085555376,0.5845252772536447,0
3.1859999999998707,REACH,0.2622413621536646,0.14001774501484346,0.5816258297221579,0.5824536188017294,0.14480171371096257,1.0701208085555376,0.5841113934940455,0
3.1879999999998705,REACH,0.2626691152972105,0.14007062805069176,0.5818410572387898,0.5824536188017294,0.14480171371096257,1.0701208085555376,0.5836965199477393,0
3.1899999999998703,REACH,0.2630976087742612,0.1401235189442214,0.5820571043957314,0.5824536188017294,0.14480171371096257,1.0701208085555376,0.5832806579727556,0
3.19199999999987,REACH,0.26352683917384084,0.1401764168278936,0.5822739723207059,0.5824536188017294,0.14480171371096257,1.0701208085555376,0.5828638089291589,0
3.19399999999987,REACH,0.26395680308153446,0.1402293208353341,0.582491662136983,0.5824536188017294,0.14480171371096257,1.0701208085555376,0.5824459741790659,0
3.1959999999998696,REACH,0.2643874970794997,0.14028223010134627,0.5827101749633328,0.5824536188017294,0.14480171371096257,1.0701208085555376,0.5820271550866613,0
3.1979999999998694,REACH,0.26481891774647903,0.14033514376192402,0.5829295119139783,0.5824536188017294,0.14480171371096257,1.0701208085555376,0.5816073530182125,0
3.199999999999869,REACH,0.26525106165781204,0.14038806095426437,0.5831496740985485,0.5824536188017294,0.14480171371096257,1.0701208085555376,0.5811865693420865,0
3.201999999999869,REACH,0.26568392538544827,0.1404409808167805,0.5833706626220303,0.5824536188017294,0.14480171371096257,1.0701208085555376,0.5807648054287637,0
3.2039999999998687,REACH,0.26611750549796015,0.1404939024891141,0.5835924785847224,0.5824536188017294,0.14480171371096257,1.0701208085555376,0.5803420626508548,0
3.2059999999998685,REACH,0.2665517985605545,0.1405468251121484,0.5838151230821895,0.5824536188017294,0.14480171371096257,1.0701208085555376,0.5799183423831141,0
3.2079999999998683,REACH,0.2669868011350869,0.14059974782802098,0.5840385972052129,0.5824536188017294,0.14480171371096257,1.0701208085555376,0.5794936460024577,0
3.209999999999868,REACH,0.26742250978007487,0.14065266978013577,0.5842629020397452,0.5824536188017294,0.14480171371096257,1.0701208085555376,0.5790679748879763,0
3.211999999999868,REACH,0.26785892105071024,0.14070559011317643,0.584488038666865,0.5824536188017294,0.14480171371096257,1.0701208085555376,0.5786413304209507,0
3.2139999999998676,REACH,0.2682960314988735,0.14075850797311842,0.5847140081627297,0.5824536188017294,0.14480171371096257,1.0701208085555376,0.5782137139848668,0
3.2159999999998674,REACH,0.2687338376731471,0.14081142250724166,0.584940811598528,0.5824536188017294,0.14480171371096257,1.0701208085555376,0.5777851269654316,0
3.217999999999867,REACH,0.2691723361188296,0.14086433286414357,0.5851684500404353,0.5824536188017294,0.14480171371096257,1.0701208085555376,0.5773555707505872,0
3.219999999999867,REACH,0.2696115233779493,0.14091723819375052,0.5853969245495674,0.5824536188017294,0.14480171371096257,1.0701208085555376,0.5769250467305251,0
3.2219999999998667,REACH,0.2700513959892789,0.1409701376473314,0.5856262361819345,0.5824536188017294,0.14480171371096257,1.0701208085555376,0.576493556297702,0
3.2239999999998665,REACH,0.27049195048834945,0.14102303037750907,0.5858563859883954,0.5824536188017294,0.14480171371096257,1.0701208085555376,0.5760611008468541,0
3.2259999999998663,REACH,0.2709331834074647,0.14107591553827378,0.5860873750146116,0.5824536188017294,0.14480171371096257,1.0701208085555376,0.5756276817750114,0
3.227999999999866,REACH,0.2713750912757168,0.14112879228499453,0.5863192043010022,0.5824536188017294,0.14480171371096257,1.0701208085555376,0.5751933004815126,0
3.229999999999866,REACH,0.27181767061899975,0.14118165977443234,0.5865518748826992,0.5824536188017294,0.14480171371096257,1.0701208085555376,0.5747579583680185,0
3.2319999999998656,REACH,0.2722609179600258,0.14123451716475163,0.5867853877895002,0.5824536188017294,0.14480171371096257,1.0701208085555376,0.5743216568385284,0
3.2339999999998654,REACH,0.2727048298183392,0.14128736361553318,0.5870197440458255,0.5824536188017294,0.14480171371096257,1.0701208085555376,0.5738843972993926,0
3.235999999999865,REACH,0.27314940271033283,0.1413401982877863,0.5872549446706717,0.5824536188017294,0.14480171371096257,1.0701208085555376,0.5734461811593273,0
3.237999999999865,REACH,0.2735946331492633,0.14139302034396065,0.5874909906775682,0.5824536188017294,0.14480171371096257,1.0701208085555376,0.5730070098294282,0
3.2399999999998648,REACH,0.2740405176452658,0.1414458289479587,0.5877278830745307,0.5824536188017294,0.14480171371096257,1.0701208085555376,0.5725668847231857,0
3.2419999999998645,REACH,0.27448705270537194,0.14149862326514798,0.5879656228640165,0.5824536188017294,0.14480171371096257,1.0701208085555376,0.5721258072564989,0
3.2439999999998643,REACH,0.27493423483352325,0.14155140246237283,0.5882042110428836,0.5824536188017294,0.14480171371096257,1.0701208085555376,0.5716837788476871,0
3.245999999999864,REACH,0.2753820605305893,0.1416041657079668,0.5884436486023411,0.5824536188017294,0.14480171371096257,1.0701208085555376,0.5712408009175071,0
3.247999999999864,REACH,0.2758305262943838,0.14165691217176468,0.5886839365279091,0.5824536188017294,0.14480171371096257,1.0701208085555376,0.5707968748891643,0
3.2499999999998637,REACH,0.27627962861967953,0.1417096410251142,0.5889250757993727,0.5824536188017294,0.14480171371096257,1.0701208085555376,0.5703520021883284,0
3.2519999999998634,REACH,0.27672936399822734,0.1417623514408885,0.5891670673907389,0.5824536188017294,0.14480171371096257,1.0701208085555376,0.5699061842431451,0
3.2539999999998632,REACH,0.2771797289187719,0.14181504259349742,0.5894099122701908,0.5824536188017294,0.14480171371096257,1.0701208085555376,0.5694594224842516,0
3.255999999999863,REACH,0.27763071986706767,0.14186771365890022,0.5896536114000475,0.5824536188017294,0.14480171371096257,1.0701208085555376,0.5690117183447887,0
3.257999999999863,REACH,0.2780823333258983,0.14192036381461653,0.5898981657367172,0.5824536188017294,0.14480171371096257,1.0701208085555376,0.5685630732604144,0
3.2599999999998626,REACH,0.278534565775092,0.14197299223973905,0.5901435762306554,0.5824536188017294,0.14480171371096257,1.0701208085555376,0.5681134886693184,0
3.2619999999998623,REACH,0.2789874136915406,0.1420255981149451,0.590389843826321,0.5824536188017294,0.14480171371096257,1.0701208085555376,0.5676629660122338,0
3.263999999999862,REACH,0.27944087354921626,0.14207818062250777,0.5906369694621334,0.5824536188017294,0.14480171371096257,1.0701208085555376,0.5672115067324516,0
3.265999999999862,REACH,0.2798949418191895,0.14213073894630865,0.5908849540704303,0.5824536188017294,0.14480171371096257,1.0701208085555376,0.5667591122758321,0
3.2679999999998617,REACH,0.2803496149696472,0.14218327227184885,0.5911337985774231,0.5824536188017294,0.14480171371096257,1.0701208085555376,0.5663057840908206,0
3.2699999999998615,REACH,0.2808048894659117,0.14223577978626084,0.5913835039031548,0.5824536188017294,0.14480171371096257,1.0701208085555376,0.5658515236284584,0
3.2719999999998612,REACH,0.28126076177045733,0.14228826067832015,0.5916340709614587,0.5824536188017294,0.14480171371096257,1.0701208085555376,0.5653963323423955,0
3.273999999999861,REACH,0.2817172283429311,0.14234071413845706,0.5918855006599139,0.5824536188017294,0.14480171371096257,1.0701208085555376,0.564940211688905,0
3.275999999999861,REACH,0.2821742856401692,0.14239313935876793,0.5921377938998046,0.5824536188017294,0.14480171371096257,1.0701208085555376,0.5644831631268944,0
3.2779999999998606,REACH,0.2826319301162179,0.14244553553302677,0.5923909515760768,0.5824536188017294,0.14480171371096257,1.0701208085555376,0.5640251881179191,0
3.2799999999998604,REACH,0.283090158222351,0.1424979018566969,0.5926449745772966,0.5824536188017294,0.14480171371096257,1.0701208085555376,0.5635662881261952,0
3.28199999999986,REACH,0.28354896640709015,0.14255023752694213,0.5928998637856087,0.5824536188017294,0.14480171371096257,1.0701208085555376,0.5631064646186109,0
3.28399999999986,REACH,0.2840083511162233,0.14260254174263864,0.5931556200766944,0.5824536188017294,0.14480171371096257,1.0701208085555376,0.5626457190647398,0
3.2859999999998597,REACH,0.2844683087928248,0.1426548137043858,0.5934122443197292,0.5824536188017294,0.14480171371096257,1.0701208085555376,0.5621840529368537,0
3.2879999999998595,REACH,0.2849288358772749,0.14270705261451783,0.5936697373773421,0.5824536188017294,0.14480171371096257,1.0701208085555376,0.5617214677099343,0
3.2899999999998593,REACH,0.2853899288072796,0.1427592576771152,0.5939281001055747,0.5824536188017294,0.14480171371096257,1.0701208085555376,0.5612579648616848,0
3.291999999999859,REACH,0.2858515840178909,0.14281142809801567,0.5941873333538388,0.5824536188017294,0.14480171371096257,1.0701208085555376,0.5607935458725435,0
3.293999999999859,REACH,0.28631379794152595,0.14286356308482562,0.5944474379648768,0.5824536188017294,0.14480171371096257,1.0701208085555376,0.5603282122256946,0
3.2959999999998586,REACH,0.28677656700798976,0.14291566184693116,0.5947084147747179,0.5824536188017294,0.14480171371096257,1.0701208085555376,0.5598619654070821,0
3.2979999999998584,REACH,0.2872398876444929,0.14296772359550952,0.5949702646126417,0.5824536188017294,0.14480171371096257,1.0701208085555376,0.5593948069054185,0
3.299999999999858,REACH,0.2877037562756737,0.14301974754354008,0.5952329883011335,0.5824536188017294,0.14480171371096257,1.0701208085555376,0.5589267382122006,0
3.301999999999858,REACH,0.28816816932361894,0.14307173290581518,0.5954965866558468,0.5824536188017294,0.14480171371096257,1.0701208085555376,0.5584577608217175,0
3.3039999999998577,REACH,0.2886331232078849,0.1431236788989516,0.5957610604855611,0.5824536188017294,0.14480171371096257,1.0701208085555376,0.557987876231065,0
3.3059999999998575,REACH,0.2890986143455183,0.14317558474140124,0.5960264105921419,0.5824536188017294,0.14480171371096257,1.0701208085555376,0.5575170859401566,0
3.3079999999998573,REACH,0.2895646391510779,0.1432274496534622,0.596292637770501,0.5824536188017294,0.14480171371096257,1.0701208085555376,0.5570453914517346,0
3.309999999999857,REACH,0.2900311940366551,0.14327927285728997,0.5965597428085581,0.5824536188017294,0.14480171371096257,1.0701208085555376,0.5565727942713815,0
3.311999999999857,REACH,0.29049827541189743,0.14333105357690779,0.596827726487198,0.5824536188017294,0.14480171371096257,1.0701208085555376,0.5560992959075318,0
3.3139999999998566,REACH,0.2909658796840285,0.14338279103821794,0.5970965895802329,0.5824536188017294,0.14480171371096257,1.0701208085555376,0.5556248978714841,0
3.3159999999998564,REACH,0.2914340032578708,0.1434344844690123,0.597366332854364,0.5824536188017294,0.14480171371096257,1.0701208085555376,0.5551496016774099,0
3.317999999999856,REACH,0.29190264253586806,0.14348613309898348,0.597636957069139,0.5824536188017294,0.14480171371096257,1.0701208085555376,0.5546734088423682,0
3.319999999999856,REACH,0.2923717939181072,0.14353773615973509,0.5979084629769155,0.5824536188017294,0.14480171371096257,1.0701208085555376,0.5541963208863142,0
3.3219999999998557,REACH,0.2928414538023411,0.14358929288479272,0.5981808513228221,0.5824536188017294,0.14480171371096257,1.0701208085555376,0.5537183393321103,0
3.3239999999998555,REACH,0.2933116185840105,0.1436408025096148,0.5984541228447178,0.5824536188017294,0.14480171371096257,1.0701208085555376,0.5532394657055388,0
3.3259999999998553,REACH,0.2937822846562678,0.14369226427160267,0.5987282782731552,0.5824536188017294,0.14480171371096257,1.0701208085555376,0.552759701535311,0
3.327999999999855,REACH,0.2942534484099999,0.1437436774101114,0.5990033183313401,0.5824536188017294,0.14480171371096257,1.0701208085555376,0.5522790483530791,0
3.329999999999855,REACH,0.29472510623385006,0.1437950411664608,0.5992792437350948,0.5824536188017294,0.14480171371096257,1.0701208085555376,0.5517975076934467,0
3.3319999999998546,REACH,0.2951972545142427,0.14384635478394525,0.5995560551928188,0.5824536188017294,0.14480171371096257,1.0701208085555376,0.5513150810939794,0
3.3339999999998544,REACH,0.2956698896354062,0.14389761750784444,0.5998337534054515,0.5824536188017294,0.14480171371096257,1.0701208085555376,0.5508317700952148,0
3.335999999999854,REACH,0.29614300797939647,0.14394882858543376,0.6001123390664332,0.5824536188017294,0.14480171371096257,1.0701208085555376,0.5503475762406745,0
3.337999999999854,REACH,0.2966166059261206,0.14399998726599472,0.600391812861669,0.5824536188017294,0.14480171371096257,1.0701208085555376,0.5498625010768728,0
3.3399999999998538,REACH,0.29709067985336135,0.1440510928008254,0.6006721754694895,0.5824536188017294,0.14480171371096257,1.0701208085555376,0.5493765461533281,0
3.3419999999998535,REACH,0.2975652261368006,0.14410214444325034,0.600953427560614,0.5824536188017294,0.14480171371096257,1.0701208085555376,0.5488897130225733,0
3.3439999999998533,REACH,0.298040241150044,0.14415314144863134,0.6012355697981138,0.5824536188017294,0.14480171371096257,1.0701208085555376,0.5484020032401651,0
3.345999999999853,REACH,0.29851572126464493,0.14420408307437724,0.6015186028373741,0.5824536188017294,0.14480171371096257,1.0701208085555376,0.5479134183646953,0
3.347999999999853,REACH,0.29899166285012946,0.14425496857995426,0.6018025273260575,0.5824536188017294,0.14480171371096257,1.0701208085555376,0.5474239599578004,0
3.3499999999998527,REACH,0.2994680622740209,0.1443057972268963,0.6020873439040682,0.5824536188017294,0.14480171371096257,1.0701208085555376,0.5469336295841702,0
3.3519999999998524,REACH,0.29994491590186495,0.14435656827881455,0.602373053203513,0.5824536188017294,0.14480171371096257,1.0701208085555376,0.5464424288115602,0
3.353999999999852,REACH,0.30042222009725406,0.14440728100140818,0.6026596558486664,0.5824536188017294,0.14480171371096257,1.0701208085555376,0.5459503592108003,0
3.355999999999852,REACH,0.3008999712218532,0.14445793466247364,0.6029471524559344,0.5824536188017294,0.14480171371096257,1.0701208085555376,0.5454574223558036,0
3.3579999999998518,REACH,0.301378165635425,0.14450852853191545,0.6032355436338188,0.5824536188017294,0.14480171371096257,1.0701208085555376,0.544963619823577,0
3.3599999999998515,REACH,0.3018567996958556,0.14455906188175535,0.6035248299828777,0.5824536188017294,0.14480171371096257,1.0701208085555376,0.5444689531942319,0
3.3619999999998513,REACH,0.30233586975917953,0.14460953398614246,0.6038150120956955,0.5824536188017294,0.14480171371096257,1.0701208085555376,0.543973424050991,0
3.363999999999851,REACH,0.3028153721796063,0.1446599441213632,0.6041060905568422,0.5824536188017294,0.14480171371096257,1.0701208085555376,0.5434770339802001,0
3.365999999999851,REACH,0.30329530330954546,0.14471029156585113,0.6043980659428397,0.5824536188017294,0.14480171371096257,1.0701208085555376,0.542979784571337,0
3.3679999999998507,REACH,0.303775659499634,0.14476057560019684,0.6046909388221275,0.5824536188017294,0.14480171371096257,1.0701208085555376,0.5424816774170198,0
3.3699999999998504,REACH,0.30425643709876143,0.14481079550715656,0.6049847097550256,0.5824536188017294,0.14480171371096257,1.0701208085555376,0.5419827141130175,0
3.3719999999998502,REACH,0.30473763245409713,0.1448609505716637,0.6052793792937,0.5824536188017294,0.14480171371096257,1.0701208085555376,0.5414828962582584,0
3.37399999999985,REACH,0.30521924191111566,0.14491104008083666,0.6055749479821309,0.5824536188017294,0.14480171371096257,1.0701208085555376,0.5409822254548379,0
3.37599999999985,REACH,0.3057012618136253,0.1449610633239897,0.6058714163560714,0.5824536188017294,0.14480171371096257,1.0701208085555376,0.5404807033080311,0
3.3779999999998496,REACH,0.30618368850379324,0.14501101959264184,0.60616878494302,0.5824536188017294,0.14480171371096257,1.0701208085555376,0.5399783314262978,0
3.3799999999998493,REACH,0.3066665183221735,0.1450609081805262,0.6064670542621821,0.5824536188017294,0.14480171371096257,1.0701208085555376,0.5394751114212935,0
3.381999999999849,REACH,0.30714974760773406,0.14511072838359987,0.606766224824437,0.5824536188017294,0.14480171371096257,1.0701208085555376,0.5389710449078776,0
3.383999999999849,REACH,0.30763337269788393,0.14516047950005337,0.6070662971323035,0.5824536188017294,0.14480171371096257,1.0701208085555376,0.5384661335041226,0
3.3859999999998487,REACH,0.30811738992850074,0.14521016083031946,0.6073672716799073,0.5824536188017294,0.14480171371096257,1.0701208085555376,0.5379603788313216,0
3.3879999999998485,REACH,0.3086017956339583,0.1452597716770829,0.6076691489529459,0.5824536188017294,0.14480171371096257,1.0701208085555376,0.537453782513998,0
3.3899999999998482,REACH,0.30908658614715473,0.14530931134528965,0.6079719294286551,0.5824536188017294,0.14480171371096257,1.0701208085555376,0.5369463461799135,0
3.391999999999848,REACH,0.3095717577995404,0.14535877914215586,0.6082756135757775,0.5824536188017294,0.14480171371096257,1.0701208085555376,0.5364380714600756,0
3.393999999999848,REACH,0.3100573069211451,0.1454081743771774,0.6085802018545267,0.5824536188017294,0.14480171371096257,1.0701208085555376,0.5359289599887483,0
3.3959999999998476,REACH,0.31054322984060717,0.14545749636213845,0.6088856947165562,0.5824536188017294,0.14480171371096257,1.0701208085555376,0.5354190134034582,0
3.3979999999998474,REACH,0.311029522885202,0.14550674441112146,0.6091920926049265,0.5824536188017294,0.14480171371096257,1.0701208085555376,0.5349082333450025,0
3.399999999999847,REACH,0.3115161823808702,0.145555917840515,0.6094993959540717,0.5824536188017294,0.14480171371096257,1.0701208085555376,0.5343966214574584,0
3.401999999999847,REACH,0.3120032046522457,0.145605015969024,0.6098076051897676,0.5824536188017294,0.14480171371096257,1.0701208085555376,0.5338841793881907,0
3.4039999999998467,REACH,0.31249058602268537,0.1456540381176778,0.6101167207290983,0.5824536188017294,0.14480171371096257,1.0701208085555376,0.5333709087878603,0
3.4059999999998465,REACH,0.31297832281429844,0.14570298360983916,0.6104267429804263,0.5824536188017294,0.14480171371096257,1.0701208085555376,0.5328568113104297,0
3.4079999999998463,REACH,0.3134664113479742,0.14575185177121358,0.6107376723433585,0.5824536188017294,0.14480171371096257,1.0701208085555376,0.5323418886131737,0
3.409999999999846,REACH,0.3139548479434119,0.14580064192985787,0.6110495092087158,0.5824536188017294,0.14480171371096257,1.0701208085555376,0.531826142356685,0
3.411999999999846,REACH,0.3144436289191509,0.14584935341618852,0.6113622539584996,0.5824536188017294,0.14480171371096257,1.0701208085555376,0.5313095742048841,0
3.4139999999998456,REACH,0.3149327505925991,0.14589798556299097,0.6116759069658635,0.5824536188017294,0.14480171371096257,1.0701208085555376,0.5307921858250236,0
3.4159999999998454,REACH,0.3154222092800632,0.14594653770542804,0.6119904685950792,0.5824536188017294,0.14480171371096257,1.0701208085555376,0.5302739788876984,0
3.417999999999845,REACH,0.3159120012967782,0.1459950091810486,0.6123059392015069,0.5824536188017294,0.14480171371096257,1.0701208085555376,0.5297549550668524,0
3.419999999999845,REACH,0.316402122956938,0.1460433993297958,0.6126223191315638,0.5824536188017294,0.14480171371096257,1.0701208085555376,0.5292351160397852,0
3.4219999999998447,REACH,0.3168925705737247,0.14609170749401634,0.6129396087226948,0.5824536188017294,0.14480171371096257,1.0701208085555376,0.5287144634871592,0
3.4239999999998445,REACH,0.3173833404593393,0.14613993301846814,0.61325780830334,0.5824536188017294,0.14480171371096257,1.0701208085555376,0.5281929990930083,0
3.4259999999998443,REACH,0.31787442892503237,0.1461880752503293,0.6135769181929043,0.5824536188017294,0.14480171371096257,1.0701208085555376,0.5276707245447442,0
3.427999999999844,REACH,0.31836583228113363,0.14623613353920603,0.6138969387017307,0.5824536188017294,0.14480171371096257,1.0701208085555376,0.5271476415331617,0
3.429999999999844,REACH,0.3188575468370835,0.14628410723714175,0.6142178701310661,0.5824536188017294,0.14480171371096257,1.0701208085555376,0.5266237517524487,0
3.4319999999998436,REACH,0.31934956890146426,0.14633199569862418,0.6145397127730339,0.5824536188017294,0.14480171371096257,1.0701208085555376,0.5260990569001904,0
3.4339999999998434,REACH,0.31984189478202946,0.14637979828059494,0.6148624669106034,0.5824536188017294,0.14480171371096257,1.0701208085555376,0.5255735586773783,0
3.435999999999843,REACH,0.3203345207857359,0.14642751434245646,0.6151861328175623,0.5824536188017294,0.14480171371096257,1.0701208085555376,0.5250472587884143,0
3.437999999999843,REACH,0.32082744321877543,0.14647514324608138,0.615510710758484,0.5824536188017294,0.14480171371096257,1.0701208085555376,0.5245201589411205,0
3.4399999999998427,REACH,0.3213206583866057,0.14652268435581936,0.6158362009887016,0.5824536188017294,0.14480171371096257,1.0701208085555376,0.523992260846743,0
3.4419999999998425,REACH,0.321814162593981,0.14657013703850597,0.616162603754278,0.5824536188017294,0.14480171371096257,1.0701208085555376,0.5234635662199602,0
3.4439999999998423,REACH,0.3223079521449855,0.14661750066347037,0.6164899192919768,0.5824536188017294,0.14480171371096257,1.0701208085555376,0.5229340767788877,0
3.445999999999842,REACH,0.32280202334306335,0.1466647746025434,0.616818147829235,0.5824536188017294,0.14480171371096257,1.0701208085555376,0.5224037942450858,0
3.447999999999842,REACH,0.32329637249105114,0.14671195823006544,0.6171472895841329,0.5824536188017294,0.14480171371096257,1.0701208085555376,0.521872720343566,0
3.4499999999998416,REACH,0.323790995891211,0.14675905092289399,0.6174773447653681,0.5824536188017294,0.14480171371096257,1.0701208085555376,0.5213408568027953,0
3.4519999999998414,REACH,0.324285889845261,0.1468060520604119,0.6178083135722254,0.5824536188017294,0.14480171371096257,1.0701208085555376,0.5208082053547048,0
3.453999999999841,REACH,0.32478105065440865,0.14685296102453466,0.6181401961945513,0.5824536188017294,0.14480171371096257,1.0701208085555376,0.5202747677346935,0
3.455999999999841,REACH,0.32527647461938275,0.14689977719971836,0.6184729928127245,0.5824536188017294,0.14480171371096257,1.0701208085555376,0.5197405456816356,0
3.4579999999998408,REACH,0.3257721580404662,0.1469464999729674,0.6188067035976295,0.5824536188017294,0.14480171371096257,1.0701208085555376,0.5192055409378865,0
3.4599999999998405,REACH,0.32626809721752836,0.14699312873384196,0.6191413287106294,0.5824536188017294,0.14480171371096257,1.0701208085555376,0.5186697552492873,0
3.4619999999998403,REACH,0.3267642884500585,0.14703966287446524,0.619476868303539,0.5824536188017294,0.14480171371096257,1.0701208085555376,0.5181331903651717,0
3.46399999999984,REACH,0.3272607280371979,0.14708610178953152,0.6198133225185976,0.5824536188017294,0.14480171371096257,1.0701208085555376,0.5175958480383711,0
3.46599999999984,REACH,0.3277574122777737,0.1471324448763135,0.6201506914884423,0.5824536188017294,0.14480171371096257,1.0701208085555376,0.5170577300252208,0
3.4679999999998397,REACH,0.3282543374703317,0.147178691534669,0.620488975336082,0.5824536188017294,0.14480171371096257,1.0701208085555376,0.5165188380855646,0
3.4699999999998394,REACH,0.328751499913169,0.14722484116704906,0.620828174174872,0.5824536188017294,0.14480171371096257,1.0701208085555376,0.5159791739827607,0
3.471999999999839,REACH,0.3292488959043689,0.14727089317850517,0.6211682881084865,0.5824536188017294,0.14480171371096257,1.0701208085555376,0.5154387394836868,0
3.473999999999839,REACH,0.3297465217418334,0.14731684697669603,0.6215093172308921,0.5824536188017294,0.14480171371096257,1.0701208085555376,0.5148975363587465,0
3.4759999999998388,REACH,0.3302443737233174,0.14736270197189508,0.6218512616263249,0.5824536188017294,0.14480171371096257,1.0701208085555376,0.5143555663818724,0
3.4779999999998386,REACH,0.33074244814646175,0.14740845757699758,0.6221941213692637,0.5824536188017294,0.14480171371096257,1.0701208085555376,0.5138128313305328,0
3.4799999999998383,REACH,0.33124074130882825,0.14745411320752766,0.6225378965244036,0.5824536188017294,0.14480171371096257,1.0701208085555376,0.5132693329857362,0
3.481999999999838,REACH,0.3317392495079326,0.14749966828164526,0.6228825871466325,0.5824536188017294,0.14480171371096257,1.0701208085555376,0.512725073132037,0
3.483999999999838,REACH,0.33223796904127967,0.14754512222015342,0.6232281932810054,0.5824536188017294,0.14480171371096257,1.0701208085555376,0.5121800535575388,0
3.4859999999998377,REACH,0.3327368962063968,0.14759047444650458,0.6235747149627205,0.5824536188017294,0.14480171371096257,1.0701208085555376,0.511634276053901,0
3.4879999999998375,REACH,0.33323602730086915,0.14763572438680822,0.6239221522170939,0.5824536188017294,0.14480171371096257,1.0701208085555376,0.5110877424163419,0
3.4899999999998372,REACH,0.3337353586223732,0.1476808714698372,0.6242705050595353,0.5824536188017294,0.14480171371096257,1.0701208085555376,0.5105404544436452,0
3.491999999999837,REACH,0.3342348864687124,0.14772591512703445,0.6246197734955247,0.5824536188017294,0.14480171371096257,1.0701208085555376,0.509992413938163,0
3.493999999999837,REACH,0.33473460713785136,0.14777085479252008,0.6249699575205886,0.5824536188017294,0.14480171371096257,1.0701208085555376,0.5094436227058202,0
3.4959999999998366,REACH,0.3352345169279506,0.14781568990309785,0.6253210571202747,0.5824536188017294,0.14480171371096257,1.0701208085555376,0.5088940825561211,0
3.4979999999998364,REACH,0.3357346121374017,0.14786041989826135,0.6256730722701314,0.5824536188017294,0.14480171371096257,1.0701208085555376,0.5083437953021506,0
3.499999999999836,REACH,0.3362348890648634,0.1479050442202013,0.62602600293568,0.5824536188017294,0.14480171371096257,1.0701208085555376,0.5077927627605818,0
3.501999999999836,REACH,0.3367353440092943,0.14794956231381157,0.6263798490723974,0.5824536188017294,0.14480171371096257,1.0701208085555376,0.507240986751677,0
3.5039999999998357,REACH,0.33723597326999155,0.14799397362669578,0.6267346106256872,0.5824536188017294,0.14480171371096257,1.0701208085555376,0.5066884690992949,0
3.5059999999998355,REACH,0.33773677314662326,0.14803827760917374,0.6270902875308622,0.5824536188017294,0.14480171371096257,1.0701208085555376,0.5061352116308918,0
3.5079999999998353,REACH,0.33823773993926665,0.1480824737142876,0.6274468797131177,0.5824536188017294,0.14480171371096257,1.0701208085555376,0.505581216177528,0
3.509999999999835,REACH,0.338738869948441,0.148126561397808,0.6278043870875126,0.5824536188017294,0.14480171371096257,1.0701208085555376,0.5050264845738703,0
3.511999999999835,REACH,0.33924015947514574,0.1481705401182411,0.628162809558946,0.5824536188017294,0.14480171371096257,1.0701208085555376,0.5044710186581954,0
3.5139999999998346,REACH,0.3397416048208954,0.1482144093368337,0.6285221470221335,0.5824536188017294,0.14480171371096257,1.0701208085555376,0.5039148202723962,0
3.5159999999998344,REACH,0.3402432022877554,0.1482581685175801,0.6288823993615892,0.5824536188017294,0.14480171371096257,1.0701208085555376,0.5033578912619819,0
3.517999999999834,REACH,0.3407449481783787,0.14830181712722784,0.6292435664516008,0.5824536188017294,0.14480171371096257,1.0701208085555376,0.5028002334760846,0
3.519999999999834,REACH,0.34124683879604145,0.14834535463528395,0.6296056481562105,0.5824536188017294,0.14480171371096257,1.0701208085555376,0.5022418487674616,0
3.5219999999998337,REACH,0.34174887044467994,0.14838878051402052,0.6299686443291935,0.5824536188017294,0.14480171371096257,1.0701208085555376,0.5016827389924978,0
3.5239999999998335,REACH,0.34225103942892676,0.14843209423848094,0.630332554814035,0.5824536188017294,0.14480171371096257,1.0701208085555376,0.5011229060112123,0
3.5259999999998333,REACH,0.3427533420541466,0.14847529528648581,0.6306973794439139,0.5824536188017294,0.14480171371096257,1.0701208085555376,0.5005623516872578,0
3.527999999999833,REACH,0.34325577462647444,0.1485183831386384,0.6310631180416783,0.5824536188017294,0.14480171371096257,1.0701208085555376,0.5000010778879262,0
3.529999999999833,REACH,0.34375833345285023,0.14856135727833059,0.631429770419827,0.5824536188017294,0.14480171371096257,1.0701208085555376,0.4994390864841518,0
3.5319999999998326,REACH,0.3442610148410583,0.14860421719174857,0.631797336380489,0.5824536188017294,0.14480171371096257,1.0701208085555376,0.49887637935051315,0
3.5339999999998324,REACH,0.3447638150997613,0.14864696236787853,0.6321658157154041,0.5824536188017294,0.14480171371096257,1.0701208085555376,0.49831295836523765,0
3.535999999999832,REACH,0.34526673053854046,0.1486895922985119,0.632535208205903,0.5824536188017294,0.14480171371096257,1.0701208085555376,0.4977488254102024,0
3.537999999999832,REACH,0.34576975746792926,0.14873210647825127,0.6329055136228889,0.5824536188017294,0.14480171371096257,1.0701208085555376,0.49718398237093847,0
3.5399999999998317,REACH,0.346272892199454,0.14877450440451565,0.6332767317268149,0.5824536188017294,0.14480171371096257,1.0701208085555376,0.49661843113663484,0
3.5419999999998315,REACH,0.34677613104566873,0.14881678557754596,0.6336488622676689,0.5824536188017294,0.14480171371096257,1.0701208085555376,0.49605217360013865,0
3.5439999999998313,REACH,0.3472794703201937,0.14885894950041023,0.6340219049849537,0.5824536188017294,0.14480171371096257,1.0701208085555376,0.4954852116579586,0
3.545999999999831,REACH,0.34778290633775283,0.14890099567900913,0.6343958596076673,0.5824536188017294,0.14480171371096257,1.0701208085555376,0.49491754721026826,0
3.547999999999831,REACH,0.34828643541421106,0.14894292362208106,0.6347707258542847,0.5824536188017294,0.14480171371096257,1.0701208085555376,0.49434918216090873,0
3.5499999999998306,REACH,0.3487900538666122,0.14898473284120703,0.6351465034327407,0.5824536188017294,0.14480171371096257,1.0701208085555376,0.49378011841739006,0
3.5519999999998304,REACH,0.34929375801321666,0.1490264228508168,0.6355231920404115,0.5824536188017294,0.14480171371096257,1.0701208085555376,0.49321035789089385,0
3.55399999999983,REACH,0.3497975441735397,0.14906799316819244,0.6359007913640966,0.5824536188017294,0.14480171371096257,1.0701208085555376,0.4926399024962759,0
3.55599999999983,REACH,0.35030140866838894,0.14910944331347473,0.636279301080001,0.5824536188017294,0.14480171371096257,1.0701208085555376,0.49206875415206885,0
3.5579999999998297,REACH,0.3508053478199025,0.14915077280966751,0.6366587208537188,0.5824536188017294,0.14480171371096257,1.0701208085555376,0.49149691478048285,0
3.5599999999998295,REACH,0.35130935795158724,0.14919198118264235,0.6370390503402161,0.5824536188017294,0.14480171371096257,1.0701208085555376,0.4909243863074085,0
3.5619999999998293,REACH,0.3518134353883573,0.14923306796114383,0.6374202891838127,0.5824536188017294,0.14480171371096257,1.0701208085555376,0.4903511706624193,0
3.563999999999829,REACH,0.35231757645657164,0.14927403267679418,0.6378024370181665,0.5824536188017294,0.14480171371096257,1.0701208085555376,0.48977726977877284,0
3.565999999999829,REACH,0.35282177748407384,0.14931487486409803,0.6381854934662565,0.5824536188017294,0.14480171371096257,1.0701208085555376,0.48920268559341296,0
3.5679999999998286,REACH,0.35332603480022884,0.14935559406044688,0.6385694581403673,0.5824536188017294,0.14480171371096257,1.0701208085555376,0.48862742004697124,0
3.5699999999998284,REACH,0.3538303447359632,0.149396189806124,0.6389543306420715,0.5824536188017294,0.14480171371096257,1.0701208085555376,0.48805147508376906,0
3.571999999999828,REACH,0.35433470362380226,0.14943666164430883,0.639340110562216,0.5824536188017294,0.14480171371096257,1.0701208085555376,0.4874748526518189,0
3.573999999999828,REACH,0.3548391077979104,0.14947700912108175,0.6397267974809041,0.5824536188017294,0.14480171371096257,1.0701208085555376,0.4868975547028258,0
3.5759999999998278,REACH,0.3553435535941283,0.1495172317854278,0.6401143909674819,0.5824536188017294,0.14480171371096257,1.0701208085555376,0.4863195831921893,0
3.5779999999998275,REACH,0.355848037350014,0.14955732918924197,0.6405028905805207,0.5824536188017294,0.14480171371096257,1.0701208085555376,0.4857409400790051,0
3.5799999999998273,REACH,0.35635255540487887,0.149597300887333,0.640892295867806,0.5824536188017294,0.14480171371096257,1.0701208085555376,0.48516162732606427,0
3.581999999999827,REACH,0.35685710409982985,0.14963714643742787,0.6412826063663181,0.5824536188017294,0.14480171371096257,1.0701208085555376,0.48458164689985783,0
3.583999999999827,REACH,0.35736167977780664,0.14967686540017566,0.6416738216022196,0.5824536188017294,0.14480171371096257,1.0701208085555376,0.4840010007705757,0
3.5859999999998267,REACH,0.35786627878362104,0.14971645733915218,0.6420659410908433,0.5824536188017294,0.14480171371096257,1.0701208085555376,0.48341969091210724,0
3.5879999999998264,REACH,0.3583708974639972,0.1497559218208638,0.6424589643366729,0.5824536188017294,0.14480171371096257,1.0701208085555376,0.48283771930204505,0
3.589999999999826,REACH,0.3588755321676102,0.14979525841475147,0.6428528908333342,0.5824536188017294,0.14480171371096257,1.0701208085555376,0.4822550879216828,0
3.591999999999826,REACH,0.3593801792451259,0.149834466693195,0.6432477200635774,0.5824536188017294,0.14480171371096257,1.0701208085555376,0.4816717987560188,0
3.593999999999826,REACH,0.3598848350492404,0.14987354623151639,0.6436434514992666,0.5824536188017294,0.14480171371096257,1.0701208085555376,0.4810878537937544,0
3.5959999999998256,REACH,0.3603894959347189,0.14991249660798425,0.644040084601364,0.5824536188017294,0.14480171371096257,1.0701208085555376,0.48050325502729735,0
3.5979999999998253,REACH,0.36089415825843735,0.1499513174038173,0.6444376188199192,0.5824536188017294,0.14480171371096257,1.0701208085555376,0.4799180044527591,0
3.599999999999825,REACH,0.3613988183794194,0.1499900082031887,0.6448360535940536,0.5824536188017294,0.14480171371096257,1.0701208085555376,0.4793321040699599,0
3.601999999999825,REACH,0.36190347265887873,0.1500285685932285,0.6452353883519509,0.5824536188017294,0.14480171371096257,1.0701208085555376,0.47874555588242435,0
3.6039999999998247,REACH,0.3624081174602573,0.15006699816402855,0.6456356225108424,0.5824536188017294,0.14480171371096257,1.0701208085555376,0.4781583618973854,0
3.6059999999998245,REACH,0.3629127491492665,0.1501052965086455,0.6460367554769944,0.5824536188017294,0.14480171371096257,1.0701208085555376,0.4775705241257842,0
3.6079999999998242,REACH,0.3634173640939255,0.1501434632231042,0.6464387866456982,0.5824536188017294,0.14480171371096257,1.0701208085555376,0.4769820445822694,0
3.609999999999824,REACH,0.36392195866460336,0.15018149790640156,0.6468417154012577,0.5824536188017294,0.14480171371096257,1.0701208085555376,0.47639292528519717,0
3.611999999999824,REACH,0.3644265292340575,0.15021940016050944,0.6472455411169762,0.5824536188017294,0.14480171371096257,1.0701208085555376,0.47580316825663327,0
3.6139999999998236,REACH,0.3649310721774751,0.1502571695903785,0.647650263155147,0.5824536188017294,0.14480171371096257,1.0701208085555376,0.47521277552235136,0
3.6159999999998234,REACH,0.3654355838725121,0.15029480580394108,0.6480558808670412,0.5824536188017294,0.14480171371096257,1.0701208085555376,0.47462174911183386,0
3.617999999999823,REACH,0.36594006069933477,0.15033230841211476,0.6484623935928977,0.5824536188017294,0.14480171371096257,1.0701208085555376,0.4740300910582716,0
3.619999999999823,REACH,0.3664444990406592,0.15036967702880497,0.6488698006619111,0.5824536188017294,0.14480171371096257,1.0701208085555376,0.473437803398564,0
3.6219999999998227,REACH,0.36694889528179264,0.15040691127090886,0.6492781013922224,0.5824536188017294,0.14480171371096257,1.0701208085555376,0.4728448881733187,0
3.6239999999998225,REACH,0.36745324581067257,0.15044401075831765,0.6496872950909093,0.5824536188017294,0.14480171371096257,1.0701208085555376,0.47225134742685065,0
3.6259999999998223,REACH,0.36795754701790906,0.1504809751139201,0.6500973810539723,0.5824536188017294,0.14480171371096257,1.0701208085555376,0.47165718320718447,0
3.627999999999822,REACH,0.36846179529682366,0.15051780396360498,0.6505083585663316,0.5824536188017294,0.14480171371096257,1.0701208085555376,0.4710623975660496,0
3.629999999999822,REACH,0.36896598704349115,0.1505544969362644,0.650920226901811,0.5824536188017294,0.14480171371096257,1.0701208085555376,0.4704669925588842,0
3.6319999999998216,REACH,0.3694701186567801,0.1505910536637962,0.6513329853231321,0.5824536188017294,0.14480171371096257,1.0701208085555376,0.4698709702448318,0
3.6339999999998214,REACH,0.3699741865383931,0.15062747378110716,0.6517466330819041,0.5824536188017294,0.14480171371096257,1.0701208085555376,0.46927433268674235,0
3.635999999999821,REACH,0.37047818709290825,0.15066375692611486,0.6521611694186148,0.5824536188017294,0.14480171371096257,1.0701208085555376,0.46867708195117047,0
3.637999999999821,REACH,0.3709821167278195,0.1506999027397516,0.6525765935626228,0.5824536188017294,0.14480171371096257,1.0701208085555376,0.4680792201083749,0
3.6399999999998207,REACH,0.3714859718535781,0.15073591086596555,0.6529929047321466,0.5824536188017294,0.14480171371096257,1.0701208085555376,0.46748074923231914,0
3.6419999999998205,REACH,0.37198974888363323,0.1507717809517242,0.6534101021342594,0.5824536188017294,0.14480171371096257,1.0701208085555376,0.4668816714006679,0
3.6439999999998203,REACH,0.3724934442344721,0.1508075126470166,0.6538281849648797,0.5824536188017294,0.14480171371096257,1.0701208085555376,0.4662819886947882,0
3.64599999999982,REACH,0.3729970543256635,0.15084310560485542,0.6542471524087619,0.5824536188017294,0.14480171371096257,1.0701208085555376,0.46568170319974844,0
3.64799999999982,REACH,0.3735005755798963,0.15087855948127968,0.6546670036394909,0.5824536188017294,0.14480171371096257,1.0701208085555376,0.46508081700431597,0
3.6499999999998196,REACH,0.37400400442302173,0.15091387393535682,0.6550877378194745,0.5824536188017294,0.14480171371096257,1.0701208085555376,0.46447933220095655,0
3.6519999999998194,REACH,0.37450733728409497,0.1509490486291848,0.6555093540999338,0.5824536188017294,0.14480171371096257,1.0701208085555376,0.4638772508858343,0
3.653999999999819,REACH,0.37501057059541515,0.15098408322789458,0.6559318516208998,0.5824536188017294,0.14480171371096257,1.0701208085555376,0.46327457515880827,0
3.655999999999819,REACH,0.3755137007925686,0.151018977399652,0.6563552295112041,0.5824536188017294,0.14480171371096257,1.0701208085555376,0.4626713071234324,0
3.6579999999998187,REACH,0.37601672431446714,0.15105373081565954,0.6567794868884731,0.5824536188017294,0.14480171371096257,1.0701208085555376,0.46206744888695434,0
3.6599999999998185,REACH,0.3765196376033923,0.15108834315015876,0.6572046228591218,0.5824536188017294,0.14480171371096257,1.0701208085555376,0.4614630025603133,0
3.6619999999998183,REACH,0.3770224371050361,0.15112281408043188,0.6576306365183477,0.5824536188017294,0.14480171371096257,1.0701208085555376,0.4608579702581384,0
3.663999999999818,REACH,0.3775251192685406,0.15115714328680385,0.6580575269501251,0.5824536188017294,0.14480171371096257,1.0701208085555376,0.4602523540987478,0
3.665999999999818,REACH,0.3780276805465417,0.151191330452644,0.6584852932271983,0.5824536188017294,0.14480171371096257,1.0701208085555376,0.4596461562041467,0
3.6679999999998176,REACH,0.3785301173952094,0.1512253752643675,0.6589139344110782,0.5824536188017294,0.14480171371096257,1.0701208085555376,0.459039378700025,0
3.6699999999998174,REACH,0.37903242627428985,0.15125927741143766,0.6593434495520354,0.5824536188017294,0.14480171371096257,1.0701208085555376,0.45843202371575603,0
3.671999999999817,REACH,0.3795346036471457,0.15129303658636703,0.6597738376890956,0.5824536188017294,0.14480171371096257,1.0701208085555376,0.45782409338439534,0
3.673999999999817,REACH,0.38003664598080017,0.1513266524847188,0.6602050978500362,0.5824536188017294,0.14480171371096257,1.0701208085555376,0.45721558984267624,0
3.6759999999998167,REACH,0.38053854974597534,0.15136012480510921,0.6606372290513793,0.5824536188017294,0.14480171371096257,1.0701208085555376,0.4566065152310116,0
3.6779999999998165,REACH,0.3810403114171369,0.15139345324920764,0.6610702302983898,0.5824536188017294,0.14480171371096257,1.0701208085555376,0.455996871693488,0
3.6799999999998163,REACH,0.38154192747253407,0.1514266375217389,0.6615041005850693,0.5824536188017294,0.14480171371096257,1.0701208085555376,0.4553866613778663,0
3.681999999999816,REACH,0.38204339439424134,0.1514596773304844,0.661938838894154,0.5824536188017294,0.14480171371096257,1.0701208085555376,0.45477588643557754,0
3.683999999999816,REACH,0.3825447086682008,0.15149257238628305,0.6623744441971096,0.5824536188017294,0.14480171371096257,1.0701208085555376,0.45416454902172215,0
3.6859999999998156,REACH,0.38304586678426406,0.15152532240303263,0.6628109154541287,0.5824536188017294,0.14480171371096257,1.0701208085555376,0.45355265129506644,0
3.6879999999998154,REACH,0.3835468652362329,0.1515579270976912,0.6632482516141275,0.5824536188017294,0.14480171371096257,1.0701208085555376,0.45294019541804104,0
3.689999999999815,REACH,0.3840477005219023,0.1515903861902776,0.6636864516147424,0.5824536188017294,0.14480171371096257,1.0701208085555376,0.4523271835567376,0
3.691999999999815,REACH,0.3845483691431008,0.15162269940387285,0.6641255143823287,0.5824536188017294,0.14480171371096257,1.0701208085555376,0.4517136178809063,0
3.6939999999998148,REACH,0.38504886760573476,0.15165486646462084,0.6645654388319544,0.5824536188017294,0.14480171371096257,1.0701208085555376,0.45109950056395515,0
3.6959999999998145,REACH,0.38554919241982694,0.15168688710172948,0.6650062238674032,0.5824536188017294,0.14480171371096257,1.0701208085555376,0.4504848337829439,0
3.6979999999998143,REACH,0.3860493400995614,0.15171876104747123,0.6654478683811682,0.5824536188017294,0.14480171371096257,1.0701208085555376,0.44986961971858375,0
3.699999999999814,REACH,0.3865493071633233,0.15175048803718402,0.6658903712544504,0.5824536188017294,0.14480171371096257,1.0701208085555376,0.4492538605552352,0
3.701999999999814,REACH,0.38704909013374195,0.15178206780927195,0.6663337313571606,0.5824536188017294,0.14480171371096257,1.0701208085555376,0.4486375584809014,0
3.7039999999998137,REACH,0.3875486855377321,0.15181350010520564,0.6667779475479136,0.5824536188017294,0.14480171371096257,1.0701208085555376,0.44802071568722934,0
3.7059999999998134,REACH,0.3880480899065363,0.15184478466952334,0.6672230186740291,0.5824536188017294,0.14480171371096257,1.0701208085555376,0.4474033343695052,0
3.7079999999998132,REACH,0.38854729977576635,0.1518759212498308,0.6676689435715311,0.5824536188017294,0.14480171371096257,1.0701208085555376,0.4467854167266503,0
3.709999999999813,REACH,0.38904631168544523,0.1519069095968025,0.6681157210651452,0.5824536188017294,0.14480171371096257,1.0701208085555376,0.44616696496122044,0
3.711999999999813,REACH,0.3895451221800505,0.15193774946418098,0.6685633499683008,0.5824536188017294,0.14480171371096257,1.0701208085555376,0.44554798127939926,0
3.7139999999998126,REACH,0.3900437278085539,0.1519684406087783,0.6690118290831288,0.5824536188017294,0.14480171371096257,1.0701208085555376,0.44492846789099794,0
3.7159999999998123,REACH,0.3905421251244648,0.1519989827904755,0.6694611572004618,0.5824536188017294,0.14480171371096257,1.0701208085555376,0.4443084270094509,0
3.717999999999812,REACH,0.3910403106858721,0.15202937577222306,0.6699113330998347,0.5824536188017294,0.14480171371096257,1.0701208085555376,0.44368786085181183,0
3.719999999999812,REACH,0.3915382810554855,0.15205961932004122,0.6703623555494845,0.5824536188017294,0.14480171371096257,1.0701208085555376,0.44306677163875136,0
3.7219999999998117,REACH,0.3920360328006785,0.15208971320301987,0.6708142233063517,0.5824536188017294,0.14480171371096257,1.0701208085555376,0.442445161594552,0
3.7239999999998115,REACH,0.3925335624935296,0.1521196571933185,0.6712669351160797,0.5824536188017294,0.14480171371096257,1.0701208085555376,0.44182303294710634,0
3.7259999999998112,REACH,0.3930308667108644,0.1521494510661664,0.6717204897130177,0.5824536188017294,0.14480171371096257,1.0701208085555376,0.44120038792791183,0
3.727999999999811,REACH,0.39352794203429786,0.1521790945998624,0.6721748858202197,0.5824536188017294,0.14480171371096257,1.0701208085555376,0.44057722877206845,0
3.729999999999811,REACH,0.39402478505027566,0.15220858757577463,0.6726301221494485,0.5824536188017294,0.14480171371096257,1.0701208085555376,0.4399535577182734,0
3.7319999999998106,REACH,0.39452139235011746,0.1522379297783407,0.673086197401175,0.5824536188017294,0.14480171371096257,1.0701208085555376,0.43932937700881847,0
3.7339999999998104,REACH,0.39501776053005727,0.15226712099506687,0.6735431102645817,0.5824536188017294,0.14480171371096257,1.0701208085555376,0.4387046888895859,0
3.73599999999981,REACH,0.3955138861912864,0.152296161016528,0.6740008594175634,0.5824536188017294,0.14480171371096257,1.0701208085555376,0.4380794956100446,0
3.73799999999981,REACH,0.3960097659399951,0.15232504963636725,0.6744594435267324,0.5824536188017294,0.14480171371096257,1.0701208085555376,0.4374537994232442,0
3.7399999999998097,REACH,0.3965053963874152,0.15235378665129568,0.674918861247416,0.5824536188017294,0.14480171371096257,1.0701208085555376,0.436827602585815,0
3.7419999999998095,REACH,0.39700077414986085,0.1523823718610909,0.6753791112236647,0.5824536188017294,0.14480171371096257,1.0701208085555376,0.4362009073579595,0
3.7439999999998093,REACH,0.39749589584877115,0.15241080506859792,0.6758401920882517,0.5824536188017294,0.14480171371096257,1.0701208085555376,0.4355737160034511,0
3.745999999999809,REACH,0.39799075811075235,0.15243908607972712,0.676302102462678,0.5824536188017294,0.14480171371096257,1.0701208085555376,0.4349460307896281,0
3.747999999999809,REACH,0.39848535756761916,0.15246721470345448,0.676764840957174,0.5824536188017294,0.14480171371096257,1.0701208085555376,0.43431785398739087,0
3.7499999999998086,REACH,0.3989796908564369,0.15249519075182022,0.6772284061707053,0.5824536188017294,0.14480171371096257,1.0701208085555376,0.433689187871196,0
3.7519999999998084,REACH,0.3994737546195636,0.15252301403992868,0.677692796690975,0.5824536188017294,0.14480171371096257,1.0701208085555376,0.43306003471905274,0
3.753999999999808,REACH,0.39996754550469144,0.15255068438594632,0.6781580110944281,0.5824536188017294,0.14480171371096257,1.0701208085555376,0.43243039681251877,0
3.755999999999808,REACH,0.4004610601648894,0.1525782016111021,0.6786240479462564,0.5824536188017294,0.14480171371096257,1.0701208085555376,0.43180027643669416,0
3.7579999999998077,REACH,0.4009542952586437,0.15260556553968552,0.6790909058004025,0.5824536188017294,0.14480171371096257,1.0701208085555376,0.4311696758802186,0
3.7599999999998075,REACH,0.401447247449901,0.15263277599904573,0.6795585831995641,0.5824536188017294,0.14480171371096257,1.0701208085555376,0.430538597435266,0
3.7619999999998073,REACH,0.4019399134081099,0.1526598328195908,0.6800270786752012,0.5824536188017294,0.14480171371096257,1.0701208085555376,0.4299070433975381,0
3.763999999999807,REACH,0.402432289808262,0.15268673583478595,0.6804963907475385,0.5824536188017294,0.14480171371096257,1.0701208085555376,0.4292750160662621,0
3.765999999999807,REACH,0.4029243733309343,0.1527134848811531,0.6809665179255714,0.5824536188017294,0.14480171371096257,1.0701208085555376,0.4286425177441858,0
3.7679999999998066,REACH,0.40341616066233066,0.15274007979826854,0.6814374587070742,0.5824536188017294,0.14480171371096257,1.0701208085555376,0.42800955073756947,0
3.7699999999998064,REACH,0.40390764849432437,0.15276652042876238,0.6819092115786016,0.5824536188017294,0.14480171371096257,1.0701208085555376,0.427376117356185,0
3.771999999999806,REACH,0.40439883352449785,0.15279280661831687,0.6823817750154996,0.5824536188017294,0.14480171371096257,1.0701208085555376,0.4267422199133076,0
3.773999999999806,REACH,0.4048897124561864,0.1528189382156646,0.6828551474819071,0.5824536188017294,0.14480171371096257,1.0701208085555376,0.42610786072571294,0
3.7759999999998057,REACH,0.4053802819985194,0.15284491507258788,0.6833293274307664,0.5824536188017294,0.14480171371096257,1.0701208085555376,0.4254730421136702,0
3.7779999999998055,REACH,0.4058705388664599,0.1528707370439158,0.6838043133038271,0.5824536188017294,0.14480171371096257,1.0701208085555376,0.4248377664009385,0
3.7799999999998053,REACH,0.40636047978084966,0.1528964039875236,0.6842801035316539,0.5824536188017294,0.14480171371096257,1.0701208085555376,0.42420203591476074,0
3.781999999999805,REACH,0.4068501014684476,0.15292191576433048,0.6847566965336356,0.5824536188017294,0.14480171371096257,1.0701208085555376,0.4235658529858572,0
3.783999999999805,REACH,0.4073394006619731,0.15294727223829793,0.6852340907179888,0.5824536188017294,0.14480171371096257,1.0701208085555376,0.42292921994842275,0
3.7859999999998046,REACH,0.4078283741001461,0.1529724732764282,0.6857122844817691,0.5824536188017294,0.14480171371096257,1.0701208085555376,0.42229213914011887,0
3.7879999999998044,REACH,0.40831701852773084,0.15299751874876172,0.6861912762108762,0.5824536188017294,0.14480171371096257,1.0701208085555376,0.4216546129020699,0
3.789999999999804,REACH,0.4088053306955736,0.1530224085283756,0.6866710642800636,0.5824536188017294,0.14480171371096257,1.0701208085555376,0.4210166435788565,0
3.791999999999804,REACH,0.409293307360648,0.1530471424913816,0.6871516470529467,0.5824536188017294,0.14480171371096257,1.0701208085555376,0.42037823351850984,0
3.7939999999998038,REACH,0.40978094528609404,0.15307172051692391,0.68763302288201,0.5824536188017294,0.14480171371096257,1.0701208085555376,0.4197393850725069,0
3.7959999999998035,REACH,0.4102682412412596,0.15309614248717693,0.6881151901086173,0.5824536188017294,0.14480171371096257,1.0701208085555376,0.4191001005957637,0
3.7979999999998033,REACH,0.4107551920017419,0.1531204082873433,0.6885981470630196,0.5824536188017294,0.14480171371096257,1.0701208085555376,0.41846038244663053,0
3.799999999999803,REACH,0.4112417943494293,0.15314451780565183,0.689081892064364,0.5824536188017294,0.14480171371096257,1.0701208085555376,0.41782023298688536,0
3.801999999999803,REACH,0.4117280450725413,0.15316847093335417,0.6895664234207046,0.5824536188017294,0.14480171371096257,1.0701208085555376,0.41717965458172773,0
3.8039999999998027,REACH,0.41221394096567043,0.15319226756472384,0.6900517394290102,0.5824536188017294,0.14480171371096257,1.0701208085555376,0.41653864959977366,0
3.8059999999998024,REACH,0.41269947882982383,0.1532159075970527,0.6905378383751744,0.5824536188017294,0.14480171371096257,1.0701208085555376,0.41589722041304933,0
3.807999999999802,REACH,0.413184655472462,0.15323939093064903,0.6910247185340275,0.5824536188017294,0.14480171371096257,1.0701208085555376,0.4152553693969837,0
3.809999999999802,REACH,0.41366946770754326,0.1532627174688346,0.691512378169343,0.5824536188017294,0.14480171371096257,1.0701208085555376,0.41461309893040493,0
3.8119999999998018,REACH,0.4141539123555616,0.15328588711794247,0.6920008155338523,0.5824536188017294,0.14480171371096257,1.0701208085555376,0.41397041139553115,0
3.8139999999998015,REACH,0.41463798624358883,0.1533088997873139,0.6924900288692505,0.5824536188017294,0.14480171371096257,1.0701208085555376,0.4133273091779681,0
3.8159999999998013,REACH,0.4151216862053157,0.15333175538929594,0.6929800164062123,0.5824536188017294,0.14480171371096257,1.0701208085555376,0.4126837946666981,0
3.817999999999801,REACH,0.4156050090810918,0.15335445383923849,0.6934707763643992,0.5824536188017294,0.14480171371096257,1.0701208085555376,0.4120398702540775,0
3.819999999999801,REACH,0.41608795171796714,0.15337699505549143,0.6939623069524722,0.5824536188017294,0.14480171371096257,1.0701208085555376,0.4113955383358288,0
3.8219999999998007,REACH,0.4165705109697322,0.15339937895940192,0.694454606368103,0.5824536188017294,0.14480171371096257,1.0701208085555376,0.4107508013110343,0
3.8239999999998004,REACH,0.417052683696959,0.1534216054753109,0.6949476727979854,0.5824536188017294,0.14480171371096257,1.0701208085555376,0.41010566158212963,0
3.8259999999998002,REACH,0.41753446676704087,0.15344367453055072,0.6954415044178485,0.5824536188017294,0.14480171371096257,1.0701208085555376,0.4094601215548969,0
3.8279999999998,REACH,0.4180158570542338,0.15346558605544192,0.6959360993924666,0.5824536188017294,0.14480171371096257,1.0701208085555376,0.4088141836384589,0
3.8299999999998,REACH,0.4184968514396967,0.15348733998328934,0.6964314558756736,0.5824536188017294,0.14480171371096257,1.0701208085555376,0.40816785024527114,0
3.8319999999997996,REACH,0.41897744681153115,0.15350893625038056,0.6969275720103735,0.5824536188017294,0.14480171371096257,1.0701208085555376,0.40752112379111666,0
3.8339999999997993,REACH,0.4194576400648225,0.15353037479598045,0.6974244459285547,0.5824536188017294,0.14480171371096257,1.0701208085555376,0.40687400669509827,0
3.835999999999799,REACH,0.41993742810167983,0.15355165556232978,0.6979220757513024,0.5824536188017294,0.14480171371096257,1.0701208085555376,0.4062265013796314,0
3.837999999999799,REACH,0.42041680783127516,0.15357277849464093,0.6984204595888119,0.5824536188017294,0.14480171371096257,1.0701208085555376,0.405578610270438,0
3.8399999999997987,REACH,0.4208957761698858,0.15359374354109462,0.6989195955404004,0.5824536188017294,0.14480171371096257,1.0701208085555376,0.40493033579654014,0
3.8419999999997985,REACH,0.4213743300409321,0.15361455065283625,0.6994194816945237,0.5824536188017294,0.14480171371096257,1.0701208085555376,0.4042816803902505,0
3.8439999999997982,REACH,0.4218524663750186,0.15363519978397286,0.6999201161287858,0.5824536188017294,0.14480171371096257,1.0701208085555376,0.4036326464871693,0
3.845999999999798,REACH,0.42233018210997386,0.15365569089156889,0.7004214969099566,0.5824536188017294,0.14480171371096257,1.0701208085555376,0.40298323652617335,0
3.847999999999798,REACH,0.4228074741908901,0.15367602393564306,0.7009236220939847,0.5824536188017294,0.14480171371096257,1.0701208085555376,0.4023334529494105,0
3.8499999999997976,REACH,0.4232843395701629,0.1536961988791644,0.7014264897260103,0.5824536188017294,0.14480171371096257,1.0701208085555376,0.40168329820229376,0
3.8519999999997974,REACH,0.4237607752075311,0.15371621568804844,0.7019300978403814,0.5824536188017294,0.14480171371096257,1.0701208085555376,0.4010327747334923,0
3.853999999999797,REACH,0.42423677807011617,0.15373607433115355,0.7024344444606696,0.5824536188017294,0.14480171371096257,1.0701208085555376,0.40038188499492344,0
3.855999999999797,REACH,0.4247123451324623,0.153755774780277,0.7029395275996818,0.5824536188017294,0.14480171371096257,1.0701208085555376,0.3997306314417482,0
3.8579999999997967,REACH,0.425187473376575,0.15377531701015093,0.7034453452594783,0.5824536188017294,0.14480171371096257,1.0701208085555376,0.39907901653236133,0
3.8599999999997965,REACH,0.42566215979196126,0.15379470099843837,0.7039518954313861,0.5824536188017294,0.14480171371096257,1.0701208085555376,0.3984270427283857,0
3.8619999999997963,REACH,0.4261364013756687,0.15381392672572938,0.7044591760960176,0.5824536188017294,0.14480171371096257,1.0701208085555376,0.3977747124946619,0
3.863999999999796,REACH,0.4266101951323241,0.1538329941755367,0.7049671852232814,0.5824536188017294,0.14480171371096257,1.0701208085555376,0.3971220282992456,0
3.865999999999796,REACH,0.4270835380741742,0.15385190333429172,0.705475920772404,0.5824536188017294,0.14480171371096257,1.0701208085555376,0.3964689926133939,0
3.8679999999997956,REACH,0.42755642722112264,0.15387065419134016,0.7059853806919403,0.5824536188017294,0.14480171371096257,1.0701208085555376,0.39581560791156395,0
3.8699999999997954,REACH,0.42802885960077053,0.153889246738938,0.7064955629197955,0.5824536188017294,0.14480171371096257,1.0701208085555376,0.39516187667139957,0
3.871999999999795,REACH,0.4285008322484545,0.15390768097224686,0.7070064653832373,0.5824536188017294,0.14480171371096257,1.0701208085555376,0.3945078013737281,0
3.873999999999795,REACH,0.4289723422072865,0.15392595688932986,0.707518085998915,0.5824536188017294,0.14480171371096257,1.0701208085555376,0.39385338450254925,0
3.8759999999997947,REACH,0.4294433865281916,0.15394407449114697,0.7080304226728761,0.5824536188017294,0.14480171371096257,1.0701208085555376,0.3931986285450291,0
3.8779999999997945,REACH,0.42991396226994666,0.15396203378155085,0.7085434733005825,0.5824536188017294,0.14480171371096257,1.0701208085555376,0.39254353599149233,0
3.8799999999997943,REACH,0.4303840664992191,0.15397983476728175,0.7090572357669295,0.5824536188017294,0.14480171371096257,1.0701208085555376,0.39188810933541335,0
3.881999999999794,REACH,0.43085369629060644,0.15399747745796363,0.7095717079462622,0.5824536188017294,0.14480171371096257,1.0701208085555376,0.3912323510734082,0
3.883999999999794,REACH,0.43132284872667237,0.15401496186609875,0.7100868877023934,0.5824536188017294,0.14480171371096257,1.0701208085555376,0.39057626370522824,0
3.8859999999997936,REACH,0.43179152089798717,0.15403228800706345,0.7106027728886223,0.5824536188017294,0.14480171371096257,1.0701208085555376,0.3899198497337498,0
3.8879999999997934,REACH,0.4322597099031649,0.15404945589910302,0.7111193613477516,0.5824536188017294,0.14480171371096257,1.0701208085555376,0.3892631116649681,0
3.889999999999793,REACH,0.4327274128489017,0.1540664655633276,0.7116366509121062,0.5824536188017294,0.14480171371096257,1.0701208085555376,0.388606052007988,0
3.891999999999793,REACH,0.4331946268500134,0.1540833170237061,0.7121546394035542,0.5824536188017294,0.14480171371096257,1.0701208085555376,0.38794867327501453,0
3.8939999999997927,REACH,0.43366134902947434,0.15410001030706258,0.7126733246335203,0.5824536188017294,0.14480171371096257,1.0701208085555376,0.38729097798134854,0
3.8959999999997925,REACH,0.43412757651845474,0.15411654544307016,0.7131927044030099,0.5824536188017294,0.14480171371096257,1.0701208085555376,0.3866329686453742,0
3.8979999999997923,REACH,0.4345933064563569,0.15413292246424679,0.7137127765026259,0.5824536188017294,0.14480171371096257,1.0701208085555376,0.38597464778855334,0
3.899999999999792,REACH,0.43505853599085653,0.15414914140594962,0.7142335387125879,0.5824536188017294,0.14480171371096257,1.0701208085555376,0.3853160179354157,0
3.901999999999792,REACH,0.435523262277936,0.15416520230637004,0.7147549888027532,0.5824536188017294,0.14480171371096257,1.0701208085555376,0.3846570816135507,0
3.9039999999997916,REACH,0.4359874824819246,0.15418110520652864,0.715277124532634,0.5824536188017294,0.14480171371096257,1.0701208085555376,0.38399784135360054,0
3.9059999999997914,REACH,0.43645119377553465,0.15419685015026968,0.7157999436514206,0.5824536188017294,0.14480171371096257,1.0701208085555376,0.38333829968924876,0
3.907999999999791,REACH,0.4369143933398997,0.15421243718425603,0.7163234438979988,0.5824536188017294,0.14480171371096257,1.0701208085555376,0.38267845915721405,0
3.909999999999791,REACH,0.43737707836460976,0.15422786635796354,0.7168476230009715,0.5824536188017294,0.14480171371096257,1.0701208085555376,0.382018322297241,0
3.9119999999997908,REACH,0.4378392460477501,0.15424313772367576,0.7173724786786787,0.5824536188017294,0.14480171371096257,1.0701208085555376,0.381357891652091,0
3.9139999999997905,REACH,0.43830089359593793,0.15425825133647883,0.7178980086392185,0.5824536188017294,0.14480171371096257,1.0701208085555376,0.380697169767534,0
3.9159999999997903,REACH,0.4387620182243581,0.15427320725425522,0.718424210580467,0.5824536188017294,0.14480171371096257,1.0701208085555376,0.38003615919234035,0
3.91799999999979,REACH,0.43922261715680044,0.1542880055376787,0.7189510821901017,0.5824536188017294,0.14480171371096257,1.0701208085555376,0.3793748624782701,0
3.91999999999979,REACH,0.4396826876256964,0.15430264625020862,0.7194786211456192,0.5824536188017294,0.14480171371096257,1.0701208085555376,0.37871328218006717,0
3.9219999999997897,REACH,0.4401422268721556,0.15431712945808415,0.7200068251143609,0.5824536188017294,0.14480171371096257,1.0701208085555376,0.37805142085544646,0
3.9239999999997894,REACH,0.4406012321460018,0.1543314552303188,0.7205356917535303,0.5824536188017294,0.14480171371096257,1.0701208085555376,0.3773892810650892,0
3.925999999999789,REACH,0.441059700705809,0.15434562363869408,0.7210652187102183,0.5824536188017294,0.14480171371096257,1.0701208085555376,0.3767268653726307,0
3.927999999999789,REACH,0.4415176298189379,0.15435963475775438,0.7215954036214222,0.5824536188017294,0.14480171371096257,1.0701208085555376,0.37606417634465444,0
3.9299999999997888,REACH,0.44197501676157197,0.15437348866480058,0.7221262441140706,0.5824536188017294,0.14480171371096257,1.0701208085555376,0.37540121655067954,0
3.9319999999997886,REACH,0.4424318588187534,0.1543871854398842,0.7226577378050444,0.5824536188017294,0.14480171371096257,1.0701208085555376,0.37473798856315377,0
3.9339999999997883,REACH,0.44288815328441755,0.15440072516580183,0.7231898823011981,0.5824536188017294,0.14480171371096257,1.0701208085555376,0.3740744949574457,0
3.935999999999788,REACH,0.44334389746143055,0.1544141079280884,0.723722675199386,0.5824536188017294,0.14480171371096257,1.0701208085555376,0.37341073831183164,0
3.937999999999788,REACH,0.44379908866162376,0.1544273338150119,0.7242561140864809,0.5824536188017294,0.14480171371096257,1.0701208085555376,0.37274672120749075,0
3.9399999999997877,REACH,0.44425372420582887,0.15444040291756617,0.7247901965394004,0.5824536188017294,0.14480171371096257,1.0701208085555376,0.37208244622849307,0
3.9419999999997875,REACH,0.4447078014239134,0.15445331532946624,0.7253249201251284,0.5824536188017294,0.14480171371096257,1.0701208085555376,0.3714179159617911,0
3.9439999999997872,REACH,0.4451613176548166,0.15446607114714048,0.7258602824007395,0.5824536188017294,0.14480171371096257,1.0701208085555376,0.37075313299721047,0
3.945999999999787,REACH,0.4456142702465841,0.15447867046972535,0.7263962809134219,0.5824536188017294,0.14480171371096257,1.0701208085555376,0.37008809992744035,0
3.947999999999787,REACH,0.4460666565564014,0.154491113399059,0.7269329132005011,0.5824536188017294,0.14480171371096257,1.0701208085555376,0.36942281934802523,0
3.9499999999997866,REACH,0.4465184739506306,0.1545034000396744,0.7274701767894656,0.5824536188017294,0.14480171371096257,1.0701208085555376,0.368757293857353,0
3.9519999999997864,REACH,0.44696971980484446,0.15451553049879316,0.7280080691979878,0.5824536188017294,0.14480171371096257,1.0701208085555376,0.3680915260566487,0
3.953999999999786,REACH,0.44742039150385987,0.15452750488631925,0.7285465879339514,0.5824536188017294,0.14480171371096257,1.0701208085555376,0.3674255185499624,0
3.955999999999786,REACH,0.44787048644177413,0.1545393233148322,0.7290857304954749,0.5824536188017294,0.14480171371096257,1.0701208085555376,0.3667592739441604,0
3.9579999999997857,REACH,0.44832000202199684,0.15455098589958075,0.7296254943709354,0.5824536188017294,0.14480171371096257,1.0701208085555376,0.36609279484891655,0
3.9599999999997855,REACH,0.4487689356572865,0.15456249275847597,0.7301658770389939,0.5824536188017294,0.14480171371096257,1.0701208085555376,0.3654260838767019,0
3.9619999999997852,REACH,0.44921728476978257,0.15457384401208463,0.7307068759686212,0.5824536188017294,0.14480171371096257,1.0701208085555376,0.3647591436427749,0
3.963999999999785,REACH,0.4496650467910402,0.15458503978362279,0.7312484886191218,0.5824536188017294,0.14480171371096257,1.0701208085555376,0.36409197676517197,0
3.965999999999785,REACH,0.4501122191620635,0.15459608019894877,0.7317907124401605,0.5824536188017294,0.14480171371096257,1.0701208085555376,0.3634245858646978,0
3.9679999999997846,REACH,0.45055879933334075,0.1546069653865562,0.7323335448717865,0.5824536188017294,0.14480171371096257,1.0701208085555376,0.36275697356491515,0
3.9699999999997844,REACH,0.45100478476487393,0.15461769547756748,0.7328769833444604,0.5824536188017294,0.14480171371096257,1.0701208085555376,0.3620891424921365,0
3.971999999999784,REACH,0.45145017292621725,0.15462827060572673,0.7334210252790789,0.5824536188017294,0.14480171371096257,1.0701208085555376,0.3614210952754121,0
3.973999999999784,REACH,0.45189496129650586,0.1546386909073927,0.733965668087002,0.5824536188017294,0.14480171371096257,1.0701208085555376,0.3607528345465219,0
3.9759999999997837,REACH,0.4523391473644915,0.15464895652153213,0.7345109091700792,0.5824536188017294,0.14480171371096257,1.0701208085555376,0.3600843629399639,0
3.9779999999997835,REACH,0.45278272862857416,0.15465906758971223,0.7350567459206734,0.5824536188017294,0.14480171371096257,1.0701208085555376,0.35941568309294686,0
3.9799999999997833,REACH,0.4532257025968358,0.1546690242560938,0.7356031757216915,0.5824536188017294,0.14480171371096257,1.0701208085555376,0.35874679764537676,0
3.981999999999783,REACH,0.4536680667870716,0.15467882666742425,0.7361501959466074,0.5824536188017294,0.14480171371096257,1.0701208085555376,0.3580777092398506,0
3.983999999999783,REACH,0.45410981872682327,0.15468847497303026,0.736697803959491,0.5824536188017294,0.14480171371096257,1.0701208085555376,0.3574084205216434,0
3.9859999999997826,REACH,0.454550955953412,0.1546979693248104,0.7372459971150349,0.5824536188017294,0.14480171371096257,1.0701208085555376,0.3567389341386992,0
3.9879999999997824,REACH,0.4549914760139688,0.15470730987722808,0.7377947727585809,0.5824536188017294,0.14480171371096257,1.0701208085555376,0.3560692527416216,0
3.989999999999782,REACH,0.4554313764654685,0.1547164967873042,0.7383441282261473,0.5824536188017294,0.14480171371096257,1.0701208085555376,0.3553993789836628,0
3.991999999999782,REACH,0.45587065487475986,0.15472553021460964,0.7388940608444583,0.5824536188017294,0.14480171371096257,1.0701208085555376,0.3547293155207129,0
3.9939999999997817,REACH,0.4563093088185991,0.154734410321258,0.7394445679309684,0.5824536188017294,0.14480171371096257,1.0701208085555376,0.3540590650112919,0
3.9959999999997815,REACH,0.4567473358836799,0.15474313727189806,0.7399956467938934,0.5824536188017294,0.14480171371096257,1.0701208085555376,0.3533886301165367,0
3.9979999999997813,REACH,0.4571847336666658,0.15475171123370615,0.7405472947322365,0.5824536188017294,0.14480171371096257,1.0701208085555376,0.3527180135001926,0
3.999999999999781,REACH,0.45762149977422023,0.15476013237637903,0.7410995090358166,0.5824536188017294,0.14480171371096257,1.0701208085555376,0.3520472178286031,0
4.001999999999781,REACH,0.45805763182303927,0.1547684008721255,0.7416522869852985,0.5824536188017294,0.14480171371096257,1.0701208085555376,0.3513762457706974,0
4.003999999999781,REACH,0.4584931274398822,0.15477651689565988,0.742205625852218,0.5824536188017294,0.14480171371096257,1.0701208085555376,0.3507050999979833,0
4.005999999999781,REACH,0.45892798426160086,0.15478448062419348,0.7427595228990134,0.5824536188017294,0.14480171371096257,1.0701208085555376,0.35003378318453454,0
4.007999999999781,REACH,0.45936219993517186,0.15479229223742685,0.7433139753790527,0.5824536188017294,0.14480171371096257,1.0701208085555376,0.34936229800698093,0
4.00999999999978,REACH,0.459795772117727,0.15479995191754262,0.7438689805366638,0.5824536188017294,0.14480171371096257,1.0701208085555376,0.3486906471444976,0
4.01199999999978,REACH,0.46022869847658254,0.15480745984919725,0.7444245356071622,0.5824536188017294,0.14480171371096257,1.0701208085555376,0.3480188332787954,0
4.01399999999978,REACH,0.4606609766892704,0.1548148162195133,0.7449806378168808,0.5824536188017294,0.14480171371096257,1.0701208085555376,0.34734685909410945,0
4.01599999999978,REACH,0.4610926044435676,0.15482202121807162,0.7455372843831988,0.5824536188017294,0.14480171371096257,1.0701208085555376,0.3466747272771903,0
4.0179999999997795,REACH,0.46152357943752675,0.15482907503690296,0.7460944725145737,0.5824536188017294,0.14480171371096257,1.0701208085555376,0.3460024405172891,0
4.019999999999779,REACH,0.4619538993795042,0.15483597787048084,0.7466521994105675,0.5824536188017294,0.14480171371096257,1.0701208085555376,0.34533000150615273,0
4.021999999999779,REACH,0.4623835619881927,0.15484272991571268,0.747210462261877,0.5824536188017294,0.14480171371096257,1.0701208085555376,0.3446574129380098,0
4.023999999999779,REACH,0.46281256499264656,0.15484933137193238,0.7477692582503676,0.5824536188017294,0.14480171371096257,1.0701208085555376,0.34398467750955924,0
4.025999999999779,REACH,0.4632409061323143,0.15485578244089165,0.7483285845490987,0.5824536188017294,0.14480171371096257,1.0701208085555376,0.343311797919962,0
4.027999999999778,REACH,0.4636685831570665,0.15486208332675255,0.7488884383223559,0.5824536188017294,0.14480171371096257,1.0701208085555376,0.3426387768708295,0
4.029999999999778,REACH,0.46409559382722426,0.15486823423607848,0.7494488167256821,0.5824536188017294,0.14480171371096257,1.0701208085555376,0.3419656170662119,0
4.031999999999778,REACH,0.464521935913588,0.1548742353778266,0.750009716905907,0.5824536188017294,0.14480171371096257,1.0701208085555376,0.3412923212125887,0
4.033999999999778,REACH,0.46494760719746697,0.15488008696333977,0.750571136001178,0.5824536188017294,0.14480171371096257,1.0701208085555376,0.340618892018857,0
4.0359999999997775,REACH,0.46537260547070625,0.15488578920633708,0.7511330711409918,0.5824536188017294,0.14480171371096257,1.0701208085555376,0.3399453321963207,0
4.037999999999777,REACH,0.46579692853571664,0.15489134232290677,0.7516955194462238,0.5824536188017294,0.14480171371096257,1.0701208085555376,0.33927164445868074,0
4.039999999999777,REACH,0.46622057420550067,0.15489674653149738,0.7522584780291615,0.5824536188017294,0.14480171371096257,1.0701208085555376,0.3385978315220222,0
4.041999999999777,REACH,0.46664354030368194,0.1549020020529091,0.7528219439935326,0.5824536188017294,0.14480171371096257,1.0701208085555376,0.33792389610480633,0
4.043999999999777,REACH,0.4670658246645322,0.1549071091102856,0.7533859144345405,0.5824536188017294,0.14480171371096257,1.0701208085555376,0.33724984092785587,0
4.045999999999776,REACH,0.4674874251329992,0.15491206792910542,0.7539503864388909,0.5824536188017294,0.14480171371096257,1.0701208085555376,0.33657566871434846,0
4.047999999999776,REACH,0.4679083395647338,0.1549168787371736,0.7545153570848289,0.5824536188017294,0.14480171371096257,1.0701208085555376,0.33590138218980087,0
4.049999999999776,REACH,0.4683285658261171,0.15492154176461254,0.7550808234421662,0.5824536188017294,0.14480171371096257,1.0701208085555376,0.335226984082062,0
4.051999999999776,REACH,0.4687481017942882,0.15492605724385466,0.7556467825723149,0.5824536188017294,0.14480171371096257,1.0701208085555376,0.3345524771213003,0
4.053999999999776,REACH,0.4691669453571691,0.15493042540963192,0.7562132315283208,0.5824536188017294,0.14480171371096257,1.0701208085555376,0.33387786403999187,0
4.055999999999775,REACH,0.4695850944134938,0.15493464649896874,0.7567801673548932,0.5824536188017294,0.14480171371096257,1.0701208085555376,0.3332031475729108,0
4.057999999999775,REACH,0.4700025468728328,0.15493872075117263,0.7573475870884385,0.5824536188017294,0.14480171371096257,1.0701208085555376,0.3325283304571178,0
4.059999999999775,REACH,0.4704193006556205,0.154942648407825,0.7579154877570935,0.5824536188017294,0.14480171371096257,1.0701208085555376,0.33185341543194785,0
4.061999999999775,REACH,0.47083535369318125,0.15494642971277345,0.7584838663807559,0.5824536188017294,0.14480171371096257,1.0701208085555376,0.33117840523900066,0
4.0639999999997745,REACH,0.4712507039277544,0.15495006491212182,0.7590527199711188,0.5824536188017294,0.14480171371096257,1.0701208085555376,0.33050330262212874,0
4.065999999999774,REACH,0.4716653493125209,0.1549535542542222,0.7596220455317033,0.5824536188017294,0.14480171371096257,1.0701208085555376,0.3298281103274256,0
4.067999999999774,REACH,0.47207928781162845,0.1549568979896651,0.7601918400578901,0.5824536188017294,0.14480171371096257,1.0701208085555376,0.32915283110321647,0
4.069999999999774,REACH,0.47249251740021747,0.15496009637127156,0.7607621005369548,0.5824536188017294,0.14480171371096257,1.0701208085555376,0.32847746770004427,0
4.071999999999774,REACH,0.47290503606444523,0.15496314965408323,0.761332823948099,0.5824536188017294,0.14480171371096257,1.0701208085555376,0.3278020228706612,0
4.073999999999773,REACH,0.47331684180151207,0.1549660580953543,0.761904007262485,0.5824536188017294,0.14480171371096257,1.0701208085555376,0.32712649937001553,0
4.075999999999773,REACH,0.47372793261968515,0.15496882195454142,0.7624756474432693,0.5824536188017294,0.14480171371096257,1.0701208085555376,0.3264508999552406,0
4.077999999999773,REACH,0.4741383065383243,0.15497144149329536,0.7630477414456347,0.5824536188017294,0.14480171371096257,1.0701208085555376,0.3257752273856449,0
4.079999999999773,REACH,0.4745479615879045,0.1549739169754516,0.7636202862168268,0.5824536188017294,0.14480171371096257,1.0701208085555376,0.3250994844226981,0
4.0819999999997725,REACH,0.4749568958100426,0.15497624866702148,0.7641932786961846,0.5824536188017294,0.14480171371096257,1.0701208085555376,0.3244236738300225,0
4.083999999999772,REACH,0.4753651072575202,0.15497843683618248,0.7647667158151767,0.5824536188017294,0.14480171371096257,1.0701208085555376,0.3237477983733797,0
4.085999999999772,REACH,0.4757725939943063,0.15498048175326956,0.765340594497435,0.5824536188017294,0.14480171371096257,1.0701208085555376,0.32307186082066014,0
4.087999999999772,REACH,0.47617935409558376,0.15498238369076553,0.7659149116587886,0.5824536188017294,0.14480171371096257,1.0701208085555376,0.32239586394187053,0
4.089999999999772,REACH,0.4765853856477702,0.15498414292329185,0.7664896642072977,0.5824536188017294,0.14480171371096257,1.0701208085555376,0.3217198105091243,0
4.091999999999771,REACH,0.47699068674854295,0.15498575972759954,0.7670648490432889,0.5824536188017294,0.14480171371096257,1.0701208085555376,0.3210437032966287,0
4.093999999999771,REACH,0.47739525550686174,0.15498723438255954,0.7676404630593884,0.5824536188017294,0.14480171371096257,1.0701208085555376,0.32036754508067405,0
4.095999999999771,REACH,0.47779909004299115,0.1549885671691535,0.7682165031405582,0.5824536188017294,0.14480171371096257,1.0701208085555376,0.31969133863962185,0
4.097999999999771,REACH,0.4782021884885237,0.15498975837046453,0.7687929661641311,0.5824536188017294,0.14480171371096257,1.0701208085555376,0.31901508675389245,0
4.0999999999997705,REACH,0.4786045489864029,0.15499080827166725,0.7693698489998434,0.5824536188017294,0.14480171371096257,1.0701208085555376,0.31833879220595523,0
4.10199999999977,REACH,0.47900616969094484,0.15499171716001864,0.769947148509872,0.5824536188017294,0.14480171371096257,1.0701208085555376,0.3176624577803158,0
4.10399999999977,REACH,0.47940704876786033,0.15499248532484894,0.7705248615488681,0.5824536188017294,0.14480171371096257,1.0701208085555376,0.31698608626350555,0
4.10599999999977,REACH,0.47980718439427794,0.15499311305755115,0.7711029849639938,0.5824536188017294,0.14480171371096257,1.0701208085555376,0.31630968044406815,0
4.10799999999977,REACH,0.4802065747587646,0.1549936006515725,0.7716815155949553,0.5824536188017294,0.14480171371096257,1.0701208085555376,0.3156332431125505,0
4.109999999999769,REACH,0.48060521806134676,0.15499394840240385,0.7722604502740416,0.5824536188017294,0.14480171371096257,1.0701208085555376,0.3149567770614885,0
4.111999999999769,REACH,0.4810031125135338,0.15499415660757115,0.7728397858261556,0.5824536188017294,0.14480171371096257,1.0701208085555376,0.3142802850853982,0
4.113999999999769,REACH,0.4814002563383374,0.15499422556662493,0.7734195190688548,0.5824536188017294,0.14480171371096257,1.0701208085555376,0.3136037699807607,0
4.115999999999769,REACH,0.48179664777029274,0.15499415558113117,0.7739996468123823,0.5824536188017294,0.14480171371096257,1.0701208085555376,0.3129272345460142,0
4.1179999999997685,REACH,0.48219228505548056,0.1549939469546608,0.7745801658597059,0.5824536188017294,0.14480171371096257,1.0701208085555376,0.3122506815815394,0
4.119999999999768,REACH,0.48258716645154526,0.15499359999278112,0.7751610730065529,0.5824536188017294,0.14480171371096257,1.0701208085555376,0.31157411388964923,0
4.121999999999768,REACH,0.4829812902277174,0.15499311500304497,0.7757423650414456,0.5824536188017294,0.14480171371096257,1.0701208085555376,0.3108975342745773,0
4.123999999999768,REACH,0.48337465466483426,0.1549924922949818,0.7763240387457379,0.5824536188017294,0.14480171371096257,1.0701208085555376,0.31022094554246515,0
4.125999999999768,REACH,0.48376725805535736,0.15499173218008697,0.776906090893652,0.5824536188017294,0.14480171371096257,1.0701208085555376,0.3095443505013513,0
4.127999999999767,REACH,0.4841590987033937,0.15499083497181276,0.7774885182523145,0.5824536188017294,0.14480171371096257,1.0701208085555376,0.3088677519611594,0
4.129999999999767,REACH,0.484550174924716,0.15498980098555779,0.7780713175817915,0.5824536188017294,0.14480171371096257,1.0701208085555376,0.3081911527336865,0
4.131999999999767,REACH,0.4849404850467803,0.15498863053865772,0.7786544856351275,0.5824536188017294,0.14480171371096257,1.0701208085555376,0.3075145556325908,0
4.133999999999767,REACH,0.4853300274087466,0.1549873239503746,0.7792380191583802,0.5824536188017294,0.14480171371096257,1.0701208085555376,0.30683796347338005,0
4.1359999999997665,REACH,0.48571880036149767,0.15498588154188792,0.7798219148906573,0.5824536188017294,0.14480171371096257,1.0701208085555376,0.30616137907340063,0
4.137999999999766,REACH,0.486106802267656,0.15498430363628346,0.7804061695641549,0.5824536188017294,0.14480171371096257,1.0701208085555376,0.30548480525182403,0
4.139999999999766,REACH,0.4864940315016045,0.15498259055854408,0.7809907799041917,0.5824536188017294,0.14480171371096257,1.0701208085555376,0.3048082448296371,0
4.141999999999766,REACH,0.4868804864495042,0.15498074263553963,0.7815757426292488,0.5824536188017294,0.14480171371096257,1.0701208085555376,0.304131700629628,0
4.143999999999766,REACH,0.48726616550931173,0.15497876019601664,0.7821610544510045,0.5824536188017294,0.14480171371096257,1.0701208085555376,0.3034551754763763,0
4.145999999999765,REACH,0.48765106709079736,0.15497664357058819,0.7827467120743723,0.5824536188017294,0.14480171371096257,1.0701208085555376,0.30277867219624033,0
4.147999999999765,REACH,0.4880351896155629,0.154974393091724,0.78333271219754,0.5824536188017294,0.14480171371096257,1.0701208085555376,0.30210219361734375,0
4.149999999999765,REACH,0.4884185315170599,0.15497200909374054,0.7839190515120023,0.5824536188017294,0.14480171371096257,1.0701208085555376,0.3014257425695675,0
4.151999999999765,REACH,0.48880109124060545,0.15496949191279022,0.7845057267026027,0.5824536188017294,0.14480171371096257,1.0701208085555376,0.30074932188453457,0
4.1539999999997645,REACH,0.4891828672434,0.15496684188685156,0.7850927344475701,0.5824536188017294,0.14480171371096257,1.0701208085555376,0.300072934395598,0
4.155999999999764,REACH,0.48956385799454416,0.1549640593557193,0.7856800714185542,0.5824536188017294,0.14480171371096257,1.0701208085555376,0.2993965829378319,0
4.157999999999764,REACH,0.4899440619750558,0.15496114466099362,0.786267734280665,0.5824536188017294,0.14480171371096257,1.0701208085555376,0.29872027034801696,0
4.159999999999764,REACH,0.4903234776778856,0.15495809814607028,0.7868557196925106,0.5824536188017294,0.14480171371096257,1.0701208085555376,0.29804399946462884,0
4.161999999999764,REACH,0.49070210360793276,0.15495492015613005,0.787444024306234,0.5824536188017294,0.14480171371096257,1.0701208085555376,0.2973677731278274,0
4.1639999999997634,REACH,0.4910799382820631,0.15495161103812896,0.7880326447675511,0.5824536188017294,0.14480171371096257,1.0701208085555376,0.29669159417944413,0
4.165999999999763,REACH,0.49145698022912276,0.15494817114078716,0.7886215777157903,0.5824536188017294,0.14480171371096257,1.0701208085555376,0.296015465462969,0
4.167999999999763,REACH,0.4918332279899552,0.15494460081457928,0.789210819783927,0.5824536188017294,0.14480171371096257,1.0701208085555376,0.2953393898235414,0
4.169999999999763,REACH,0.4922086801174149,0.1549409004117239,0.7898003675986269,0.5824536188017294,0.14480171371096257,1.0701208085555376,0.2946633701079342,0
4.171999999999763,REACH,0.49258333517638375,0.15493707028617304,0.7903902177802782,0.5824536188017294,0.14480171371096257,1.0701208085555376,0.2939874091645463,0
4.173999999999762,REACH,0.4929571917437861,0.15493311079360172,0.7909803669430345,0.5824536188017294,0.14480171371096257,1.0701208085555376,0.29331150984338666,0
4.175999999999762,REACH,0.4933302484086025,0.15492902229139768,0.7915708116948508,0.5824536188017294,0.14480171371096257,1.0701208085555376,0.29263567499606485,0
4.177999999999762,REACH,0.49370250377188424,0.1549248051386514,0.7921615486375235,0.5824536188017294,0.14480171371096257,1.0701208085555376,0.291959907475777,0
4.179999999999762,REACH,0.49407395644676855,0.15492045969614443,0.7927525743667261,0.5824536188017294,0.14480171371096257,1.0701208085555376,0.29128421013729683,0
4.1819999999997615,REACH,0.4944446050584921,0.15491598632634007,0.7933438854720504,0.5824536188017294,0.14480171371096257,1.0701208085555376,0.29060858583696064,0
4.183999999999761,REACH,0.4948144482444039,0.15491138539337243,0.7939354785370448,0.5824536188017294,0.14480171371096257,1.0701208085555376,0.28993303743265597,0
4.185999999999761,REACH,0.4951834846539805,0.15490665726303596,0.7945273501392508,0.5824536188017294,0.14480171371096257,1.0701208085555376,0.28925756778381145,0
4.187999999999761,REACH,0.495551712948838,0.15490180230277478,0.7951194968502449,0.5824536188017294,0.14480171371096257,1.0701208085555376,0.2885821797513818,0
4.189999999999761,REACH,0.49591913180274605,0.15489682088167245,0.7957119152356733,0.5824536188017294,0.14480171371096257,1.0701208085555376,0.2879068761978394,0
4.19199999999976,REACH,0.49628573990164,0.1548917133704411,0.7963046018552951,0.5824536188017294,0.14480171371096257,1.0701208085555376,0.2872316599871586,0
4.19399999999976,REACH,0.49665153594363487,0.15488648014141104,0.7968975532630186,0.5824536188017294,0.14480171371096257,1.0701208085555376,0.2865565339848056,0
4.19599999999976,REACH,0.4970165186390356,0.1548811215685199,0.7974907660069401,0.5824536188017294,0.14480171371096257,1.0701208085555376,0.28588150105772714,0
4.19799999999976,REACH,0.4973806867103524,0.15487563802730245,0.7980842366293843,0.5824536188017294,0.14480171371096257,1.0701208085555376,0.28520656407433637,0
4.1999999999997595,REACH,0.49774403889230956,0.1548700298948797,0.7986779616669422,0.5824536188017294,0.14480171371096257,1.0701208085555376,0.28453172590450293,0
4.201999999999759,REACH,0.4981065739318594,0.15486429754994782,0.7992719376505113,0.5824536188017294,0.14480171371096257,1.0701208085555376,0.28385698941953863,0
4.203999999999759,REACH,0.49846829058819275,0.15485844137276855,0.7998661611053327,0.5824536188017294,0.14480171371096257,1.0701208085555376,0.2831823574921887,0
4.205999999999759,REACH,0.49882918763275147,0.15485246174515765,0.8004606285510337,0.5824536188017294,0.14480171371096257,1.0701208085555376,0.2825078329966152,0
4.207999999999759,REACH,0.49918926384923806,0.15484635905047428,0.8010553365016632,0.5824536188017294,0.14480171371096257,1.0701208085555376,0.28183341880838997,0
4.209999999999758,REACH,0.49954851803362743,0.15484013367361057,0.8016502814657342,0.5824536188017294,0.14480171371096257,1.0701208085555376,0.2811591178044782,0
4.211999999999758,REACH,0.4999069489941778,0.15483378600098097,0.8022454599462613,0.5824536188017294,0.14480171371096257,1.0701208085555376,0.2804849328632296,0
4.213999999999758,REACH,0.5002645555514408,0.15482731642051104,0.8028408684408008,0.5824536188017294,0.14480171371096257,1.0701208085555376,0.2798108668643642,0
4.215999999999758,REACH,0.5006213365382707,0.15482072532162713,0.8034365034414904,0.5824536188017294,0.14480171371096257,1.0701208085555376,0.2791369226889614,0
4.2179999999997575,REACH,0.5009772907998365,0.15481401309524545,0.8040323614350887,0.5824536188017294,0.14480171371096257,1.0701208085555376,0.2784631032194471,0
4.219999999999757,REACH,0.5013324171936308,0.15480718013376135,0.8046284389030124,0.5824536188017294,0.14480171371096257,1.0701208085555376,0.27778941133958407,0
4.221999999999757,REACH,0.5016867145894773,0.15480022683103842,0.8052247323213806,0.5824536188017294,0.14480171371096257,1.0701208085555376,0.27711584993445565,0
4.223999999999757,REACH,0.502040181869544,0.1547931535823978,0.8058212381610497,0.5824536188017294,0.14480171371096257,1.0701208085555376,0.276442421890458,0
4.225999999999757,REACH,0.5023928179283489,0.1547859607846072,0.8064179528876572,0.5824536188017294,0.14480171371096257,1.0701208085555376,0.275769130095284,0
4.227999999999756,REACH,0.50274462167277,0.15477864883587067,0.8070148729616571,0.5824536188017294,0.14480171371096257,1.0701208085555376,0.2750959774379158,0
4.229999999999756,REACH,0.5030955920220551,0.15477121813581654,0.8076119948383638,0.5824536188017294,0.14480171371096257,1.0701208085555376,0.27442296680860834,0
4.231999999999756,REACH,0.5034457279078279,0.15476366908548767,0.8082093149679895,0.5824536188017294,0.14480171371096257,1.0701208085555376,0.27375010109887976,0
4.233999999999756,REACH,0.5037950282740983,0.1547560020873304,0.8088068297956837,0.5824536188017294,0.14480171371096257,1.0701208085555376,0.2730773832014998,0
4.2359999999997555,REACH,0.5041434920772687,0.1547482175451835,0.8094045357615753,0.5824536188017294,0.14480171371096257,1.0701208085555376,0.2724048160104755,0
4.237999999999755,REACH,0.5044911182861429,0.15474031586426676,0.8100024293008107,0.5824536188017294,0.14480171371096257,1.0701208085555376,0.27173240242104074,0
4.239999999999755,REACH,0.5048379058819323,0.15473229745117129,0.8106005068435939,0.5824536188017294,0.14480171371096257,1.0701208085555376,0.27106014532964445,0
4.241999999999755,REACH,0.5051838538582651,0.15472416271384762,0.8111987648152268,0.5824536188017294,0.14480171371096257,1.0701208085555376,0.2703880476339376,0
4.243999999999755,REACH,0.5055289612211906,0.15471591206159516,0.8117971996361495,0.5824536188017294,0.14480171371096257,1.0701208085555376,0.2697161122327619,0
4.245999999999754,REACH,0.5058732269891887,0.15470754590505134,0.8123958077219803,0.5824536188017294,0.14480171371096257,1.0701208085555376,0.2690443420261367,0
4.247999999999754,REACH,0.5062166501931736,0.15469906465618052,0.8129945854835545,0.5824536188017294,0.14480171371096257,1.0701208085555376,0.26837273991524907,0
4.249999999999754,REACH,0.5065592298765037,0.15469046872826298,0.8135935293269664,0.5824536188017294,0.14480171371096257,1.0701208085555376,0.26770130880243925,0
4.251999999999754,REACH,0.5069009650949836,0.1546817585358844,0.8141926356536081,0.5824536188017294,0.14480171371096257,1.0701208085555376,0.2670300515911905,0
4.2539999999997535,REACH,0.5072418549168738,0.15467293449492467,0.8147919008602097,0.5824536188017294,0.14480171371096257,1.0701208085555376,0.2663589711861162,0
4.255999999999753,REACH,0.5075818984228921,0.15466399702254635,0.8153913213388811,0.5824536188017294,0.14480171371096257,1.0701208085555376,0.26568807049294757,0
4.257999999999753,REACH,0.5079210947062238,0.15465494653718484,0.8159908934771487,0.5824536188017294,0.14480171371096257,1.0701208085555376,0.26501735241852376,0
4.259999999999753,REACH,0.5082594428725228,0.15464578345853652,0.8165906136579997,0.5824536188017294,0.14480171371096257,1.0701208085555376,0.2643468198707764,0
4.261999999999753,REACH,0.508596942039918,0.15463650820754785,0.8171904782599196,0.5824536188017294,0.14480171371096257,1.0701208085555376,0.26367647575872055,0
4.263999999999752,REACH,0.5089335913390189,0.1546271212064052,0.8177904836569333,0.5824536188017294,0.14480171371096257,1.0701208085555376,0.2630063229924414,0
4.265999999999752,REACH,0.5092693899129184,0.15461762287852251,0.8183906262186451,0.5824536188017294,0.14480171371096257,1.0701208085555376,0.26233636448308273,0
4.267999999999752,REACH,0.5096043369171971,0.15460801364853144,0.8189909023102805,0.5824536188017294,0.14480171371096257,1.0701208085555376,0.26166660314283374,0
4.269999999999752,REACH,0.5099384315199293,0.15459829394226993,0.8195913082927233,0.5824536188017294,0.14480171371096257,1.0701208085555376,0.2609970418849195,0
4.2719999999997516,REACH,0.5102716729016838,0.15458846418677122,0.8201918405225588,0.5824536188017294,0.14480171371096257,1.0701208085555376,0.2603276836235873,0
4.273999999999751,REACH,0.5106040602555303,0.15457852481025258,0.820792495352113,0.5824536188017294,0.14480171371096257,1.0701208085555376,0.2596585312740945,0
4.275999999999751,REACH,0.5109355927870393,0.1545684762421048,0.8213932691294933,0.5824536188017294,0.14480171371096257,1.0701208085555376,0.2589895877526972,0
4.277999999999751,REACH,0.5112662697142886,0.15455831891288085,0.8219941581986285,0.5824536188017294,0.14480171371096257,1.0701208085555376,0.25832085597663823,0
4.279999999999751,REACH,0.5115960902678636,0.15454805325428483,0.8225951588993088,0.5824536188017294,0.14480171371096257,1.0701208085555376,0.2576523388641358,0
4.2819999999997505,REACH,0.5119250536908605,0.1545376796991612,0.8231962675672277,0.5824536188017294,0.14480171371096257,1.0701208085555376,0.2569840393343698,0
4.28399999999975,REACH,0.5122531592388895,0.15452719868148335,0.8237974805340202,0.5824536188017294,0.14480171371096257,1.0701208085555376,0.25631596030747245,0
4.28599999999975,REACH,0.5125804061800757,0.15451661063634312,0.8243987941273043,0.5824536188017294,0.14480171371096257,1.0701208085555376,0.25564810470451466,0
4.28799999999975,REACH,0.512906793795061,0.154505915999939,0.8250002046707232,0.5824536188017294,0.14480171371096257,1.0701208085555376,0.2549804754474931,0
4.28999999999975,REACH,0.5132323213770063,0.1544951152095661,0.8256017084839813,0.5824536188017294,0.14480171371096257,1.0701208085555376,0.25431307545932214,0
4.291999999999749,REACH,0.5135569882315926,0.15448420870360377,0.8262033018828887,0.5824536188017294,0.14480171371096257,1.0701208085555376,0.2536459076638181,0
4.293999999999749,REACH,0.5138807936770218,0.1544731969215063,0.8268049811794006,0.5824536188017294,0.14480171371096257,1.0701208085555376,0.2529789749856886,0
4.295999999999749,REACH,0.5142037370440182,0.15446208030379008,0.8274067426816553,0.5824536188017294,0.14480171371096257,1.0701208085555376,0.2523122803505225,0
4.297999999999749,REACH,0.5145258176758286,0.15445085929202393,0.8280085826940176,0.5824536188017294,0.14480171371096257,1.0701208085555376,0.25164582668477564,0
4.2999999999997485,REACH,0.5148470349282225,0.1544395343288172,0.8286104975171179,0.5824536188017294,0.14480171371096257,1.0701208085555376,0.2509796169157601,0
4.301999999999748,REACH,0.5151673881694928,0.15442810585780936,0.8292124834478938,0.5824536188017294,0.14480171371096257,1.0701208085555376,0.2503136539716314,0
4.303999999999748,REACH,0.5154868767804551,0.1544165743236583,0.8298145367796266,0.5824536188017294,0.14480171371096257,1.0701208085555376,0.2496479407813801,0
4.305999999999748,REACH,0.5158055001544486,0.15440494017203,0.8304166538019879,0.5824536188017294,0.14480171371096257,1.0701208085555376,0.24898248027481423,0
4.307999999999748,REACH,0.516123257697334,0.15439320384958682,0.8310188308010737,0.5824536188017294,0.14480171371096257,1.0701208085555376,0.24831727538255355,0
4.309999999999747,REACH,0.5164401488274937,0.15438136580397707,0.8316210640594495,0.5824536188017294,0.14480171371096257,1.0701208085555376,0.2476523290360134,0
4.311999999999747,REACH,0.51675617297583,0.1543694264838235,0.832223349856188,0.5824536188017294,0.14480171371096257,1.0701208085555376,0.246987644167395,0
4.313999999999747,REACH,0.5170713295857647,0.15435738633871246,0.8328256844669101,0.5824536188017294,0.14480171371096257,1.0701208085555376,0.2463232237096736,0
4.315999999999747,REACH,0.5173856181132366,0.1543452458191829,0.8334280641638254,0.5824536188017294,0.14480171371096257,1.0701208085555376,0.24565907059658662,0
4.3179999999997465,REACH,0.5176990380267009,0.15433300537671538,0.8340304852157736,0.5824536188017294,0.14480171371096257,1.0701208085555376,0.24499518776262044,0
4.319999999999746,REACH,0.5180115888071257,0.15432066546372075,0.8346329438882627,0.5824536188017294,0.14480171371096257,1.0701208085555376,0.24433157814300122,0
4.321999999999746,REACH,0.5183232699479919,0.15430822653352957,0.8352354364435095,0.5824536188017294,0.14480171371096257,1.0701208085555376,0.2436682446736825,0
4.323999999999746,REACH,0.5186340809552876,0.1542956890403807,0.8358379591404822,0.5824536188017294,0.14480171371096257,1.0701208085555376,0.24300519029133213,0
4.325999999999746,REACH,0.5189440213475085,0.15428305343941043,0.8364405082349388,0.5824536188017294,0.14480171371096257,1.0701208085555376,0.24234241793332154,0
4.327999999999745,REACH,0.5192530906556532,0.15427032018664166,0.8370430799794666,0.5824536188017294,0.14480171371096257,1.0701208085555376,0.24167993053771528,0
4.329999999999745,REACH,0.5195612884232206,0.15425748973897266,0.8376456706235244,0.5824536188017294,0.14480171371096257,1.0701208085555376,0.24101773104325744,0
4.331999999999745,REACH,0.5198686142062054,0.1542445625541659,0.8382482764134824,0.5824536188017294,0.14480171371096257,1.0701208085555376,0.24035582238936035,0
4.333999999999745,REACH,0.5201750675730967,0.15423153909083762,0.8388508935926606,0.5824536188017294,0.14480171371096257,1.0701208085555376,0.23969420751609477,0
4.3359999999997445,REACH,0.5204806481048713,0.15421841980844628,0.8394535184013707,0.5824536188017294,0.14480171371096257,1.0701208085555376,0.23903288936417647,0
4.337999999999744,REACH,0.5207853553949913,0.15420520516728184,0.8400561470769556,0.5824536188017294,0.14480171371096257,1.0701208085555376,0.23837187087495543,0
4.339999999999744,REACH,0.5210891890493995,0.1541918956284548,0.8406587758538294,0.5824536188017294,0.14480171371096257,1.0701208085555376,0.23771115499040432,0
4.341999999999744,REACH,0.5213921486865143,0.15417849165388514,0.841261400963518,0.5824536188017294,0.14480171371096257,1.0701208085555376,0.2370507446531066,0
4.343999999999744,REACH,0.5216942339372248,0.15416499370629114,0.8418640186346987,0.5824536188017294,0.14480171371096257,1.0701208085555376,0.23639064280624536,0
4.345999999999743,REACH,0.5219954444448865,0.15415140224917917,0.8424666250932409,0.5824536188017294,0.14480171371096257,1.0701208085555376,0.23573085239359126,0
4.347999999999743,REACH,0.5222957798653146,0.15413771774683166,0.8430692165622434,0.5824536188017294,0.14480171371096257,1.0701208085555376,0.23507137635949366,0
4.349999999999743,REACH,0.522595239866779,0.15412394066429705,0.84367178926208,0.5824536188017294,0.14480171371096257,1.0701208085555376,0.23441221764886389,0
4.351999999999743,REACH,0.5228938241299992,0.15411007146737857,0.8442743394104334,0.5824536188017294,0.14480171371096257,1.0701208085555376,0.2337533792071691,0
4.3539999999997425,REACH,0.5231915323481372,0.15409611062262307,0.8448768632223381,0.5824536188017294,0.14480171371096257,1.0701208085555376,0.23309486398041865,0
4.355999999999742,REACH,0.5234883642267912,0.15408205859731047,0.8454793569102201,0.5824536188017294,0.14480171371096257,1.0701208085555376,0.2324366749151526,0
4.357999999999742,REACH,0.5237843194839901,0.15406791585944254,0.8460818166839374,0.5824536188017294,0.14480171371096257,1.0701208085555376,0.2317788149584295,0
4.359999999999742,REACH,0.5240793978501849,0.1540536828777323,0.8466842387508169,0.5824536188017294,0.14480171371096257,1.0701208085555376,0.23112128705781826,0
4.361999999999742,REACH,0.5243735990682434,0.1540393601215927,0.8472866193156977,0.5824536188017294,0.14480171371096257,1.0701208085555376,0.2304640941613828,0
4.363999999999741,REACH,0.524666922893442,0.1540249480611263,0.8478889545809689,0.5824536188017294,0.14480171371096257,1.0701208085555376,0.22980723921767335,0
4.365999999999741,REACH,0.5249593690934579,0.15401044716711415,0.8484912407466091,0.5824536188017294,0.14480171371096257,1.0701208085555376,0.2291507251757148,0
4.367999999999741,REACH,0.5252509374483616,0.15399585791100448,0.8490934740102272,0.5824536188017294,0.14480171371096257,1.0701208085555376,0.2284945549849945,0
4.369999999999741,REACH,0.5255416277506103,0.15398118076490264,0.8496956505671011,0.5824536188017294,0.14480171371096257,1.0701208085555376,0.2278387315954516,0
4.3719999999997405,REACH,0.5258314398050373,0.15396641620155993,0.8502977666102172,0.5824536188017294,0.14480171371096257,1.0701208085555376,0.22718325795746638,0
4.37399999999974,REACH,0.5261203734288444,0.15395156469436233,0.8508998183303109,0.5824536188017294,0.14480171371096257,1.0701208085555376,0.22652813702184774,0
4.37599999999974,REACH,0.5264084284515937,0.15393662671732047,0.8515018019159056,0.5824536188017294,0.14480171371096257,1.0701208085555376,0.22587337173982264,0
4.37799999999974,REACH,0.5266956047151979,0.15392160274505817,0.8521037135533509,0.5824536188017294,0.14480171371096257,1.0701208085555376,0.22521896506302608,0
4.37999999999974,REACH,0.5269819020739125,0.15390649325280215,0.8527055494268637,0.5824536188017294,0.14480171371096257,1.0701208085555376,0.22456491994348776,0
4.381999999999739,REACH,0.5272673203943233,0.1538912987163708,0.853307305718567,0.5824536188017294,0.14480171371096257,1.0701208085555376,0.22391123933362264,0
4.383999999999739,REACH,0.5275518595553408,0.15387601961216396,0.8539089786085283,0.5824536188017294,0.14480171371096257,1.0701208085555376,0.22325792618621954,0
4.385999999999739,REACH,0.5278355194481865,0.15386065641715127,0.8545105642747998,0.5824536188017294,0.14480171371096257,1.0701208085555376,0.22260498345442972,0
4.387999999999739,REACH,0.5281182999763847,0.1538452096088628,0.8551120588934573,0.5824536188017294,0.14480171371096257,1.0701208085555376,0.22195241409175595,0
4.3899999999997386,REACH,0.5284002010557526,0.1538296796653768,0.85571345863864,0.5824536188017294,0.14480171371096257,1.0701208085555376,0.22130022105204078,0
4.391999999999738,REACH,0.5286812226143874,0.15381406706531017,0.8563147596825879,0.5824536188017294,0.14480171371096257,1.0701208085555376,0.22064840728945737,0
4.393999999999738,REACH,0.5289613645926577,0.15379837228780716,0.8569159581956823,0.5824536188017294,0.14480171371096257,1.0701208085555376,0.21999697575849655,0
4.395999999999738,REACH,0.5292406269431911,0.1537825958125289,0.8575170503464841,0.5824536188017294,0.14480171371096257,1.0701208085555376,0.21934592941395742,0
4.397999999999738,REACH,0.5295190096308627,0.15376673811964262,0.8581180323017723,0.5824536188017294,0.14480171371096257,1.0701208085555376,0.21869527121093565,0
4.3999999999997375,REACH,0.5297965126327852,0.1537507996898112,0.8587189002265854,0.5824536188017294,0.14480171371096257,1.0701208085555376,0.21804500410481092,0
4.401999999999737,REACH,0.530073135938294,0.15373478100418214,0.8593196502842549,0.5824536188017294,0.14480171371096257,1.0701208085555376,0.2173951310512409,0
4.403999999999737,REACH,0.5303488795489383,0.15371868254437743,0.85992027863645,0.5824536188017294,0.14480171371096257,1.0701208085555376,0.21674565500614462,0
4.405999999999737,REACH,0.5306237434784671,0.15370250479248296,0.860520781443212,0.5824536188017294,0.14480171371096257,1.0701208085555376,0.21609657892569567,0
4.407999999999737,REACH,0.530897727752816,0.15368624823103702,0.8611211548629957,0.5824536188017294,0.14480171371096257,1.0701208085555376,0.2154479057663088,0
4.409999999999736,REACH,0.5311708324100962,0.1536699133430211,0.8617213950527053,0.5824536188017294,0.14480171371096257,1.0701208085555376,0.21479963848463154,0
4.411999999999736,REACH,0.5314430575005802,0.1536535006118481,0.8623214981677353,0.5824536188017294,0.14480171371096257,1.0701208085555376,0.21415178003753133,0
4.413999999999736,REACH,0.531714403086689,0.15363701052135278,0.8629214603620063,0.5824536188017294,0.14480171371096257,1.0701208085555376,0.21350433338208688,0
4.415999999999736,REACH,0.5319848692429779,0.15362044355578044,0.8635212777880064,0.5824536188017294,0.14480171371096257,1.0701208085555376,0.2128573014755753,0
4.4179999999997355,REACH,0.5322544560561234,0.15360380019977743,0.8641209465968275,0.5824536188017294,0.14480171371096257,1.0701208085555376,0.21221068727546225,0
4.419999999999735,REACH,0.5325231636249095,0.15358708093837906,0.8647204629382034,0.5824536188017294,0.14480171371096257,1.0701208085555376,0.21156449373939223,0
4.421999999999735,REACH,0.532790992060213,0.15357028625700087,0.8653198229605482,0.5824536188017294,0.14480171371096257,1.0701208085555376,0.21091872382517718,0
4.423999999999735,REACH,0.5330579414849886,0.15355341664142744,0.8659190228109955,0.5824536188017294,0.14480171371096257,1.0701208085555376,0.21027338049078526,0
4.425999999999735,REACH,0.533324012034255,0.15353647257780137,0.8665180586354345,0.5824536188017294,0.14480171371096257,1.0701208085555376,0.20962846669433166,0
4.427999999999734,REACH,0.5335892038550789,0.1535194545526141,0.8671169265785498,0.5824536188017294,0.14480171371096257,1.0701208085555376,0.2089839853940666,0
4.429999999999734,REACH,0.5338535171065613,0.15350236305269463,0.8677156227838572,0.5824536188017294,0.14480171371096257,1.0701208085555376,0.20833993954836633,0
4.431999999999734,REACH,0.5341169519598212,0.15348519856519938,0.868314143393743,0.5824536188017294,0.14480171371096257,1.0701208085555376,0.20769633211572144,0
4.433999999999734,REACH,0.5343795085979796,0.153467961577602,0.8689124845495017,0.5824536188017294,0.14480171371096257,1.0701208085555376,0.20705316605472676,0
4.4359999999997335,REACH,0.5346411872161446,0.1534506525776829,0.8695106423913715,0.5824536188017294,0.14480171371096257,1.0701208085555376,0.20641044432407196,0
4.437999999999733,REACH,0.5349019880213944,0.15343327205351898,0.8701086130585755,0.5824536188017294,0.14480171371096257,1.0701208085555376,0.20576816988252886,0
4.439999999999733,REACH,0.5351619112327617,0.15341582049347346,0.8707063926893557,0.5824536188017294,0.14480171371096257,1.0701208085555376,0.20512634568894314,0
4.441999999999733,REACH,0.5354209570812151,0.15339829838618535,0.8713039774210123,0.5824536188017294,0.14480171371096257,1.0701208085555376,0.20448497470222346,0
4.443999999999733,REACH,0.5356791258096466,0.15338070622055958,0.8719013633899392,0.5824536188017294,0.14480171371096257,1.0701208085555376,0.20384405988133136,0
4.445999999999732,REACH,0.5359364176728488,0.15336304448575658,0.8724985467316645,0.5824536188017294,0.14480171371096257,1.0701208085555376,0.20320360418526934,0
4.447999999999732,REACH,0.5361928329375029,0.15334531367118207,0.8730955235808835,0.5824536188017294,0.14480171371096257,1.0701208085555376,0.20256361057307343,0
4.449999999999732,REACH,0.5364483718821578,0.15332751426647684,0.8736922900714987,0.5824536188017294,0.14480171371096257,1.0701208085555376,0.20192408200380055,0
4.451999999999732,REACH,0.5367030347972133,0.15330964676150674,0.8742888423366559,0.5824536188017294,0.14480171371096257,1.0701208085555376,0.2012850214365193,0
4.4539999999997315,REACH,0.5369568219849026,0.15329171164635277,0.87488517650878,0.5824536188017294,0.14480171371096257,1.0701208085555376,0.20064643183030068,0
4.455999999999731,REACH,0.5372097337592733,0.15327370941130042,0.8754812887196143,0.5824536188017294,0.14480171371096257,1.0701208085555376,0.20000831614420517,0
4.457999999999731,REACH,0.5374617704461699,0.15325564054683,0.8760771751002536,0.5824536188017294,0.14480171371096257,1.0701208085555376,0.19937067733727662,0
4.459999999999731,REACH,0.5377129323832135,0.15323750554360654,0.8766728317811845,0.5824536188017294,0.14480171371096257,1.0701208085555376,0.1987335183685287,0
4.461999999999731,REACH,0.5379632199197846,0.15321930489246977,0.877268254892319,0.5824536188017294,0.14480171371096257,1.0701208085555376,0.19809684219693702,0
4.46399999999973,REACH,0.538212633417003,0.15320103908442378,0.877863440563033,0.5824536188017294,0.14480171371096257,1.0701208085555376,0.19746065178142752,0
4.46599999999973,REACH,0.5384611732477089,0.15318270861062783,0.8784583849222005,0.5824536188017294,0.14480171371096257,1.0701208085555376,0.19682495008086864,0
4.46799999999973,REACH,0.5387088397964419,0.15316431396238525,0.8790530840982322,0.5824536188017294,0.14480171371096257,1.0701208085555376,0.19618974005405915,0
4.46999999999973,REACH,0.5389556334594235,0.15314585563113495,0.879647534219109,0.5824536188017294,0.14480171371096257,1.0701208085555376,0.1955550246597203,0
4.4719999999997295,REACH,0.5392015546445351,0.15312733410844007,0.8802417314124212,0.5824536188017294,0.14480171371096257,1.0701208085555376,0.1949208068564833,0
4.473999999999729,REACH,0.5394466037712986,0.15310874988597928,0.8808356718054018,0.5824536188017294,0.14480171371096257,1.0701208085555376,0.19428708960288213,0
4.475999999999729,REACH,0.5396907812708549,0.15309010345553584,0.8814293515249626,0.5824536188017294,0.14480171371096257,1.0701208085555376,0.1936538758573431,0
4.477999999999729,REACH,0.5399340875859445,0.153071395308989,0.882022766697732,0.5824536188017294,0.14480171371096257,1.0701208085555376,0.19302116857817334,0
4.479999999999729,REACH,0.5401765231708856,0.15305262593830316,0.8826159134500876,0.5824536188017294,0.14480171371096257,1.0701208085555376,0.19238897072355418,0
4.481999999999728,REACH,0.5404180884915527,0.15303379583551857,0.8832087879081948,0.5824536188017294,0.14480171371096257,1.0701208085555376,0.1917572852515281,0
4.483999999999728,REACH,0.5406587840253555,0.15301490549274177,0.8838013861980397,0.5824536188017294,0.14480171371096257,1.0701208085555376,0.1911261151199918,0
4.485999999999728,REACH,0.5408986102612177,0.15299595540213534,0.8843937044454664,0.5824536188017294,0.14480171371096257,1.0701208085555376,0.19049546328668457,0
4.487999999999728,REACH,0.5411375676995542,0.15297694605590886,0.8849857387762092,0.5824536188017294,0.14480171371096257,1.0701208085555376,0.18986533270918152,0
4.4899999999997275,REACH,0.5413756568522492,0.15295787794630872,0.8855774853159342,0.5824536188017294,0.14480171371096257,1.0701208085555376,0.18923572634487823,0
4.491999999999727,REACH,0.5416128782426338,0.1529387515656085,0.8861689401902649,0.5824536188017294,0.14480171371096257,1.0701208085555376,0.18860664715098963,0
4.493999999999727,REACH,0.5418492324054641,0.15291956740609977,0.8867600995248259,0.5824536188017294,0.14480171371096257,1.0701208085555376,0.18797809808453264,0
4.495999999999727,REACH,0.5420847198868971,0.15290032596008252,0.8873509594452718,0.5824536188017294,0.14480171371096257,1.0701208085555376,0.18735008210232224,0
4.497999999999727,REACH,0.5423193412444687,0.15288102771985485,0.8879415160773255,0.5824536188017294,0.14480171371096257,1.0701208085555376,0.18672260216095815,0
4.499999999999726,REACH,0.5425530970470699,0.15286167317770477,0.8885317655468109,0.5824536188017294,0.14480171371096257,1.0701208085555376,0.18609566121681823,0
4.501999999999726,REACH,0.542785987874923,0.15284226282589913,0.8891217039796875,0.5824536188017294,0.14480171371096257,1.0701208085555376,0.18546926222604798,0
4.503999999999726,REACH,0.5430180143195592,0.1528227971566757,0.8897113275020857,0.5824536188017294,0.14480171371096257,1.0701208085555376,0.18484340814455102,0
4.505999999999726,REACH,0.5432491769837932,0.1528032766622327,0.8903006322403403,0.5824536188017294,0.14480171371096257,1.0701208085555376,0.1842181019279803,0
4.507999999999726,REACH,0.5434794764816994,0.15278370183471982,0.8908896143210242,0.5824536188017294,0.14480171371096257,1.0701208085555376,0.18359334653172926,0
4.509999999999725,REACH,0.5437089134385876,0.15276407316622886,0.8914782698709844,0.5824536188017294,0.14480171371096257,1.0701208085555376,0.182969144910921,0
4.511999999999725,REACH,0.5439374884909791,0.15274439114878424,0.8920665950173738,0.5824536188017294,0.14480171371096257,1.0701208085555376,0.1823455000204008,0
4.513999999999725,REACH,0.54416520228658,0.15272465627433396,0.8926545858876858,0.5824536188017294,0.14480171371096257,1.0701208085555376,0.18172241481472673,0
4.515999999999725,REACH,0.5443920554842581,0.15270486903473987,0.893242238609788,0.5824536188017294,0.14480171371096257,1.0701208085555376,0.1810998922481597,0
4.5179999999997245,REACH,0.5446180487540162,0.1526850299217693,0.8938295493119558,0.5824536188017294,0.14480171371096257,1.0701208085555376,0.18047793527465553,0
4.519999999999724,REACH,0.5448431827769676,0.15266513942708462,0.8944165141229061,0.5824536188017294,0.14480171371096257,1.0701208085555376,0.1798565468478546,0
4.521999999999724,REACH,0.5450674582453097,0.1526451980422354,0.8950031291718301,0.5824536188017294,0.14480171371096257,1.0701208085555376,0.1792357299210743,0
4.523999999999724,REACH,0.5452908758622976,0.152625206258648,0.8955893905884268,0.5824536188017294,0.14480171371096257,1.0701208085555376,0.17861548744729921,0
4.525999999999724,REACH,0.5455134363422199,0.15260516456761752,0.8961752945029354,0.5824536188017294,0.14480171371096257,1.0701208085555376,0.17799582237917297,0
4.527999999999723,REACH,0.5457351404103691,0.15258507346029815,0.8967608370461706,0.5824536188017294,0.14480171371096257,1.0701208085555376,0.1773767376689878,0
4.529999999999723,REACH,0.5459559888030184,0.15256493342769423,0.897346014349552,0.5824536188017294,0.14480171371096257,1.0701208085555376,0.17675823626867787,0
4.531999999999723,REACH,0.546175982267392,0.15254474496065124,0.8979308225451398,0.5824536188017294,0.14480171371096257,1.0701208085555376,0.17614032112980874,0
4.533999999999723,REACH,0.5463951215616398,0.15252450854984703,0.8985152577656655,0.5824536188017294,0.14480171371096257,1.0701208085555376,0.17552299520356984,0
4.5359999999997225,REACH,0.5466134074548104,0.1525042246857827,0.8990993161445654,0.5824536188017294,0.14480171371096257,1.0701208085555376,0.1749062614407651,0
4.537999999999722,REACH,0.5468308407268208,0.15248389385877342,0.8996829938160134,0.5824536188017294,0.14480171371096257,1.0701208085555376,0.17429012279180367,0
4.539999999999722,REACH,0.5470474221684324,0.15246351655894033,0.900266286914951,0.5824536188017294,0.14480171371096257,1.0701208085555376,0.1736745822066933,0
4.541999999999722,REACH,0.5472631525812198,0.15244309327620065,0.9008491915771214,0.5824536188017294,0.14480171371096257,1.0701208085555376,0.1730596426350306,0
4.543999999999722,REACH,0.5474780327775454,0.15242262450025995,0.9014317039391017,0.5824536188017294,0.14480171371096257,1.0701208085555376,0.17244530702599126,0
4.545999999999721,REACH,0.5476920635805292,0.15240211072060267,0.9020138201383335,0.5824536188017294,0.14480171371096257,1.0701208085555376,0.17183157832832321,0
4.547999999999721,REACH,0.5479052458240209,0.1523815524264836,0.9025955363131553,0.5824536188017294,0.14480171371096257,1.0701208085555376,0.17121845949033793,0
4.549999999999721,REACH,0.5481175803525704,0.1523609501069191,0.9031768486028332,0.5824536188017294,0.14480171371096257,1.0701208085555376,0.17060595345990198,0
4.551999999999721,REACH,0.5483290680214006,0.15234030425067877,0.9037577531475939,0.5824536188017294,0.14480171371096257,1.0701208085555376,0.16999406318442797,0
4.5539999999997205,REACH,0.5485397096963752,0.15231961534627625,0.9043382460886552,0.5824536188017294,0.14480171371096257,1.0701208085555376,0.16938279161086656,0
4.55599999999972,REACH,0.5487495062539723,0.15229888388196133,0.9049183235682564,0.5824536188017294,0.14480171371096257,1.0701208085555376,0.16877214168569898,0
4.55799999999972,REACH,0.548958458581253,0.15227811034571057,0.9054979817296911,0.5824536188017294,0.14480171371096257,1.0701208085555376,0.16816211635492728,0
4.55999999999972,REACH,0.5491665675758316,0.15225729522521964,0.906077216717336,0.5824536188017294,0.14480171371096257,1.0701208085555376,0.16755271856406795,0
4.56199999999972,REACH,0.5493738341458455,0.15223643900789421,0.9066560246766844,0.5824536188017294,0.14480171371096257,1.0701208085555376,0.16694395125814135,0
4.563999999999719,REACH,0.5495802592099267,0.1522155421808418,0.9072344017543736,0.5824536188017294,0.14480171371096257,1.0701208085555376,0.16633581738166625,0
4.565999999999719,REACH,0.5497858436971678,0.15219460523086334,0.9078123440982189,0.5824536188017294,0.14480171371096257,1.0701208085555376,0.1657283198786494,0
4.567999999999719,REACH,0.5499905885470945,0.15217362864444464,0.9083898478572408,0.5824536188017294,0.14480171371096257,1.0701208085555376,0.16512146169257913,0
4.569999999999719,REACH,0.5501944947096336,0.15215261290774834,0.9089669091816966,0.5824536188017294,0.14480171371096257,1.0701208085555376,0.16451524576641705,0
4.5719999999997185,REACH,0.5503975631450805,0.15213155850660537,0.909543524223112,0.5824536188017294,0.14480171371096257,1.0701208085555376,0.16390967504258872,0
4.573999999999718,REACH,0.5505997948240703,0.1521104659265066,0.9101196891343081,0.5824536188017294,0.14480171371096257,1.0701208085555376,0.16330475246297782,0
4.575999999999718,REACH,0.5508011907275443,0.1520893356525953,0.9106954000694337,0.5824536188017294,0.14480171371096257,1.0701208085555376,0.16270048096891634,0
4.577999999999718,REACH,0.5510017518467185,0.15206816816965796,0.9112706531839937,0.5824536188017294,0.14480171371096257,1.0701208085555376,0.16209686350117833,0
4.579999999999718,REACH,0.5512014791830532,0.15204696396211687,0.9118454446348779,0.5824536188017294,0.14480171371096257,1.0701208085555376,0.16149390299997193,0
4.581999999999717,REACH,0.5514003737482182,0.1520257235140218,0.9124197705803943,0.5824536188017294,0.14480171371096257,1.0701208085555376,0.1608916024049289,0
4.583999999999717,REACH,0.5515984365640627,0.15200444730904192,0.9129936271802919,0.5824536188017294,0.14480171371096257,1.0701208085555376,0.16028996465510212,0
4.585999999999717,REACH,0.551795668662581,0.15198313583045778,0.9135670105957965,0.5824536188017294,0.14480171371096257,1.0701208085555376,0.1596889926889525,0
4.587999999999717,REACH,0.5519920710858817,0.15196178956115342,0.9141399169896345,0.5824536188017294,0.14480171371096257,1.0701208085555376,0.1590886894443454,0
4.5899999999997165,REACH,0.5521876448861525,0.15194040898360817,0.9147123425260649,0.5824536188017294,0.14480171371096257,1.0701208085555376,0.15848905785854062,0
4.591999999999716,REACH,0.5523823911256279,0.151918994579889,0.9152842833709074,0.5824536188017294,0.14480171371096257,1.0701208085555376,0.15789010086818533,0
4.593999999999716,REACH,0.5525763108765568,0.15189754683164275,0.9158557356915682,0.5824536188017294,0.14480171371096257,1.0701208085555376,0.15729182140930886,0
4.595999999999716,REACH,0.5527694052211664,0.15187606622008773,0.9164266956570731,0.5824536188017294,0.14480171371096257,1.0701208085555376,0.1566942224173112,0
4.597999999999716,REACH,0.552961675251631,0.1518545532260066,0.9169971594380919,0.5824536188017294,0.14480171371096257,1.0701208085555376,0.15609730682695902,0
4.599999999999715,REACH,0.5531531220700362,0.15183300832973842,0.9175671232069689,0.5824536188017294,0.14480171371096257,1.0701208085555376,0.15550107757237602,0
4.601999999999715,REACH,0.5533437467883459,0.15181143201117073,0.918136583137748,0.5824536188017294,0.14480171371096257,1.0701208085555376,0.15490553758703823,0
4.603999999999715,REACH,0.553533550528366,0.15178982474973196,0.9187055354062043,0.5824536188017294,0.14480171371096257,1.0701208085555376,0.15431068980376375,0
4.605999999999715,REACH,0.5537225344217123,0.15176818702438408,0.9192739761898677,0.5824536188017294,0.14480171371096257,1.0701208085555376,0.1537165371547082,0
4.6079999999997145,REACH,0.5539106996097735,0.15174651931361458,0.9198419016680549,0.5824536188017294,0.14480171371096257,1.0701208085555376,0.15312308257135449,0
4.609999999999714,REACH,0.5540980472436775,0.15172482209542945,0.9204093080218914,0.5824536188017294,0.14480171371096257,1.0701208085555376,0.15253032898450997,0
4.611999999999714,REACH,0.5542845784842552,0.1517030958473451,0.9209761914343438,0.5824536188017294,0.14480171371096257,1.0701208085555376,0.15193827932429455,0
4.613999999999714,REACH,0.5544702945020057,0.15168134104638137,0.9215425480902434,0.5824536188017294,0.14480171371096257,1.0701208085555376,0.1513469365201376,0
4.615999999999714,REACH,0.5546551964770604,0.15165955816905397,0.9221083741763149,0.5824536188017294,0.14480171371096257,1.0701208085555376,0.15075630350076824,0
4.6179999999997134,REACH,0.5548392855991467,0.151637747691367,0.9226736658812018,0.5824536188017294,0.14480171371096257,1.0701208085555376,0.1501663831942104,0
4.619999999999713,REACH,0.5550225630675538,0.1516159100888058,0.9232384193954932,0.5824536188017294,0.14480171371096257,1.0701208085555376,0.14957717852777536,0
4.621999999999713,REACH,0.5552050300910939,0.15159404583632938,0.9238026309117526,0.5824536188017294,0.14480171371096257,1.0701208085555376,0.14898869242805265,0
4.623999999999713,REACH,0.5553866878880673,0.15157215540836338,0.9243662966245403,0.5824536188017294,0.14480171371096257,1.0701208085555376,0.14840092782090716,0
4.625999999999713,REACH,0.5555675376862254,0.15155023927879305,0.924929412730442,0.5824536188017294,0.14480171371096257,1.0701208085555376,0.14781388763146952,0
4.627999999999712,REACH,0.5557475807227343,0.1515282979209556,0.9254919754280941,0.5824536188017294,0.14480171371096257,1.0701208085555376,0.14722757478413054,0
4.629999999999712,REACH,0.5559268182441368,0.15150633180763368,0.9260539809182102,0.5824536188017294,0.14480171371096257,1.0701208085555376,0.14664199220253352,0
4.631999999999712,REACH,0.5561052515063163,0.15148434141104758,0.926615425403605,0.5824536188017294,0.14480171371096257,1.0701208085555376,0.14605714280956933,0
4.633999999999712,REACH,0.556282881774459,0.15146232720284875,0.9271763050892214,0.5824536188017294,0.14480171371096257,1.0701208085555376,0.1454730295273681,0
4.6359999999997115,REACH,0.5564597103230154,0.1514402896541129,0.9277366161821561,0.5824536188017294,0.14480171371096257,1.0701208085555376,0.14488965527729317,0
4.637999999999711,REACH,0.5566357384356644,0.15141822923533266,0.9282963548916813,0.5824536188017294,0.14480171371096257,1.0701208085555376,0.14430702297993678,0
4.639999999999711,REACH,0.556810967405273,0.15139614641641058,0.9288555174292753,0.5824536188017294,0.14480171371096257,1.0701208085555376,0.14372513555510918,0
4.641999999999711,REACH,0.5569853985338604,0.1513740416666529,0.9294141000086426,0.5824536188017294,0.14480171371096257,1.0701208085555376,0.14314399592183635,0
4.643999999999711,REACH,0.5571590331325581,0.15135191545476223,0.929972098845741,0.5824536188017294,0.14480171371096257,1.0701208085555376,0.14256360699835133,0
4.64599999999971,REACH,0.5573318725215719,0.1513297682488309,0.9305295101588047,0.5824536188017294,0.14480171371096257,1.0701208085555376,0.14198397170208937,0
4.64799999999971,REACH,0.5575039180301424,0.15130760051633424,0.9310863301683698,0.5824536188017294,0.14480171371096257,1.0701208085555376,0.14140509294968076,0
4.64999999999971,REACH,0.5576751709965079,0.15128541272412388,0.931642555097298,0.5824536188017294,0.14480171371096257,1.0701208085555376,0.14082697365694474,0
4.65199999999971,REACH,0.5578456327678634,0.15126320533842125,0.9321981811708011,0.5824536188017294,0.14480171371096257,1.0701208085555376,0.14024961673888284,0
4.6539999999997095,REACH,0.558015304700322,0.15124097882481077,0.9327532046164629,0.5824536188017294,0.14480171371096257,1.0701208085555376,0.13967302510967516,0
4.655999999999709,REACH,0.5581841881588757,0.1512187336482335,0.933307621664267,0.5824536188017294,0.14480171371096257,1.0701208085555376,0.13909720168266998,0
4.657999999999709,REACH,0.5583522845173549,0.1511964702729805,0.9338614285466144,0.5824536188017294,0.14480171371096257,1.0701208085555376,0.13852214937038335,0
4.659999999999709,REACH,0.5585195951583893,0.15117418916268655,0.9344146214983536,0.5824536188017294,0.14480171371096257,1.0701208085555376,0.13794787108448678,0
4.661999999999709,REACH,0.5586861214733678,0.15115189078032337,0.9349671967567973,0.5824536188017294,0.14480171371096257,1.0701208085555376,0.13737436973580808,0
4.663999999999708,REACH,0.5588518648623979,0.15112957558819373,0.9355191505617503,0.5824536188017294,0.14480171371096257,1.0701208085555376,0.13680164823431973,0
4.665999999999708,REACH,0.5590168267342649,0.15110724404792492,0.9360704791555305,0.5824536188017294,0.14480171371096257,1.0701208085555376,0.1362297094891357,0
4.667999999999708,REACH,0.5591810085063923,0.15108489662046234,0.9366211787829914,0.5824536188017294,0.14480171371096257,1.0701208085555376,0.1356585564085058,0
4.669999999999708,REACH,0.5593444116048008,0.1510625337660634,0.9371712456915435,0.5824536188017294,0.14480171371096257,1.0701208085555376,0.13508819189981056,0
4.6719999999997075,REACH,0.559507037464066,0.15104015594429154,0.9377206761311812,0.5824536188017294,0.14480171371096257,1.0701208085555376,0.1345186188695517,0
4.673999999999707,REACH,0.5596688875272794,0.15101776361400954,0.938269466354499,0.5824536188017294,0.14480171371096257,1.0701208085555376,0.13394984022335168,0
4.675999999999707,REACH,0.5598299632460051,0.15099535723337398,0.9388176126167166,0.5824536188017294,0.14480171371096257,1.0701208085555376,0.13338185886594617,0
4.677999999999707,REACH,0.5599902660802395,0.15097293725982894,0.9393651111757021,0.5824536188017294,0.14480171371096257,1.0701208085555376,0.13281467770117605,0
4.679999999999707,REACH,0.5601497974983686,0.15095050415010025,0.9399119582919911,0.5824536188017294,0.14480171371096257,1.0701208085555376,0.13224829963198523,0
4.681999999999706,REACH,0.560308558977128,0.15092805836018913,0.9404581502288089,0.5824536188017294,0.14480171371096257,1.0701208085555376,0.13168272756041424,0
4.683999999999706,REACH,0.5604665520015577,0.15090560034536646,0.9410036832520926,0.5824536188017294,0.14480171371096257,1.0701208085555376,0.13111796438759404,0
4.685999999999706,REACH,0.5606237780649638,0.15088313056016717,0.9415485536305116,0.5824536188017294,0.14480171371096257,1.0701208085555376,0.13055401301374162,0
4.687999999999706,REACH,0.5607802386688723,0.15086064945838393,0.9420927576354893,0.5824536188017294,0.14480171371096257,1.0701208085555376,0.1299908763381538,0
4.6899999999997055,REACH,0.5609359353229891,0.15083815749306212,0.9426362915412221,0.5824536188017294,0.14480171371096257,1.0701208085555376,0.12942855725920382,0
4.691999999999705,REACH,0.5610908695451561,0.15081565511649336,0.943179151624703,0.5824536188017294,0.14480171371096257,1.0701208085555376,0.1288670586743334,0
4.693999999999705,REACH,0.5612450428613084,0.15079314278021014,0.9437213341657394,0.5824536188017294,0.14480171371096257,1.0701208085555376,0.12830638348005008,0
4.695999999999705,REACH,0.5613984568054317,0.15077062093498048,0.944262835446975,0.5824536188017294,0.14480171371096257,1.0701208085555376,0.12774653457192076,0
4.697999999999705,REACH,0.5615511129195181,0.1507480900308016,0.9448036517539087,0.5824536188017294,0.14480171371096257,1.0701208085555376,0.12718751484456747,0
4.699999999999704,REACH,0.5617030127535234,0.15072555051689548,0.945343779374916,0.5824536188017294,0.14480171371096257,1.0701208085555376,0.1266293271916615,0
4.701999999999704,REACH,0.5618541578653226,0.1507030028417023,0.9458832146012681,0.5824536188017294,0.14480171371096257,1.0701208085555376,0.12607197450591895,0
4.703999999999704,REACH,0.5620045498206676,0.15068044745287576,0.9464219537271508,0.5824536188017294,0.14480171371096257,1.0701208085555376,0.1255154596790963,0
4.705999999999704,REACH,0.5621541901931418,0.1506578847972774,0.9469599930496844,0.5824536188017294,0.14480171371096257,1.0701208085555376,0.12495978560198538,0
4.7079999999997035,REACH,0.5623030805641165,0.15063531532097116,0.9474973288689449,0.5824536188017294,0.14480171371096257,1.0701208085555376,0.12440495516440657,0
4.709999999999703,REACH,0.5624512225227057,0.15061273946921827,0.9480339574879797,0.5824536188017294,0.14480171371096257,1.0701208085555376,0.12385097125520766,0
4.711999999999703,REACH,0.5625986176657239,0.1505901576864721,0.9485698752128277,0.5824536188017294,0.14480171371096257,1.0701208085555376,0.12329783676225754,0
4.713999999999703,REACH,0.5627452675976389,0.15056757041637278,0.9491050783525398,0.5824536188017294,0.14480171371096257,1.0701208085555376,0.12274555457244006,0
4.715999999999703,REACH,0.562891173930528,0.15054497810174192,0.9496395632191966,0.5824536188017294,0.14480171371096257,1.0701208085555376,0.1221941275716504,0
4.717999999999702,REACH,0.5630363382840335,0.15052238118457792,0.9501733261279248,0.5824536188017294,0.14480171371096257,1.0701208085555376,0.1216435586447924,0
4.719999999999702,REACH,0.5631807622853165,0.15049978010605045,0.9507063633969179,0.5824536188017294,0.14480171371096257,1.0701208085555376,0.12109385067577151,0
4.721999999999702,REACH,0.5633244475690118,0.15047717530649612,0.9512386713474525,0.5824536188017294,0.14480171371096257,1.0701208085555376,0.12054500654749233,0
4.723999999999702,REACH,0.563467395777184,0.15045456722541273,0.9517702463039082,0.5824536188017294,0.14480171371096257,1.0701208085555376,0.11999702914185177,0
4.7259999999997016,REACH,0.5636096085592787,0.1504319563014549,0.9523010845937828,0.5824536188017294,0.14480171371096257,1.0701208085555376,0.11944992133973749,0
4.727999999999701,REACH,0.5637510875720793,0.15040934297242897,0.9528311825477114,0.5824536188017294,0.14480171371096257,1.0701208085555376,0.11890368602102225,0
4.729999999999701,REACH,0.5638918344796608,0.1503867276752886,0.9533605364994839,0.5824536188017294,0.14480171371096257,1.0701208085555376,0.11835832606455861,0
4.731999999999701,REACH,0.5640318509533417,0.15036411084612925,0.9538891427860606,0.5824536188017294,0.14480171371096257,1.0701208085555376,0.11781384434817753,0
4.733999999999701,REACH,0.5641711386716398,0.1503414929201842,0.9544169977475911,0.5824536188017294,0.14480171371096257,1.0701208085555376,0.11727024374868124,0
4.7359999999997004,REACH,0.5643096993202245,0.15031887433181979,0.9549440977274294,0.5824536188017294,0.14480171371096257,1.0701208085555376,0.11672752714184144,0
4.7379999999997,REACH,0.56444753459187,0.15029625551453007,0.9554704390721517,0.5824536188017294,0.14480171371096257,1.0701208085555376,0.11618569740239376,0
4.7399999999997,REACH,0.5645846461864104,0.15027363690093348,0.9559960181315715,0.5824536188017294,0.14480171371096257,1.0701208085555376,0.11564475740403514,0
4.7419999999997,REACH,0.5647210358106894,0.15025101892276727,0.9565208312587583,0.5824536188017294,0.14480171371096257,1.0701208085555376,0.11510471001941794,0
4.7439999999997,REACH,0.5648567051785168,0.15022840201088353,0.9570448748100501,0.5824536188017294,0.14480171371096257,1.0701208085555376,0.11456555812014878,0
4.745999999999699,REACH,0.5649916560106182,0.1502057865952446,0.9575681451450728,0.5824536188017294,0.14480171371096257,1.0701208085555376,0.11402730457678178,0
4.747999999999699,REACH,0.5651258900345892,0.15018317310491905,0.9580906386267535,0.5824536188017294,0.14480171371096257,1.0701208085555376,0.11348995225881728,0
4.749999999999699,REACH,0.5652594089848475,0.15016056196807698,0.9586123516213377,0.5824536188017294,0.14480171371096257,1.0701208085555376,0.11295350403469581,0
4.751999999999699,REACH,0.5653922146025848,0.15013795361198548,0.959133280498403,0.5824536188017294,0.14480171371096257,1.0701208085555376,0.11241796277179686,0
4.7539999999996985,REACH,0.5655243086357189,0.1501153484630055,0.9596534216308757,0.5824536188017294,0.14480171371096257,1.0701208085555376,0.11188333133643302,0
4.755999999999698,REACH,0.5656556928388461,0.15009274694658653,0.9601727713950451,0.5824536188017294,0.14480171371096257,1.0701208085555376,0.11134961259384797,0
4.757999999999698,REACH,0.5657863689731926,0.1500701494872633,0.9606913261705776,0.5824536188017294,0.14480171371096257,1.0701208085555376,0.11081680940821267,0
4.759999999999698,REACH,0.5659163388065659,0.15004755650865084,0.961209082340533,0.5824536188017294,0.14480171371096257,1.0701208085555376,0.11028492464262106,0
4.761999999999698,REACH,0.5660456041133064,0.15002496843344149,0.9617260362913789,0.5824536188017294,0.14480171371096257,1.0701208085555376,0.10975396115908635,0
4.763999999999697,REACH,0.566174166674239,0.15000238568340024,0.9622421844130021,0.5824536188017294,0.14480171371096257,1.0701208085555376,0.10922392181854021,0
4.765999999999697,REACH,0.566302028276624,0.14997980867936098,0.9627575230987258,0.5824536188017294,0.14480171371096257,1.0701208085555376,0.10869480948082706,0
4.767999999999697,REACH,0.5664291907141076,0.14995723784122267,0.9632720487453228,0.5824536188017294,0.14480171371096257,1.0701208085555376,0.10816662700470063,0
4.769999999999697,REACH,0.5665556557866734,0.14993467358794554,0.9637857577530284,0.5824536188017294,0.14480171371096257,1.0701208085555376,0.10763937724782231,0
4.7719999999996965,REACH,0.5666814253005936,0.14991211633754725,0.9642986465255546,0.5824536188017294,0.14480171371096257,1.0701208085555376,0.1071130630667569,0
4.773999999999696,REACH,0.5668065010683778,0.14988956650709906,0.9648107114701022,0.5824536188017294,0.14480171371096257,1.0701208085555376,0.10658768731697082,0
4.775999999999696,REACH,0.5669308849087251,0.14986702451272274,0.9653219489973767,0.5824536188017294,0.14480171371096257,1.0701208085555376,0.10606325285282642,0
4.777999999999696,REACH,0.5670545786464725,0.14984449076958575,0.9658323555215985,0.5824536188017294,0.14480171371096257,1.0701208085555376,0.10553976252758156,0
4.779999999999696,REACH,0.5671775841125474,0.14982196569189934,0.966341927460517,0.5824536188017294,0.14480171371096257,1.0701208085555376,0.10501721919338573,0
4.781999999999695,REACH,0.5672999031439154,0.1497994496929134,0.9668506612354236,0.5824536188017294,0.14480171371096257,1.0701208085555376,0.10449562570127616,0
4.783999999999695,REACH,0.5674215375835313,0.14977694318491405,0.9673585532711627,0.5824536188017294,0.14480171371096257,1.0701208085555376,0.10397498490117714,0
4.785999999999695,REACH,0.5675424892802882,0.1497544465792197,0.9678655999961457,0.5824536188017294,0.14480171371096257,1.0701208085555376,0.10345529964189479,0
4.787999999999695,REACH,0.5676627600889663,0.14973196028617808,0.9683717978423618,0.5824536188017294,0.14480171371096257,1.0701208085555376,0.1029365727711162,0
4.7899999999996945,REACH,0.567782351870185,0.1497094847151625,0.9688771432453909,0.5824536188017294,0.14480171371096257,1.0701208085555376,0.10241880713540508,0
4.791999999999694,REACH,0.5679012664903482,0.14968702027456873,0.9693816326444133,0.5824536188017294,0.14480171371096257,1.0701208085555376,0.10190200558020146,0
4.793999999999694,REACH,0.5680195058215957,0.14966456737181205,0.9698852624822244,0.5824536188017294,0.14480171371096257,1.0701208085555376,0.1013861709498164,0
4.795999999999694,REACH,0.5681370717417531,0.14964212641332367,0.970388029205244,0.5824536188017294,0.14480171371096257,1.0701208085555376,0.10087130608743022,0
4.797999999999694,REACH,0.5682539661342766,0.1496196978045477,0.9708899292635275,0.5824536188017294,0.14480171371096257,1.0701208085555376,0.10035741383509154,0
4.799999999999693,REACH,0.5683701908882067,0.14959728194993838,0.971390959110777,0.5824536188017294,0.14480171371096257,1.0701208085555376,0.09984449703371318,0
4.801999999999693,REACH,0.5684857478981125,0.1495748792529568,0.9718911152043532,0.5824536188017294,0.14480171371096257,1.0701208085555376,0.0993325585230699,0
4.803999999999693,REACH,0.5686006390640425,0.14955249011606772,0.972390394005284,0.5824536188017294,0.14480171371096257,1.0701208085555376,0.09882160114179733,0
4.805999999999693,REACH,0.5687148662914712,0.14953011494073717,0.9728887919782775,0.5824536188017294,0.14480171371096257,1.0701208085555376,0.0983116277273876,0
4.8079999999996925,REACH,0.5688284314912487,0.14950775412742912,0.97338630559173,0.5824536188017294,0.14480171371096257,1.0701208085555376,0.09780264111618868,0
4.809999999999692,REACH,0.5689413365795476,0.14948540807560295,0.9738829313177371,0.5824536188017294,0.14480171371096257,1.0701208085555376,0.09729464414340196,0
4.811999999999692,REACH,0.5690535834778109,0.14946307718371044,0.9743786656321032,0.5824536188017294,0.14480171371096257,1.0701208085555376,0.0967876396430798,0
4.813999999999692,REACH,0.5691651741126992,0.14944076184919336,0.9748735050143525,0.5824536188017294,0.14480171371096257,1.0701208085555376,0.09628163044812275,0
4.815999999999692,REACH,0.5692761104160395,0.14941846246848028,0.975367445947737,0.5824536188017294,0.14480171371096257,1.0701208085555376,0.09577661939027866,0
4.817999999999691,REACH,0.5693863943247719,0.14939617943698472,0.9758604849192458,0.5824536188017294,0.14480171371096257,1.0701208085555376,0.0952726093001407,0
4.819999999999691,REACH,0.5694960277808957,0.14937391314910167,0.9763526184196154,0.5824536188017294,0.14480171371096257,1.0701208085555376,0.09476960300714446,0
4.821999999999691,REACH,0.569605012731418,0.14935166399820565,0.9768438429433387,0.5824536188017294,0.14480171371096257,1.0701208085555376,0.09426760333956605,0
4.823999999999691,REACH,0.5697133511283002,0.14932943237664825,0.9773341549886719,0.5824536188017294,0.14480171371096257,1.0701208085555376,0.09376661312452192,0
4.8259999999996905,REACH,0.5698210449284046,0.14930721867575553,0.9778235510576465,0.5824536188017294,0.14480171371096257,1.0701208085555376,0.09326663518796416,0
4.82799999999969,REACH,0.5699280960934412,0.14928502328582544,0.9783120276560735,0.5824536188017294,0.14480171371096257,1.0701208085555376,0.09276767235468239,0
4.82999999999969,REACH,0.5700345065899142,0.14926284659612607,0.9787995812935553,0.5824536188017294,0.14480171371096257,1.0701208085555376,0.09226972744829894,0
4.83199999999969,REACH,0.5701402783890683,0.14924068899489273,0.9792862084834921,0.5824536188017294,0.14480171371096257,1.0701208085555376,0.09177280329126848,0
4.83399999999969,REACH,0.5702454134668352,0.149218550869326,0.9797719057430905,0.5824536188017294,0.14480171371096257,1.0701208085555376,0.09127690270487629,0
4.835999999999689,REACH,0.5703499138037795,0.14919643260558998,0.9802566695933703,0.5824536188017294,0.14480171371096257,1.0701208085555376,0.09078202850923692,0
4.837999999999689,REACH,0.5704537813850453,0.1491743345888092,0.9807404965591731,0.5824536188017294,0.14480171371096257,1.0701208085555376,0.09028818352329222,0
4.839999999999689,REACH,0.5705570182003011,0.14915225720306746,0.9812233831691681,0.5824536188017294,0.14480171371096257,1.0701208085555376,0.089795370564811,0
4.841999999999689,REACH,0.570659626243686,0.14913020083140527,0.9817053259558618,0.5824536188017294,0.14480171371096257,1.0701208085555376,0.08930359245038574,0
4.8439999999996886,REACH,0.5707616075137562,0.14910816585581818,0.9821863214556021,0.5824536188017294,0.14480171371096257,1.0701208085555376,0.0888128519954333,0
4.845999999999688,REACH,0.5708629640134276,0.14908615265725453,0.9826663662085882,0.5824536188017294,0.14480171371096257,1.0701208085555376,0.08832315201419155,0
4.847999999999688,REACH,0.5709636977499263,0.14906416161561395,0.9831454567588745,0.5824536188017294,0.14480171371096257,1.0701208085555376,0.08783449531971954,0
4.849999999999688,REACH,0.5710638107347278,0.14904219310974487,0.9836235896543785,0.5824536188017294,0.14480171371096257,1.0701208085555376,0.08734688472389655,0
4.851999999999688,REACH,0.5711633049835072,0.1490202475174437,0.9841007614468864,0.5824536188017294,0.14480171371096257,1.0701208085555376,0.08686032303741988,0
4.8539999999996875,REACH,0.5712621825160797,0.14899832521545248,0.9845769686920602,0.5824536188017294,0.14480171371096257,1.0701208085555376,0.08637481306980427,0
4.855999999999687,REACH,0.5713604453563501,0.1489764265794569,0.985052207949443,0.5824536188017294,0.14480171371096257,1.0701208085555376,0.08589035762938045,0
4.857999999999687,REACH,0.5714580955322538,0.14895455198408547,0.9855264757824642,0.5824536188017294,0.14480171371096257,1.0701208085555376,0.08540695952329512,0
4.859999999999687,REACH,0.5715551350757029,0.1489327018029074,0.9859997687584457,0.5824536188017294,0.14480171371096257,1.0701208085555376,0.08492462155750925,0
4.861999999999687,REACH,0.5716515660225308,0.14891087640843104,0.9864720834486087,0.5824536188017294,0.14480171371096257,1.0701208085555376,0.08444334653679599,0
4.863999999999686,REACH,0.5717473904124356,0.14888907617210262,0.9869434164280754,0.5824536188017294,0.14480171371096257,1.0701208085555376,0.08396313726474298,0
4.865999999999686,REACH,0.5718426102889259,0.1488673014643048,0.9874137642758773,0.5824536188017294,0.14480171371096257,1.0701208085555376,0.0834839965437484,0
4.867999999999686,REACH,0.5719372276992629,0.14884555265435512,0.987883123574958,0.5824536188017294,0.14480171371096257,1.0701208085555376,0.08300592717502275,0
4.869999999999686,REACH,0.5720312446944058,0.14882383011050448,0.9883514909121804,0.5824536188017294,0.14480171371096257,1.0701208085555376,0.08252893195858475,0
4.8719999999996855,REACH,0.5721246633289555,0.1488021341999366,0.9888188628783274,0.5824536188017294,0.14480171371096257,1.0701208085555376,0.08205301369326529,0
4.873999999999685,REACH,0.5722174856610986,0.1487804652887657,0.9892852360681108,0.5824536188017294,0.14480171371096257,1.0701208085555376,0.08157817517670166,0
4.875999999999685,REACH,0.5723097137525485,0.14875882374203647,0.9897506070801708,0.5824536188017294,0.14480171371096257,1.0701208085555376,0.08110441920534216,0
4.877999999999685,REACH,0.5724013496684928,0.1487372099237217,0.9902149725170832,0.5824536188017294,0.14480171371096257,1.0701208085555376,0.08063174857444191,0
4.879999999999685,REACH,0.5724923954775336,0.1487156241967219,0.9906783289853632,0.5824536188017294,0.14480171371096257,1.0701208085555376,0.0801601660780628,0
4.881999999999684,REACH,0.5725828532516324,0.14869406692286463,0.9911406730954663,0.5824536188017294,0.14480171371096257,1.0701208085555376,0.07968967450907553,0
4.883999999999684,REACH,0.5726727250660525,0.14867253846290246,0.9916020014617949,0.5824536188017294,0.14480171371096257,1.0701208085555376,0.07922027665915599,0
4.885999999999684,REACH,0.5727620129993023,0.1486510391765128,0.9920623107026989,0.5824536188017294,0.14480171371096257,1.0701208085555376,0.07875197531878801,0
4.887999999999684,REACH,0.5728507191330773,0.1486295694222964,0.9925215974404815,0.5824536188017294,0.14480171371096257,1.0701208085555376,0.0782847732772602,0
4.8899999999996835,REACH,0.5729388455522042,0.14860812955777736,0.9929798583014003,0.5824536188017294,0.14480171371096257,1.0701208085555376,0.0778186733226675,0
4.891999999999683,REACH,0.5730263943445832,0.1485867199394012,0.9934370899156698,0.5824536188017294,0.14480171371096257,1.0701208085555376,0.07735367824191128,0
4.893999999999683,REACH,0.5731133676011297,0.14856534092253487,0.9938932889174662,0.5824536188017294,0.14480171371096257,1.0701208085555376,0.07688979082069707,0
4.895999999999683,REACH,0.573199767415718,0.1485439928614662,0.9943484519449272,0.5824536188017294,0.14480171371096257,1.0701208085555376,0.07642701384353702,0
4.897999999999683,REACH,0.5732855958851215,0.14852267610940215,0.9948025756401551,0.5824536188017294,0.14480171371096257,1.0701208085555376,0.07596535009374906,0
4.899999999999682,REACH,0.5733708551089576,0.14850139101846926,0.9952556566492196,0.5824536188017294,0.14480171371096257,1.0701208085555376,0.07550480235345623,0
4.901999999999682,REACH,0.573455547189628,0.14848013793971276,0.9957076916221594,0.5824536188017294,0.14480171371096257,1.0701208085555376,0.0750453734035868,0
4.903999999999682,REACH,0.5735396742322608,0.14845891722309554,0.9961586772129846,0.5824536188017294,0.14480171371096257,1.0701208085555376,0.07458706602387428,0
4.905999999999682,REACH,0.5736232383446533,0.14843772921749884,0.9966086100796748,0.5824536188017294,0.14480171371096257,1.0701208085555376,0.07412988299286005,0
4.9079999999996815,REACH,0.5737062416372122,0.14841657427072008,0.9970574868841859,0.5824536188017294,0.14480171371096257,1.0701208085555376,0.0736738270878893,0
4.909999999999681,REACH,0.5737886862228958,0.14839545272947413,0.9975053042924471,0.5824536188017294,0.14480171371096257,1.0701208085555376,0.07321890108511475,0
4.911999999999681,REACH,0.5738705742171576,0.14837436493939196,0.9979520589743632,0.5824536188017294,0.14480171371096257,1.0701208085555376,0.07276510775949556,0
4.913999999999681,REACH,0.5739519077378832,0.14835331124502082,0.9983977476038162,0.5824536188017294,0.14480171371096257,1.0701208085555376,0.07231244988479786,0
4.915999999999681,REACH,0.5740326889053367,0.14833229198982362,0.9988423668586659,0.5824536188017294,0.14480171371096257,1.0701208085555376,0.071860930233594,0
4.91799999999968,REACH,0.5741129198420976,0.14831130751617919,0.9992859134207487,0.5824536188017294,0.14480171371096257,1.0701208085555376,0.07141055157726595,0
4.91999999999968,REACH,0.5741926026730038,0.14829035816538144,0.9997283839758803,0.5824536188017294,0.14480171371096257,1.0701208085555376,0.07096131668600265,0
4.92199999999968,REACH,0.5742717395250935,0.14826944427763997,1.0001697752138554,0.5824536188017294,0.14480171371096257,1.0701208085555376,0.07051322832880115,0
4.92399999999968,REACH,0.5743503325275439,0.14824856619207946,1.0006100838284446,0.5824536188017294,0.14480171371096257,1.0701208085555376,0.07006628927347072,0
4.9259999999996795,REACH,0.574428383811613,0.14822772424674008,1.0010493065174,0.5824536188017294,0.14480171371096257,1.0701208085555376,0.06962050228662743,0
4.927999999999679,REACH,0.57450589551058,0.1482069187785771,1.00148743998245,0.5824536188017294,0.14480171371096257,1.0701208085555376,0.06917587013369958,0
4.929999999999679,REACH,0.5745828697596864,0.14818615012346106,1.0019244809293013,0.5824536188017294,0.14480171371096257,1.0701208085555376,0.06873239557892642,0
4.931999999999679,REACH,0.574659308696076,0.14816541861617816,1.0023604260676375,0.5824536188017294,0.14480171371096257,1.0701208085555376,0.06829008138535915,0
4.933999999999679,REACH,0.5747352144587345,0.14814472459043013,1.0027952721111186,0.5824536188017294,0.14480171371096257,1.0701208085555376,0.0678489303148619,0
4.935999999999678,REACH,0.5748105891884306,0.14812406837883463,1.0032290157773789,0.5824536188017294,0.14480171371096257,1.0701208085555376,0.06740894512811352,0
4.937999999999678,REACH,0.574885435027656,0.1481034503129251,1.0036616537880285,0.5824536188017294,0.14480171371096257,1.0701208085555376,0.06697012858460563,0
4.939999999999678,REACH,0.5749597541205645,0.14808287072315138,1.0040931828686488,0.5824536188017294,0.14480171371096257,1.0701208085555376,0.06653248344264735,0
4.941999999999678,REACH,0.5750335486129132,0.14806232993888035,1.0045235997487938,0.5824536188017294,0.14480171371096257,1.0701208085555376,0.06609601245936297,0
4.9439999999996775,REACH,0.5751068206520017,0.14804182828839554,1.0049529011619869,0.5824536188017294,0.14480171371096257,1.0701208085555376,0.0656607183906949,0
4.945999999999677,REACH,0.5751795723866108,0.1480213660988981,1.00538108384572,0.5824536188017294,0.14480171371096257,1.0701208085555376,0.06522660399140373,0
4.947999999999677,REACH,0.5752518059669429,0.148000943696507,1.0058081445414506,0.5824536188017294,0.14480171371096257,1.0701208085555376,0.06479367201507057,0
4.949999999999677,REACH,0.5753235235445632,0.14798056140625984,1.0062340799946006,0.5824536188017294,0.14480171371096257,1.0701208085555376,0.06436192521409694,0
4.951999999999677,REACH,0.5753947272723345,0.14796021955211333,1.0066588869545534,0.5824536188017294,0.14480171371096257,1.0701208085555376,0.0639313663397069,0
4.953999999999676,REACH,0.5754654193043617,0.1479399184569434,1.007082562174653,0.5824536188017294,0.14480171371096257,1.0701208085555376,0.06350199814194674,0
4.955999999999676,REACH,0.575535601795927,0.14791965844254656,1.007505102412199,0.5824536188017294,0.14480171371096257,1.0701208085555376,0.06307382336968886,0
4.957999999999676,REACH,0.575605276903431,0.14789943982964018,1.0079265044284456,0.5824536188017294,0.14480171371096257,1.0701208085555376,0.06264684477063107,0
4.959999999999676,REACH,0.5756744467843302,0.14787926293786285,1.0083467649885989,0.5824536188017294,0.14480171371096257,1.0701208085555376,0.062221065091297864,0
4.961999999999676,REACH,0.575743113597078,0.14785912808577636,1.008765880861812,0.5824536188017294,0.14480171371096257,1.0701208085555376,0.06179648707704395,0
4.963999999999675,REACH,0.5758112795010618,0.14783903559086525,1.009183848821185,0.5824536188017294,0.14480171371096257,1.0701208085555376,0.061373113472052494,0
4.965999999999675,REACH,0.5758789466565402,0.14781898576953792,1.0096006656437588,0.5824536188017294,0.14480171371096257,1.0701208085555376,0.06095094701933935,0
4.967999999999675,REACH,0.5759461172245858,0.14779897893712837,1.0100163281105126,0.5824536188017294,0.14480171371096257,1.0701208085555376,0.06052999046075347,0
4.969999999999675,REACH,0.5760127933670192,0.1477790154078959,1.0104308330063594,0.5824536188017294,0.14480171371096257,1.0701208085555376,0.06011024653697957,0
4.9719999999996745,REACH,0.57607897724635,0.1477590954950272,1.010844177120145,0.5824536188017294,0.14480171371096257,1.0701208085555376,0.05969171798753703,0
4.973999999999674,REACH,0.5761446710257148,0.14773921951063657,1.0112563572446407,0.5824536188017294,0.14480171371096257,1.0701208085555376,0.05927440755078494,0
4.975999999999674,REACH,0.5762098768688138,0.14771938776576748,1.0116673701765404,0.5824536188017294,0.14480171371096257,1.0701208085555376,0.05885831796392209,0
4.977999999999674,REACH,0.5762745969398496,0.1476996005703933,1.0120772127164586,0.5824536188017294,0.14480171371096257,1.0701208085555376,0.05844345196298729,0
4.979999999999674,REACH,0.576338833403467,0.1476798582334187,1.0124858816689208,0.5824536188017294,0.14480171371096257,1.0701208085555376,0.05802981228286549,0
4.981999999999673,REACH,0.5764025884246878,0.1476601610626809,1.0128933738423658,0.5824536188017294,0.14480171371096257,1.0701208085555376,0.05761740165728379,0
4.983999999999673,REACH,0.5764658641688506,0.14764050936495055,1.0132996860491335,0.5824536188017294,0.14480171371096257,1.0701208085555376,0.05720622281881972,0
4.985999999999673,REACH,0.5765286628015475,0.14762090344593348,1.013704815105467,0.5824536188017294,0.14480171371096257,1.0701208085555376,0.0567962784988969,0
4.987999999999673,REACH,0.5765909864885624,0.14760134361027147,1.014108757831503,0.5824536188017294,0.14480171371096257,1.0701208085555376,0.056387571427791876,0
4.9899999999996725,REACH,0.5766528373958072,0.14758183016154391,1.0145115110512684,0.5824536188017294,0.14480171371096257,1.0701208085555376,0.05598010433463313,0
4.991999999999672,REACH,0.5767142176892609,0.14756236340226933,1.0149130715926753,0.5824536188017294,0.14480171371096257,1.0701208085555376,0.05557387994740433,0
4.993999999999672,REACH,0.5767751295349054,0.14754294363390644,1.0153134362875136,0.5824536188017294,0.14480171371096257,1.0701208085555376,0.05516890099294752,0
4.995999999999672,REACH,0.5768355750986638,0.147523571156856,1.0157126019714493,0.5824536188017294,0.14480171371096257,1.0701208085555376,0.0547651701969614,0
4.997999999999672,REACH,0.5768955565463358,0.14750424627046194,1.0161105654840128,0.5824536188017294,0.14480171371096257,1.0701208085555376,0.054362690284009835,0
4.999999999999671,REACH,0.5769550760435377,0.14748496927301324,1.0165073236686004,0.5824536188017294,0.14480171371096257,1.0701208085555376,0.053961463977516215,0
5.001999999999671,REACH,0.5770141357556351,0.14746574046174532,1.0169028733724619,0.5824536188017294,0.14480171371096257,1.0701208085555376,0.053561493999772655,0
5.003999999999671,REACH,0.5770727378476835,0.14744656013284152,1.0172972114466987,0.5824536188017294,0.14480171371096257,1.0701208085555376,0.05316278307193738,0
5.005999999999671,REACH,0.5771308844843633,0.14742742858143526,1.0176903347462538,0.5824536188017294,0.14480171371096257,1.0701208085555376,0.05276533391404134,0
5.0079999999996705,REACH,0.5771885778299161,0.14740834610161122,1.0180822401299099,0.5824536188017294,0.14480171371096257,1.0701208085555376,0.05236914924498572,0
5.00999999999967,REACH,0.5772458200480829,0.1473893129864076,1.0184729244602788,0.5824536188017294,0.14480171371096257,1.0701208085555376,0.05197423178254827,0
5.01199999999967,REACH,0.5773026133020366,0.14737032952781712,1.018862384603796,0.5824536188017294,0.14480171371096257,1.0701208085555376,0.05158058424338493,0
5.01399999999967,REACH,0.5773589597543245,0.14735139601678962,1.0192506174307168,0.5824536188017294,0.14480171371096257,1.0701208085555376,0.051188209343028916,0
5.01599999999967,REACH,0.5774148615667987,0.14733251274323356,1.0196376198151023,0.5824536188017294,0.14480171371096257,1.0701208085555376,0.05079710979590008,0
5.017999999999669,REACH,0.5774703209005561,0.14731367999601785,1.0200233886348204,0.5824536188017294,0.14480171371096257,1.0701208085555376,0.0504072883152998,0
5.019999999999669,REACH,0.5775253399158716,0.1472948980629738,1.0204079207715335,0.5824536188017294,0.14480171371096257,1.0701208085555376,0.05001874761341877,0
5.021999999999669,REACH,0.5775799207721372,0.14727616723089743,1.0207912131106924,0.5824536188017294,0.14480171371096257,1.0701208085555376,0.04963149040133752,0
5.023999999999669,REACH,0.5776340656277951,0.14725748778555084,1.0211732625415286,0.5824536188017294,0.14480171371096257,1.0701208085555376,0.04924551938902996,0
5.0259999999996685,REACH,0.5776877766402743,0.14723886001166478,1.0215540659570483,0.5824536188017294,0.14480171371096257,1.0701208085555376,0.04886083728536424,0
5.027999999999668,REACH,0.5777410559659275,0.1472202841929405,1.0219336202540208,0.5824536188017294,0.14480171371096257,1.0701208085555376,0.04847744679810927,0
5.029999999999668,REACH,0.5777939057599651,0.14720176061205176,1.0223119223329755,0.5824536188017294,0.14480171371096257,1.0701208085555376,0.0480953506339324,0
5.031999999999668,REACH,0.5778463281763918,0.14718328955064738,1.0226889690981897,0.5824536188017294,0.14480171371096257,1.0701208085555376,0.04771455149840681,0
5.033999999999668,REACH,0.5778983253679415,0.14716487128935263,1.0230647574576837,0.5824536188017294,0.14480171371096257,1.0701208085555376,0.04733505209601078,0
5.035999999999667,REACH,0.5779498994860129,0.14714650610777263,1.023439284323209,0.5824536188017294,0.14480171371096257,1.0701208085555376,0.04695685513013389,0
5.037999999999667,REACH,0.5780010526806039,0.14712819428449317,1.0238125466102446,0.5824536188017294,0.14480171371096257,1.0701208085555376,0.04657996330307576,0
5.039999999999667,REACH,0.5780517871002485,0.14710993609708406,1.024184541237982,0.5824536188017294,0.14480171371096257,1.0701208085555376,0.046204379316054915,0
5.041999999999667,REACH,0.5781021048919509,0.1470917318221013,1.0245552651293248,0.5824536188017294,0.14480171371096257,1.0701208085555376,0.04583010586920372,0
5.0439999999996665,REACH,0.5781520082011194,0.14707358173508878,1.024924715210871,0.5824536188017294,0.14480171371096257,1.0701208085555376,0.04545714566158054,0
5.045999999999666,REACH,0.5782014991715034,0.1470554861105815,1.0252928884129122,0.5824536188017294,0.14480171371096257,1.0701208085555376,0.04508550139116383,0
5.047999999999666,REACH,0.5782505799451272,0.14703744522210724,1.0256597816694177,0.5824536188017294,0.14480171371096257,1.0701208085555376,0.04471517575486321,1
5.049999999999666,REACH,0.5782992526622239,0.14701945934218982,1.026025391918031,0.5824536188017294,0.14480171371096257,1.0701208085555376,0.04434617144851606,1
5.051999999999666,REACH,0.5783475194611714,0.14700152874235053,1.0263897161000572,0.5824536188017294,0.14480171371096257,1.0701208085555376,0.04397849116689455,1
5.053999999999665,REACH,0.5783953824784276,0.14698365369311192,1.026752751160454,0.5824536188017294,0.14480171371096257,1.0701208085555376,0.043612137603707725,1
5.055999999999665,REACH,0.5784428438484617,0.14696583446399888,1.0271144940478225,0.5824536188017294,0.14480171371096257,1.0701208085555376,0.04324711345160492,1
5.057999999999665,REACH,0.5784899057036912,0.1469480713235427,1.0274749417143991,0.5824536188017294,0.14480171371096257,1.0701208085555376,0.04288342140217772,1
5.059999999999665,REACH,0.5785365701744167,0.14693036453928254,1.0278340911160426,0.5824536188017294,0.14480171371096257,1.0701208085555376,0.042521064145965674,1
5.0619999999996645,REACH,0.5785828393887542,0.14691271437776848,1.028191939212228,0.5824536188017294,0.14480171371096257,1.0701208085555376,0.04216004437245636,1
5.063999999999664,REACH,0.5786287154725703,0.14689512110456454,1.028548482966034,0.5824536188017294,0.14480171371096257,1.0701208085555376,0.04180036477009129,1
5.065999999999664,REACH,0.5786742005494158,0.14687758498425077,1.0289037193441333,0.5824536188017294,0.14480171371096257,1.0701208085555376,0.041442028026268785,1
5.067999999999664,REACH,0.5787192967404596,0.14686010628042645,1.029257645316782,0.5824536188017294,0.14480171371096257,1.0701208085555376,0.041085036827347356,1
5.069999999999664,REACH,0.5787640061644241,0.14684268525571248,1.0296102578578123,0.5824536188017294,0.14480171371096257,1.0701208085555376,0.04072939385864721,1
5.0719999999996634,REACH,0.5788083309375168,0.14682532217175437,1.0299615539446179,0.5824536188017294,0.14480171371096257,1.0701208085555376,0.040375101804456685,1
5.073999999999663,REACH,0.5788522731733647,0.14680801728922535,1.0303115305581458,0.5824536188017294,0.14480171371096257,1.0701208085555376,0.040022163348033934,1
5.075999999999663,REACH,0.578895834982949,0.14679077086782835,1.0306601846828862,0.5824536188017294,0.14480171371096257,1.0701208085555376,0.03967058117161024,1
5.077999999999663,REACH,0.5789390184745374,0.14677358316630015,1.03100751330686,0.5824536188017294,0.14480171371096257,1.0701208085555376,0.039320357956394845,1
5.079999999999663,REACH,0.5789818257536186,0.1467564544424128,1.0313535134216083,0.5824536188017294,0.14480171371096257,1.0701208085555376,0.03897149638257786,1
5.081999999999662,REACH,0.5790242589228344,0.14673938495297809,1.0316981820221842,0.5824536188017294,0.14480171371096257,1.0701208085555376,0.038623999129332266,1
5.083999999999662,REACH,0.5790663200819142,0.14672237495384935,1.0320415161071377,0.5824536188017294,0.14480171371096257,1.0701208085555376,0.038277868874820556,1
5.085999999999662,REACH,0.5791080113276069,0.1467054246999249,1.0323835126785061,0.5824536188017294,0.14480171371096257,1.0701208085555376,0.037933108296197074,1
5.087999999999662,REACH,0.5791493347536161,0.14668853444515112,1.0327241687418047,0.5824536188017294,0.14480171371096257,1.0701208085555376,0.03758972006961012,1
5.0899999999996615,REACH,0.579190292450531,0.14667170444252545,1.033063481306013,0.5824536188017294,0.14480171371096257,1.0701208085555376,0.03724770687020756,1
5.091999999999661,REACH,0.5792308865057603,0.14665493494409923,1.0334014473835647,0.5824536188017294,0.14480171371096257,1.0701208085555376,0.03690707137213985,1
5.093999999999661,REACH,0.5792711190034658,0.1466382262009811,1.0337380639903349,0.5824536188017294,0.14480171371096257,1.0701208085555376,0.03656781624856386,1
5.095999999999661,REACH,0.5793109920244934,0.14662157846334015,1.0340733281456285,0.5824536188017294,0.14480171371096257,1.0701208085555376,0.036229944171647974,1
5.097999999999661,REACH,0.5793505076463082,0.1466049919804089,1.0344072368721715,0.5824536188017294,0.14480171371096257,1.0701208085555376,0.035893457812571986,1
5.09999999999966,REACH,0.5793896679429241,0.14658846700048622,1.0347397871960942,0.5824536188017294,0.14480171371096257,1.0701208085555376,0.035558359841536415,1
5.10199999999966,REACH,0.57942847498484,0.14657200377094134,1.0350709761469232,0.5824536188017294,0.14480171371096257,1.0701208085555376,0.0352246529277618,1
5.10399999999966,REACH,0.5794669308389686,0.14655560253821623,1.0354008007575686,0.5824536188017294,0.14480171371096257,1.0701208085555376,0.03489233973949433,1
5.10599999999966,REACH,0.5795050375685717,0.14653926354782915,1.0357292580643105,0.5824536188017294,0.14480171371096257,1.0701208085555376,0.0345614229440101,1
5.1079999999996595,REACH,0.5795427972331909,0.1465229870443784,1.0360563451067886,0.5824536188017294,0.14480171371096257,1.0701208085555376,0.03423190520761817,1
5.109999999999659,REACH,0.5795802118885809,0.14650677327154477,1.0363820589279873,0.5824536188017294,0.14480171371096257,1.0701208085555376,0.03390378919566644,1
5.111999999999659,REACH,0.5796172835866401,0.14649062247209543,1.0367063965742278,0.5824536188017294,0.14480171371096257,1.0701208085555376,0.033577077572541754,1
5.113999999999659,REACH,0.5796540143753444,0.1464745348878874,1.03702935509515,0.5824536188017294,0.14480171371096257,1.0701208085555376,0.03325177300167926,1
5.115999999999659,REACH,0.5796904062986786,0.1464585107598702,1.0373509315437057,0.5824536188017294,0.14480171371096257,1.0701208085555376,0.03292787814556037,1
5.117999999999658,REACH,0.5797264613965666,0.1464425503280901,1.0376711229761415,0.5824536188017294,0.14480171371096257,1.0701208085555376,0.032605395665722375,1
5.119999999999658,REACH,0.5797621817048073,0.146426653831693,1.0379899264519896,0.5824536188017294,0.14480171371096257,1.0701208085555376,0.03228432822275767,1
5.121999999999658,REACH,0.5797975692550025,0.14641082150892817,1.0383073390340507,0.5824536188017294,0.14480171371096257,1.0701208085555376,0.031964678476323165,1
5.123999999999658,REACH,0.5798326260744889,0.14639505359715127,1.038623357788385,0.5824536188017294,0.14480171371096257,1.0701208085555376,0.03164644908514017,1
5.1259999999996575,REACH,0.5798673541862728,0.14637935033282842,1.0389379797843001,0.5824536188017294,0.14480171371096257,1.0701208085555376,0.03132964270699763,1
5.127999999999657,REACH,0.5799017556089581,0.14636371195153916,1.0392512020943334,0.5824536188017294,0.14480171371096257,1.0701208085555376,0.03101426199876122,1
5.129999999999657,REACH,0.5799358323566799,0.14634813868798036,1.0395630217942418,0.5824536188017294,0.14480171371096257,1.0701208085555376,0.030700309616374336,1
5.131999999999657,REACH,0.5799695864390344,0.14633263077596972,1.0398734359629893,0.5824536188017294,0.14480171371096257,1.0701208085555376,0.030387788214861693,1
5.133999999999657,REACH,0.5800030198610124,0.1463171884484489,1.0401824416827314,0.5824536188017294,0.14480171371096257,1.0701208085555376,0.030076700448336074,1
5.135999999999656,REACH,0.5800361346229269,0.14630181193748784,1.0404900360388059,0.5824536188017294,0.14480171371096257,1.0701208085555376,0.029767048969998516,1
5.137999999999656,REACH,0.5800689327203482,0.14628650147428773,1.0407962161197146,0.5824536188017294,0.14480171371096257,1.0701208085555376,0.029458836432146793,1
5.139999999999656,REACH,0.5801014161440314,0.14627125728918483,1.0411009790171122,0.5824536188017294,0.14480171371096257,1.0701208085555376,0.02915206548617857,1
5.141999999999656,REACH,0.5801335868798516,0.1462560796116542,1.0414043218257933,0.5824536188017294,0.14480171371096257,1.0701208085555376,0.02884673878259385,1
5.1439999999996555,REACH,0.5801654469087294,0.14624096867031336,1.0417062416436793,0.5824536188017294,0.14480171371096257,1.0701208085555376,0.028542858971000135,1
5.145999999999655,REACH,0.5801969982065662,0.14622592469292592,1.0420067355718017,0.5824536188017294,0.14480171371096257,1.0701208085555376,0.028240428700118725,1
5.147999999999655,REACH,0.580228242744173,0.14621094790640485,1.0423058007142922,0.5824536188017294,0.14480171371096257,1.0701208085555376,0.027939450617785775,1
5.149999999999655,REACH,0.5802591824872005,0.14619603853681712,1.0426034341783665,0.5824536188017294,0.14480171371096257,1.0701208085555376,0.027639927370959345,1
5.151999999999655,REACH,0.5802898193960723,0.14618119680938657,1.042899633074311,0.5824536188017294,0.14480171371096257,1.0701208085555376,0.02734186160572268,1
5.153999999999654,REACH,0.5803201554259118,0.14616642294849824,1.0431943945154698,0.5824536188017294,0.14480171371096257,1.0701208085555376,0.027045255967288063,1
5.155999999999654,REACH,0.580350192526475,0.14615171717770137,1.0434877156182298,0.5824536188017294,0.14480171371096257,1.0701208085555376,0.026750113100002207,1
5.157999999999654,REACH,0.5803799326420809,0.1461370797197142,1.0437795935020073,0.5824536188017294,0.14480171371096257,1.0701208085555376,0.02645643564735009,1
5.159999999999654,REACH,0.5804093777115396,0.14612251079642677,1.0440700252892336,0.5824536188017294,0.14480171371096257,1.0701208085555376,0.026164226251959622,1
5.1619999999996535,REACH,0.5804385296680856,0.14610801062890552,1.0443590081053418,0.5824536188017294,0.14480171371096257,1.0701208085555376,0.02587348755560538,1
5.163999999999653,REACH,0.5804673904393057,0.1460935794373965,1.04464653907875,0.5824536188017294,0.14480171371096257,1.0701208085555376,0.025584222199215297,1
5.165999999999653,REACH,0.5804959619470689,0.1460792174413295,1.0449326153408511,0.5824536188017294,0.14480171371096257,1.0701208085555376,0.02529643282287204,1
5.167999999999653,REACH,0.5805242461074582,0.14606492485932204,1.0452172340259944,0.5824536188017294,0.14480171371096257,1.0701208085555376,0.025010122065820678,1
5.169999999999653,REACH,0.5805522448306987,0.1460507019091826,1.0455003922714772,0.5824536188017294,0.14480171371096257,1.0701208085555376,0.024725292566467917,1
5.171999999999652,REACH,0.580579960021088,0.1460365488079153,1.045782087217522,0.5824536188017294,0.14480171371096257,1.0701208085555376,0.02444194696239464,1
5.173999999999652,REACH,0.5806073935769259,0.14602246577172315,1.0460623160072697,0.5824536188017294,0.14480171371096257,1.0701208085555376,0.02416008789035363,1
5.175999999999652,REACH,0.5806345473904444,0.1460084530160124,1.046341075786762,0.5824536188017294,0.14480171371096257,1.0701208085555376,0.023879717986276326,1
5.177999999999652,REACH,0.5806614233477365,0.14599451075539596,1.0466183637049262,0.5824536188017294,0.14480171371096257,1.0701208085555376,0.023600839885278464,1
5.1799999999996515,REACH,0.5806880233286863,0.1459806392036977,1.046894176913563,0.5824536188017294,0.14480171371096257,1.0701208085555376,0.023323456221663014,1
5.181999999999651,REACH,0.5807143492068984,0.1459668385739563,1.0471685125673302,0.5824536188017294,0.14480171371096257,1.0701208085555376,0.023047569628925076,1
5.183999999999651,REACH,0.5807404028496271,0.14595310907842898,1.0474413678237293,0.5824536188017294,0.14480171371096257,1.0701208085555376,0.022773182739756977,1
5.185999999999651,REACH,0.5807661861177048,0.14593945092859573,1.0477127398430894,0.5824536188017294,0.14480171371096257,1.0701208085555376,0.022500298186053008,1
5.187999999999651,REACH,0.5807917008654728,0.14592586433516305,1.0479826257885523,0.5824536188017294,0.14480171371096257,1.0701208085555376,0.022228918598914956,1
5.1899999999996504,REACH,0.5808169489407096,0.14591234950806806,1.0482510228260618,0.5824536188017294,0.14480171371096257,1.0701208085555376,0.021959046608652392,1
5.19199999999965,REACH,0.5808419321845585,0.14589890665648222,1.0485179281243449,0.5824536188017294,0.14480171371096257,1.0701208085555376,0.021690684844791697,1
5.19399999999965,REACH,0.5808666524314599,0.1458855359888157,1.0487833388548975,0.5824536188017294,0.14480171371096257,1.0701208085555376,0.021423835936079973,1
5.19599999999965,REACH,0.5808911115090766,0.14587223771272084,1.0490472521919718,0.5824536188017294,0.14480171371096257,1.0701208085555376,0.02115850251048778,1
5.19799999999965,REACH,0.5809153112382252,0.14585901203509694,1.0493096653125593,0.5824536188017294,0.14480171371096257,1.0701208085555376,0.020894687195215735,1
5.199999999999649,REACH,0.5809392534328021,0.14584585916209314,1.049570575396377,0.5824536188017294,0.14480171371096257,1.0701208085555376,0.020632392616698202,1
5.201999999999649,REACH,0.5809629398997158,0.14583277929911362,1.0498299796258528,0.5824536188017294,0.14480171371096257,1.0701208085555376,0.020371621400608046,1
5.203999999999649,REACH,0.5809863724388127,0.14581977265082074,1.0500878751861102,0.5824536188017294,0.14480171371096257,1.0701208085555376,0.020112376171860787,1
5.205999999999649,REACH,0.5810095528428056,0.1458068394211393,1.0503442592649537,0.5824536188017294,0.14480171371096257,1.0701208085555376,0.019854659554620326,1
5.2079999999996485,REACH,0.5810324828972036,0.14579397981326078,1.0505991290528527,0.5824536188017294,0.14480171371096257,1.0701208085555376,0.019598474172303586,1
5.209999999999648,REACH,0.5810551643802389,0.14578119402964695,1.0508524817429306,0.5824536188017294,0.14480171371096257,1.0701208085555376,0.019343822647582044,1
5.211999999999648,REACH,0.5810775990627963,0.14576848227203457,1.051104314530943,0.5824536188017294,0.14480171371096257,1.0701208085555376,0.019090707602392547,1
5.213999999999648,REACH,0.5810997887083408,0.14575584474143857,1.0513546246152692,0.5824536188017294,0.14480171371096257,1.0701208085555376,0.01883913165793662,1
5.215999999999648,REACH,0.5811217350728455,0.14574328163815667,1.051603409196895,0.5824536188017294,0.14480171371096257,1.0701208085555376,0.018589097434685738,1
5.217999999999647,REACH,0.5811434399047195,0.14573079316177354,1.0518506654793962,0.5824536188017294,0.14480171371096257,1.0701208085555376,0.01834060755238949,1
5.219999999999647,REACH,0.581164904944737,0.145718379511164,1.0520963906689251,0.5824536188017294,0.14480171371096257,1.0701208085555376,0.018093664630076972,1
5.221999999999647,REACH,0.5811861319259634,0.14570604088449796,1.0523405819741958,0.5824536188017294,0.14480171371096257,1.0701208085555376,0.01784827128606263,1
5.223999999999647,REACH,0.5812071225736839,0.14569377747924428,1.052583236606471,0.5824536188017294,0.14480171371096257,1.0701208085555376,0.01760443013794833,1
5.2259999999996465,REACH,0.5812278786053324,0.1456815894921741,1.0528243517795406,0.5824536188017294,0.14480171371096257,1.0701208085555376,0.017362143802634473,1
5.227999999999646,REACH,0.5812484017304164,0.14566947711936604,1.0530639247097149,0.5824536188017294,0.14480171371096257,1.0701208085555376,0.01712141489631731,1
5.229999999999646,REACH,0.5812686936504474,0.1456574405562093,1.0533019526158025,0.5824536188017294,0.14480171371096257,1.0701208085555376,0.016882246034499643,1
5.231999999999646,REACH,0.5812887560588659,0.14564547999740818,1.0535384327191015,0.5824536188017294,0.14480171371096257,1.0701208085555376,0.016644639831990136,1
5.233999999999646,REACH,0.5813085906409711,0.14563359563698597,1.0537733622433807,0.5824536188017294,0.14480171371096257,1.0701208085555376,0.016408598902911433,1
5.235999999999645,REACH,0.5813281990738463,0.14562178766828882,1.0540067384148637,0.5824536188017294,0.14480171371096257,1.0701208085555376,0.016174125860705775,1
5.237999999999645,REACH,0.581347583026287,0.14561005628399015,1.0542385584622183,0.5824536188017294,0.14480171371096257,1.0701208085555376,0.01594122331813558,1
5.239999999999645,REACH,0.5813667441587287,0.14559840167609456,1.0544688196165375,0.5824536188017294,0.14480171371096257,1.0701208085555376,0.015709893887291722,1
5.241999999999645,REACH,0.5813856841231714,0.14558682403594161,1.054697519111328,0.5824536188017294,0.14480171371096257,1.0701208085555376,0.01548014017959544,1
5.2439999999996445,REACH,0.5814044045631106,0.14557532355421016,1.0549246541824913,0.5824536188017294,0.14480171371096257,1.0701208085555376,0.015251964805806012,1
5.245999999999644,REACH,0.5814229071134599,0.1455639004209223,1.0551502220683113,0.5824536188017294,0.14480171371096257,1.0701208085555376,0.01502537037602389,1
5.247999999999644,REACH,0.5814411934004815,0.14555255482544716,1.0553742200094407,0.5824536188017294,0.14480171371096257,1.0701208085555376,0.014800359499693532,1
5.249999999999644,REACH,0.5814592650417114,0.14554128695650514,1.0555966452488825,0.5824536188017294,0.14480171371096257,1.0701208085555376,0.014576934785611473,1
5.251999999999644,REACH,0.5814771236458849,0.14553009700217223,1.0558174950319792,0.5824536188017294,0.14480171371096257,1.0701208085555376,0.01435509884192756,1
5.253999999999643,REACH,0.5814947708128646,0.1455189851498832,1.056036766606394,0.5824536188017294,0.14480171371096257,1.0701208085555376,0.014134854276153002,1
5.255999999999643,REACH,0.581512208133568,0.14550795158643648,1.0562544572220982,0.5824536188017294,0.14480171371096257,1.0701208085555376,0.01391620369516264,1
5.257999999999643,REACH,0.5815294371898914,0.14549699649799727,1.0564705641313572,0.5824536188017294,0.14480171371096257,1.0701208085555376,0.013699149705199741,1
5.259999999999643,REACH,0.5815464595546382,0.14548612007010242,1.0566850845887146,0.5824536188017294,0.14480171371096257,1.0701208085555376,0.013483694911880669,1
5.2619999999996425,REACH,0.581563276791444,0.14547532248766368,1.0568980158509764,0.5824536188017294,0.14480171371096257,1.0701208085555376,0.013269841920201003,1
5.263999999999642,REACH,0.5815798904547034,0.14546460393497218,1.0571093551771986,0.5824536188017294,0.14480171371096257,1.0701208085555376,0.013057593334538075,1
5.265999999999642,REACH,0.5815963020894966,0.14545396459570203,1.0573190998286712,0.5824536188017294,0.14480171371096257,1.0701208085555376,0.012846951758656352,1
5.267999999999642,REACH,0.5816125132315145,0.1454434046529144,1.057527247068903,0.5824536188017294,0.14480171371096257,1.0701208085555376,0.012637919795713048,1
5.269999999999642,REACH,0.5816285254069846,0.14543292428906146,1.0577337941636098,0.5824536188017294,0.14480171371096257,1.0701208085555376,0.012430500048259595,1
5.271999999999641,REACH,0.5816443401325985,0.14542252368599043,1.057938738380696,0.5824536188017294,0.14480171371096257,1.0701208085555376,0.012224695118250207,1
5.273999999999641,REACH,0.581659958915435,0.14541220302494698,1.0581420769902425,0.5824536188017294,0.14480171371096257,1.0701208085555376,0.01202050760704381,1
5.275999999999641,REACH,0.5816753832528887,0.14540196248657997,1.0583438072644928,0.5824536188017294,0.14480171371096257,1.0701208085555376,0.011817940115408411,1
5.277999999999641,REACH,0.5816906146325944,0.14539180225094483,1.0585439264778367,0.5824536188017294,0.14480171371096257,1.0701208085555376,0.011616995243526976,1
5.2799999999996405,REACH,0.5817056545323517,0.1453817224975073,1.0587424319067955,0.5824536188017294,0.14480171371096257,1.0701208085555376,0.011417675591002487,1
5.28199999999964,REACH,0.5817205044200523,0.14537172340514745,1.0589393208300122,0.5824536188017294,0.14480171371096257,1.0701208085555376,0.011219983756858204,1
5.28399999999964,REACH,0.5817351657536037,0.1453618051521639,1.0591345905282306,0.5824536188017294,0.14480171371096257,1.0701208085555376,0.011023922339548397,1
5.28599999999964,REACH,0.5817496399808563,0.14535196791627708,1.0593282382842868,0.5824536188017294,0.14480171371096257,1.0701208085555376,0.010829493936957112,1
5.28799999999964,REACH,0.5817639285395273,0.1453422118746332,1.0595202613830919,0.5824536188017294,0.14480171371096257,1.0701208085555376,0.01063670114640602,1
5.289999999999639,REACH,0.5817780328571266,0.14533253720380862,1.0597106571116184,0.5824536188017294,0.14480171371096257,1.0701208085555376,0.010445546564657852,1
5.291999999999639,REACH,0.5817919543508807,0.1453229440798126,1.059899422758887,0.5824536188017294,0.14480171371096257,1.0701208085555376,0.0102560327879205,1
5.293999999999639,REACH,0.58180569442766,0.1453134326780921,1.0600865556159516,0.5824536188017294,0.14480171371096257,1.0701208085555376,0.010068162411851754,1
5.295999999999639,REACH,0.5818192544839013,0.14530400317353512,1.0602720529758864,0.5824536188017294,0.14480171371096257,1.0701208085555376,0.009881938031563172,1
5.2979999999996386,REACH,0.581832635905534,0.14529465574047384,1.0604559121337713,0.5824536188017294,0.14480171371096257,1.0701208085555376,0.009697362241625106,1
5.299999999999638,REACH,0.581845840067905,0.14528539055268963,1.0606381303866788,0.5824536188017294,0.14480171371096257,1.0701208085555376,0.009514437636069949,1
5.301999999999638,REACH,0.5818588683357033,0.14527620778341557,1.060818705033658,0.5824536188017294,0.14480171371096257,1.0701208085555376,0.009333166808398808,1
5.303999999999638,REACH,0.5818717220628828,0.14526710760534078,1.060997633375725,0.5824536188017294,0.14480171371096257,1.0701208085555376,0.009153552351582108,1
5.305999999999638,REACH,0.5818844025925897,0.14525809019061392,1.061174912715845,0.5824536188017294,0.14480171371096257,1.0701208085555376,0.008975596858067786,1
5.3079999999996375,REACH,0.5818969112570854,0.14524915571084665,1.0613505403589225,0.5824536188017294,0.14480171371096257,1.0701208085555376,0.008799302919781872,1
5.309999999999637,REACH,0.581909249377671,0.14524030433711776,1.0615245136117855,0.5824536188017294,0.14480171371096257,1.0701208085555376,0.00862467312813532,1
5.311999999999637,REACH,0.5819214182646116,0.14523153623997598,1.0616968297831733,0.5824536188017294,0.14480171371096257,1.0701208085555376,0.008451710074026493,1
5.313999999999637,REACH,0.5819334192170602,0.14522285158944445,1.0618674861837216,0.5824536188017294,0.14480171371096257,1.0701208085555376,0.00828041634784751,1
5.315999999999637,REACH,0.5819452535229832,0.14521425055502363,1.0620364801259512,0.5824536188017294,0.14480171371096257,1.0701208085555376,0.008110794539486339,1
5.317999999999636,REACH,0.5819569224590827,0.14520573330569508,1.0622038089242554,0.5824536188017294,0.14480171371096257,1.0701208085555376,0.007942847238330181,1
5.319999999999636,REACH,0.581968427290722,0.14519730000992467,1.0623694698948827,0.5824536188017294,0.14480171371096257,1.0701208085555376,0.007776577033273945,1
5.321999999999636,REACH,0.5819797692718472,0.14518895083566688,1.0625334603559307,0.5824536188017294,0.14480171371096257,1.0701208085555376,0.007611986512717782,1
5.323999999999636,REACH,0.5819909496449146,0.14518068595036718,1.0626957776273265,0.5824536188017294,0.14480171371096257,1.0701208085555376,0.007449078264577352,1
5.3259999999996355,REACH,0.5820019696408115,0.14517250552096633,1.062856419030819,0.5824536188017294,0.14480171371096257,1.0701208085555376,0.007287854876283254,1
5.327999999999635,REACH,0.5820128304787795,0.14516440971390324,1.063015381889962,0.5824536188017294,0.14480171371096257,1.0701208085555376,0.007128318934789043,1
5.329999999999635,REACH,0.582023533366341,0.14515639869511868,1.0631726635301066,0.5824536188017294,0.14480171371096257,1.0701208085555376,0.0069704730265699975,1
5.331999999999635,REACH,0.5820340794992206,0.1451484726300586,1.0633282612783836,0.5824536188017294,0.14480171371096257,1.0701208085555376,0.006814319737632932,1
5.333999999999635,REACH,0.5820444700612682,0.145140631683677,1.0634821724636947,0.5824536188017294,0.14480171371096257,1.0701208085555376,0.006659861653515706,1
5.335999999999634,REACH,0.582054706224384,0.14513287602043998,1.063634394416699,0.5824536188017294,0.14480171371096257,1.0701208085555376,0.006507101359292581,1
5.337999999999634,REACH,0.5820647891484393,0.14512520580432858,1.0637849244698006,0.5824536188017294,0.14480171371096257,1.0701208085555376,0.00635604143957888,1
5.339999999999634,REACH,0.5820747199812026,0.1451176211988419,1.063933759957137,0.5824536188017294,0.14480171371096257,1.0701208085555376,0.006206684478533235,1
5.341999999999634,REACH,0.5820844998582602,0.1451101223670007,1.064080898214568,0.5824536188017294,0.14480171371096257,1.0701208085555376,0.006059033059861853,1
5.3439999999996335,REACH,0.5820941299029404,0.14510270947134996,1.064226336579662,0.5824536188017294,0.14480171371096257,1.0701208085555376,0.005913089766822929,1
5.345999999999633,REACH,0.5821036112262361,0.14509538267396296,1.0643700723916851,0.5824536188017294,0.14480171371096257,1.0701208085555376,0.005768857182230551,1
5.347999999999633,REACH,0.5821129449267279,0.14508814213644355,1.064512102991591,0.5824536188017294,0.14480171371096257,1.0701208085555376,0.005626337888456242,1
5.349999999999633,REACH,0.5821221320905061,0.14508098801992939,1.0646524257220071,0.5824536188017294,0.14480171371096257,1.0701208085555376,0.005485534467434979,1
5.351999999999633,REACH,0.5821311737910947,0.14507392048509557,1.0647910379272243,0.5824536188017294,0.14480171371096257,1.0701208085555376,0.005346449500668485,1
5.353999999999632,REACH,0.5821400710893722,0.14506693969215667,1.0649279369531874,0.5824536188017294,0.14480171371096257,1.0701208085555376,0.005209085569226094,1
5.355999999999632,REACH,0.5821488250334959,0.14506004580087095,1.0650631201474805,0.5824536188017294,0.14480171371096257,1.0701208085555376,0.0050734452537526745,1
5.357999999999632,REACH,0.5821574366588228,0.14505323897054181,1.0651965848593192,0.5824536188017294,0.14480171371096257,1.0701208085555376,0.004939531134468294,1
5.359999999999632,REACH,0.5821659069878332,0.14504651936002216,1.0653283284395383,0.5824536188017294,0.14480171371096257,1.0701208085555376,0.00480734579117372,1
5.3619999999996315,REACH,0.5821742370300519,0.14503988712771648,1.0654583482405804,0.5824536188017294,0.14480171371096257,1.0701208085555376,0.004676891803254033,1
5.363999999999631,REACH,0.5821824277819707,0.14503334243158367,1.0655866416164885,0.5824536188017294,0.14480171371096257,1.0701208085555376,0.004548171749679196,1
5.365999999999631,REACH,0.5821904802269713,0.14502688542913983,1.0657132059228913,0.5824536188017294,0.14480171371096257,1.0701208085555376,0.004421188209011584,1
5.367999999999631,REACH,0.5821983953352459,0.14502051627746176,1.065838038516996,0.5824536188017294,0.14480171371096257,1.0701208085555376,0.004295943759405985,1
5.369999999999631,REACH,0.5822061740637197,0.14501423513318856,1.0659611367575768,0.5824536188017294,0.14480171371096257,1.0701208085555376,0.00417244097861485,1
5.37199999999963,REACH,0.5822138173559737,0.14500804215252489,1.0660824980049661,0.5824536188017294,0.14480171371096257,1.0701208085555376,0.004050682443989026,1
5.37399999999963,REACH,0.582221326142165,0.14500193749124407,1.066202119621043,0.5824536188017294,0.14480171371096257,1.0701208085555376,0.003930670732484284,1
5.37599999999963,REACH,0.5822287013389487,0.14499592130468952,1.066319998969225,0.5824536188017294,0.14480171371096257,1.0701208085555376,0.0038124084206615796,1
5.37799999999963,REACH,0.5822359438494008,0.1449899937477784,1.0664361334144579,0.5824536188017294,0.14480171371096257,1.0701208085555376,0.0036958980846914,1
5.3799999999996295,REACH,0.5822430545629377,0.14498415497500367,1.066550520323205,0.5824536188017294,0.14480171371096257,1.0701208085555376,0.003581142300358214,1
5.381999999999629,REACH,0.5822500343552395,0.14497840514043644,1.0666631570634417,0.5824536188017294,0.14480171371096257,1.0701208085555376,0.0034681436430596315,1
5.383999999999629,REACH,0.5822568840881697,0.1449727443977285,1.0667740410046427,0.5824536188017294,0.14480171371096257,1.0701208085555376,0.0033569046878125985,1
5.385999999999629,REACH,0.5822636046096983,0.1449671729001151,1.066883169517774,0.5824536188017294,0.14480171371096257,1.0701208085555376,0.0032474280092557256,1
5.387999999999629,REACH,0.5822701967538209,0.14496169080041654,1.0669905399752866,0.5824536188017294,0.14480171371096257,1.0701208085555376,0.003139716181650147,1
5.389999999999628,REACH,0.5822766613404811,0.14495629825104137,1.0670961497511027,0.5824536188017294,0.14480171371096257,1.0701208085555376,0.0030337717788865596,1
5.391999999999628,REACH,0.5822829991754906,0.14495099540398745,1.0671999962206136,0.5824536188017294,0.14480171371096257,1.0701208085555376,0.0029295973744824706,1
5.393999999999628,REACH,0.5822892110504526,0.14494578241084558,1.0673020767606665,0.5824536188017294,0.14480171371096257,1.0701208085555376,0.002827195541589458,1
5.395999999999628,REACH,0.5822952977426792,0.1449406594228004,1.0674023887495592,0.5824536188017294,0.14480171371096257,1.0701208085555376,0.0027265688529932034,1
5.3979999999996275,REACH,0.5823012600151134,0.14493562659063317,1.06750092956703,0.5824536188017294,0.14480171371096257,1.0701208085555376,0.002627719881118386,1
5.399999999999627,REACH,0.5823070986162505,0.1449306840647238,1.0675976965942535,0.5824536188017294,0.14480171371096257,1.0701208085555376,0.002530651198027267,1
5.401999999999627,REACH,0.5823128142800587,0.14492583199505268,1.0676926872138286,0.5824536188017294,0.14480171371096257,1.0701208085555376,0.002435365375427498,1
5.403999999999627,REACH,0.5823184077258986,0.14492107053120254,1.0677858988097744,0.5824536188017294,0.14480171371096257,1.0701208085555376,0.0023418649846703825,1
5.405999999999627,REACH,0.5823238796584438,0.14491639982236063,1.067877328767522,0.5824536188017294,0.14480171371096257,1.0701208085555376,0.0022501525967547897,1
5.407999999999626,REACH,0.5823292307676025,0.14491182001732036,1.0679669744739082,0.5824536188017294,0.14480171371096257,1.0701208085555376,0.0021602307823290656,1
5.409999999999626,REACH,0.5823344617284362,0.14490733126448335,1.0680548333171664,0.5824536188017294,0.14480171371096257,1.0701208085555376,0.002072102111694854,1
5.411999999999626,REACH,0.5823395732010804,0.14490293371186078,1.0681409026869242,0.5824536188017294,0.14480171371096257,1.0701208085555376,0.0019857691548060244,1
5.413999999999626,REACH,0.5823445658306646,0.14489862750707552,1.068225179974191,0.5824536188017294,0.14480171371096257,1.0701208085555376,0.0019012344812760098,1
5.415999999999626,REACH,0.5823494402472333,0.14489441279736376,1.0683076625713592,0.5824536188017294,0.14480171371096257,1.0701208085555376,0.0018185006603734413,1
5.417999999999625,REACH,0.5823541970656638,0.14489028972957582,1.068388347872192,0.5824536188017294,0.14480171371096257,1.0701208085555376,0.0017375702610293948,1
5.419999999999625,REACH,0.5823588368855886,0.1448862584501788,1.0684672332718197,0.5824536188017294,0.14480171371096257,1.0701208085555376,0.0016584458518381577,1
5.421999999999625,REACH,0.5823633602913125,0.14488231910525726,1.0685443161667352,0.5824536188017294,0.14480171371096257,1.0701208085555376,0.0015811300010574833,1
5.423999999999625,REACH,0.5823677678517344,0.14487847184051506,1.068619593954788,0.5824536188017294,0.14480171371096257,1.0701208085555376,0.0015056252766114135,1
5.4259999999996245,REACH,0.5823720601202661,0.14487471680127667,1.0686930640351788,0.5824536188017294,0.14480171371096257,1.0701208085555376,0.0014319342460922997,1
5.427999999999624,REACH,0.582376237634751,0.14487105413248796,1.0687647238084534,0.5824536188017294,0.14480171371096257,1.0701208085555376,0.0013600594767636267,1
5.429999999999624,REACH,0.5823803009173848,0.1448674839787182,1.0688345706765003,0.5824536188017294,0.14480171371096257,1.0701208085555376,0.0012900035355593706,1
5.431999999999624,REACH,0.5823842504746343,0.14486400648416076,1.0689026020425452,0.5824536188017294,0.14480171371096257,1.0701208085555376,0.0012217689890866707,1
5.433999999999624,REACH,0.5823880867971566,0.14486062179263443,1.0689688153111454,0.5824536188017294,0.14480171371096257,1.0701208085555376,0.0011553584036284312,1
5.435999999999623,REACH,0.5823918103597175,0.14485733004758428,1.0690332078881875,0.5824536188017294,0.14480171371096257,1.0701208085555376,0.0010907743451436815,1
5.437999999999623,REACH,0.5823954216211127,0.1448541313920829,1.0690957771808827,0.5824536188017294,0.14480171371096257,1.0701208085555376,0.0010280193792690578,1
5.439999999999623,REACH,0.5823989210240844,0.1448510259688311,1.0691565205977644,0.5824536188017294,0.14480171371096257,1.0701208085555376,0.0009670960713195456,1
5.441999999999623,REACH,0.5824023089952413,0.1448480139201591,1.0692154355486831,0.5824536188017294,0.14480171371096257,1.0701208085555376,0.0009080069862914939,1
5.4439999999996225,REACH,0.5824055859449775,0.14484509538802703,1.0692725194448025,0.5824536188017294,0.14480171371096257,1.0701208085555376,0.0008507546888641907,1
5.445999999999622,REACH,0.5824087522673913,0.14484227051402562,1.0693277696986019,0.5824536188017294,0.14480171371096257,1.0701208085555376,0.0007953417433959505,1
5.447999999999622,REACH,0.5824118083402038,0.14483953943937727,1.069381183723865,0.5824536188017294,0.14480171371096257,1.0701208085555376,0.0007417707139338367,1
5.449999999999622,REACH,0.5824147545246765,0.14483690230493623,1.0694327589356873,0.5824536188017294,0.14480171371096257,1.0701208085555376,0.0006900441642045552,1
5.451999999999622,REACH,0.5824175911655314,0.14483435925118934,1.069482492750464,0.5824536188017294,0.14480171371096257,1.0701208085555376,0.000640164657626011,1
5.453999999999621,REACH,0.5824203185908682,0.14483191041825683,1.0695303825858964,0.5824536188017294,0.14480171371096257,1.0701208085555376,0.0005921347572990259,1
5.455999999999621,REACH,0.5824229371120833,0.14482955594589184,1.0695764258609854,0.5824536188017294,0.14480171371096257,1.0701208085555376,0.0005459570260132721,1
5.457999999999621,REACH,0.5824254470237874,0.1448272959734817,1.0696206199960308,0.5824536188017294,0.14480171371096257,1.0701208085555376,0.0005016340262477637,1
5.459999999999621,REACH,0.5824278486037248,0.14482513064004782,1.069662962412633,0.5824536188017294,0.14480171371096257,1.0701208085555376,0.0004591683201676334,1
5.4619999999996205,REACH,0.58243014211269,0.1448230600842455,1.0697034505336878,0.5824536188017294,0.14480171371096257,1.0701208085555376,0.000418562469630277,1
5.46399999999962,REACH,0.5824323277944464,0.14482108444436478,1.069742081783388,0.5824536188017294,0.14480171371096257,1.0701208085555376,0.00037981903618235165,1
5.46599999999962,REACH,0.5824344058756452,0.14481920385832975,1.0697788535872244,0.5824536188017294,0.14480171371096257,1.0701208085555376,0.0003429405810599732,1
5.46799999999962,REACH,0.5824363765657413,0.14481741846369933,1.0698137633719824,0.5824536188017294,0.14480171371096257,1.0701208085555376,0.000307929665191297,1
5.46999999999962,REACH,0.5824382400569118,0.14481572839766635,1.0698468085657447,0.5824536188017294,0.14480171371096257,1.0701208085555376,0.00027478884919534304,1
5.471999999999619,REACH,0.5824399965239748,0.14481413379705813,1.069877986597891,0.5824536188017294,0.14480171371096257,1.0701208085555376,0.00024352069338192674,1
5.473999999999619,REACH,0.582441646124306,0.14481263479833545,1.0699072948990986,0.5824536188017294,0.14480171371096257,1.0701208085555376,0.00021412775775228962,1
5.475999999999619,REACH,0.5824431889977557,0.1448112315375929,1.0699347309013443,0.5824536188017294,0.14480171371096257,1.0701208085555376,0.00018661260199885399,1
5.477999999999619,REACH,0.5824446252665672,0.14480992415055813,1.0699602920379039,0.5824536188017294,0.14480171371096257,1.0701208085555376,0.00016097778550570676,1
5.4799999999996185,REACH,0.5824459550352926,0.1448087127725916,1.069983975743354,0.5824536188017294,0.14480171371096257,1.0701208085555376,0.00013722586734923577,1
5.481999999999618,REACH,0.5824471783907136,0.1448075975386856,1.0700057794535767,0.5824536188017294,0.14480171371096257,1.0701208085555376,0.00011535940629469668,1
5.483999999999618,REACH,0.5824482954017542,0.1448065785834641,1.070025700605758,0.5824536188017294,0.14480171371096257,1.0701208085555376,9.53809607993898e-05,1
5.485999999999618,REACH,0.582449306119401,0.1448056560411817,1.0700437366383915,0.5824536188017294,0.14480171371096257,1.0701208085555376,7.729308901189456e-05,1
5.487999999999618,REACH,0.5824502105766186,0.1448048300457231,1.070059884991284,0.5824536188017294,0.14480171371096257,1.0701208085555376,6.109834876753226e-05,1
5.489999999999617,REACH,0.5824510087882666,0.1448041007306017,1.0700741431055532,0.5824536188017294,0.14480171371096257,1.0701208085555376,4.679929759391608e-05,1
5.491999999999617,REACH,0.5824517007510183,0.14480346822895956,1.070086508423635,0.5824536188017294,0.14480171371096257,1.0701208085555376,3.4398492706271146e-05,1
5.493999999999617,REACH,0.5824522864432753,0.14480293267356534,1.0700969783892862,0.5824536188017294,0.14480171371096257,1.0701208085555376,2.389849100773473e-05,1
5.495999999999617,REACH,0.5824527658250844,0.14480249419681354,1.0701055504475883,0.5824536188017294,0.14480171371096257,1.0701208085555376,1.530184908806755e-05,1
5.4979999999996165,REACH,0.5824531388380564,0.14480215293072374,1.0701122220449517,0.5824536188017294,0.14480171371096257,1.0701208085555376,8.611123223339035e-06,1
5.499999999999616,REACH,0.5824534054052797,0.1448019090069388,1.0701169906291181,0.5824536188017294,0.14480171371096257,1.0701208085555376,3.8288693771771655e-06,1
5.501999999999616,REACH,0.5824535654312388,0.14480176255672325,1.070119853649172,0.5824536188017294,0.14480171371096257,1.0701208085555376,9.576431927093242e-07,1
5.503999999999616,REACH,0.5824536188017294,0.14480171371096257,1.0701208085555376,0.5824536188017294,0.14480171371096257,1.0701208085555376,0.0,1
5.505999999999616,TOUCH/HOLD,0.5824536188017294,0.14480171371096257,1.0701208085555376,0.5824536188017294,0.14480171371096257,1.0701208085555376,0.0,1
5.507999999999615,TOUCH/HOLD,0.5824536188017294,0.14480171371096257,1.0701208085555376,0.5824536188017294,0.14480171371096257,1.0701208085555376,0.0,1
5.509999999999615,TOUCH/HOLD,0.5824536188017294,0.14480171371096257,1.0701208085555376,0.5824536188017294,0.14480171371096257,1.0701208085555376,0.0,1
5.511999999999615,TOUCH/HOLD,0.5824536188017294,0.14480171371096257,1.0701208085555376,0.5824536188017294,0.14480171371096257,1.0701208085555376,0.0,1
5.513999999999615,TOUCH/HOLD,0.5824536188017294,0.14480171371096257,1.0701208085555376,0.5824536188017294,0.14480171371096257,1.0701208085555376,0.0,1
5.5159999999996145,TOUCH/HOLD,0.5824536188017294,0.14480171371096257,1.0701208085555376,0.5824536188017294,0.14480171371096257,1.0701208085555376,0.0,1
5.517999999999614,TOUCH/HOLD,0.5824536188017294,0.14480171371096257,1.0701208085555376,0.5824536188017294,0.14480171371096257,1.0701208085555376,0.0,1
5.519999999999614,TOUCH/HOLD,0.5824536188017294,0.14480171371096257,1.0701208085555376,0.5824536188017294,0.14480171371096257,1.0701208085555376,0.0,1
5.521999999999614,TOUCH/HOLD,0.5824536188017294,0.14480171371096257,1.0701208085555376,0.5824536188017294,0.14480171371096257,1.0701208085555376,0.0,1
5.523999999999614,TOUCH/HOLD,0.5824536188017294,0.14480171371096257,1.0701208085555376,0.5824536188017294,0.14480171371096257,1.0701208085555376,0.0,1
5.525999999999613,TOUCH/HOLD,0.5824536188017294,0.14480171371096257,1.0701208085555376,0.5824536188017294,0.14480171371096257,1.0701208085555376,0.0,1
5.527999999999613,TOUCH/HOLD,0.5824536188017294,0.14480171371096257,1.0701208085555376,0.5824536188017294,0.14480171371096257,1.0701208085555376,0.0,1
5.529999999999613,TOUCH/HOLD,0.5824536188017294,0.14480171371096257,1.0701208085555376,0.5824536188017294,0.14480171371096257,1.0701208085555376,0.0,1
5.531999999999613,TOUCH/HOLD,0.5824536188017294,0.14480171371096257,1.0701208085555376,0.5824536188017294,0.14480171371096257,1.0701208085555376,0.0,1
5.533999999999613,TOUCH/HOLD,0.5824536188017294,0.14480171371096257,1.0701208085555376,0.5824536188017294,0.14480171371096257,1.0701208085555376,0.0,1
5.535999999999612,TOUCH/HOLD,0.5824536188017294,0.14480171371096257,1.0701208085555376,0.5824536188017294,0.14480171371096257,1.0701208085555376,0.0,1
5.537999999999612,TOUCH/HOLD,0.5824536188017294,0.14480171371096257,1.0701208085555376,0.5824536188017294,0.14480171371096257,1.0701208085555376,0.0,1
5.539999999999612,TOUCH/HOLD,0.5824536188017294,0.14480171371096257,1.0701208085555376,0.5824536188017294,0.14480171371096257,1.0701208085555376,0.0,1
5.541999999999612,TOUCH/HOLD,0.5824536188017294,0.14480171371096257,1.0701208085555376,0.5824536188017294,0.14480171371096257,1.0701208085555376,0.0,1
5.5439999999996115,TOUCH/HOLD,0.5824536188017294,0.14480171371096257,1.0701208085555376,0.5824536188017294,0.14480171371096257,1.0701208085555376,0.0,1
5.545999999999611,TOUCH/HOLD,0.5824536188017294,0.14480171371096257,1.0701208085555376,0.5824536188017294,0.14480171371096257,1.0701208085555376,0.0,1
5.547999999999611,TOUCH/HOLD,0.5824536188017294,0.14480171371096257,1.0701208085555376,0.5824536188017294,0.14480171371096257,1.0701208085555376,0.0,1
5.549999999999611,TOUCH/HOLD,0.5824536188017294,0.14480171371096257,1.0701208085555376,0.5824536188017294,0.14480171371096257,1.0701208085555376,0.0,1
5.551999999999611,TOUCH/HOLD,0.5824536188017294,0.14480171371096257,1.0701208085555376,0.5824536188017294,0.14480171371096257,1.0701208085555376,0.0,1
5.55399999999961,TOUCH/HOLD,0.5824536188017294,0.14480171371096257,1.0701208085555376,0.5824536188017294,0.14480171371096257,1.0701208085555376,0.0,1
5.55599999999961,TOUCH/HOLD,0.5824536188017294,0.14480171371096257,1.0701208085555376,0.5824536188017294,0.14480171371096257,1.0701208085555376,0.0,1
5.55799999999961,TOUCH/HOLD,0.5824536188017294,0.14480171371096257,1.0701208085555376,0.5824536188017294,0.14480171371096257,1.0701208085555376,0.0,1
5.55999999999961,TOUCH/HOLD,0.5824536188017294,0.14480171371096257,1.0701208085555376,0.5824536188017294,0.14480171371096257,1.0701208085555376,0.0,1
5.5619999999996095,TOUCH/HOLD,0.5824536188017294,0.14480171371096257,1.0701208085555376,0.5824536188017294,0.14480171371096257,1.0701208085555376,0.0,1
5.563999999999609,TOUCH/HOLD,0.5824536188017294,0.14480171371096257,1.0701208085555376,0.5824536188017294,0.14480171371096257,1.0701208085555376,0.0,1
5.565999999999609,TOUCH/HOLD,0.5824536188017294,0.14480171371096257,1.0701208085555376,0.5824536188017294,0.14480171371096257,1.0701208085555376,0.0,1
5.567999999999609,TOUCH/HOLD,0.5824536188017294,0.14480171371096257,1.0701208085555376,0.5824536188017294,0.14480171371096257,1.0701208085555376,0.0,1
5.569999999999609,TOUCH/HOLD,0.5824536188017294,0.14480171371096257,1.0701208085555376,0.5824536188017294,0.14480171371096257,1.0701208085555376,0.0,1
5.571999999999608,TOUCH/HOLD,0.5824536188017294,0.14480171371096257,1.0701208085555376,0.5824536188017294,0.14480171371096257,1.0701208085555376,0.0,1
5.573999999999608,TOUCH/HOLD,0.5824536188017294,0.14480171371096257,1.0701208085555376,0.5824536188017294,0.14480171371096257,1.0701208085555376,0.0,1
5.575999999999608,TOUCH/HOLD,0.5824536188017294,0.14480171371096257,1.0701208085555376,0.5824536188017294,0.14480171371096257,1.0701208085555376,0.0,1
5.577999999999608,TOUCH/HOLD,0.5824536188017294,0.14480171371096257,1.0701208085555376,0.5824536188017294,0.14480171371096257,1.0701208085555376,0.0,1
5.5799999999996075,TOUCH/HOLD,0.5824536188017294,0.14480171371096257,1.0701208085555376,0.5824536188017294,0.14480171371096257,1.0701208085555376,0.0,1
5.581999999999607,TOUCH/HOLD,0.5824536188017294,0.14480171371096257,1.0701208085555376,0.5824536188017294,0.14480171371096257,1.0701208085555376,0.0,1
5.583999999999607,TOUCH/HOLD,0.5824536188017294,0.14480171371096257,1.0701208085555376,0.5824536188017294,0.14480171371096257,1.0701208085555376,0.0,1
5.585999999999607,TOUCH/HOLD,0.5824536188017294,0.14480171371096257,1.0701208085555376,0.5824536188017294,0.14480171371096257,1.0701208085555376,0.0,1
5.587999999999607,TOUCH/HOLD,0.5824536188017294,0.14480171371096257,1.0701208085555376,0.5824536188017294,0.14480171371096257,1.0701208085555376,0.0,1
5.589999999999606,TOUCH/HOLD,0.5824536188017294,0.14480171371096257,1.0701208085555376,0.5824536188017294,0.14480171371096257,1.0701208085555376,0.0,1
5.591999999999606,TOUCH/HOLD,0.5824536188017294,0.14480171371096257,1.0701208085555376,0.5824536188017294,0.14480171371096257,1.0701208085555376,0.0,1
5.593999999999606,TOUCH/HOLD,0.5824536188017294,0.14480171371096257,1.0701208085555376,0.5824536188017294,0.14480171371096257,1.0701208085555376,0.0,1
5.595999999999606,TOUCH/HOLD,0.5824536188017294,0.14480171371096257,1.0701208085555376,0.5824536188017294,0.14480171371096257,1.0701208085555376,0.0,1
5.5979999999996055,TOUCH/HOLD,0.5824536188017294,0.14480171371096257,1.0701208085555376,0.5824536188017294,0.14480171371096257,1.0701208085555376,0.0,1
5.599999999999605,TOUCH/HOLD,0.5824536188017294,0.14480171371096257,1.0701208085555376,0.5824536188017294,0.14480171371096257,1.0701208085555376,0.0,1
5.601999999999605,TOUCH/HOLD,0.5824536188017294,0.14480171371096257,1.0701208085555376,0.5824536188017294,0.14480171371096257,1.0701208085555376,0.0,1
5.603999999999605,TOUCH/HOLD,0.5824536188017294,0.14480171371096257,1.0701208085555376,0.5824536188017294,0.14480171371096257,1.0701208085555376,0.0,1
5.605999999999605,TOUCH/HOLD,0.5824536188017294,0.14480171371096257,1.0701208085555376,0.5824536188017294,0.14480171371096257,1.0701208085555376,0.0,1
5.607999999999604,TOUCH/HOLD,0.5824536188017294,0.14480171371096257,1.0701208085555376,0.5824536188017294,0.14480171371096257,1.0701208085555376,0.0,1
5.609999999999604,TOUCH/HOLD,0.5824536188017294,0.14480171371096257,1.0701208085555376,0.5824536188017294,0.14480171371096257,1.0701208085555376,0.0,1
5.611999999999604,TOUCH/HOLD,0.5824536188017294,0.14480171371096257,1.0701208085555376,0.5824536188017294,0.14480171371096257,1.0701208085555376,0.0,1
5.613999999999604,TOUCH/HOLD,0.5824536188017294,0.14480171371096257,1.0701208085555376,0.5824536188017294,0.14480171371096257,1.0701208085555376,0.0,1
5.6159999999996035,TOUCH/HOLD,0.5824536188017294,0.14480171371096257,1.0701208085555376,0.5824536188017294,0.14480171371096257,1.0701208085555376,0.0,1
5.617999999999603,TOUCH/HOLD,0.5824536188017294,0.14480171371096257,1.0701208085555376,0.5824536188017294,0.14480171371096257,1.0701208085555376,0.0,1
5.619999999999603,TOUCH/HOLD,0.5824536188017294,0.14480171371096257,1.0701208085555376,0.5824536188017294,0.14480171371096257,1.0701208085555376,0.0,1
5.621999999999603,TOUCH/HOLD,0.5824536188017294,0.14480171371096257,1.0701208085555376,0.5824536188017294,0.14480171371096257,1.0701208085555376,0.0,1
5.623999999999603,TOUCH/HOLD,0.5824536188017294,0.14480171371096257,1.0701208085555376,0.5824536188017294,0.14480171371096257,1.0701208085555376,0.0,1
5.625999999999602,TOUCH/HOLD,0.5824536188017294,0.14480171371096257,1.0701208085555376,0.5824536188017294,0.14480171371096257,1.0701208085555376,0.0,1
5.627999999999602,TOUCH/HOLD,0.5824536188017294,0.14480171371096257,1.0701208085555376,0.5824536188017294,0.14480171371096257,1.0701208085555376,0.0,1
5.629999999999602,TOUCH/HOLD,0.5824536188017294,0.14480171371096257,1.0701208085555376,0.5824536188017294,0.14480171371096257,1.0701208085555376,0.0,1
5.631999999999602,TOUCH/HOLD,0.5824536188017294,0.14480171371096257,1.0701208085555376,0.5824536188017294,0.14480171371096257,1.0701208085555376,0.0,1
5.6339999999996015,TOUCH/HOLD,0.5824536188017294,0.14480171371096257,1.0701208085555376,0.5824536188017294,0.14480171371096257,1.0701208085555376,0.0,1
5.635999999999601,TOUCH/HOLD,0.5824536188017294,0.14480171371096257,1.0701208085555376,0.5824536188017294,0.14480171371096257,1.0701208085555376,0.0,1
5.637999999999601,TOUCH/HOLD,0.5824536188017294,0.14480171371096257,1.0701208085555376,0.5824536188017294,0.14480171371096257,1.0701208085555376,0.0,1
5.639999999999601,TOUCH/HOLD,0.5824536188017294,0.14480171371096257,1.0701208085555376,0.5824536188017294,0.14480171371096257,1.0701208085555376,0.0,1
5.641999999999601,TOUCH/HOLD,0.5824536188017294,0.14480171371096257,1.0701208085555376,0.5824536188017294,0.14480171371096257,1.0701208085555376,0.0,1
5.6439999999996004,TOUCH/HOLD,0.5824536188017294,0.14480171371096257,1.0701208085555376,0.5824536188017294,0.14480171371096257,1.0701208085555376,0.0,1
5.6459999999996,TOUCH/HOLD,0.5824536188017294,0.14480171371096257,1.0701208085555376,0.5824536188017294,0.14480171371096257,1.0701208085555376,0.0,1
5.6479999999996,TOUCH/HOLD,0.5824536188017294,0.14480171371096257,1.0701208085555376,0.5824536188017294,0.14480171371096257,1.0701208085555376,0.0,1
5.6499999999996,TOUCH/HOLD,0.5824536188017294,0.14480171371096257,1.0701208085555376,0.5824536188017294,0.14480171371096257,1.0701208085555376,0.0,1
5.6519999999996,TOUCH/HOLD,0.5824536188017294,0.14480171371096257,1.0701208085555376,0.5824536188017294,0.14480171371096257,1.0701208085555376,0.0,1
5.653999999999599,TOUCH/HOLD,0.5824536188017294,0.14480171371096257,1.0701208085555376,0.5824536188017294,0.14480171371096257,1.0701208085555376,0.0,1
5.655999999999599,TOUCH/HOLD,0.5824536188017294,0.14480171371096257,1.0701208085555376,0.5824536188017294,0.14480171371096257,1.0701208085555376,0.0,1
5.657999999999599,TOUCH/HOLD,0.5824536188017294,0.14480171371096257,1.0701208085555376,0.5824536188017294,0.14480171371096257,1.0701208085555376,0.0,1
5.659999999999599,TOUCH/HOLD,0.5824536188017294,0.14480171371096257,1.0701208085555376,0.5824536188017294,0.14480171371096257,1.0701208085555376,0.0,1
5.6619999999995985,TOUCH/HOLD,0.5824536188017294,0.14480171371096257,1.0701208085555376,0.5824536188017294,0.14480171371096257,1.0701208085555376,0.0,1
5.663999999999598,TOUCH/HOLD,0.5824536188017294,0.14480171371096257,1.0701208085555376,0.5824536188017294,0.14480171371096257,1.0701208085555376,0.0,1
5.665999999999598,TOUCH/HOLD,0.5824536188017294,0.14480171371096257,1.0701208085555376,0.5824536188017294,0.14480171371096257,1.0701208085555376,0.0,1
5.667999999999598,TOUCH/HOLD,0.5824536188017294,0.14480171371096257,1.0701208085555376,0.5824536188017294,0.14480171371096257,1.0701208085555376,0.0,1
5.669999999999598,TOUCH/HOLD,0.5824536188017294,0.14480171371096257,1.0701208085555376,0.5824536188017294,0.14480171371096257,1.0701208085555376,0.0,1
5.671999999999597,TOUCH/HOLD,0.5824536188017294,0.14480171371096257,1.0701208085555376,0.5824536188017294,0.14480171371096257,1.0701208085555376,0.0,1
5.673999999999597,TOUCH/HOLD,0.5824536188017294,0.14480171371096257,1.0701208085555376,0.5824536188017294,0.14480171371096257,1.0701208085555376,0.0,1
5.675999999999597,TOUCH/HOLD,0.5824536188017294,0.14480171371096257,1.0701208085555376,0.5824536188017294,0.14480171371096257,1.0701208085555376,0.0,1
5.677999999999597,TOUCH/HOLD,0.5824536188017294,0.14480171371096257,1.0701208085555376,0.5824536188017294,0.14480171371096257,1.0701208085555376,0.0,1
5.6799999999995965,TOUCH/HOLD,0.5824536188017294,0.14480171371096257,1.0701208085555376,0.5824536188017294,0.14480171371096257,1.0701208085555376,0.0,1
5.681999999999596,TOUCH/HOLD,0.5824536188017294,0.14480171371096257,1.0701208085555376,0.5824536188017294,0.14480171371096257,1.0701208085555376,0.0,1
5.683999999999596,TOUCH/HOLD,0.5824536188017294,0.14480171371096257,1.0701208085555376,0.5824536188017294,0.14480171371096257,1.0701208085555376,0.0,1
5.685999999999596,TOUCH/HOLD,0.5824536188017294,0.14480171371096257,1.0701208085555376,0.5824536188017294,0.14480171371096257,1.0701208085555376,0.0,1
5.687999999999596,TOUCH/HOLD,0.5824536188017294,0.14480171371096257,1.0701208085555376,0.5824536188017294,0.14480171371096257,1.0701208085555376,0.0,1
5.689999999999595,TOUCH/HOLD,0.5824536188017294,0.14480171371096257,1.0701208085555376,0.5824536188017294,0.14480171371096257,1.0701208085555376,0.0,1
5.691999999999595,TOUCH/HOLD,0.5824536188017294,0.14480171371096257,1.0701208085555376,0.5824536188017294,0.14480171371096257,1.0701208085555376,0.0,1
5.693999999999595,TOUCH/HOLD,0.5824536188017294,0.14480171371096257,1.0701208085555376,0.5824536188017294,0.14480171371096257,1.0701208085555376,0.0,1
5.695999999999595,TOUCH/HOLD,0.5824536188017294,0.14480171371096257,1.0701208085555376,0.5824536188017294,0.14480171371096257,1.0701208085555376,0.0,1
5.6979999999995945,TOUCH/HOLD,0.5824536188017294,0.14480171371096257,1.0701208085555376,0.5824536188017294,0.14480171371096257,1.0701208085555376,0.0,1
5.699999999999594,TOUCH/HOLD,0.5824536188017294,0.14480171371096257,1.0701208085555376,0.5824536188017294,0.14480171371096257,1.0701208085555376,0.0,1
5.701999999999594,TOUCH/HOLD,0.5824536188017294,0.14480171371096257,1.0701208085555376,0.5824536188017294,0.14480171371096257,1.0701208085555376,0.0,1
5.703999999999594,TOUCH/HOLD,0.5824536188017294,0.14480171371096257,1.0701208085555376,0.5824536188017294,0.14480171371096257,1.0701208085555376,0.0,1
5.705999999999594,TOUCH/HOLD,0.5824536188017294,0.14480171371096257,1.0701208085555376,0.5824536188017294,0.14480171371096257,1.0701208085555376,0.0,1
5.707999999999593,TOUCH/HOLD,0.5824536188017294,0.14480171371096257,1.0701208085555376,0.5824536188017294,0.14480171371096257,1.0701208085555376,0.0,1
5.709999999999593,TOUCH/HOLD,0.5824536188017294,0.14480171371096257,1.0701208085555376,0.5824536188017294,0.14480171371096257,1.0701208085555376,0.0,1
5.711999999999593,TOUCH/HOLD,0.5824536188017294,0.14480171371096257,1.0701208085555376,0.5824536188017294,0.14480171371096257,1.0701208085555376,0.0,1
5.713999999999593,TOUCH/HOLD,0.5824536188017294,0.14480171371096257,1.0701208085555376,0.5824536188017294,0.14480171371096257,1.0701208085555376,0.0,1
5.7159999999995925,TOUCH/HOLD,0.5824536188017294,0.14480171371096257,1.0701208085555376,0.5824536188017294,0.14480171371096257,1.0701208085555376,0.0,1
5.717999999999592,TOUCH/HOLD,0.5824536188017294,0.14480171371096257,1.0701208085555376,0.5824536188017294,0.14480171371096257,1.0701208085555376,0.0,1
5.719999999999592,TOUCH/HOLD,0.5824536188017294,0.14480171371096257,1.0701208085555376,0.5824536188017294,0.14480171371096257,1.0701208085555376,0.0,1
5.721999999999592,TOUCH/HOLD,0.5824536188017294,0.14480171371096257,1.0701208085555376,0.5824536188017294,0.14480171371096257,1.0701208085555376,0.0,1
5.723999999999592,TOUCH/HOLD,0.5824536188017294,0.14480171371096257,1.0701208085555376,0.5824536188017294,0.14480171371096257,1.0701208085555376,0.0,1
5.725999999999591,TOUCH/HOLD,0.5824536188017294,0.14480171371096257,1.0701208085555376,0.5824536188017294,0.14480171371096257,1.0701208085555376,0.0,1
5.727999999999591,TOUCH/HOLD,0.5824536188017294,0.14480171371096257,1.0701208085555376,0.5824536188017294,0.14480171371096257,1.0701208085555376,0.0,1
5.729999999999591,TOUCH/HOLD,0.5824536188017294,0.14480171371096257,1.0701208085555376,0.5824536188017294,0.14480171371096257,1.0701208085555376,0.0,1
5.731999999999591,TOUCH/HOLD,0.5824536188017294,0.14480171371096257,1.0701208085555376,0.5824536188017294,0.14480171371096257,1.0701208085555376,0.0,1
5.7339999999995905,TOUCH/HOLD,0.5824536188017294,0.14480171371096257,1.0701208085555376,0.5824536188017294,0.14480171371096257,1.0701208085555376,0.0,1
5.73599999999959,TOUCH/HOLD,0.5824536188017294,0.14480171371096257,1.0701208085555376,0.5824536188017294,0.14480171371096257,1.0701208085555376,0.0,1
5.73799999999959,TOUCH/HOLD,0.5824536188017294,0.14480171371096257,1.0701208085555376,0.5824536188017294,0.14480171371096257,1.0701208085555376,0.0,1
5.73999999999959,TOUCH/HOLD,0.5824536188017294,0.14480171371096257,1.0701208085555376,0.5824536188017294,0.14480171371096257,1.0701208085555376,0.0,1
5.74199999999959,TOUCH/HOLD,0.5824536188017294,0.14480171371096257,1.0701208085555376,0.5824536188017294,0.14480171371096257,1.0701208085555376,0.0,1
5.743999999999589,TOUCH/HOLD,0.5824536188017294,0.14480171371096257,1.0701208085555376,0.5824536188017294,0.14480171371096257,1.0701208085555376,0.0,1
5.745999999999589,TOUCH/HOLD,0.5824536188017294,0.14480171371096257,1.0701208085555376,0.5824536188017294,0.14480171371096257,1.0701208085555376,0.0,1
5.747999999999589,TOUCH/HOLD,0.5824536188017294,0.14480171371096257,1.0701208085555376,0.5824536188017294,0.14480171371096257,1.0701208085555376,0.0,1
5.749999999999589,TOUCH/HOLD,0.5824536188017294,0.14480171371096257,1.0701208085555376,0.5824536188017294,0.14480171371096257,1.0701208085555376,0.0,1
5.7519999999995886,TOUCH/HOLD,0.5824536188017294,0.14480171371096257,1.0701208085555376,0.5824536188017294,0.14480171371096257,1.0701208085555376,0.0,1
5.753999999999588,TOUCH/HOLD,0.5824536188017294,0.14480171371096257,1.0701208085555376,0.5824536188017294,0.14480171371096257,1.0701208085555376,0.0,1
5.755999999999588,TOUCH/HOLD,0.5824536188017294,0.14480171371096257,1.0701208085555376,0.5824536188017294,0.14480171371096257,1.0701208085555376,0.0,1
5.757999999999588,TOUCH/HOLD,0.5824536188017294,0.14480171371096257,1.0701208085555376,0.5824536188017294,0.14480171371096257,1.0701208085555376,0.0,1
5.759999999999588,TOUCH/HOLD,0.5824536188017294,0.14480171371096257,1.0701208085555376,0.5824536188017294,0.14480171371096257,1.0701208085555376,0.0,1
5.7619999999995875,TOUCH/HOLD,0.5824536188017294,0.14480171371096257,1.0701208085555376,0.5824536188017294,0.14480171371096257,1.0701208085555376,0.0,1
5.763999999999587,TOUCH/HOLD,0.5824536188017294,0.14480171371096257,1.0701208085555376,0.5824536188017294,0.14480171371096257,1.0701208085555376,0.0,1
5.765999999999587,TOUCH/HOLD,0.5824536188017294,0.14480171371096257,1.0701208085555376,0.5824536188017294,0.14480171371096257,1.0701208085555376,0.0,1
5.767999999999587,TOUCH/HOLD,0.5824536188017294,0.14480171371096257,1.0701208085555376,0.5824536188017294,0.14480171371096257,1.0701208085555376,0.0,1
5.769999999999587,TOUCH/HOLD,0.5824536188017294,0.14480171371096257,1.0701208085555376,0.5824536188017294,0.14480171371096257,1.0701208085555376,0.0,1
5.771999999999586,TOUCH/HOLD,0.5824536188017294,0.14480171371096257,1.0701208085555376,0.5824536188017294,0.14480171371096257,1.0701208085555376,0.0,1
5.773999999999586,TOUCH/HOLD,0.5824536188017294,0.14480171371096257,1.0701208085555376,0.5824536188017294,0.14480171371096257,1.0701208085555376,0.0,1
5.775999999999586,TOUCH/HOLD,0.5824536188017294,0.14480171371096257,1.0701208085555376,0.5824536188017294,0.14480171371096257,1.0701208085555376,0.0,1
5.777999999999586,TOUCH/HOLD,0.5824536188017294,0.14480171371096257,1.0701208085555376,0.5824536188017294,0.14480171371096257,1.0701208085555376,0.0,1
5.7799999999995855,TOUCH/HOLD,0.5824536188017294,0.14480171371096257,1.0701208085555376,0.5824536188017294,0.14480171371096257,1.0701208085555376,0.0,1
5.781999999999585,TOUCH/HOLD,0.5824536188017294,0.14480171371096257,1.0701208085555376,0.5824536188017294,0.14480171371096257,1.0701208085555376,0.0,1
5.783999999999585,TOUCH/HOLD,0.5824536188017294,0.14480171371096257,1.0701208085555376,0.5824536188017294,0.14480171371096257,1.0701208085555376,0.0,1
5.785999999999585,TOUCH/HOLD,0.5824536188017294,0.14480171371096257,1.0701208085555376,0.5824536188017294,0.14480171371096257,1.0701208085555376,0.0,1
5.787999999999585,TOUCH/HOLD,0.5824536188017294,0.14480171371096257,1.0701208085555376,0.5824536188017294,0.14480171371096257,1.0701208085555376,0.0,1
5.789999999999584,TOUCH/HOLD,0.5824536188017294,0.14480171371096257,1.0701208085555376,0.5824536188017294,0.14480171371096257,1.0701208085555376,0.0,1
5.791999999999584,TOUCH/HOLD,0.5824536188017294,0.14480171371096257,1.0701208085555376,0.5824536188017294,0.14480171371096257,1.0701208085555376,0.0,1
5.793999999999584,TOUCH/HOLD,0.5824536188017294,0.14480171371096257,1.0701208085555376,0.5824536188017294,0.14480171371096257,1.0701208085555376,0.0,1
5.795999999999584,TOUCH/HOLD,0.5824536188017294,0.14480171371096257,1.0701208085555376,0.5824536188017294,0.14480171371096257,1.0701208085555376,0.0,1
5.7979999999995835,TOUCH/HOLD,0.5824536188017294,0.14480171371096257,1.0701208085555376,0.5824536188017294,0.14480171371096257,1.0701208085555376,0.0,1
5.799999999999583,TOUCH/HOLD,0.5824536188017294,0.14480171371096257,1.0701208085555376,0.5824536188017294,0.14480171371096257,1.0701208085555376,0.0,1
5.801999999999583,TOUCH/HOLD,0.5824536188017294,0.14480171371096257,1.0701208085555376,0.5824536188017294,0.14480171371096257,1.0701208085555376,0.0,1
5.803999999999583,TOUCH/HOLD,0.5824536188017294,0.14480171371096257,1.0701208085555376,0.5824536188017294,0.14480171371096257,1.0701208085555376,0.0,1
5.805999999999583,TOUCH/HOLD,0.5824536188017294,0.14480171371096257,1.0701208085555376,0.5824536188017294,0.14480171371096257,1.0701208085555376,0.0,1
5.807999999999582,TOUCH/HOLD,0.5824536188017294,0.14480171371096257,1.0701208085555376,0.5824536188017294,0.14480171371096257,1.0701208085555376,0.0,1
5.809999999999582,TOUCH/HOLD,0.5824536188017294,0.14480171371096257,1.0701208085555376,0.5824536188017294,0.14480171371096257,1.0701208085555376,0.0,1
5.811999999999582,TOUCH/HOLD,0.5824536188017294,0.14480171371096257,1.0701208085555376,0.5824536188017294,0.14480171371096257,1.0701208085555376,0.0,1
5.813999999999582,TOUCH/HOLD,0.5824536188017294,0.14480171371096257,1.0701208085555376,0.5824536188017294,0.14480171371096257,1.0701208085555376,0.0,1
5.8159999999995815,TOUCH/HOLD,0.5824536188017294,0.14480171371096257,1.0701208085555376,0.5824536188017294,0.14480171371096257,1.0701208085555376,0.0,1
5.817999999999581,TOUCH/HOLD,0.5824536188017294,0.14480171371096257,1.0701208085555376,0.5824536188017294,0.14480171371096257,1.0701208085555376,0.0,1
5.819999999999581,TOUCH/HOLD,0.5824536188017294,0.14480171371096257,1.0701208085555376,0.5824536188017294,0.14480171371096257,1.0701208085555376,0.0,1
5.821999999999581,TOUCH/HOLD,0.5824536188017294,0.14480171371096257,1.0701208085555376,0.5824536188017294,0.14480171371096257,1.0701208085555376,0.0,1
5.823999999999581,TOUCH/HOLD,0.5824536188017294,0.14480171371096257,1.0701208085555376,0.5824536188017294,0.14480171371096257,1.0701208085555376,0.0,1
5.82599999999958,TOUCH/HOLD,0.5824536188017294,0.14480171371096257,1.0701208085555376,0.5824536188017294,0.14480171371096257,1.0701208085555376,0.0,1
5.82799999999958,TOUCH/HOLD,0.5824536188017294,0.14480171371096257,1.0701208085555376,0.5824536188017294,0.14480171371096257,1.0701208085555376,0.0,1
5.82999999999958,TOUCH/HOLD,0.5824536188017294,0.14480171371096257,1.0701208085555376,0.5824536188017294,0.14480171371096257,1.0701208085555376,0.0,1
5.83199999999958,TOUCH/HOLD,0.5824536188017294,0.14480171371096257,1.0701208085555376,0.5824536188017294,0.14480171371096257,1.0701208085555376,0.0,1
5.8339999999995795,TOUCH/HOLD,0.5824536188017294,0.14480171371096257,1.0701208085555376,0.5824536188017294,0.14480171371096257,1.0701208085555376,0.0,1
5.835999999999579,TOUCH/HOLD,0.5824536188017294,0.14480171371096257,1.0701208085555376,0.5824536188017294,0.14480171371096257,1.0701208085555376,0.0,1
5.837999999999579,TOUCH/HOLD,0.5824536188017294,0.14480171371096257,1.0701208085555376,0.5824536188017294,0.14480171371096257,1.0701208085555376,0.0,1
5.839999999999579,TOUCH/HOLD,0.5824536188017294,0.14480171371096257,1.0701208085555376,0.5824536188017294,0.14480171371096257,1.0701208085555376,0.0,1
5.841999999999579,TOUCH/HOLD,0.5824536188017294,0.14480171371096257,1.0701208085555376,0.5824536188017294,0.14480171371096257,1.0701208085555376,0.0,1
5.843999999999578,TOUCH/HOLD,0.5824536188017294,0.14480171371096257,1.0701208085555376,0.5824536188017294,0.14480171371096257,1.0701208085555376,0.0,1
5.845999999999578,TOUCH/HOLD,0.5824536188017294,0.14480171371096257,1.0701208085555376,0.5824536188017294,0.14480171371096257,1.0701208085555376,0.0,1
5.847999999999578,TOUCH/HOLD,0.5824536188017294,0.14480171371096257,1.0701208085555376,0.5824536188017294,0.14480171371096257,1.0701208085555376,0.0,1
5.849999999999578,TOUCH/HOLD,0.5824536188017294,0.14480171371096257,1.0701208085555376,0.5824536188017294,0.14480171371096257,1.0701208085555376,0.0,1
5.8519999999995775,TOUCH/HOLD,0.5824536188017294,0.14480171371096257,1.0701208085555376,0.5824536188017294,0.14480171371096257,1.0701208085555376,0.0,1
5.853999999999577,TOUCH/HOLD,0.5824536188017294,0.14480171371096257,1.0701208085555376,0.5824536188017294,0.14480171371096257,1.0701208085555376,0.0,1
5.855999999999577,TOUCH/HOLD,0.5824536188017294,0.14480171371096257,1.0701208085555376,0.5824536188017294,0.14480171371096257,1.0701208085555376,0.0,1
5.857999999999577,TOUCH/HOLD,0.5824536188017294,0.14480171371096257,1.0701208085555376,0.5824536188017294,0.14480171371096257,1.0701208085555376,0.0,1
5.859999999999577,TOUCH/HOLD,0.5824536188017294,0.14480171371096257,1.0701208085555376,0.5824536188017294,0.14480171371096257,1.0701208085555376,0.0,1
5.861999999999576,TOUCH/HOLD,0.5824536188017294,0.14480171371096257,1.0701208085555376,0.5824536188017294,0.14480171371096257,1.0701208085555376,0.0,1
5.863999999999576,TOUCH/HOLD,0.5824536188017294,0.14480171371096257,1.0701208085555376,0.5824536188017294,0.14480171371096257,1.0701208085555376,0.0,1
5.865999999999576,TOUCH/HOLD,0.5824536188017294,0.14480171371096257,1.0701208085555376,0.5824536188017294,0.14480171371096257,1.0701208085555376,0.0,1
5.867999999999576,TOUCH/HOLD,0.5824536188017294,0.14480171371096257,1.0701208085555376,0.5824536188017294,0.14480171371096257,1.0701208085555376,0.0,1
5.869999999999576,TOUCH/HOLD,0.5824536188017294,0.14480171371096257,1.0701208085555376,0.5824536188017294,0.14480171371096257,1.0701208085555376,0.0,1
5.871999999999575,TOUCH/HOLD,0.5824536188017294,0.14480171371096257,1.0701208085555376,0.5824536188017294,0.14480171371096257,1.0701208085555376,0.0,1
5.873999999999575,TOUCH/HOLD,0.5824536188017294,0.14480171371096257,1.0701208085555376,0.5824536188017294,0.14480171371096257,1.0701208085555376,0.0,1
5.875999999999575,TOUCH/HOLD,0.5824536188017294,0.14480171371096257,1.0701208085555376,0.5824536188017294,0.14480171371096257,1.0701208085555376,0.0,1
5.877999999999575,TOUCH/HOLD,0.5824536188017294,0.14480171371096257,1.0701208085555376,0.5824536188017294,0.14480171371096257,1.0701208085555376,0.0,1
5.8799999999995745,TOUCH/HOLD,0.5824536188017294,0.14480171371096257,1.0701208085555376,0.5824536188017294,0.14480171371096257,1.0701208085555376,0.0,1
5.881999999999574,TOUCH/HOLD,0.5824536188017294,0.14480171371096257,1.0701208085555376,0.5824536188017294,0.14480171371096257,1.0701208085555376,0.0,1
5.883999999999574,TOUCH/HOLD,0.5824536188017294,0.14480171371096257,1.0701208085555376,0.5824536188017294,0.14480171371096257,1.0701208085555376,0.0,1
5.885999999999574,TOUCH/HOLD,0.5824536188017294,0.14480171371096257,1.0701208085555376,0.5824536188017294,0.14480171371096257,1.0701208085555376,0.0,1
5.887999999999574,TOUCH/HOLD,0.5824536188017294,0.14480171371096257,1.0701208085555376,0.5824536188017294,0.14480171371096257,1.0701208085555376,0.0,1
5.889999999999573,TOUCH/HOLD,0.5824536188017294,0.14480171371096257,1.0701208085555376,0.5824536188017294,0.14480171371096257,1.0701208085555376,0.0,1
5.891999999999573,TOUCH/HOLD,0.5824536188017294,0.14480171371096257,1.0701208085555376,0.5824536188017294,0.14480171371096257,1.0701208085555376,0.0,1
5.893999999999573,TOUCH/HOLD,0.5824536188017294,0.14480171371096257,1.0701208085555376,0.5824536188017294,0.14480171371096257,1.0701208085555376,0.0,1
5.895999999999573,TOUCH/HOLD,0.5824536188017294,0.14480171371096257,1.0701208085555376,0.5824536188017294,0.14480171371096257,1.0701208085555376,0.0,1
5.8979999999995725,TOUCH/HOLD,0.5824536188017294,0.14480171371096257,1.0701208085555376,0.5824536188017294,0.14480171371096257,1.0701208085555376,0.0,1
5.899999999999572,TOUCH/HOLD,0.5824536188017294,0.14480171371096257,1.0701208085555376,0.5824536188017294,0.14480171371096257,1.0701208085555376,0.0,1
5.901999999999572,TOUCH/HOLD,0.5824536188017294,0.14480171371096257,1.0701208085555376,0.5824536188017294,0.14480171371096257,1.0701208085555376,0.0,1
5.903999999999572,TOUCH/HOLD,0.5824536188017294,0.14480171371096257,1.0701208085555376,0.5824536188017294,0.14480171371096257,1.0701208085555376,0.0,1
5.905999999999572,TOUCH/HOLD,0.5824536188017294,0.14480171371096257,1.0701208085555376,0.5824536188017294,0.14480171371096257,1.0701208085555376,0.0,1
5.907999999999571,TOUCH/HOLD,0.5824536188017294,0.14480171371096257,1.0701208085555376,0.5824536188017294,0.14480171371096257,1.0701208085555376,0.0,1
5.909999999999571,TOUCH/HOLD,0.5824536188017294,0.14480171371096257,1.0701208085555376,0.5824536188017294,0.14480171371096257,1.0701208085555376,0.0,1
5.911999999999571,TOUCH/HOLD,0.5824536188017294,0.14480171371096257,1.0701208085555376,0.5824536188017294,0.14480171371096257,1.0701208085555376,0.0,1
5.913999999999571,TOUCH/HOLD,0.5824536188017294,0.14480171371096257,1.0701208085555376,0.5824536188017294,0.14480171371096257,1.0701208085555376,0.0,1
5.9159999999995705,TOUCH/HOLD,0.5824536188017294,0.14480171371096257,1.0701208085555376,0.5824536188017294,0.14480171371096257,1.0701208085555376,0.0,1
5.91799999999957,TOUCH/HOLD,0.5824536188017294,0.14480171371096257,1.0701208085555376,0.5824536188017294,0.14480171371096257,1.0701208085555376,0.0,1
5.91999999999957,TOUCH/HOLD,0.5824536188017294,0.14480171371096257,1.0701208085555376,0.5824536188017294,0.14480171371096257,1.0701208085555376,0.0,1
5.92199999999957,TOUCH/HOLD,0.5824536188017294,0.14480171371096257,1.0701208085555376,0.5824536188017294,0.14480171371096257,1.0701208085555376,0.0,1
5.92399999999957,TOUCH/HOLD,0.5824536188017294,0.14480171371096257,1.0701208085555376,0.5824536188017294,0.14480171371096257,1.0701208085555376,0.0,1
5.925999999999569,TOUCH/HOLD,0.5824536188017294,0.14480171371096257,1.0701208085555376,0.5824536188017294,0.14480171371096257,1.0701208085555376,0.0,1
5.927999999999569,TOUCH/HOLD,0.5824536188017294,0.14480171371096257,1.0701208085555376,0.5824536188017294,0.14480171371096257,1.0701208085555376,0.0,1
5.929999999999569,TOUCH/HOLD,0.5824536188017294,0.14480171371096257,1.0701208085555376,0.5824536188017294,0.14480171371096257,1.0701208085555376,0.0,1
5.931999999999569,TOUCH/HOLD,0.5824536188017294,0.14480171371096257,1.0701208085555376,0.5824536188017294,0.14480171371096257,1.0701208085555376,0.0,1
5.9339999999995685,TOUCH/HOLD,0.5824536188017294,0.14480171371096257,1.0701208085555376,0.5824536188017294,0.14480171371096257,1.0701208085555376,0.0,1
5.935999999999568,TOUCH/HOLD,0.5824536188017294,0.14480171371096257,1.0701208085555376,0.5824536188017294,0.14480171371096257,1.0701208085555376,0.0,1
5.937999999999568,TOUCH/HOLD,0.5824536188017294,0.14480171371096257,1.0701208085555376,0.5824536188017294,0.14480171371096257,1.0701208085555376,0.0,1
5.939999999999568,TOUCH/HOLD,0.5824536188017294,0.14480171371096257,1.0701208085555376,0.5824536188017294,0.14480171371096257,1.0701208085555376,0.0,1
5.941999999999568,TOUCH/HOLD,0.5824536188017294,0.14480171371096257,1.0701208085555376,0.5824536188017294,0.14480171371096257,1.0701208085555376,0.0,1
5.943999999999567,TOUCH/HOLD,0.5824536188017294,0.14480171371096257,1.0701208085555376,0.5824536188017294,0.14480171371096257,1.0701208085555376,0.0,1
5.945999999999567,TOUCH/HOLD,0.5824536188017294,0.14480171371096257,1.0701208085555376,0.5824536188017294,0.14480171371096257,1.0701208085555376,0.0,1
5.947999999999567,TOUCH/HOLD,0.5824536188017294,0.14480171371096257,1.0701208085555376,0.5824536188017294,0.14480171371096257,1.0701208085555376,0.0,1
5.949999999999567,TOUCH/HOLD,0.5824536188017294,0.14480171371096257,1.0701208085555376,0.5824536188017294,0.14480171371096257,1.0701208085555376,0.0,1
5.9519999999995665,TOUCH/HOLD,0.5824536188017294,0.14480171371096257,1.0701208085555376,0.5824536188017294,0.14480171371096257,1.0701208085555376,0.0,1
5.953999999999566,TOUCH/HOLD,0.5824536188017294,0.14480171371096257,1.0701208085555376,0.5824536188017294,0.14480171371096257,1.0701208085555376,0.0,1
5.955999999999566,TOUCH/HOLD,0.5824536188017294,0.14480171371096257,1.0701208085555376,0.5824536188017294,0.14480171371096257,1.0701208085555376,0.0,1
5.957999999999566,TOUCH/HOLD,0.5824536188017294,0.14480171371096257,1.0701208085555376,0.5824536188017294,0.14480171371096257,1.0701208085555376,0.0,1
5.959999999999566,TOUCH/HOLD,0.5824536188017294,0.14480171371096257,1.0701208085555376,0.5824536188017294,0.14480171371096257,1.0701208085555376,0.0,1
5.961999999999565,TOUCH/HOLD,0.5824536188017294,0.14480171371096257,1.0701208085555376,0.5824536188017294,0.14480171371096257,1.0701208085555376,0.0,1
5.963999999999565,TOUCH/HOLD,0.5824536188017294,0.14480171371096257,1.0701208085555376,0.5824536188017294,0.14480171371096257,1.0701208085555376,0.0,1
5.965999999999565,TOUCH/HOLD,0.5824536188017294,0.14480171371096257,1.0701208085555376,0.5824536188017294,0.14480171371096257,1.0701208085555376,0.0,1
5.967999999999565,TOUCH/HOLD,0.5824536188017294,0.14480171371096257,1.0701208085555376,0.5824536188017294,0.14480171371096257,1.0701208085555376,0.0,1
5.9699999999995645,TOUCH/HOLD,0.5824536188017294,0.14480171371096257,1.0701208085555376,0.5824536188017294,0.14480171371096257,1.0701208085555376,0.0,1
5.971999999999564,TOUCH/HOLD,0.5824536188017294,0.14480171371096257,1.0701208085555376,0.5824536188017294,0.14480171371096257,1.0701208085555376,0.0,1
5.973999999999564,TOUCH/HOLD,0.5824536188017294,0.14480171371096257,1.0701208085555376,0.5824536188017294,0.14480171371096257,1.0701208085555376,0.0,1
5.975999999999564,TOUCH/HOLD,0.5824536188017294,0.14480171371096257,1.0701208085555376,0.5824536188017294,0.14480171371096257,1.0701208085555376,0.0,1
5.977999999999564,TOUCH/HOLD,0.5824536188017294,0.14480171371096257,1.0701208085555376,0.5824536188017294,0.14480171371096257,1.0701208085555376,0.0,1
5.979999999999563,TOUCH/HOLD,0.5824536188017294,0.14480171371096257,1.0701208085555376,0.5824536188017294,0.14480171371096257,1.0701208085555376,0.0,1
5.981999999999563,TOUCH/HOLD,0.5824536188017294,0.14480171371096257,1.0701208085555376,0.5824536188017294,0.14480171371096257,1.0701208085555376,0.0,1
5.983999999999563,TOUCH/HOLD,0.5824536188017294,0.14480171371096257,1.0701208085555376,0.5824536188017294,0.14480171371096257,1.0701208085555376,0.0,1
5.985999999999563,TOUCH/HOLD,0.5824536188017294,0.14480171371096257,1.0701208085555376,0.5824536188017294,0.14480171371096257,1.0701208085555376,0.0,1
5.987999999999563,TOUCH/HOLD,0.5824536188017294,0.14480171371096257,1.0701208085555376,0.5824536188017294,0.14480171371096257,1.0701208085555376,0.0,1
5.989999999999562,TOUCH/HOLD,0.5824536188017294,0.14480171371096257,1.0701208085555376,0.5824536188017294,0.14480171371096257,1.0701208085555376,0.0,1
5.991999999999562,TOUCH/HOLD,0.5824536188017294,0.14480171371096257,1.0701208085555376,0.5824536188017294,0.14480171371096257,1.0701208085555376,0.0,1
5.993999999999562,TOUCH/HOLD,0.5824536188017294,0.14480171371096257,1.0701208085555376,0.5824536188017294,0.14480171371096257,1.0701208085555376,0.0,1
5.995999999999562,TOUCH/HOLD,0.5824536188017294,0.14480171371096257,1.0701208085555376,0.5824536188017294,0.14480171371096257,1.0701208085555376,0.0,1
5.9979999999995615,TOUCH/HOLD,0.5824536188017294,0.14480171371096257,1.0701208085555376,0.5824536188017294,0.14480171371096257,1.0701208085555376,0.0,1
5.999999999999561,TOUCH/HOLD,0.5824536188017294,0.14480171371096257,1.0701208085555376,0.5824536188017294,0.14480171371096257,1.0701208085555376,0.0,1
6.001999999999561,TOUCH/HOLD,0.5824536188017294,0.14480171371096257,1.0701208085555376,0.5824536188017294,0.14480171371096257,1.0701208085555376,0.0,1
6.003999999999561,TOUCH/HOLD,0.5824536188017294,0.14480171371096257,1.0701208085555376,0.5824536188017294,0.14480171371096257,1.0701208085555376,0.0,1
6.005999999999561,TOUCH/HOLD,0.5824536188017294,0.14480171371096257,1.0701208085555376,0.5824536188017294,0.14480171371096257,1.0701208085555376,0.0,1
6.00799999999956,TOUCH/HOLD,0.5824536188017294,0.14480171371096257,1.0701208085555376,0.5824536188017294,0.14480171371096257,1.0701208085555376,0.0,1
6.00999999999956,TOUCH/HOLD,0.5824536188017294,0.14480171371096257,1.0701208085555376,0.5824536188017294,0.14480171371096257,1.0701208085555376,0.0,1
6.01199999999956,TOUCH/HOLD,0.5824536188017294,0.14480171371096257,1.0701208085555376,0.5824536188017294,0.14480171371096257,1.0701208085555376,0.0,1
6.01399999999956,TOUCH/HOLD,0.5824536188017294,0.14480171371096257,1.0701208085555376,0.5824536188017294,0.14480171371096257,1.0701208085555376,0.0,1
6.0159999999995595,TOUCH/HOLD,0.5824536188017294,0.14480171371096257,1.0701208085555376,0.5824536188017294,0.14480171371096257,1.0701208085555376,0.0,1
6.017999999999559,TOUCH/HOLD,0.5824536188017294,0.14480171371096257,1.0701208085555376,0.5824536188017294,0.14480171371096257,1.0701208085555376,0.0,1
6.019999999999559,TOUCH/HOLD,0.5824536188017294,0.14480171371096257,1.0701208085555376,0.5824536188017294,0.14480171371096257,1.0701208085555376,0.0,1
6.021999999999559,TOUCH/HOLD,0.5824536188017294,0.14480171371096257,1.0701208085555376,0.5824536188017294,0.14480171371096257,1.0701208085555376,0.0,1
6.023999999999559,TOUCH/HOLD,0.5824536188017294,0.14480171371096257,1.0701208085555376,0.5824536188017294,0.14480171371096257,1.0701208085555376,0.0,1
6.025999999999558,TOUCH/HOLD,0.5824536188017294,0.14480171371096257,1.0701208085555376,0.5824536188017294,0.14480171371096257,1.0701208085555376,0.0,1
6.027999999999558,TOUCH/HOLD,0.5824536188017294,0.14480171371096257,1.0701208085555376,0.5824536188017294,0.14480171371096257,1.0701208085555376,0.0,1
6.029999999999558,TOUCH/HOLD,0.5824536188017294,0.14480171371096257,1.0701208085555376,0.5824536188017294,0.14480171371096257,1.0701208085555376,0.0,1
6.031999999999558,TOUCH/HOLD,0.5824536188017294,0.14480171371096257,1.0701208085555376,0.5824536188017294,0.14480171371096257,1.0701208085555376,0.0,1
6.0339999999995575,TOUCH/HOLD,0.5824536188017294,0.14480171371096257,1.0701208085555376,0.5824536188017294,0.14480171371096257,1.0701208085555376,0.0,1
6.035999999999557,TOUCH/HOLD,0.5824536188017294,0.14480171371096257,1.0701208085555376,0.5824536188017294,0.14480171371096257,1.0701208085555376,0.0,1
6.037999999999557,TOUCH/HOLD,0.5824536188017294,0.14480171371096257,1.0701208085555376,0.5824536188017294,0.14480171371096257,1.0701208085555376,0.0,1
6.039999999999557,TOUCH/HOLD,0.5824536188017294,0.14480171371096257,1.0701208085555376,0.5824536188017294,0.14480171371096257,1.0701208085555376,0.0,1
6.041999999999557,TOUCH/HOLD,0.5824536188017294,0.14480171371096257,1.0701208085555376,0.5824536188017294,0.14480171371096257,1.0701208085555376,0.0,1
6.043999999999556,TOUCH/HOLD,0.5824536188017294,0.14480171371096257,1.0701208085555376,0.5824536188017294,0.14480171371096257,1.0701208085555376,0.0,1
6.045999999999556,TOUCH/HOLD,0.5824536188017294,0.14480171371096257,1.0701208085555376,0.5824536188017294,0.14480171371096257,1.0701208085555376,0.0,1
6.047999999999556,TOUCH/HOLD,0.5824536188017294,0.14480171371096257,1.0701208085555376,0.5824536188017294,0.14480171371096257,1.0701208085555376,0.0,1
6.049999999999556,TOUCH/HOLD,0.5824536188017294,0.14480171371096257,1.0701208085555376,0.5824536188017294,0.14480171371096257,1.0701208085555376,0.0,1
6.0519999999995555,TOUCH/HOLD,0.5824536188017294,0.14480171371096257,1.0701208085555376,0.5824536188017294,0.14480171371096257,1.0701208085555376,0.0,1
6.053999999999555,TOUCH/HOLD,0.5824536188017294,0.14480171371096257,1.0701208085555376,0.5824536188017294,0.14480171371096257,1.0701208085555376,0.0,1
6.055999999999555,TOUCH/HOLD,0.5824536188017294,0.14480171371096257,1.0701208085555376,0.5824536188017294,0.14480171371096257,1.0701208085555376,0.0,1
6.057999999999555,TOUCH/HOLD,0.5824536188017294,0.14480171371096257,1.0701208085555376,0.5824536188017294,0.14480171371096257,1.0701208085555376,0.0,1
6.059999999999555,TOUCH/HOLD,0.5824536188017294,0.14480171371096257,1.0701208085555376,0.5824536188017294,0.14480171371096257,1.0701208085555376,0.0,1
6.061999999999554,TOUCH/HOLD,0.5824536188017294,0.14480171371096257,1.0701208085555376,0.5824536188017294,0.14480171371096257,1.0701208085555376,0.0,1
6.063999999999554,TOUCH/HOLD,0.5824536188017294,0.14480171371096257,1.0701208085555376,0.5824536188017294,0.14480171371096257,1.0701208085555376,0.0,1
6.065999999999554,TOUCH/HOLD,0.5824536188017294,0.14480171371096257,1.0701208085555376,0.5824536188017294,0.14480171371096257,1.0701208085555376,0.0,1
6.067999999999554,TOUCH/HOLD,0.5824536188017294,0.14480171371096257,1.0701208085555376,0.5824536188017294,0.14480171371096257,1.0701208085555376,0.0,1
6.0699999999995535,TOUCH/HOLD,0.5824536188017294,0.14480171371096257,1.0701208085555376,0.5824536188017294,0.14480171371096257,1.0701208085555376,0.0,1
6.071999999999553,TOUCH/HOLD,0.5824536188017294,0.14480171371096257,1.0701208085555376,0.5824536188017294,0.14480171371096257,1.0701208085555376,0.0,1
6.073999999999553,TOUCH/HOLD,0.5824536188017294,0.14480171371096257,1.0701208085555376,0.5824536188017294,0.14480171371096257,1.0701208085555376,0.0,1
6.075999999999553,TOUCH/HOLD,0.5824536188017294,0.14480171371096257,1.0701208085555376,0.5824536188017294,0.14480171371096257,1.0701208085555376,0.0,1
6.077999999999553,TOUCH/HOLD,0.5824536188017294,0.14480171371096257,1.0701208085555376,0.5824536188017294,0.14480171371096257,1.0701208085555376,0.0,1
6.079999999999552,TOUCH/HOLD,0.5824536188017294,0.14480171371096257,1.0701208085555376,0.5824536188017294,0.14480171371096257,1.0701208085555376,0.0,1
6.081999999999552,TOUCH/HOLD,0.5824536188017294,0.14480171371096257,1.0701208085555376,0.5824536188017294,0.14480171371096257,1.0701208085555376,0.0,1
6.083999999999552,TOUCH/HOLD,0.5824536188017294,0.14480171371096257,1.0701208085555376,0.5824536188017294,0.14480171371096257,1.0701208085555376,0.0,1
6.085999999999552,TOUCH/HOLD,0.5824536188017294,0.14480171371096257,1.0701208085555376,0.5824536188017294,0.14480171371096257,1.0701208085555376,0.0,1
6.0879999999995515,TOUCH/HOLD,0.5824536188017294,0.14480171371096257,1.0701208085555376,0.5824536188017294,0.14480171371096257,1.0701208085555376,0.0,1
6.089999999999551,TOUCH/HOLD,0.5824536188017294,0.14480171371096257,1.0701208085555376,0.5824536188017294,0.14480171371096257,1.0701208085555376,0.0,1
6.091999999999551,TOUCH/HOLD,0.5824536188017294,0.14480171371096257,1.0701208085555376,0.5824536188017294,0.14480171371096257,1.0701208085555376,0.0,1
6.093999999999551,TOUCH/HOLD,0.5824536188017294,0.14480171371096257,1.0701208085555376,0.5824536188017294,0.14480171371096257,1.0701208085555376,0.0,1
6.095999999999551,TOUCH/HOLD,0.5824536188017294,0.14480171371096257,1.0701208085555376,0.5824536188017294,0.14480171371096257,1.0701208085555376,0.0,1
6.0979999999995504,TOUCH/HOLD,0.5824536188017294,0.14480171371096257,1.0701208085555376,0.5824536188017294,0.14480171371096257,1.0701208085555376,0.0,1
6.09999999999955,TOUCH/HOLD,0.5824536188017294,0.14480171371096257,1.0701208085555376,0.5824536188017294,0.14480171371096257,1.0701208085555376,0.0,1
6.10199999999955,TOUCH/HOLD,0.5824536188017294,0.14480171371096257,1.0701208085555376,0.5824536188017294,0.14480171371096257,1.0701208085555376,0.0,1
6.10399999999955,TOUCH/HOLD,0.5824536188017294,0.14480171371096257,1.0701208085555376,0.5824536188017294,0.14480171371096257,1.0701208085555376,0.0,1
6.10599999999955,TOUCH/HOLD,0.5824536188017294,0.14480171371096257,1.0701208085555376,0.5824536188017294,0.14480171371096257,1.0701208085555376,0.0,1
6.107999999999549,TOUCH/HOLD,0.5824536188017294,0.14480171371096257,1.0701208085555376,0.5824536188017294,0.14480171371096257,1.0701208085555376,0.0,1
6.109999999999549,TOUCH/HOLD,0.5824536188017294,0.14480171371096257,1.0701208085555376,0.5824536188017294,0.14480171371096257,1.0701208085555376,0.0,1
6.111999999999549,TOUCH/HOLD,0.5824536188017294,0.14480171371096257,1.0701208085555376,0.5824536188017294,0.14480171371096257,1.0701208085555376,0.0,1
6.113999999999549,TOUCH/HOLD,0.5824536188017294,0.14480171371096257,1.0701208085555376,0.5824536188017294,0.14480171371096257,1.0701208085555376,0.0,1
6.1159999999995485,TOUCH/HOLD,0.5824536188017294,0.14480171371096257,1.0701208085555376,0.5824536188017294,0.14480171371096257,1.0701208085555376,0.0,1
6.117999999999548,TOUCH/HOLD,0.5824536188017294,0.14480171371096257,1.0701208085555376,0.5824536188017294,0.14480171371096257,1.0701208085555376,0.0,1
6.119999999999548,TOUCH/HOLD,0.5824536188017294,0.14480171371096257,1.0701208085555376,0.5824536188017294,0.14480171371096257,1.0701208085555376,0.0,1
6.121999999999548,TOUCH/HOLD,0.5824536188017294,0.14480171371096257,1.0701208085555376,0.5824536188017294,0.14480171371096257,1.0701208085555376,0.0,1
6.123999999999548,TOUCH/HOLD,0.5824536188017294,0.14480171371096257,1.0701208085555376,0.5824536188017294,0.14480171371096257,1.0701208085555376,0.0,1
6.125999999999547,TOUCH/HOLD,0.5824536188017294,0.14480171371096257,1.0701208085555376,0.5824536188017294,0.14480171371096257,1.0701208085555376,0.0,1
6.127999999999547,TOUCH/HOLD,0.5824536188017294,0.14480171371096257,1.0701208085555376,0.5824536188017294,0.14480171371096257,1.0701208085555376,0.0,1
6.129999999999547,TOUCH/HOLD,0.5824536188017294,0.14480171371096257,1.0701208085555376,0.5824536188017294,0.14480171371096257,1.0701208085555376,0.0,1
6.131999999999547,TOUCH/HOLD,0.5824536188017294,0.14480171371096257,1.0701208085555376,0.5824536188017294,0.14480171371096257,1.0701208085555376,0.0,1
6.1339999999995465,TOUCH/HOLD,0.5824536188017294,0.14480171371096257,1.0701208085555376,0.5824536188017294,0.14480171371096257,1.0701208085555376,0.0,1
6.135999999999546,TOUCH/HOLD,0.5824536188017294,0.14480171371096257,1.0701208085555376,0.5824536188017294,0.14480171371096257,1.0701208085555376,0.0,1
6.137999999999546,TOUCH/HOLD,0.5824536188017294,0.14480171371096257,1.0701208085555376,0.5824536188017294,0.14480171371096257,1.0701208085555376,0.0,1
6.139999999999546,TOUCH/HOLD,0.5824536188017294,0.14480171371096257,1.0701208085555376,0.5824536188017294,0.14480171371096257,1.0701208085555376,0.0,1
6.141999999999546,TOUCH/HOLD,0.5824536188017294,0.14480171371096257,1.0701208085555376,0.5824536188017294,0.14480171371096257,1.0701208085555376,0.0,1
6.143999999999545,TOUCH/HOLD,0.5824536188017294,0.14480171371096257,1.0701208085555376,0.5824536188017294,0.14480171371096257,1.0701208085555376,0.0,1
6.145999999999545,TOUCH/HOLD,0.5824536188017294,0.14480171371096257,1.0701208085555376,0.5824536188017294,0.14480171371096257,1.0701208085555376,0.0,1
6.147999999999545,TOUCH/HOLD,0.5824536188017294,0.14480171371096257,1.0701208085555376,0.5824536188017294,0.14480171371096257,1.0701208085555376,0.0,1
6.149999999999545,TOUCH/HOLD,0.5824536188017294,0.14480171371096257,1.0701208085555376,0.5824536188017294,0.14480171371096257,1.0701208085555376,0.0,1
6.1519999999995445,TOUCH/HOLD,0.5824536188017294,0.14480171371096257,1.0701208085555376,0.5824536188017294,0.14480171371096257,1.0701208085555376,0.0,1
6.153999999999544,TOUCH/HOLD,0.5824536188017294,0.14480171371096257,1.0701208085555376,0.5824536188017294,0.14480171371096257,1.0701208085555376,0.0,1
6.155999999999544,TOUCH/HOLD,0.5824536188017294,0.14480171371096257,1.0701208085555376,0.5824536188017294,0.14480171371096257,1.0701208085555376,0.0,1
6.157999999999544,TOUCH/HOLD,0.5824536188017294,0.14480171371096257,1.0701208085555376,0.5824536188017294,0.14480171371096257,1.0701208085555376,0.0,1
6.159999999999544,TOUCH/HOLD,0.5824536188017294,0.14480171371096257,1.0701208085555376,0.5824536188017294,0.14480171371096257,1.0701208085555376,0.0,1
6.161999999999543,TOUCH/HOLD,0.5824536188017294,0.14480171371096257,1.0701208085555376,0.5824536188017294,0.14480171371096257,1.0701208085555376,0.0,1
6.163999999999543,TOUCH/HOLD,0.5824536188017294,0.14480171371096257,1.0701208085555376,0.5824536188017294,0.14480171371096257,1.0701208085555376,0.0,1
6.165999999999543,TOUCH/HOLD,0.5824536188017294,0.14480171371096257,1.0701208085555376,0.5824536188017294,0.14480171371096257,1.0701208085555376,0.0,1
6.167999999999543,TOUCH/HOLD,0.5824536188017294,0.14480171371096257,1.0701208085555376,0.5824536188017294,0.14480171371096257,1.0701208085555376,0.0,1
6.1699999999995425,TOUCH/HOLD,0.5824536188017294,0.14480171371096257,1.0701208085555376,0.5824536188017294,0.14480171371096257,1.0701208085555376,0.0,1
6.171999999999542,TOUCH/HOLD,0.5824536188017294,0.14480171371096257,1.0701208085555376,0.5824536188017294,0.14480171371096257,1.0701208085555376,0.0,1
6.173999999999542,TOUCH/HOLD,0.5824536188017294,0.14480171371096257,1.0701208085555376,0.5824536188017294,0.14480171371096257,1.0701208085555376,0.0,1
6.175999999999542,TOUCH/HOLD,0.5824536188017294,0.14480171371096257,1.0701208085555376,0.5824536188017294,0.14480171371096257,1.0701208085555376,0.0,1
6.177999999999542,TOUCH/HOLD,0.5824536188017294,0.14480171371096257,1.0701208085555376,0.5824536188017294,0.14480171371096257,1.0701208085555376,0.0,1
6.179999999999541,TOUCH/HOLD,0.5824536188017294,0.14480171371096257,1.0701208085555376,0.5824536188017294,0.14480171371096257,1.0701208085555376,0.0,1
6.181999999999541,TOUCH/HOLD,0.5824536188017294,0.14480171371096257,1.0701208085555376,0.5824536188017294,0.14480171371096257,1.0701208085555376,0.0,1
6.183999999999541,TOUCH/HOLD,0.5824536188017294,0.14480171371096257,1.0701208085555376,0.5824536188017294,0.14480171371096257,1.0701208085555376,0.0,1
6.185999999999541,TOUCH/HOLD,0.5824536188017294,0.14480171371096257,1.0701208085555376,0.5824536188017294,0.14480171371096257,1.0701208085555376,0.0,1
6.1879999999995405,TOUCH/HOLD,0.5824536188017294,0.14480171371096257,1.0701208085555376,0.5824536188017294,0.14480171371096257,1.0701208085555376,0.0,1
6.18999999999954,TOUCH/HOLD,0.5824536188017294,0.14480171371096257,1.0701208085555376,0.5824536188017294,0.14480171371096257,1.0701208085555376,0.0,1
6.19199999999954,TOUCH/HOLD,0.5824536188017294,0.14480171371096257,1.0701208085555376,0.5824536188017294,0.14480171371096257,1.0701208085555376,0.0,1
6.19399999999954,TOUCH/HOLD,0.5824536188017294,0.14480171371096257,1.0701208085555376,0.5824536188017294,0.14480171371096257,1.0701208085555376,0.0,1
6.19599999999954,TOUCH/HOLD,0.5824536188017294,0.14480171371096257,1.0701208085555376,0.5824536188017294,0.14480171371096257,1.0701208085555376,0.0,1
6.197999999999539,TOUCH/HOLD,0.5824536188017294,0.14480171371096257,1.0701208085555376,0.5824536188017294,0.14480171371096257,1.0701208085555376,0.0,1
6.199999999999539,TOUCH/HOLD,0.5824536188017294,0.14480171371096257,1.0701208085555376,0.5824536188017294,0.14480171371096257,1.0701208085555376,0.0,1
6.201999999999539,TOUCH/HOLD,0.5824536188017294,0.14480171371096257,1.0701208085555376,0.5824536188017294,0.14480171371096257,1.0701208085555376,0.0,1
6.203999999999539,TOUCH/HOLD,0.5824536188017294,0.14480171371096257,1.0701208085555376,0.5824536188017294,0.14480171371096257,1.0701208085555376,0.0,1
6.2059999999995386,TOUCH/HOLD,0.5824536188017294,0.14480171371096257,1.0701208085555376,0.5824536188017294,0.14480171371096257,1.0701208085555376,0.0,1
6.207999999999538,TOUCH/HOLD,0.5824536188017294,0.14480171371096257,1.0701208085555376,0.5824536188017294,0.14480171371096257,1.0701208085555376,0.0,1
6.209999999999538,TOUCH/HOLD,0.5824536188017294,0.14480171371096257,1.0701208085555376,0.5824536188017294,0.14480171371096257,1.0701208085555376,0.0,1
6.211999999999538,TOUCH/HOLD,0.5824536188017294,0.14480171371096257,1.0701208085555376,0.5824536188017294,0.14480171371096257,1.0701208085555376,0.0,1
6.213999999999538,TOUCH/HOLD,0.5824536188017294,0.14480171371096257,1.0701208085555376,0.5824536188017294,0.14480171371096257,1.0701208085555376,0.0,1
6.2159999999995375,TOUCH/HOLD,0.5824536188017294,0.14480171371096257,1.0701208085555376,0.5824536188017294,0.14480171371096257,1.0701208085555376,0.0,1
6.217999999999537,TOUCH/HOLD,0.5824536188017294,0.14480171371096257,1.0701208085555376,0.5824536188017294,0.14480171371096257,1.0701208085555376,0.0,1
6.219999999999537,TOUCH/HOLD,0.5824536188017294,0.14480171371096257,1.0701208085555376,0.5824536188017294,0.14480171371096257,1.0701208085555376,0.0,1
6.221999999999537,TOUCH/HOLD,0.5824536188017294,0.14480171371096257,1.0701208085555376,0.5824536188017294,0.14480171371096257,1.0701208085555376,0.0,1
6.223999999999537,TOUCH/HOLD,0.5824536188017294,0.14480171371096257,1.0701208085555376,0.5824536188017294,0.14480171371096257,1.0701208085555376,0.0,1
6.225999999999536,TOUCH/HOLD,0.5824536188017294,0.14480171371096257,1.0701208085555376,0.5824536188017294,0.14480171371096257,1.0701208085555376,0.0,1
6.227999999999536,TOUCH/HOLD,0.5824536188017294,0.14480171371096257,1.0701208085555376,0.5824536188017294,0.14480171371096257,1.0701208085555376,0.0,1
6.229999999999536,TOUCH/HOLD,0.5824536188017294,0.14480171371096257,1.0701208085555376,0.5824536188017294,0.14480171371096257,1.0701208085555376,0.0,1
6.231999999999536,TOUCH/HOLD,0.5824536188017294,0.14480171371096257,1.0701208085555376,0.5824536188017294,0.14480171371096257,1.0701208085555376,0.0,1
6.2339999999995355,TOUCH/HOLD,0.5824536188017294,0.14480171371096257,1.0701208085555376,0.5824536188017294,0.14480171371096257,1.0701208085555376,0.0,1
6.235999999999535,TOUCH/HOLD,0.5824536188017294,0.14480171371096257,1.0701208085555376,0.5824536188017294,0.14480171371096257,1.0701208085555376,0.0,1
6.237999999999535,TOUCH/HOLD,0.5824536188017294,0.14480171371096257,1.0701208085555376,0.5824536188017294,0.14480171371096257,1.0701208085555376,0.0,1
6.239999999999535,TOUCH/HOLD,0.5824536188017294,0.14480171371096257,1.0701208085555376,0.5824536188017294,0.14480171371096257,1.0701208085555376,0.0,1
6.241999999999535,TOUCH/HOLD,0.5824536188017294,0.14480171371096257,1.0701208085555376,0.5824536188017294,0.14480171371096257,1.0701208085555376,0.0,1
6.243999999999534,TOUCH/HOLD,0.5824536188017294,0.14480171371096257,1.0701208085555376,0.5824536188017294,0.14480171371096257,1.0701208085555376,0.0,1
6.245999999999534,TOUCH/HOLD,0.5824536188017294,0.14480171371096257,1.0701208085555376,0.5824536188017294,0.14480171371096257,1.0701208085555376,0.0,1
6.247999999999534,TOUCH/HOLD,0.5824536188017294,0.14480171371096257,1.0701208085555376,0.5824536188017294,0.14480171371096257,1.0701208085555376,0.0,1
6.249999999999534,TOUCH/HOLD,0.5824536188017294,0.14480171371096257,1.0701208085555376,0.5824536188017294,0.14480171371096257,1.0701208085555376,0.0,1
6.2519999999995335,TOUCH/HOLD,0.5824536188017294,0.14480171371096257,1.0701208085555376,0.5824536188017294,0.14480171371096257,1.0701208085555376,0.0,1
6.253999999999533,TOUCH/HOLD,0.5824536188017294,0.14480171371096257,1.0701208085555376,0.5824536188017294,0.14480171371096257,1.0701208085555376,0.0,1
6.255999999999533,TOUCH/HOLD,0.5824536188017294,0.14480171371096257,1.0701208085555376,0.5824536188017294,0.14480171371096257,1.0701208085555376,0.0,1
6.257999999999533,TOUCH/HOLD,0.5824536188017294,0.14480171371096257,1.0701208085555376,0.5824536188017294,0.14480171371096257,1.0701208085555376,0.0,1
6.259999999999533,TOUCH/HOLD,0.5824536188017294,0.14480171371096257,1.0701208085555376,0.5824536188017294,0.14480171371096257,1.0701208085555376,0.0,1
6.261999999999532,TOUCH/HOLD,0.5824536188017294,0.14480171371096257,1.0701208085555376,0.5824536188017294,0.14480171371096257,1.0701208085555376,0.0,1
6.263999999999532,TOUCH/HOLD,0.5824536188017294,0.14480171371096257,1.0701208085555376,0.5824536188017294,0.14480171371096257,1.0701208085555376,0.0,1
6.265999999999532,TOUCH/HOLD,0.5824536188017294,0.14480171371096257,1.0701208085555376,0.5824536188017294,0.14480171371096257,1.0701208085555376,0.0,1
6.267999999999532,TOUCH/HOLD,0.5824536188017294,0.14480171371096257,1.0701208085555376,0.5824536188017294,0.14480171371096257,1.0701208085555376,0.0,1
6.2699999999995315,TOUCH/HOLD,0.5824536188017294,0.14480171371096257,1.0701208085555376,0.5824536188017294,0.14480171371096257,1.0701208085555376,0.0,1
6.271999999999531,TOUCH/HOLD,0.5824536188017294,0.14480171371096257,1.0701208085555376,0.5824536188017294,0.14480171371096257,1.0701208085555376,0.0,1
6.273999999999531,TOUCH/HOLD,0.5824536188017294,0.14480171371096257,1.0701208085555376,0.5824536188017294,0.14480171371096257,1.0701208085555376,0.0,1
6.275999999999531,TOUCH/HOLD,0.5824536188017294,0.14480171371096257,1.0701208085555376,0.5824536188017294,0.14480171371096257,1.0701208085555376,0.0,1
6.277999999999531,TOUCH/HOLD,0.5824536188017294,0.14480171371096257,1.0701208085555376,0.5824536188017294,0.14480171371096257,1.0701208085555376,0.0,1
6.27999999999953,TOUCH/HOLD,0.5824536188017294,0.14480171371096257,1.0701208085555376,0.5824536188017294,0.14480171371096257,1.0701208085555376,0.0,1
6.28199999999953,TOUCH/HOLD,0.5824536188017294,0.14480171371096257,1.0701208085555376,0.5824536188017294,0.14480171371096257,1.0701208085555376,0.0,1
6.28399999999953,TOUCH/HOLD,0.5824536188017294,0.14480171371096257,1.0701208085555376,0.5824536188017294,0.14480171371096257,1.0701208085555376,0.0,1
6.28599999999953,TOUCH/HOLD,0.5824536188017294,0.14480171371096257,1.0701208085555376,0.5824536188017294,0.14480171371096257,1.0701208085555376,0.0,1
6.2879999999995295,TOUCH/HOLD,0.5824536188017294,0.14480171371096257,1.0701208085555376,0.5824536188017294,0.14480171371096257,1.0701208085555376,0.0,1
6.289999999999529,TOUCH/HOLD,0.5824536188017294,0.14480171371096257,1.0701208085555376,0.5824536188017294,0.14480171371096257,1.0701208085555376,0.0,1
6.291999999999529,TOUCH/HOLD,0.5824536188017294,0.14480171371096257,1.0701208085555376,0.5824536188017294,0.14480171371096257,1.0701208085555376,0.0,1
6.293999999999529,TOUCH/HOLD,0.5824536188017294,0.14480171371096257,1.0701208085555376,0.5824536188017294,0.14480171371096257,1.0701208085555376,0.0,1
6.295999999999529,TOUCH/HOLD,0.5824536188017294,0.14480171371096257,1.0701208085555376,0.5824536188017294,0.14480171371096257,1.0701208085555376,0.0,1
6.297999999999528,TOUCH/HOLD,0.5824536188017294,0.14480171371096257,1.0701208085555376,0.5824536188017294,0.14480171371096257,1.0701208085555376,0.0,1
6.299999999999528,TOUCH/HOLD,0.5824536188017294,0.14480171371096257,1.0701208085555376,0.5824536188017294,0.14480171371096257,1.0701208085555376,0.0,1
6.301999999999528,TOUCH/HOLD,0.5824536188017294,0.14480171371096257,1.0701208085555376,0.5824536188017294,0.14480171371096257,1.0701208085555376,0.0,1
6.303999999999528,TOUCH/HOLD,0.5824536188017294,0.14480171371096257,1.0701208085555376,0.5824536188017294,0.14480171371096257,1.0701208085555376,0.0,1
6.3059999999995275,TOUCH/HOLD,0.5824536188017294,0.14480171371096257,1.0701208085555376,0.5824536188017294,0.14480171371096257,1.0701208085555376,0.0,1
6.307999999999527,TOUCH/HOLD,0.5824536188017294,0.14480171371096257,1.0701208085555376,0.5824536188017294,0.14480171371096257,1.0701208085555376,0.0,1
6.309999999999527,TOUCH/HOLD,0.5824536188017294,0.14480171371096257,1.0701208085555376,0.5824536188017294,0.14480171371096257,1.0701208085555376,0.0,1
6.311999999999527,TOUCH/HOLD,0.5824536188017294,0.14480171371096257,1.0701208085555376,0.5824536188017294,0.14480171371096257,1.0701208085555376,0.0,1
6.313999999999527,TOUCH/HOLD,0.5824536188017294,0.14480171371096257,1.0701208085555376,0.5824536188017294,0.14480171371096257,1.0701208085555376,0.0,1
6.315999999999526,TOUCH/HOLD,0.5824536188017294,0.14480171371096257,1.0701208085555376,0.5824536188017294,0.14480171371096257,1.0701208085555376,0.0,1
6.317999999999526,TOUCH/HOLD,0.5824536188017294,0.14480171371096257,1.0701208085555376,0.5824536188017294,0.14480171371096257,1.0701208085555376,0.0,1
6.319999999999526,TOUCH/HOLD,0.5824536188017294,0.14480171371096257,1.0701208085555376,0.5824536188017294,0.14480171371096257,1.0701208085555376,0.0,1
6.321999999999526,TOUCH/HOLD,0.5824536188017294,0.14480171371096257,1.0701208085555376,0.5824536188017294,0.14480171371096257,1.0701208085555376,0.0,1
6.323999999999526,TOUCH/HOLD,0.5824536188017294,0.14480171371096257,1.0701208085555376,0.5824536188017294,0.14480171371096257,1.0701208085555376,0.0,1
6.325999999999525,TOUCH/HOLD,0.5824536188017294,0.14480171371096257,1.0701208085555376,0.5824536188017294,0.14480171371096257,1.0701208085555376,0.0,1
6.327999999999525,TOUCH/HOLD,0.5824536188017294,0.14480171371096257,1.0701208085555376,0.5824536188017294,0.14480171371096257,1.0701208085555376,0.0,1
6.329999999999525,TOUCH/HOLD,0.5824536188017294,0.14480171371096257,1.0701208085555376,0.5824536188017294,0.14480171371096257,1.0701208085555376,0.0,1
6.331999999999525,TOUCH/HOLD,0.5824536188017294,0.14480171371096257,1.0701208085555376,0.5824536188017294,0.14480171371096257,1.0701208085555376,0.0,1
6.3339999999995245,TOUCH/HOLD,0.5824536188017294,0.14480171371096257,1.0701208085555376,0.5824536188017294,0.14480171371096257,1.0701208085555376,0.0,1
6.335999999999524,TOUCH/HOLD,0.5824536188017294,0.14480171371096257,1.0701208085555376,0.5824536188017294,0.14480171371096257,1.0701208085555376,0.0,1
6.337999999999524,TOUCH/HOLD,0.5824536188017294,0.14480171371096257,1.0701208085555376,0.5824536188017294,0.14480171371096257,1.0701208085555376,0.0,1
6.339999999999524,TOUCH/HOLD,0.5824536188017294,0.14480171371096257,1.0701208085555376,0.5824536188017294,0.14480171371096257,1.0701208085555376,0.0,1
6.341999999999524,TOUCH/HOLD,0.5824536188017294,0.14480171371096257,1.0701208085555376,0.5824536188017294,0.14480171371096257,1.0701208085555376,0.0,1
6.343999999999523,TOUCH/HOLD,0.5824536188017294,0.14480171371096257,1.0701208085555376,0.5824536188017294,0.14480171371096257,1.0701208085555376,0.0,1
6.345999999999523,TOUCH/HOLD,0.5824536188017294,0.14480171371096257,1.0701208085555376,0.5824536188017294,0.14480171371096257,1.0701208085555376,0.0,1
6.347999999999523,TOUCH/HOLD,0.5824536188017294,0.14480171371096257,1.0701208085555376,0.5824536188017294,0.14480171371096257,1.0701208085555376,0.0,1
6.349999999999523,TOUCH/HOLD,0.5824536188017294,0.14480171371096257,1.0701208085555376,0.5824536188017294,0.14480171371096257,1.0701208085555376,0.0,1
6.3519999999995225,TOUCH/HOLD,0.5824536188017294,0.14480171371096257,1.0701208085555376,0.5824536188017294,0.14480171371096257,1.0701208085555376,0.0,1
6.353999999999522,TOUCH/HOLD,0.5824536188017294,0.14480171371096257,1.0701208085555376,0.5824536188017294,0.14480171371096257,1.0701208085555376,0.0,1
6.355999999999522,TOUCH/HOLD,0.5824536188017294,0.14480171371096257,1.0701208085555376,0.5824536188017294,0.14480171371096257,1.0701208085555376,0.0,1
6.357999999999522,TOUCH/HOLD,0.5824536188017294,0.14480171371096257,1.0701208085555376,0.5824536188017294,0.14480171371096257,1.0701208085555376,0.0,1
6.359999999999522,TOUCH/HOLD,0.5824536188017294,0.14480171371096257,1.0701208085555376,0.5824536188017294,0.14480171371096257,1.0701208085555376,0.0,1
6.361999999999521,TOUCH/HOLD,0.5824536188017294,0.14480171371096257,1.0701208085555376,0.5824536188017294,0.14480171371096257,1.0701208085555376,0.0,1
6.363999999999521,TOUCH/HOLD,0.5824536188017294,0.14480171371096257,1.0701208085555376,0.5824536188017294,0.14480171371096257,1.0701208085555376,0.0,1
6.365999999999521,TOUCH/HOLD,0.5824536188017294,0.14480171371096257,1.0701208085555376,0.5824536188017294,0.14480171371096257,1.0701208085555376,0.0,1
6.367999999999521,TOUCH/HOLD,0.5824536188017294,0.14480171371096257,1.0701208085555376,0.5824536188017294,0.14480171371096257,1.0701208085555376,0.0,1
6.3699999999995205,TOUCH/HOLD,0.5824536188017294,0.14480171371096257,1.0701208085555376,0.5824536188017294,0.14480171371096257,1.0701208085555376,0.0,1
6.37199999999952,TOUCH/HOLD,0.5824536188017294,0.14480171371096257,1.0701208085555376,0.5824536188017294,0.14480171371096257,1.0701208085555376,0.0,1
6.37399999999952,TOUCH/HOLD,0.5824536188017294,0.14480171371096257,1.0701208085555376,0.5824536188017294,0.14480171371096257,1.0701208085555376,0.0,1
6.37599999999952,TOUCH/HOLD,0.5824536188017294,0.14480171371096257,1.0701208085555376,0.5824536188017294,0.14480171371096257,1.0701208085555376,0.0,1
6.37799999999952,TOUCH/HOLD,0.5824536188017294,0.14480171371096257,1.0701208085555376,0.5824536188017294,0.14480171371096257,1.0701208085555376,0.0,1
6.379999999999519,TOUCH/HOLD,0.5824536188017294,0.14480171371096257,1.0701208085555376,0.5824536188017294,0.14480171371096257,1.0701208085555376,0.0,1
6.381999999999519,TOUCH/HOLD,0.5824536188017294,0.14480171371096257,1.0701208085555376,0.5824536188017294,0.14480171371096257,1.0701208085555376,0.0,1
6.383999999999519,TOUCH/HOLD,0.5824536188017294,0.14480171371096257,1.0701208085555376,0.5824536188017294,0.14480171371096257,1.0701208085555376,0.0,1
6.385999999999519,TOUCH/HOLD,0.5824536188017294,0.14480171371096257,1.0701208085555376,0.5824536188017294,0.14480171371096257,1.0701208085555376,0.0,1
6.3879999999995185,TOUCH/HOLD,0.5824536188017294,0.14480171371096257,1.0701208085555376,0.5824536188017294,0.14480171371096257,1.0701208085555376,0.0,1
6.389999999999518,TOUCH/HOLD,0.5824536188017294,0.14480171371096257,1.0701208085555376,0.5824536188017294,0.14480171371096257,1.0701208085555376,0.0,1
6.391999999999518,TOUCH/HOLD,0.5824536188017294,0.14480171371096257,1.0701208085555376,0.5824536188017294,0.14480171371096257,1.0701208085555376,0.0,1
6.393999999999518,TOUCH/HOLD,0.5824536188017294,0.14480171371096257,1.0701208085555376,0.5824536188017294,0.14480171371096257,1.0701208085555376,0.0,1
6.395999999999518,TOUCH/HOLD,0.5824536188017294,0.14480171371096257,1.0701208085555376,0.5824536188017294,0.14480171371096257,1.0701208085555376,0.0,1
6.397999999999517,TOUCH/HOLD,0.5824536188017294,0.14480171371096257,1.0701208085555376,0.5824536188017294,0.14480171371096257,1.0701208085555376,0.0,1
6.399999999999517,TOUCH/HOLD,0.5824536188017294,0.14480171371096257,1.0701208085555376,0.5824536188017294,0.14480171371096257,1.0701208085555376,0.0,1
6.401999999999517,TOUCH/HOLD,0.5824536188017294,0.14480171371096257,1.0701208085555376,0.5824536188017294,0.14480171371096257,1.0701208085555376,0.0,1
6.403999999999517,TOUCH/HOLD,0.5824536188017294,0.14480171371096257,1.0701208085555376,0.5824536188017294,0.14480171371096257,1.0701208085555376,0.0,1
6.4059999999995165,TOUCH/HOLD,0.5824536188017294,0.14480171371096257,1.0701208085555376,0.5824536188017294,0.14480171371096257,1.0701208085555376,0.0,1
6.407999999999516,TOUCH/HOLD,0.5824536188017294,0.14480171371096257,1.0701208085555376,0.5824536188017294,0.14480171371096257,1.0701208085555376,0.0,1
6.409999999999516,TOUCH/HOLD,0.5824536188017294,0.14480171371096257,1.0701208085555376,0.5824536188017294,0.14480171371096257,1.0701208085555376,0.0,1
6.411999999999516,TOUCH/HOLD,0.5824536188017294,0.14480171371096257,1.0701208085555376,0.5824536188017294,0.14480171371096257,1.0701208085555376,0.0,1
6.413999999999516,TOUCH/HOLD,0.5824536188017294,0.14480171371096257,1.0701208085555376,0.5824536188017294,0.14480171371096257,1.0701208085555376,0.0,1
6.415999999999515,TOUCH/HOLD,0.5824536188017294,0.14480171371096257,1.0701208085555376,0.5824536188017294,0.14480171371096257,1.0701208085555376,0.0,1
6.417999999999515,TOUCH/HOLD,0.5824536188017294,0.14480171371096257,1.0701208085555376,0.5824536188017294,0.14480171371096257,1.0701208085555376,0.0,1
6.419999999999515,TOUCH/HOLD,0.5824536188017294,0.14480171371096257,1.0701208085555376,0.5824536188017294,0.14480171371096257,1.0701208085555376,0.0,1
6.421999999999515,TOUCH/HOLD,0.5824536188017294,0.14480171371096257,1.0701208085555376,0.5824536188017294,0.14480171371096257,1.0701208085555376,0.0,1
6.4239999999995145,TOUCH/HOLD,0.5824536188017294,0.14480171371096257,1.0701208085555376,0.5824536188017294,0.14480171371096257,1.0701208085555376,0.0,1
6.425999999999514,TOUCH/HOLD,0.5824536188017294,0.14480171371096257,1.0701208085555376,0.5824536188017294,0.14480171371096257,1.0701208085555376,0.0,1
6.427999999999514,TOUCH/HOLD,0.5824536188017294,0.14480171371096257,1.0701208085555376,0.5824536188017294,0.14480171371096257,1.0701208085555376,0.0,1
6.429999999999514,TOUCH/HOLD,0.5824536188017294,0.14480171371096257,1.0701208085555376,0.5824536188017294,0.14480171371096257,1.0701208085555376,0.0,1
6.431999999999514,TOUCH/HOLD,0.5824536188017294,0.14480171371096257,1.0701208085555376,0.5824536188017294,0.14480171371096257,1.0701208085555376,0.0,1
6.433999999999513,TOUCH/HOLD,0.5824536188017294,0.14480171371096257,1.0701208085555376,0.5824536188017294,0.14480171371096257,1.0701208085555376,0.0,1
6.435999999999513,TOUCH/HOLD,0.5824536188017294,0.14480171371096257,1.0701208085555376,0.5824536188017294,0.14480171371096257,1.0701208085555376,0.0,1
6.437999999999513,TOUCH/HOLD,0.5824536188017294,0.14480171371096257,1.0701208085555376,0.5824536188017294,0.14480171371096257,1.0701208085555376,0.0,1
6.439999999999513,TOUCH/HOLD,0.5824536188017294,0.14480171371096257,1.0701208085555376,0.5824536188017294,0.14480171371096257,1.0701208085555376,0.0,1
6.441999999999513,TOUCH/HOLD,0.5824536188017294,0.14480171371096257,1.0701208085555376,0.5824536188017294,0.14480171371096257,1.0701208085555376,0.0,1
6.443999999999512,TOUCH/HOLD,0.5824536188017294,0.14480171371096257,1.0701208085555376,0.5824536188017294,0.14480171371096257,1.0701208085555376,0.0,1
6.445999999999512,TOUCH/HOLD,0.5824536188017294,0.14480171371096257,1.0701208085555376,0.5824536188017294,0.14480171371096257,1.0701208085555376,0.0,1
6.447999999999512,TOUCH/HOLD,0.5824536188017294,0.14480171371096257,1.0701208085555376,0.5824536188017294,0.14480171371096257,1.0701208085555376,0.0,1
6.449999999999512,TOUCH/HOLD,0.5824536188017294,0.14480171371096257,1.0701208085555376,0.5824536188017294,0.14480171371096257,1.0701208085555376,0.0,1
6.4519999999995115,TOUCH/HOLD,0.5824536188017294,0.14480171371096257,1.0701208085555376,0.5824536188017294,0.14480171371096257,1.0701208085555376,0.0,1
6.453999999999511,TOUCH/HOLD,0.5824536188017294,0.14480171371096257,1.0701208085555376,0.5824536188017294,0.14480171371096257,1.0701208085555376,0.0,1
6.455999999999511,TOUCH/HOLD,0.5824536188017294,0.14480171371096257,1.0701208085555376,0.5824536188017294,0.14480171371096257,1.0701208085555376,0.0,1
6.457999999999511,TOUCH/HOLD,0.5824536188017294,0.14480171371096257,1.0701208085555376,0.5824536188017294,0.14480171371096257,1.0701208085555376,0.0,1
6.459999999999511,TOUCH/HOLD,0.5824536188017294,0.14480171371096257,1.0701208085555376,0.5824536188017294,0.14480171371096257,1.0701208085555376,0.0,1
6.46199999999951,TOUCH/HOLD,0.5824536188017294,0.14480171371096257,1.0701208085555376,0.5824536188017294,0.14480171371096257,1.0701208085555376,0.0,1
6.46399999999951,TOUCH/HOLD,0.5824536188017294,0.14480171371096257,1.0701208085555376,0.5824536188017294,0.14480171371096257,1.0701208085555376,0.0,1
6.46599999999951,TOUCH/HOLD,0.5824536188017294,0.14480171371096257,1.0701208085555376,0.5824536188017294,0.14480171371096257,1.0701208085555376,0.0,1
6.46799999999951,TOUCH/HOLD,0.5824536188017294,0.14480171371096257,1.0701208085555376,0.5824536188017294,0.14480171371096257,1.0701208085555376,0.0,1
6.4699999999995095,TOUCH/HOLD,0.5824536188017294,0.14480171371096257,1.0701208085555376,0.5824536188017294,0.14480171371096257,1.0701208085555376,0.0,1
6.471999999999509,TOUCH/HOLD,0.5824536188017294,0.14480171371096257,1.0701208085555376,0.5824536188017294,0.14480171371096257,1.0701208085555376,0.0,1
6.473999999999509,TOUCH/HOLD,0.5824536188017294,0.14480171371096257,1.0701208085555376,0.5824536188017294,0.14480171371096257,1.0701208085555376,0.0,1
6.475999999999509,TOUCH/HOLD,0.5824536188017294,0.14480171371096257,1.0701208085555376,0.5824536188017294,0.14480171371096257,1.0701208085555376,0.0,1
6.477999999999509,TOUCH/HOLD,0.5824536188017294,0.14480171371096257,1.0701208085555376,0.5824536188017294,0.14480171371096257,1.0701208085555376,0.0,1
6.479999999999508,TOUCH/HOLD,0.5824536188017294,0.14480171371096257,1.0701208085555376,0.5824536188017294,0.14480171371096257,1.0701208085555376,0.0,1
6.481999999999508,TOUCH/HOLD,0.5824536188017294,0.14480171371096257,1.0701208085555376,0.5824536188017294,0.14480171371096257,1.0701208085555376,0.0,1
6.483999999999508,TOUCH/HOLD,0.5824536188017294,0.14480171371096257,1.0701208085555376,0.5824536188017294,0.14480171371096257,1.0701208085555376,0.0,1
6.485999999999508,TOUCH/HOLD,0.5824536188017294,0.14480171371096257,1.0701208085555376,0.5824536188017294,0.14480171371096257,1.0701208085555376,0.0,1
6.4879999999995075,TOUCH/HOLD,0.5824536188017294,0.14480171371096257,1.0701208085555376,0.5824536188017294,0.14480171371096257,1.0701208085555376,0.0,1
6.489999999999507,TOUCH/HOLD,0.5824536188017294,0.14480171371096257,1.0701208085555376,0.5824536188017294,0.14480171371096257,1.0701208085555376,0.0,1
6.491999999999507,TOUCH/HOLD,0.5824536188017294,0.14480171371096257,1.0701208085555376,0.5824536188017294,0.14480171371096257,1.0701208085555376,0.0,1
6.493999999999507,TOUCH/HOLD,0.5824536188017294,0.14480171371096257,1.0701208085555376,0.5824536188017294,0.14480171371096257,1.0701208085555376,0.0,1
6.495999999999507,TOUCH/HOLD,0.5824536188017294,0.14480171371096257,1.0701208085555376,0.5824536188017294,0.14480171371096257,1.0701208085555376,0.0,1
6.497999999999506,TOUCH/HOLD,0.5824536188017294,0.14480171371096257,1.0701208085555376,0.5824536188017294,0.14480171371096257,1.0701208085555376,0.0,1
6.499999999999506,TOUCH/HOLD,0.5824536188017294,0.14480171371096257,1.0701208085555376,0.5824536188017294,0.14480171371096257,1.0701208085555376,0.0,1
6.501999999999506,TOUCH/HOLD,0.5824536188017294,0.14480171371096257,1.0701208085555376,0.5824536188017294,0.14480171371096257,1.0701208085555376,0.0,1
6.503999999999506,TOUCH/HOLD,0.5824536188017294,0.14480171371096257,1.0701208085555376,0.5824536188017294,0.14480171371096257,1.0701208085555376,0.0,1
6.5059999999995055,TOUCH/HOLD,0.5824536188017294,0.14480171371096257,1.0701208085555376,0.5824536188017294,0.14480171371096257,1.0701208085555376,0.0,1
6.507999999999505,TOUCH/HOLD,0.5824536188017294,0.14480171371096257,1.0701208085555376,0.5824536188017294,0.14480171371096257,1.0701208085555376,0.0,1
6.509999999999505,TOUCH/HOLD,0.5824536188017294,0.14480171371096257,1.0701208085555376,0.5824536188017294,0.14480171371096257,1.0701208085555376,0.0,1
6.511999999999505,TOUCH/HOLD,0.5824536188017294,0.14480171371096257,1.0701208085555376,0.5824536188017294,0.14480171371096257,1.0701208085555376,0.0,1
6.513999999999505,TOUCH/HOLD,0.5824536188017294,0.14480171371096257,1.0701208085555376,0.5824536188017294,0.14480171371096257,1.0701208085555376,0.0,1
6.515999999999504,TOUCH/HOLD,0.5824536188017294,0.14480171371096257,1.0701208085555376,0.5824536188017294,0.14480171371096257,1.0701208085555376,0.0,1
6.517999999999504,TOUCH/HOLD,0.5824536188017294,0.14480171371096257,1.0701208085555376,0.5824536188017294,0.14480171371096257,1.0701208085555376,0.0,1
6.519999999999504,TOUCH/HOLD,0.5824536188017294,0.14480171371096257,1.0701208085555376,0.5824536188017294,0.14480171371096257,1.0701208085555376,0.0,1
6.521999999999504,TOUCH/HOLD,0.5824536188017294,0.14480171371096257,1.0701208085555376,0.5824536188017294,0.14480171371096257,1.0701208085555376,0.0,1
6.5239999999995035,TOUCH/HOLD,0.5824536188017294,0.14480171371096257,1.0701208085555376,0.5824536188017294,0.14480171371096257,1.0701208085555376,0.0,1
6.525999999999503,TOUCH/HOLD,0.5824536188017294,0.14480171371096257,1.0701208085555376,0.5824536188017294,0.14480171371096257,1.0701208085555376,0.0,1
6.527999999999503,TOUCH/HOLD,0.5824536188017294,0.14480171371096257,1.0701208085555376,0.5824536188017294,0.14480171371096257,1.0701208085555376,0.0,1
6.529999999999503,TOUCH/HOLD,0.5824536188017294,0.14480171371096257,1.0701208085555376,0.5824536188017294,0.14480171371096257,1.0701208085555376,0.0,1
6.531999999999503,TOUCH/HOLD,0.5824536188017294,0.14480171371096257,1.0701208085555376,0.5824536188017294,0.14480171371096257,1.0701208085555376,0.0,1
6.533999999999502,TOUCH/HOLD,0.5824536188017294,0.14480171371096257,1.0701208085555376,0.5824536188017294,0.14480171371096257,1.0701208085555376,0.0,1
6.535999999999502,TOUCH/HOLD,0.5824536188017294,0.14480171371096257,1.0701208085555376,0.5824536188017294,0.14480171371096257,1.0701208085555376,0.0,1
6.537999999999502,TOUCH/HOLD,0.5824536188017294,0.14480171371096257,1.0701208085555376,0.5824536188017294,0.14480171371096257,1.0701208085555376,0.0,1
6.539999999999502,TOUCH/HOLD,0.5824536188017294,0.14480171371096257,1.0701208085555376,0.5824536188017294,0.14480171371096257,1.0701208085555376,0.0,1
6.5419999999995015,TOUCH/HOLD,0.5824536188017294,0.14480171371096257,1.0701208085555376,0.5824536188017294,0.14480171371096257,1.0701208085555376,0.0,1
6.543999999999501,TOUCH/HOLD,0.5824536188017294,0.14480171371096257,1.0701208085555376,0.5824536188017294,0.14480171371096257,1.0701208085555376,0.0,1
6.545999999999501,TOUCH/HOLD,0.5824536188017294,0.14480171371096257,1.0701208085555376,0.5824536188017294,0.14480171371096257,1.0701208085555376,0.0,1
6.547999999999501,TOUCH/HOLD,0.5824536188017294,0.14480171371096257,1.0701208085555376,0.5824536188017294,0.14480171371096257,1.0701208085555376,0.0,1
6.549999999999501,TOUCH/HOLD,0.5824536188017294,0.14480171371096257,1.0701208085555376,0.5824536188017294,0.14480171371096257,1.0701208085555376,0.0,1
6.5519999999995004,TOUCH/HOLD,0.5824536188017294,0.14480171371096257,1.0701208085555376,0.5824536188017294,0.14480171371096257,1.0701208085555376,0.0,1
6.5539999999995,TOUCH/HOLD,0.5824536188017294,0.14480171371096257,1.0701208085555376,0.5824536188017294,0.14480171371096257,1.0701208085555376,0.0,1
6.5559999999995,TOUCH/HOLD,0.5824536188017294,0.14480171371096257,1.0701208085555376,0.5824536188017294,0.14480171371096257,1.0701208085555376,0.0,1
6.5579999999995,TOUCH/HOLD,0.5824536188017294,0.14480171371096257,1.0701208085555376,0.5824536188017294,0.14480171371096257,1.0701208085555376,0.0,1
6.5599999999995,TOUCH/HOLD,0.5824536188017294,0.14480171371096257,1.0701208085555376,0.5824536188017294,0.14480171371096257,1.0701208085555376,0.0,1
6.561999999999499,TOUCH/HOLD,0.5824536188017294,0.14480171371096257,1.0701208085555376,0.5824536188017294,0.14480171371096257,1.0701208085555376,0.0,1
6.563999999999499,TOUCH/HOLD,0.5824536188017294,0.14480171371096257,1.0701208085555376,0.5824536188017294,0.14480171371096257,1.0701208085555376,0.0,1
6.565999999999499,TOUCH/HOLD,0.5824536188017294,0.14480171371096257,1.0701208085555376,0.5824536188017294,0.14480171371096257,1.0701208085555376,0.0,1
6.567999999999499,TOUCH/HOLD,0.5824536188017294,0.14480171371096257,1.0701208085555376,0.5824536188017294,0.14480171371096257,1.0701208085555376,0.0,1
6.5699999999994985,TOUCH/HOLD,0.5824536188017294,0.14480171371096257,1.0701208085555376,0.5824536188017294,0.14480171371096257,1.0701208085555376,0.0,1
6.571999999999498,TOUCH/HOLD,0.5824536188017294,0.14480171371096257,1.0701208085555376,0.5824536188017294,0.14480171371096257,1.0701208085555376,0.0,1
6.573999999999498,TOUCH/HOLD,0.5824536188017294,0.14480171371096257,1.0701208085555376,0.5824536188017294,0.14480171371096257,1.0701208085555376,0.0,1
6.575999999999498,TOUCH/HOLD,0.5824536188017294,0.14480171371096257,1.0701208085555376,0.5824536188017294,0.14480171371096257,1.0701208085555376,0.0,1
6.577999999999498,TOUCH/HOLD,0.5824536188017294,0.14480171371096257,1.0701208085555376,0.5824536188017294,0.14480171371096257,1.0701208085555376,0.0,1
6.579999999999497,TOUCH/HOLD,0.5824536188017294,0.14480171371096257,1.0701208085555376,0.5824536188017294,0.14480171371096257,1.0701208085555376,0.0,1
6.581999999999497,TOUCH/HOLD,0.5824536188017294,0.14480171371096257,1.0701208085555376,0.5824536188017294,0.14480171371096257,1.0701208085555376,0.0,1
6.583999999999497,TOUCH/HOLD,0.5824536188017294,0.14480171371096257,1.0701208085555376,0.5824536188017294,0.14480171371096257,1.0701208085555376,0.0,1
6.585999999999497,TOUCH/HOLD,0.5824536188017294,0.14480171371096257,1.0701208085555376,0.5824536188017294,0.14480171371096257,1.0701208085555376,0.0,1
6.5879999999994965,TOUCH/HOLD,0.5824536188017294,0.14480171371096257,1.0701208085555376,0.5824536188017294,0.14480171371096257,1.0701208085555376,0.0,1
6.589999999999496,TOUCH/HOLD,0.5824536188017294,0.14480171371096257,1.0701208085555376,0.5824536188017294,0.14480171371096257,1.0701208085555376,0.0,1
6.591999999999496,TOUCH/HOLD,0.5824536188017294,0.14480171371096257,1.0701208085555376,0.5824536188017294,0.14480171371096257,1.0701208085555376,0.0,1
6.593999999999496,TOUCH/HOLD,0.5824536188017294,0.14480171371096257,1.0701208085555376,0.5824536188017294,0.14480171371096257,1.0701208085555376,0.0,1
6.595999999999496,TOUCH/HOLD,0.5824536188017294,0.14480171371096257,1.0701208085555376,0.5824536188017294,0.14480171371096257,1.0701208085555376,0.0,1
6.597999999999495,TOUCH/HOLD,0.5824536188017294,0.14480171371096257,1.0701208085555376,0.5824536188017294,0.14480171371096257,1.0701208085555376,0.0,1
6.599999999999495,TOUCH/HOLD,0.5824536188017294,0.14480171371096257,1.0701208085555376,0.5824536188017294,0.14480171371096257,1.0701208085555376,0.0,1
6.601999999999495,TOUCH/HOLD,0.5824536188017294,0.14480171371096257,1.0701208085555376,0.5824536188017294,0.14480171371096257,1.0701208085555376,0.0,1
6.603999999999495,TOUCH/HOLD,0.5824536188017294,0.14480171371096257,1.0701208085555376,0.5824536188017294,0.14480171371096257,1.0701208085555376,0.0,1
6.6059999999994945,TOUCH/HOLD,0.5824536188017294,0.14480171371096257,1.0701208085555376,0.5824536188017294,0.14480171371096257,1.0701208085555376,0.0,1
6.607999999999494,TOUCH/HOLD,0.5824536188017294,0.14480171371096257,1.0701208085555376,0.5824536188017294,0.14480171371096257,1.0701208085555376,0.0,1
6.609999999999494,TOUCH/HOLD,0.5824536188017294,0.14480171371096257,1.0701208085555376,0.5824536188017294,0.14480171371096257,1.0701208085555376,0.0,1
6.611999999999494,TOUCH/HOLD,0.5824536188017294,0.14480171371096257,1.0701208085555376,0.5824536188017294,0.14480171371096257,1.0701208085555376,0.0,1
6.613999999999494,TOUCH/HOLD,0.5824536188017294,0.14480171371096257,1.0701208085555376,0.5824536188017294,0.14480171371096257,1.0701208085555376,0.0,1
6.615999999999493,TOUCH/HOLD,0.5824536188017294,0.14480171371096257,1.0701208085555376,0.5824536188017294,0.14480171371096257,1.0701208085555376,0.0,1
6.617999999999493,TOUCH/HOLD,0.5824536188017294,0.14480171371096257,1.0701208085555376,0.5824536188017294,0.14480171371096257,1.0701208085555376,0.0,1
6.619999999999493,TOUCH/HOLD,0.5824536188017294,0.14480171371096257,1.0701208085555376,0.5824536188017294,0.14480171371096257,1.0701208085555376,0.0,1
6.621999999999493,TOUCH/HOLD,0.5824536188017294,0.14480171371096257,1.0701208085555376,0.5824536188017294,0.14480171371096257,1.0701208085555376,0.0,1
6.6239999999994925,TOUCH/HOLD,0.5824536188017294,0.14480171371096257,1.0701208085555376,0.5824536188017294,0.14480171371096257,1.0701208085555376,0.0,1
6.625999999999492,TOUCH/HOLD,0.5824536188017294,0.14480171371096257,1.0701208085555376,0.5824536188017294,0.14480171371096257,1.0701208085555376,0.0,1
6.627999999999492,TOUCH/HOLD,0.5824536188017294,0.14480171371096257,1.0701208085555376,0.5824536188017294,0.14480171371096257,1.0701208085555376,0.0,1
6.629999999999492,TOUCH/HOLD,0.5824536188017294,0.14480171371096257,1.0701208085555376,0.5824536188017294,0.14480171371096257,1.0701208085555376,0.0,1
6.631999999999492,TOUCH/HOLD,0.5824536188017294,0.14480171371096257,1.0701208085555376,0.5824536188017294,0.14480171371096257,1.0701208085555376,0.0,1
6.633999999999491,TOUCH/HOLD,0.5824536188017294,0.14480171371096257,1.0701208085555376,0.5824536188017294,0.14480171371096257,1.0701208085555376,0.0,1
6.635999999999491,TOUCH/HOLD,0.5824536188017294,0.14480171371096257,1.0701208085555376,0.5824536188017294,0.14480171371096257,1.0701208085555376,0.0,1
6.637999999999491,TOUCH/HOLD,0.5824536188017294,0.14480171371096257,1.0701208085555376,0.5824536188017294,0.14480171371096257,1.0701208085555376,0.0,1
6.639999999999491,TOUCH/HOLD,0.5824536188017294,0.14480171371096257,1.0701208085555376,0.5824536188017294,0.14480171371096257,1.0701208085555376,0.0,1
6.6419999999994905,TOUCH/HOLD,0.5824536188017294,0.14480171371096257,1.0701208085555376,0.5824536188017294,0.14480171371096257,1.0701208085555376,0.0,1
6.64399999999949,TOUCH/HOLD,0.5824536188017294,0.14480171371096257,1.0701208085555376,0.5824536188017294,0.14480171371096257,1.0701208085555376,0.0,1
6.64599999999949,TOUCH/HOLD,0.5824536188017294,0.14480171371096257,1.0701208085555376,0.5824536188017294,0.14480171371096257,1.0701208085555376,0.0,1
6.64799999999949,TOUCH/HOLD,0.5824536188017294,0.14480171371096257,1.0701208085555376,0.5824536188017294,0.14480171371096257,1.0701208085555376,0.0,1
6.64999999999949,TOUCH/HOLD,0.5824536188017294,0.14480171371096257,1.0701208085555376,0.5824536188017294,0.14480171371096257,1.0701208085555376,0.0,1
6.651999999999489,TOUCH/HOLD,0.5824536188017294,0.14480171371096257,1.0701208085555376,0.5824536188017294,0.14480171371096257,1.0701208085555376,0.0,1
6.653999999999489,TOUCH/HOLD,0.5824536188017294,0.14480171371096257,1.0701208085555376,0.5824536188017294,0.14480171371096257,1.0701208085555376,0.0,1
6.655999999999489,TOUCH/HOLD,0.5824536188017294,0.14480171371096257,1.0701208085555376,0.5824536188017294,0.14480171371096257,1.0701208085555376,0.0,1
6.657999999999489,TOUCH/HOLD,0.5824536188017294,0.14480171371096257,1.0701208085555376,0.5824536188017294,0.14480171371096257,1.0701208085555376,0.0,1
6.6599999999994886,TOUCH/HOLD,0.5824536188017294,0.14480171371096257,1.0701208085555376,0.5824536188017294,0.14480171371096257,1.0701208085555376,0.0,1
6.661999999999488,TOUCH/HOLD,0.5824536188017294,0.14480171371096257,1.0701208085555376,0.5824536188017294,0.14480171371096257,1.0701208085555376,0.0,1
6.663999999999488,TOUCH/HOLD,0.5824536188017294,0.14480171371096257,1.0701208085555376,0.5824536188017294,0.14480171371096257,1.0701208085555376,0.0,1
6.665999999999488,TOUCH/HOLD,0.5824536188017294,0.14480171371096257,1.0701208085555376,0.5824536188017294,0.14480171371096257,1.0701208085555376,0.0,1
6.667999999999488,TOUCH/HOLD,0.5824536188017294,0.14480171371096257,1.0701208085555376,0.5824536188017294,0.14480171371096257,1.0701208085555376,0.0,1
6.6699999999994874,TOUCH/HOLD,0.5824536188017294,0.14480171371096257,1.0701208085555376,0.5824536188017294,0.14480171371096257,1.0701208085555376,0.0,1
6.671999999999487,TOUCH/HOLD,0.5824536188017294,0.14480171371096257,1.0701208085555376,0.5824536188017294,0.14480171371096257,1.0701208085555376,0.0,1
6.673999999999487,TOUCH/HOLD,0.5824536188017294,0.14480171371096257,1.0701208085555376,0.5824536188017294,0.14480171371096257,1.0701208085555376,0.0,1
6.675999999999487,TOUCH/HOLD,0.5824536188017294,0.14480171371096257,1.0701208085555376,0.5824536188017294,0.14480171371096257,1.0701208085555376,0.0,1
6.677999999999487,TOUCH/HOLD,0.5824536188017294,0.14480171371096257,1.0701208085555376,0.5824536188017294,0.14480171371096257,1.0701208085555376,0.0,1
6.679999999999486,TOUCH/HOLD,0.5824536188017294,0.14480171371096257,1.0701208085555376,0.5824536188017294,0.14480171371096257,1.0701208085555376,0.0,1
6.681999999999486,TOUCH/HOLD,0.5824536188017294,0.14480171371096257,1.0701208085555376,0.5824536188017294,0.14480171371096257,1.0701208085555376,0.0,1
6.683999999999486,TOUCH/HOLD,0.5824536188017294,0.14480171371096257,1.0701208085555376,0.5824536188017294,0.14480171371096257,1.0701208085555376,0.0,1
6.685999999999486,TOUCH/HOLD,0.5824536188017294,0.14480171371096257,1.0701208085555376,0.5824536188017294,0.14480171371096257,1.0701208085555376,0.0,1
6.6879999999994855,TOUCH/HOLD,0.5824536188017294,0.14480171371096257,1.0701208085555376,0.5824536188017294,0.14480171371096257,1.0701208085555376,0.0,1
6.689999999999485,TOUCH/HOLD,0.5824536188017294,0.14480171371096257,1.0701208085555376,0.5824536188017294,0.14480171371096257,1.0701208085555376,0.0,1
6.691999999999485,TOUCH/HOLD,0.5824536188017294,0.14480171371096257,1.0701208085555376,0.5824536188017294,0.14480171371096257,1.0701208085555376,0.0,1
6.693999999999485,TOUCH/HOLD,0.5824536188017294,0.14480171371096257,1.0701208085555376,0.5824536188017294,0.14480171371096257,1.0701208085555376,0.0,1
6.695999999999485,TOUCH/HOLD,0.5824536188017294,0.14480171371096257,1.0701208085555376,0.5824536188017294,0.14480171371096257,1.0701208085555376,0.0,1
6.697999999999484,TOUCH/HOLD,0.5824536188017294,0.14480171371096257,1.0701208085555376,0.5824536188017294,0.14480171371096257,1.0701208085555376,0.0,1
6.699999999999484,TOUCH/HOLD,0.5824536188017294,0.14480171371096257,1.0701208085555376,0.5824536188017294,0.14480171371096257,1.0701208085555376,0.0,1
6.701999999999484,TOUCH/HOLD,0.5824536188017294,0.14480171371096257,1.0701208085555376,0.5824536188017294,0.14480171371096257,1.0701208085555376,0.0,1
6.703999999999484,TOUCH/HOLD,0.5824536188017294,0.14480171371096257,1.0701208085555376,0.5824536188017294,0.14480171371096257,1.0701208085555376,0.0,1
6.7059999999994835,TOUCH/HOLD,0.5824536188017294,0.14480171371096257,1.0701208085555376,0.5824536188017294,0.14480171371096257,1.0701208085555376,0.0,1
6.707999999999483,TOUCH/HOLD,0.5824536188017294,0.14480171371096257,1.0701208085555376,0.5824536188017294,0.14480171371096257,1.0701208085555376,0.0,1
6.709999999999483,TOUCH/HOLD,0.5824536188017294,0.14480171371096257,1.0701208085555376,0.5824536188017294,0.14480171371096257,1.0701208085555376,0.0,1
6.711999999999483,TOUCH/HOLD,0.5824536188017294,0.14480171371096257,1.0701208085555376,0.5824536188017294,0.14480171371096257,1.0701208085555376,0.0,1
6.713999999999483,TOUCH/HOLD,0.5824536188017294,0.14480171371096257,1.0701208085555376,0.5824536188017294,0.14480171371096257,1.0701208085555376,0.0,1
6.715999999999482,TOUCH/HOLD,0.5824536188017294,0.14480171371096257,1.0701208085555376,0.5824536188017294,0.14480171371096257,1.0701208085555376,0.0,1
6.717999999999482,TOUCH/HOLD,0.5824536188017294,0.14480171371096257,1.0701208085555376,0.5824536188017294,0.14480171371096257,1.0701208085555376,0.0,1
6.719999999999482,TOUCH/HOLD,0.5824536188017294,0.14480171371096257,1.0701208085555376,0.5824536188017294,0.14480171371096257,1.0701208085555376,0.0,1
6.721999999999482,TOUCH/HOLD,0.5824536188017294,0.14480171371096257,1.0701208085555376,0.5824536188017294,0.14480171371096257,1.0701208085555376,0.0,1
6.7239999999994815,TOUCH/HOLD,0.5824536188017294,0.14480171371096257,1.0701208085555376,0.5824536188017294,0.14480171371096257,1.0701208085555376,0.0,1
6.725999999999481,TOUCH/HOLD,0.5824536188017294,0.14480171371096257,1.0701208085555376,0.5824536188017294,0.14480171371096257,1.0701208085555376,0.0,1
6.727999999999481,TOUCH/HOLD,0.5824536188017294,0.14480171371096257,1.0701208085555376,0.5824536188017294,0.14480171371096257,1.0701208085555376,0.0,1
6.729999999999481,TOUCH/HOLD,0.5824536188017294,0.14480171371096257,1.0701208085555376,0.5824536188017294,0.14480171371096257,1.0701208085555376,0.0,1
6.731999999999481,TOUCH/HOLD,0.5824536188017294,0.14480171371096257,1.0701208085555376,0.5824536188017294,0.14480171371096257,1.0701208085555376,0.0,1
6.73399999999948,TOUCH/HOLD,0.5824536188017294,0.14480171371096257,1.0701208085555376,0.5824536188017294,0.14480171371096257,1.0701208085555376,0.0,1
6.73599999999948,TOUCH/HOLD,0.5824536188017294,0.14480171371096257,1.0701208085555376,0.5824536188017294,0.14480171371096257,1.0701208085555376,0.0,1
6.73799999999948,TOUCH/HOLD,0.5824536188017294,0.14480171371096257,1.0701208085555376,0.5824536188017294,0.14480171371096257,1.0701208085555376,0.0,1
6.73999999999948,TOUCH/HOLD,0.5824536188017294,0.14480171371096257,1.0701208085555376,0.5824536188017294,0.14480171371096257,1.0701208085555376,0.0,1
6.7419999999994795,TOUCH/HOLD,0.5824536188017294,0.14480171371096257,1.0701208085555376,0.5824536188017294,0.14480171371096257,1.0701208085555376,0.0,1
6.743999999999479,TOUCH/HOLD,0.5824536188017294,0.14480171371096257,1.0701208085555376,0.5824536188017294,0.14480171371096257,1.0701208085555376,0.0,1
6.745999999999479,TOUCH/HOLD,0.5824536188017294,0.14480171371096257,1.0701208085555376,0.5824536188017294,0.14480171371096257,1.0701208085555376,0.0,1
6.747999999999479,TOUCH/HOLD,0.5824536188017294,0.14480171371096257,1.0701208085555376,0.5824536188017294,0.14480171371096257,1.0701208085555376,0.0,1
6.749999999999479,TOUCH/HOLD,0.5824536188017294,0.14480171371096257,1.0701208085555376,0.5824536188017294,0.14480171371096257,1.0701208085555376,0.0,1
6.751999999999478,TOUCH/HOLD,0.5824536188017294,0.14480171371096257,1.0701208085555376,0.5824536188017294,0.14480171371096257,1.0701208085555376,0.0,1
6.753999999999478,TOUCH/HOLD,0.5824536188017294,0.14480171371096257,1.0701208085555376,0.5824536188017294,0.14480171371096257,1.0701208085555376,0.0,1
6.755999999999478,TOUCH/HOLD,0.5824536188017294,0.14480171371096257,1.0701208085555376,0.5824536188017294,0.14480171371096257,1.0701208085555376,0.0,1
6.757999999999478,TOUCH/HOLD,0.5824536188017294,0.14480171371096257,1.0701208085555376,0.5824536188017294,0.14480171371096257,1.0701208085555376,0.0,1
6.7599999999994775,TOUCH/HOLD,0.5824536188017294,0.14480171371096257,1.0701208085555376,0.5824536188017294,0.14480171371096257,1.0701208085555376,0.0,1
6.761999999999477,TOUCH/HOLD,0.5824536188017294,0.14480171371096257,1.0701208085555376,0.5824536188017294,0.14480171371096257,1.0701208085555376,0.0,1
6.763999999999477,TOUCH/HOLD,0.5824536188017294,0.14480171371096257,1.0701208085555376,0.5824536188017294,0.14480171371096257,1.0701208085555376,0.0,1
6.765999999999477,TOUCH/HOLD,0.5824536188017294,0.14480171371096257,1.0701208085555376,0.5824536188017294,0.14480171371096257,1.0701208085555376,0.0,1
6.767999999999477,TOUCH/HOLD,0.5824536188017294,0.14480171371096257,1.0701208085555376,0.5824536188017294,0.14480171371096257,1.0701208085555376,0.0,1
6.769999999999476,TOUCH/HOLD,0.5824536188017294,0.14480171371096257,1.0701208085555376,0.5824536188017294,0.14480171371096257,1.0701208085555376,0.0,1
6.771999999999476,TOUCH/HOLD,0.5824536188017294,0.14480171371096257,1.0701208085555376,0.5824536188017294,0.14480171371096257,1.0701208085555376,0.0,1
6.773999999999476,TOUCH/HOLD,0.5824536188017294,0.14480171371096257,1.0701208085555376,0.5824536188017294,0.14480171371096257,1.0701208085555376,0.0,1
6.775999999999476,TOUCH/HOLD,0.5824536188017294,0.14480171371096257,1.0701208085555376,0.5824536188017294,0.14480171371096257,1.0701208085555376,0.0,1
6.7779999999994756,TOUCH/HOLD,0.5824536188017294,0.14480171371096257,1.0701208085555376,0.5824536188017294,0.14480171371096257,1.0701208085555376,0.0,1
6.779999999999475,TOUCH/HOLD,0.5824536188017294,0.14480171371096257,1.0701208085555376,0.5824536188017294,0.14480171371096257,1.0701208085555376,0.0,1
6.781999999999475,TOUCH/HOLD,0.5824536188017294,0.14480171371096257,1.0701208085555376,0.5824536188017294,0.14480171371096257,1.0701208085555376,0.0,1
6.783999999999475,TOUCH/HOLD,0.5824536188017294,0.14480171371096257,1.0701208085555376,0.5824536188017294,0.14480171371096257,1.0701208085555376,0.0,1
6.785999999999475,TOUCH/HOLD,0.5824536188017294,0.14480171371096257,1.0701208085555376,0.5824536188017294,0.14480171371096257,1.0701208085555376,0.0,1
6.7879999999994745,TOUCH/HOLD,0.5824536188017294,0.14480171371096257,1.0701208085555376,0.5824536188017294,0.14480171371096257,1.0701208085555376,0.0,1
6.789999999999474,TOUCH/HOLD,0.5824536188017294,0.14480171371096257,1.0701208085555376,0.5824536188017294,0.14480171371096257,1.0701208085555376,0.0,1
6.791999999999474,TOUCH/HOLD,0.5824536188017294,0.14480171371096257,1.0701208085555376,0.5824536188017294,0.14480171371096257,1.0701208085555376,0.0,1
6.793999999999474,TOUCH/HOLD,0.5824536188017294,0.14480171371096257,1.0701208085555376,0.5824536188017294,0.14480171371096257,1.0701208085555376,0.0,1
6.795999999999474,TOUCH/HOLD,0.5824536188017294,0.14480171371096257,1.0701208085555376,0.5824536188017294,0.14480171371096257,1.0701208085555376,0.0,1
6.797999999999473,TOUCH/HOLD,0.5824536188017294,0.14480171371096257,1.0701208085555376,0.5824536188017294,0.14480171371096257,1.0701208085555376,0.0,1
6.799999999999473,TOUCH/HOLD,0.5824536188017294,0.14480171371096257,1.0701208085555376,0.5824536188017294,0.14480171371096257,1.0701208085555376,0.0,1
6.801999999999473,TOUCH/HOLD,0.5824536188017294,0.14480171371096257,1.0701208085555376,0.5824536188017294,0.14480171371096257,1.0701208085555376,0.0,1
6.803999999999473,TOUCH/HOLD,0.5824536188017294,0.14480171371096257,1.0701208085555376,0.5824536188017294,0.14480171371096257,1.0701208085555376,0.0,1
6.8059999999994725,TOUCH/HOLD,0.5824536188017294,0.14480171371096257,1.0701208085555376,0.5824536188017294,0.14480171371096257,1.0701208085555376,0.0,1
6.807999999999472,TOUCH/HOLD,0.5824536188017294,0.14480171371096257,1.0701208085555376,0.5824536188017294,0.14480171371096257,1.0701208085555376,0.0,1
6.809999999999472,TOUCH/HOLD,0.5824536188017294,0.14480171371096257,1.0701208085555376,0.5824536188017294,0.14480171371096257,1.0701208085555376,0.0,1
6.811999999999472,TOUCH/HOLD,0.5824536188017294,0.14480171371096257,1.0701208085555376,0.5824536188017294,0.14480171371096257,1.0701208085555376,0.0,1
6.813999999999472,TOUCH/HOLD,0.5824536188017294,0.14480171371096257,1.0701208085555376,0.5824536188017294,0.14480171371096257,1.0701208085555376,0.0,1
6.815999999999471,TOUCH/HOLD,0.5824536188017294,0.14480171371096257,1.0701208085555376,0.5824536188017294,0.14480171371096257,1.0701208085555376,0.0,1
6.817999999999471,TOUCH/HOLD,0.5824536188017294,0.14480171371096257,1.0701208085555376,0.5824536188017294,0.14480171371096257,1.0701208085555376,0.0,1
6.819999999999471,TOUCH/HOLD,0.5824536188017294,0.14480171371096257,1.0701208085555376,0.5824536188017294,0.14480171371096257,1.0701208085555376,0.0,1
6.821999999999471,TOUCH/HOLD,0.5824536188017294,0.14480171371096257,1.0701208085555376,0.5824536188017294,0.14480171371096257,1.0701208085555376,0.0,1
6.8239999999994705,TOUCH/HOLD,0.5824536188017294,0.14480171371096257,1.0701208085555376,0.5824536188017294,0.14480171371096257,1.0701208085555376,0.0,1
6.82599999999947,TOUCH/HOLD,0.5824536188017294,0.14480171371096257,1.0701208085555376,0.5824536188017294,0.14480171371096257,1.0701208085555376,0.0,1
6.82799999999947,TOUCH/HOLD,0.5824536188017294,0.14480171371096257,1.0701208085555376,0.5824536188017294,0.14480171371096257,1.0701208085555376,0.0,1
6.82999999999947,TOUCH/HOLD,0.5824536188017294,0.14480171371096257,1.0701208085555376,0.5824536188017294,0.14480171371096257,1.0701208085555376,0.0,1
6.83199999999947,TOUCH/HOLD,0.5824536188017294,0.14480171371096257,1.0701208085555376,0.5824536188017294,0.14480171371096257,1.0701208085555376,0.0,1
6.833999999999469,TOUCH/HOLD,0.5824536188017294,0.14480171371096257,1.0701208085555376,0.5824536188017294,0.14480171371096257,1.0701208085555376,0.0,1
6.835999999999469,TOUCH/HOLD,0.5824536188017294,0.14480171371096257,1.0701208085555376,0.5824536188017294,0.14480171371096257,1.0701208085555376,0.0,1
6.837999999999469,TOUCH/HOLD,0.5824536188017294,0.14480171371096257,1.0701208085555376,0.5824536188017294,0.14480171371096257,1.0701208085555376,0.0,1
6.839999999999469,TOUCH/HOLD,0.5824536188017294,0.14480171371096257,1.0701208085555376,0.5824536188017294,0.14480171371096257,1.0701208085555376,0.0,1
6.8419999999994685,TOUCH/HOLD,0.5824536188017294,0.14480171371096257,1.0701208085555376,0.5824536188017294,0.14480171371096257,1.0701208085555376,0.0,1
6.843999999999468,TOUCH/HOLD,0.5824536188017294,0.14480171371096257,1.0701208085555376,0.5824536188017294,0.14480171371096257,1.0701208085555376,0.0,1
6.845999999999468,TOUCH/HOLD,0.5824536188017294,0.14480171371096257,1.0701208085555376,0.5824536188017294,0.14480171371096257,1.0701208085555376,0.0,1
6.847999999999468,TOUCH/HOLD,0.5824536188017294,0.14480171371096257,1.0701208085555376,0.5824536188017294,0.14480171371096257,1.0701208085555376,0.0,1
6.849999999999468,TOUCH/HOLD,0.5824536188017294,0.14480171371096257,1.0701208085555376,0.5824536188017294,0.14480171371096257,1.0701208085555376,0.0,1
6.851999999999467,TOUCH/HOLD,0.5824536188017294,0.14480171371096257,1.0701208085555376,0.5824536188017294,0.14480171371096257,1.0701208085555376,0.0,1
6.853999999999467,TOUCH/HOLD,0.5824536188017294,0.14480171371096257,1.0701208085555376,0.5824536188017294,0.14480171371096257,1.0701208085555376,0.0,1
6.855999999999467,TOUCH/HOLD,0.5824536188017294,0.14480171371096257,1.0701208085555376,0.5824536188017294,0.14480171371096257,1.0701208085555376,0.0,1
6.857999999999467,TOUCH/HOLD,0.5824536188017294,0.14480171371096257,1.0701208085555376,0.5824536188017294,0.14480171371096257,1.0701208085555376,0.0,1
6.8599999999994665,TOUCH/HOLD,0.5824536188017294,0.14480171371096257,1.0701208085555376,0.5824536188017294,0.14480171371096257,1.0701208085555376,0.0,1
6.861999999999466,TOUCH/HOLD,0.5824536188017294,0.14480171371096257,1.0701208085555376,0.5824536188017294,0.14480171371096257,1.0701208085555376,0.0,1
6.863999999999466,TOUCH/HOLD,0.5824536188017294,0.14480171371096257,1.0701208085555376,0.5824536188017294,0.14480171371096257,1.0701208085555376,0.0,1
6.865999999999466,TOUCH/HOLD,0.5824536188017294,0.14480171371096257,1.0701208085555376,0.5824536188017294,0.14480171371096257,1.0701208085555376,0.0,1
6.867999999999466,TOUCH/HOLD,0.5824536188017294,0.14480171371096257,1.0701208085555376,0.5824536188017294,0.14480171371096257,1.0701208085555376,0.0,1
6.869999999999465,TOUCH/HOLD,0.5824536188017294,0.14480171371096257,1.0701208085555376,0.5824536188017294,0.14480171371096257,1.0701208085555376,0.0,1
6.871999999999465,TOUCH/HOLD,0.5824536188017294,0.14480171371096257,1.0701208085555376,0.5824536188017294,0.14480171371096257,1.0701208085555376,0.0,1
6.873999999999465,TOUCH/HOLD,0.5824536188017294,0.14480171371096257,1.0701208085555376,0.5824536188017294,0.14480171371096257,1.0701208085555376,0.0,1
6.875999999999465,TOUCH/HOLD,0.5824536188017294,0.14480171371096257,1.0701208085555376,0.5824536188017294,0.14480171371096257,1.0701208085555376,0.0,1
6.8779999999994645,TOUCH/HOLD,0.5824536188017294,0.14480171371096257,1.0701208085555376,0.5824536188017294,0.14480171371096257,1.0701208085555376,0.0,1
6.879999999999464,TOUCH/HOLD,0.5824536188017294,0.14480171371096257,1.0701208085555376,0.5824536188017294,0.14480171371096257,1.0701208085555376,0.0,1
6.881999999999464,TOUCH/HOLD,0.5824536188017294,0.14480171371096257,1.0701208085555376,0.5824536188017294,0.14480171371096257,1.0701208085555376,0.0,1
6.883999999999464,TOUCH/HOLD,0.5824536188017294,0.14480171371096257,1.0701208085555376,0.5824536188017294,0.14480171371096257,1.0701208085555376,0.0,1
6.885999999999464,TOUCH/HOLD,0.5824536188017294,0.14480171371096257,1.0701208085555376,0.5824536188017294,0.14480171371096257,1.0701208085555376,0.0,1
6.887999999999463,TOUCH/HOLD,0.5824536188017294,0.14480171371096257,1.0701208085555376,0.5824536188017294,0.14480171371096257,1.0701208085555376,0.0,1
6.889999999999463,TOUCH/HOLD,0.5824536188017294,0.14480171371096257,1.0701208085555376,0.5824536188017294,0.14480171371096257,1.0701208085555376,0.0,1
6.891999999999463,TOUCH/HOLD,0.5824536188017294,0.14480171371096257,1.0701208085555376,0.5824536188017294,0.14480171371096257,1.0701208085555376,0.0,1
6.893999999999463,TOUCH/HOLD,0.5824536188017294,0.14480171371096257,1.0701208085555376,0.5824536188017294,0.14480171371096257,1.0701208085555376,0.0,1
6.895999999999463,TOUCH/HOLD,0.5824536188017294,0.14480171371096257,1.0701208085555376,0.5824536188017294,0.14480171371096257,1.0701208085555376,0.0,1
6.897999999999462,TOUCH/HOLD,0.5824536188017294,0.14480171371096257,1.0701208085555376,0.5824536188017294,0.14480171371096257,1.0701208085555376,0.0,1
6.899999999999462,TOUCH/HOLD,0.5824536188017294,0.14480171371096257,1.0701208085555376,0.5824536188017294,0.14480171371096257,1.0701208085555376,0.0,1
6.901999999999462,TOUCH/HOLD,0.5824536188017294,0.14480171371096257,1.0701208085555376,0.5824536188017294,0.14480171371096257,1.0701208085555376,0.0,1
6.903999999999462,TOUCH/HOLD,0.5824536188017294,0.14480171371096257,1.0701208085555376,0.5824536188017294,0.14480171371096257,1.0701208085555376,0.0,1
6.9059999999994615,TOUCH/HOLD,0.5824536188017294,0.14480171371096257,1.0701208085555376,0.5824536188017294,0.14480171371096257,1.0701208085555376,0.0,1
6.907999999999461,TOUCH/HOLD,0.5824536188017294,0.14480171371096257,1.0701208085555376,0.5824536188017294,0.14480171371096257,1.0701208085555376,0.0,1
6.909999999999461,TOUCH/HOLD,0.5824536188017294,0.14480171371096257,1.0701208085555376,0.5824536188017294,0.14480171371096257,1.0701208085555376,0.0,1
6.911999999999461,TOUCH/HOLD,0.5824536188017294,0.14480171371096257,1.0701208085555376,0.5824536188017294,0.14480171371096257,1.0701208085555376,0.0,1
6.913999999999461,TOUCH/HOLD,0.5824536188017294,0.14480171371096257,1.0701208085555376,0.5824536188017294,0.14480171371096257,1.0701208085555376,0.0,1
6.91599999999946,TOUCH/HOLD,0.5824536188017294,0.14480171371096257,1.0701208085555376,0.5824536188017294,0.14480171371096257,1.0701208085555376,0.0,1
6.91799999999946,TOUCH/HOLD,0.5824536188017294,0.14480171371096257,1.0701208085555376,0.5824536188017294,0.14480171371096257,1.0701208085555376,0.0,1
6.91999999999946,TOUCH/HOLD,0.5824536188017294,0.14480171371096257,1.0701208085555376,0.5824536188017294,0.14480171371096257,1.0701208085555376,0.0,1
6.92199999999946,TOUCH/HOLD,0.5824536188017294,0.14480171371096257,1.0701208085555376,0.5824536188017294,0.14480171371096257,1.0701208085555376,0.0,1
6.9239999999994595,TOUCH/HOLD,0.5824536188017294,0.14480171371096257,1.0701208085555376,0.5824536188017294,0.14480171371096257,1.0701208085555376,0.0,1
6.925999999999459,TOUCH/HOLD,0.5824536188017294,0.14480171371096257,1.0701208085555376,0.5824536188017294,0.14480171371096257,1.0701208085555376,0.0,1
6.927999999999459,TOUCH/HOLD,0.5824536188017294,0.14480171371096257,1.0701208085555376,0.5824536188017294,0.14480171371096257,1.0701208085555376,0.0,1
6.929999999999459,TOUCH/HOLD,0.5824536188017294,0.14480171371096257,1.0701208085555376,0.5824536188017294,0.14480171371096257,1.0701208085555376,0.0,1
6.931999999999459,TOUCH/HOLD,0.5824536188017294,0.14480171371096257,1.0701208085555376,0.5824536188017294,0.14480171371096257,1.0701208085555376,0.0,1
6.933999999999458,TOUCH/HOLD,0.5824536188017294,0.14480171371096257,1.0701208085555376,0.5824536188017294,0.14480171371096257,1.0701208085555376,0.0,1
6.935999999999458,TOUCH/HOLD,0.5824536188017294,0.14480171371096257,1.0701208085555376,0.5824536188017294,0.14480171371096257,1.0701208085555376,0.0,1
6.937999999999458,TOUCH/HOLD,0.5824536188017294,0.14480171371096257,1.0701208085555376,0.5824536188017294,0.14480171371096257,1.0701208085555376,0.0,1
6.939999999999458,TOUCH/HOLD,0.5824536188017294,0.14480171371096257,1.0701208085555376,0.5824536188017294,0.14480171371096257,1.0701208085555376,0.0,1
6.9419999999994575,TOUCH/HOLD,0.5824536188017294,0.14480171371096257,1.0701208085555376,0.5824536188017294,0.14480171371096257,1.0701208085555376,0.0,1
6.943999999999457,TOUCH/HOLD,0.5824536188017294,0.14480171371096257,1.0701208085555376,0.5824536188017294,0.14480171371096257,1.0701208085555376,0.0,1
6.945999999999457,TOUCH/HOLD,0.5824536188017294,0.14480171371096257,1.0701208085555376,0.5824536188017294,0.14480171371096257,1.0701208085555376,0.0,1
6.947999999999457,TOUCH/HOLD,0.5824536188017294,0.14480171371096257,1.0701208085555376,0.5824536188017294,0.14480171371096257,1.0701208085555376,0.0,1
6.949999999999457,TOUCH/HOLD,0.5824536188017294,0.14480171371096257,1.0701208085555376,0.5824536188017294,0.14480171371096257,1.0701208085555376,0.0,1
6.951999999999456,TOUCH/HOLD,0.5824536188017294,0.14480171371096257,1.0701208085555376,0.5824536188017294,0.14480171371096257,1.0701208085555376,0.0,1
6.953999999999456,TOUCH/HOLD,0.5824536188017294,0.14480171371096257,1.0701208085555376,0.5824536188017294,0.14480171371096257,1.0701208085555376,0.0,1
6.955999999999456,TOUCH/HOLD,0.5824536188017294,0.14480171371096257,1.0701208085555376,0.5824536188017294,0.14480171371096257,1.0701208085555376,0.0,1
6.957999999999456,TOUCH/HOLD,0.5824536188017294,0.14480171371096257,1.0701208085555376,0.5824536188017294,0.14480171371096257,1.0701208085555376,0.0,1
6.9599999999994555,TOUCH/HOLD,0.5824536188017294,0.14480171371096257,1.0701208085555376,0.5824536188017294,0.14480171371096257,1.0701208085555376,0.0,1
6.961999999999455,TOUCH/HOLD,0.5824536188017294,0.14480171371096257,1.0701208085555376,0.5824536188017294,0.14480171371096257,1.0701208085555376,0.0,1
6.963999999999455,TOUCH/HOLD,0.5824536188017294,0.14480171371096257,1.0701208085555376,0.5824536188017294,0.14480171371096257,1.0701208085555376,0.0,1
6.965999999999455,TOUCH/HOLD,0.5824536188017294,0.14480171371096257,1.0701208085555376,0.5824536188017294,0.14480171371096257,1.0701208085555376,0.0,1
6.967999999999455,TOUCH/HOLD,0.5824536188017294,0.14480171371096257,1.0701208085555376,0.5824536188017294,0.14480171371096257,1.0701208085555376,0.0,1
6.969999999999454,TOUCH/HOLD,0.5824536188017294,0.14480171371096257,1.0701208085555376,0.5824536188017294,0.14480171371096257,1.0701208085555376,0.0,1
6.971999999999454,TOUCH/HOLD,0.5824536188017294,0.14480171371096257,1.0701208085555376,0.5824536188017294,0.14480171371096257,1.0701208085555376,0.0,1
6.973999999999454,TOUCH/HOLD,0.5824536188017294,0.14480171371096257,1.0701208085555376,0.5824536188017294,0.14480171371096257,1.0701208085555376,0.0,1
6.975999999999454,TOUCH/HOLD,0.5824536188017294,0.14480171371096257,1.0701208085555376,0.5824536188017294,0.14480171371096257,1.0701208085555376,0.0,1
6.9779999999994535,TOUCH/HOLD,0.5824536188017294,0.14480171371096257,1.0701208085555376,0.5824536188017294,0.14480171371096257,1.0701208085555376,0.0,1
6.979999999999453,TOUCH/HOLD,0.5824536188017294,0.14480171371096257,1.0701208085555376,0.5824536188017294,0.14480171371096257,1.0701208085555376,0.0,1
6.981999999999453,TOUCH/HOLD,0.5824536188017294,0.14480171371096257,1.0701208085555376,0.5824536188017294,0.14480171371096257,1.0701208085555376,0.0,1
6.983999999999453,TOUCH/HOLD,0.5824536188017294,0.14480171371096257,1.0701208085555376,0.5824536188017294,0.14480171371096257,1.0701208085555376,0.0,1
6.985999999999453,TOUCH/HOLD,0.5824536188017294,0.14480171371096257,1.0701208085555376,0.5824536188017294,0.14480171371096257,1.0701208085555376,0.0,1
6.987999999999452,TOUCH/HOLD,0.5824536188017294,0.14480171371096257,1.0701208085555376,0.5824536188017294,0.14480171371096257,1.0701208085555376,0.0,1
6.989999999999452,TOUCH/HOLD,0.5824536188017294,0.14480171371096257,1.0701208085555376,0.5824536188017294,0.14480171371096257,1.0701208085555376,0.0,1
6.991999999999452,TOUCH/HOLD,0.5824536188017294,0.14480171371096257,1.0701208085555376,0.5824536188017294,0.14480171371096257,1.0701208085555376,0.0,1
6.993999999999452,TOUCH/HOLD,0.5824536188017294,0.14480171371096257,1.0701208085555376,0.5824536188017294,0.14480171371096257,1.0701208085555376,0.0,1
6.9959999999994515,TOUCH/HOLD,0.5824536188017294,0.14480171371096257,1.0701208085555376,0.5824536188017294,0.14480171371096257,1.0701208085555376,0.0,1
6.997999999999451,TOUCH/HOLD,0.5824536188017294,0.14480171371096257,1.0701208085555376,0.5824536188017294,0.14480171371096257,1.0701208085555376,0.0,1
6.999999999999451,TOUCH/HOLD,0.5824536188017294,0.14480171371096257,1.0701208085555376,0.5824536188017294,0.14480171371096257,1.0701208085555376,0.0,1
7.001999999999451,TOUCH/HOLD,0.5824536188017294,0.14480171371096257,1.0701208085555376,0.5824536188017294,0.14480171371096257,1.0701208085555376,0.0,1
7.003999999999451,TOUCH/HOLD,0.5824536188017294,0.14480171371096257,1.0701208085555376,0.5824536188017294,0.14480171371096257,1.0701208085555376,0.0,1
7.0059999999994504,TOUCH/HOLD,0.5824536188017294,0.14480171371096257,1.0701208085555376,0.5824536188017294,0.14480171371096257,1.0701208085555376,0.0,1
7.00799999999945,TOUCH/HOLD,0.5824536188017294,0.14480171371096257,1.0701208085555376,0.5824536188017294,0.14480171371096257,1.0701208085555376,0.0,1
7.00999999999945,TOUCH/HOLD,0.5824536188017294,0.14480171371096257,1.0701208085555376,0.5824536188017294,0.14480171371096257,1.0701208085555376,0.0,1
7.01199999999945,TOUCH/HOLD,0.5824536188017294,0.14480171371096257,1.0701208085555376,0.5824536188017294,0.14480171371096257,1.0701208085555376,0.0,1
7.01399999999945,TOUCH/HOLD,0.5824536188017294,0.14480171371096257,1.0701208085555376,0.5824536188017294,0.14480171371096257,1.0701208085555376,0.0,1
7.015999999999449,TOUCH/HOLD,0.5824536188017294,0.14480171371096257,1.0701208085555376,0.5824536188017294,0.14480171371096257,1.0701208085555376,0.0,1
7.017999999999449,TOUCH/HOLD,0.5824536188017294,0.14480171371096257,1.0701208085555376,0.5824536188017294,0.14480171371096257,1.0701208085555376,0.0,1
7.019999999999449,TOUCH/HOLD,0.5824536188017294,0.14480171371096257,1.0701208085555376,0.5824536188017294,0.14480171371096257,1.0701208085555376,0.0,1
7.021999999999449,TOUCH/HOLD,0.5824536188017294,0.14480171371096257,1.0701208085555376,0.5824536188017294,0.14480171371096257,1.0701208085555376,0.0,1
7.0239999999994485,TOUCH/HOLD,0.5824536188017294,0.14480171371096257,1.0701208085555376,0.5824536188017294,0.14480171371096257,1.0701208085555376,0.0,1
7.025999999999448,TOUCH/HOLD,0.5824536188017294,0.14480171371096257,1.0701208085555376,0.5824536188017294,0.14480171371096257,1.0701208085555376,0.0,1
7.027999999999448,TOUCH/HOLD,0.5824536188017294,0.14480171371096257,1.0701208085555376,0.5824536188017294,0.14480171371096257,1.0701208085555376,0.0,1
7.029999999999448,TOUCH/HOLD,0.5824536188017294,0.14480171371096257,1.0701208085555376,0.5824536188017294,0.14480171371096257,1.0701208085555376,0.0,1
7.031999999999448,TOUCH/HOLD,0.5824536188017294,0.14480171371096257,1.0701208085555376,0.5824536188017294,0.14480171371096257,1.0701208085555376,0.0,1
7.033999999999447,TOUCH/HOLD,0.5824536188017294,0.14480171371096257,1.0701208085555376,0.5824536188017294,0.14480171371096257,1.0701208085555376,0.0,1
7.035999999999447,TOUCH/HOLD,0.5824536188017294,0.14480171371096257,1.0701208085555376,0.5824536188017294,0.14480171371096257,1.0701208085555376,0.0,1
7.037999999999447,TOUCH/HOLD,0.5824536188017294,0.14480171371096257,1.0701208085555376,0.5824536188017294,0.14480171371096257,1.0701208085555376,0.0,1
7.039999999999447,TOUCH/HOLD,0.5824536188017294,0.14480171371096257,1.0701208085555376,0.5824536188017294,0.14480171371096257,1.0701208085555376,0.0,1
7.0419999999994465,TOUCH/HOLD,0.5824536188017294,0.14480171371096257,1.0701208085555376,0.5824536188017294,0.14480171371096257,1.0701208085555376,0.0,1
7.043999999999446,TOUCH/HOLD,0.5824536188017294,0.14480171371096257,1.0701208085555376,0.5824536188017294,0.14480171371096257,1.0701208085555376,0.0,1
7.045999999999446,TOUCH/HOLD,0.5824536188017294,0.14480171371096257,1.0701208085555376,0.5824536188017294,0.14480171371096257,1.0701208085555376,0.0,1
7.047999999999446,TOUCH/HOLD,0.5824536188017294,0.14480171371096257,1.0701208085555376,0.5824536188017294,0.14480171371096257,1.0701208085555376,0.0,1
7.049999999999446,TOUCH/HOLD,0.5824536188017294,0.14480171371096257,1.0701208085555376,0.5824536188017294,0.14480171371096257,1.0701208085555376,0.0,1
7.051999999999445,TOUCH/HOLD,0.5824536188017294,0.14480171371096257,1.0701208085555376,0.5824536188017294,0.14480171371096257,1.0701208085555376,0.0,1
7.053999999999445,TOUCH/HOLD,0.5824536188017294,0.14480171371096257,1.0701208085555376,0.5824536188017294,0.14480171371096257,1.0701208085555376,0.0,1
7.055999999999445,TOUCH/HOLD,0.5824536188017294,0.14480171371096257,1.0701208085555376,0.5824536188017294,0.14480171371096257,1.0701208085555376,0.0,1
7.057999999999445,TOUCH/HOLD,0.5824536188017294,0.14480171371096257,1.0701208085555376,0.5824536188017294,0.14480171371096257,1.0701208085555376,0.0,1
7.0599999999994445,TOUCH/HOLD,0.5824536188017294,0.14480171371096257,1.0701208085555376,0.5824536188017294,0.14480171371096257,1.0701208085555376,0.0,1
7.061999999999444,TOUCH/HOLD,0.5824536188017294,0.14480171371096257,1.0701208085555376,0.5824536188017294,0.14480171371096257,1.0701208085555376,0.0,1
7.063999999999444,TOUCH/HOLD,0.5824536188017294,0.14480171371096257,1.0701208085555376,0.5824536188017294,0.14480171371096257,1.0701208085555376,0.0,1
7.065999999999444,TOUCH/HOLD,0.5824536188017294,0.14480171371096257,1.0701208085555376,0.5824536188017294,0.14480171371096257,1.0701208085555376,0.0,1
7.067999999999444,TOUCH/HOLD,0.5824536188017294,0.14480171371096257,1.0701208085555376,0.5824536188017294,0.14480171371096257,1.0701208085555376,0.0,1
7.069999999999443,TOUCH/HOLD,0.5824536188017294,0.14480171371096257,1.0701208085555376,0.5824536188017294,0.14480171371096257,1.0701208085555376,0.0,1
7.071999999999443,TOUCH/HOLD,0.5824536188017294,0.14480171371096257,1.0701208085555376,0.5824536188017294,0.14480171371096257,1.0701208085555376,0.0,1
7.073999999999443,TOUCH/HOLD,0.5824536188017294,0.14480171371096257,1.0701208085555376,0.5824536188017294,0.14480171371096257,1.0701208085555376,0.0,1
7.075999999999443,TOUCH/HOLD,0.5824536188017294,0.14480171371096257,1.0701208085555376,0.5824536188017294,0.14480171371096257,1.0701208085555376,0.0,1
7.0779999999994425,TOUCH/HOLD,0.5824536188017294,0.14480171371096257,1.0701208085555376,0.5824536188017294,0.14480171371096257,1.0701208085555376,0.0,1
7.079999999999442,TOUCH/HOLD,0.5824536188017294,0.14480171371096257,1.0701208085555376,0.5824536188017294,0.14480171371096257,1.0701208085555376,0.0,1
7.081999999999442,TOUCH/HOLD,0.5824536188017294,0.14480171371096257,1.0701208085555376,0.5824536188017294,0.14480171371096257,1.0701208085555376,0.0,1
7.083999999999442,TOUCH/HOLD,0.5824536188017294,0.14480171371096257,1.0701208085555376,0.5824536188017294,0.14480171371096257,1.0701208085555376,0.0,1
7.085999999999442,TOUCH/HOLD,0.5824536188017294,0.14480171371096257,1.0701208085555376,0.5824536188017294,0.14480171371096257,1.0701208085555376,0.0,1
7.087999999999441,TOUCH/HOLD,0.5824536188017294,0.14480171371096257,1.0701208085555376,0.5824536188017294,0.14480171371096257,1.0701208085555376,0.0,1
7.089999999999441,TOUCH/HOLD,0.5824536188017294,0.14480171371096257,1.0701208085555376,0.5824536188017294,0.14480171371096257,1.0701208085555376,0.0,1
7.091999999999441,TOUCH/HOLD,0.5824536188017294,0.14480171371096257,1.0701208085555376,0.5824536188017294,0.14480171371096257,1.0701208085555376,0.0,1
7.093999999999441,TOUCH/HOLD,0.5824536188017294,0.14480171371096257,1.0701208085555376,0.5824536188017294,0.14480171371096257,1.0701208085555376,0.0,1
7.0959999999994405,TOUCH/HOLD,0.5824536188017294,0.14480171371096257,1.0701208085555376,0.5824536188017294,0.14480171371096257,1.0701208085555376,0.0,1
7.09799999999944,TOUCH/HOLD,0.5824536188017294,0.14480171371096257,1.0701208085555376,0.5824536188017294,0.14480171371096257,1.0701208085555376,0.0,1
7.09999999999944,TOUCH/HOLD,0.5824536188017294,0.14480171371096257,1.0701208085555376,0.5824536188017294,0.14480171371096257,1.0701208085555376,0.0,1
7.10199999999944,TOUCH/HOLD,0.5824536188017294,0.14480171371096257,1.0701208085555376,0.5824536188017294,0.14480171371096257,1.0701208085555376,0.0,1
7.10399999999944,TOUCH/HOLD,0.5824536188017294,0.14480171371096257,1.0701208085555376,0.5824536188017294,0.14480171371096257,1.0701208085555376,0.0,1
7.105999999999439,TOUCH/HOLD,0.5824536188017294,0.14480171371096257,1.0701208085555376,0.5824536188017294,0.14480171371096257,1.0701208085555376,0.0,1
7.107999999999439,TOUCH/HOLD,0.5824536188017294,0.14480171371096257,1.0701208085555376,0.5824536188017294,0.14480171371096257,1.0701208085555376,0.0,1
7.109999999999439,TOUCH/HOLD,0.5824536188017294,0.14480171371096257,1.0701208085555376,0.5824536188017294,0.14480171371096257,1.0701208085555376,0.0,1
7.111999999999439,TOUCH/HOLD,0.5824536188017294,0.14480171371096257,1.0701208085555376,0.5824536188017294,0.14480171371096257,1.0701208085555376,0.0,1
7.1139999999994386,TOUCH/HOLD,0.5824536188017294,0.14480171371096257,1.0701208085555376,0.5824536188017294,0.14480171371096257,1.0701208085555376,0.0,1
7.115999999999438,TOUCH/HOLD,0.5824536188017294,0.14480171371096257,1.0701208085555376,0.5824536188017294,0.14480171371096257,1.0701208085555376,0.0,1
7.117999999999438,TOUCH/HOLD,0.5824536188017294,0.14480171371096257,1.0701208085555376,0.5824536188017294,0.14480171371096257,1.0701208085555376,0.0,1
7.119999999999438,TOUCH/HOLD,0.5824536188017294,0.14480171371096257,1.0701208085555376,0.5824536188017294,0.14480171371096257,1.0701208085555376,0.0,1
7.121999999999438,TOUCH/HOLD,0.5824536188017294,0.14480171371096257,1.0701208085555376,0.5824536188017294,0.14480171371096257,1.0701208085555376,0.0,1
7.1239999999994374,TOUCH/HOLD,0.5824536188017294,0.14480171371096257,1.0701208085555376,0.5824536188017294,0.14480171371096257,1.0701208085555376,0.0,1
7.125999999999437,TOUCH/HOLD,0.5824536188017294,0.14480171371096257,1.0701208085555376,0.5824536188017294,0.14480171371096257,1.0701208085555376,0.0,1
7.127999999999437,TOUCH/HOLD,0.5824536188017294,0.14480171371096257,1.0701208085555376,0.5824536188017294,0.14480171371096257,1.0701208085555376,0.0,1
7.129999999999437,TOUCH/HOLD,0.5824536188017294,0.14480171371096257,1.0701208085555376,0.5824536188017294,0.14480171371096257,1.0701208085555376,0.0,1
7.131999999999437,TOUCH/HOLD,0.5824536188017294,0.14480171371096257,1.0701208085555376,0.5824536188017294,0.14480171371096257,1.0701208085555376,0.0,1
7.133999999999436,TOUCH/HOLD,0.5824536188017294,0.14480171371096257,1.0701208085555376,0.5824536188017294,0.14480171371096257,1.0701208085555376,0.0,1
7.135999999999436,TOUCH/HOLD,0.5824536188017294,0.14480171371096257,1.0701208085555376,0.5824536188017294,0.14480171371096257,1.0701208085555376,0.0,1
7.137999999999436,TOUCH/HOLD,0.5824536188017294,0.14480171371096257,1.0701208085555376,0.5824536188017294,0.14480171371096257,1.0701208085555376,0.0,1
7.139999999999436,TOUCH/HOLD,0.5824536188017294,0.14480171371096257,1.0701208085555376,0.5824536188017294,0.14480171371096257,1.0701208085555376,0.0,1
7.1419999999994355,TOUCH/HOLD,0.5824536188017294,0.14480171371096257,1.0701208085555376,0.5824536188017294,0.14480171371096257,1.0701208085555376,0.0,1
7.143999999999435,TOUCH/HOLD,0.5824536188017294,0.14480171371096257,1.0701208085555376,0.5824536188017294,0.14480171371096257,1.0701208085555376,0.0,1
7.145999999999435,TOUCH/HOLD,0.5824536188017294,0.14480171371096257,1.0701208085555376,0.5824536188017294,0.14480171371096257,1.0701208085555376,0.0,1
7.147999999999435,TOUCH/HOLD,0.5824536188017294,0.14480171371096257,1.0701208085555376,0.5824536188017294,0.14480171371096257,1.0701208085555376,0.0,1
7.149999999999435,TOUCH/HOLD,0.5824536188017294,0.14480171371096257,1.0701208085555376,0.5824536188017294,0.14480171371096257,1.0701208085555376,0.0,1
7.151999999999434,TOUCH/HOLD,0.5824536188017294,0.14480171371096257,1.0701208085555376,0.5824536188017294,0.14480171371096257,1.0701208085555376,0.0,1
7.153999999999434,TOUCH/HOLD,0.5824536188017294,0.14480171371096257,1.0701208085555376,0.5824536188017294,0.14480171371096257,1.0701208085555376,0.0,1
7.155999999999434,TOUCH/HOLD,0.5824536188017294,0.14480171371096257,1.0701208085555376,0.5824536188017294,0.14480171371096257,1.0701208085555376,0.0,1
7.157999999999434,TOUCH/HOLD,0.5824536188017294,0.14480171371096257,1.0701208085555376,0.5824536188017294,0.14480171371096257,1.0701208085555376,0.0,1
7.1599999999994335,TOUCH/HOLD,0.5824536188017294,0.14480171371096257,1.0701208085555376,0.5824536188017294,0.14480171371096257,1.0701208085555376,0.0,1
7.161999999999433,TOUCH/HOLD,0.5824536188017294,0.14480171371096257,1.0701208085555376,0.5824536188017294,0.14480171371096257,1.0701208085555376,0.0,1
7.163999999999433,TOUCH/HOLD,0.5824536188017294,0.14480171371096257,1.0701208085555376,0.5824536188017294,0.14480171371096257,1.0701208085555376,0.0,1
7.165999999999433,TOUCH/HOLD,0.5824536188017294,0.14480171371096257,1.0701208085555376,0.5824536188017294,0.14480171371096257,1.0701208085555376,0.0,1
7.167999999999433,TOUCH/HOLD,0.5824536188017294,0.14480171371096257,1.0701208085555376,0.5824536188017294,0.14480171371096257,1.0701208085555376,0.0,1
7.169999999999432,TOUCH/HOLD,0.5824536188017294,0.14480171371096257,1.0701208085555376,0.5824536188017294,0.14480171371096257,1.0701208085555376,0.0,1
7.171999999999432,TOUCH/HOLD,0.5824536188017294,0.14480171371096257,1.0701208085555376,0.5824536188017294,0.14480171371096257,1.0701208085555376,0.0,1
7.173999999999432,TOUCH/HOLD,0.5824536188017294,0.14480171371096257,1.0701208085555376,0.5824536188017294,0.14480171371096257,1.0701208085555376,0.0,1
7.175999999999432,TOUCH/HOLD,0.5824536188017294,0.14480171371096257,1.0701208085555376,0.5824536188017294,0.14480171371096257,1.0701208085555376,0.0,1
7.1779999999994315,TOUCH/HOLD,0.5824536188017294,0.14480171371096257,1.0701208085555376,0.5824536188017294,0.14480171371096257,1.0701208085555376,0.0,1
7.179999999999431,TOUCH/HOLD,0.5824536188017294,0.14480171371096257,1.0701208085555376,0.5824536188017294,0.14480171371096257,1.0701208085555376,0.0,1
7.181999999999431,TOUCH/HOLD,0.5824536188017294,0.14480171371096257,1.0701208085555376,0.5824536188017294,0.14480171371096257,1.0701208085555376,0.0,1
7.183999999999431,TOUCH/HOLD,0.5824536188017294,0.14480171371096257,1.0701208085555376,0.5824536188017294,0.14480171371096257,1.0701208085555376,0.0,1
7.185999999999431,TOUCH/HOLD,0.5824536188017294,0.14480171371096257,1.0701208085555376,0.5824536188017294,0.14480171371096257,1.0701208085555376,0.0,1
7.18799999999943,TOUCH/HOLD,0.5824536188017294,0.14480171371096257,1.0701208085555376,0.5824536188017294,0.14480171371096257,1.0701208085555376,0.0,1
7.18999999999943,TOUCH/HOLD,0.5824536188017294,0.14480171371096257,1.0701208085555376,0.5824536188017294,0.14480171371096257,1.0701208085555376,0.0,1
7.19199999999943,TOUCH/HOLD,0.5824536188017294,0.14480171371096257,1.0701208085555376,0.5824536188017294,0.14480171371096257,1.0701208085555376,0.0,1
7.19399999999943,TOUCH/HOLD,0.5824536188017294,0.14480171371096257,1.0701208085555376,0.5824536188017294,0.14480171371096257,1.0701208085555376,0.0,1
7.1959999999994295,TOUCH/HOLD,0.5824536188017294,0.14480171371096257,1.0701208085555376,0.5824536188017294,0.14480171371096257,1.0701208085555376,0.0,1
7.197999999999429,TOUCH/HOLD,0.5824536188017294,0.14480171371096257,1.0701208085555376,0.5824536188017294,0.14480171371096257,1.0701208085555376,0.0,1
7.199999999999429,TOUCH/HOLD,0.5824536188017294,0.14480171371096257,1.0701208085555376,0.5824536188017294,0.14480171371096257,1.0701208085555376,0.0,1
7.201999999999429,TOUCH/HOLD,0.5824536188017294,0.14480171371096257,1.0701208085555376,0.5824536188017294,0.14480171371096257,1.0701208085555376,0.0,1
7.203999999999429,TOUCH/HOLD,0.5824536188017294,0.14480171371096257,1.0701208085555376,0.5824536188017294,0.14480171371096257,1.0701208085555376,0.0,1
7.205999999999428,TOUCH/HOLD,0.5824536188017294,0.14480171371096257,1.0701208085555376,0.5824536188017294,0.14480171371096257,1.0701208085555376,0.0,1
7.207999999999428,TOUCH/HOLD,0.5824536188017294,0.14480171371096257,1.0701208085555376,0.5824536188017294,0.14480171371096257,1.0701208085555376,0.0,1
7.209999999999428,TOUCH/HOLD,0.5824536188017294,0.14480171371096257,1.0701208085555376,0.5824536188017294,0.14480171371096257,1.0701208085555376,0.0,1
7.211999999999428,TOUCH/HOLD,0.5824536188017294,0.14480171371096257,1.0701208085555376,0.5824536188017294,0.14480171371096257,1.0701208085555376,0.0,1
7.2139999999994275,TOUCH/HOLD,0.5824536188017294,0.14480171371096257,1.0701208085555376,0.5824536188017294,0.14480171371096257,1.0701208085555376,0.0,1
7.215999999999427,TOUCH/HOLD,0.5824536188017294,0.14480171371096257,1.0701208085555376,0.5824536188017294,0.14480171371096257,1.0701208085555376,0.0,1
7.217999999999427,TOUCH/HOLD,0.5824536188017294,0.14480171371096257,1.0701208085555376,0.5824536188017294,0.14480171371096257,1.0701208085555376,0.0,1
7.219999999999427,TOUCH/HOLD,0.5824536188017294,0.14480171371096257,1.0701208085555376,0.5824536188017294,0.14480171371096257,1.0701208085555376,0.0,1
7.221999999999427,TOUCH/HOLD,0.5824536188017294,0.14480171371096257,1.0701208085555376,0.5824536188017294,0.14480171371096257,1.0701208085555376,0.0,1
7.223999999999426,TOUCH/HOLD,0.5824536188017294,0.14480171371096257,1.0701208085555376,0.5824536188017294,0.14480171371096257,1.0701208085555376,0.0,1
7.225999999999426,TOUCH/HOLD,0.5824536188017294,0.14480171371096257,1.0701208085555376,0.5824536188017294,0.14480171371096257,1.0701208085555376,0.0,1
7.227999999999426,TOUCH/HOLD,0.5824536188017294,0.14480171371096257,1.0701208085555376,0.5824536188017294,0.14480171371096257,1.0701208085555376,0.0,1
7.229999999999426,TOUCH/HOLD,0.5824536188017294,0.14480171371096257,1.0701208085555376,0.5824536188017294,0.14480171371096257,1.0701208085555376,0.0,1
7.2319999999994256,TOUCH/HOLD,0.5824536188017294,0.14480171371096257,1.0701208085555376,0.5824536188017294,0.14480171371096257,1.0701208085555376,0.0,1
7.233999999999425,TOUCH/HOLD,0.5824536188017294,0.14480171371096257,1.0701208085555376,0.5824536188017294,0.14480171371096257,1.0701208085555376,0.0,1
7.235999999999425,TOUCH/HOLD,0.5824536188017294,0.14480171371096257,1.0701208085555376,0.5824536188017294,0.14480171371096257,1.0701208085555376,0.0,1
7.237999999999425,TOUCH/HOLD,0.5824536188017294,0.14480171371096257,1.0701208085555376,0.5824536188017294,0.14480171371096257,1.0701208085555376,0.0,1
7.239999999999425,TOUCH/HOLD,0.5824536188017294,0.14480171371096257,1.0701208085555376,0.5824536188017294,0.14480171371096257,1.0701208085555376,0.0,1
7.2419999999994245,TOUCH/HOLD,0.5824536188017294,0.14480171371096257,1.0701208085555376,0.5824536188017294,0.14480171371096257,1.0701208085555376,0.0,1
7.243999999999424,TOUCH/HOLD,0.5824536188017294,0.14480171371096257,1.0701208085555376,0.5824536188017294,0.14480171371096257,1.0701208085555376,0.0,1
7.245999999999424,TOUCH/HOLD,0.5824536188017294,0.14480171371096257,1.0701208085555376,0.5824536188017294,0.14480171371096257,1.0701208085555376,0.0,1
7.247999999999424,TOUCH/HOLD,0.5824536188017294,0.14480171371096257,1.0701208085555376,0.5824536188017294,0.14480171371096257,1.0701208085555376,0.0,1
7.249999999999424,TOUCH/HOLD,0.5824536188017294,0.14480171371096257,1.0701208085555376,0.5824536188017294,0.14480171371096257,1.0701208085555376,0.0,1
7.251999999999423,TOUCH/HOLD,0.5824536188017294,0.14480171371096257,1.0701208085555376,0.5824536188017294,0.14480171371096257,1.0701208085555376,0.0,1
7.253999999999423,TOUCH/HOLD,0.5824536188017294,0.14480171371096257,1.0701208085555376,0.5824536188017294,0.14480171371096257,1.0701208085555376,0.0,1
7.255999999999423,TOUCH/HOLD,0.5824536188017294,0.14480171371096257,1.0701208085555376,0.5824536188017294,0.14480171371096257,1.0701208085555376,0.0,1
7.257999999999423,TOUCH/HOLD,0.5824536188017294,0.14480171371096257,1.0701208085555376,0.5824536188017294,0.14480171371096257,1.0701208085555376,0.0,1
7.2599999999994225,TOUCH/HOLD,0.5824536188017294,0.14480171371096257,1.0701208085555376,0.5824536188017294,0.14480171371096257,1.0701208085555376,0.0,1
7.261999999999422,TOUCH/HOLD,0.5824536188017294,0.14480171371096257,1.0701208085555376,0.5824536188017294,0.14480171371096257,1.0701208085555376,0.0,1
7.263999999999422,TOUCH/HOLD,0.5824536188017294,0.14480171371096257,1.0701208085555376,0.5824536188017294,0.14480171371096257,1.0701208085555376,0.0,1
7.265999999999422,TOUCH/HOLD,0.5824536188017294,0.14480171371096257,1.0701208085555376,0.5824536188017294,0.14480171371096257,1.0701208085555376,0.0,1
7.267999999999422,TOUCH/HOLD,0.5824536188017294,0.14480171371096257,1.0701208085555376,0.5824536188017294,0.14480171371096257,1.0701208085555376,0.0,1
7.269999999999421,TOUCH/HOLD,0.5824536188017294,0.14480171371096257,1.0701208085555376,0.5824536188017294,0.14480171371096257,1.0701208085555376,0.0,1
7.271999999999421,TOUCH/HOLD,0.5824536188017294,0.14480171371096257,1.0701208085555376,0.5824536188017294,0.14480171371096257,1.0701208085555376,0.0,1
7.273999999999421,TOUCH/HOLD,0.5824536188017294,0.14480171371096257,1.0701208085555376,0.5824536188017294,0.14480171371096257,1.0701208085555376,0.0,1
7.275999999999421,TOUCH/HOLD,0.5824536188017294,0.14480171371096257,1.0701208085555376,0.5824536188017294,0.14480171371096257,1.0701208085555376,0.0,1
7.2779999999994205,TOUCH/HOLD,0.5824536188017294,0.14480171371096257,1.0701208085555376,0.5824536188017294,0.14480171371096257,1.0701208085555376,0.0,1
7.27999999999942,TOUCH/HOLD,0.5824536188017294,0.14480171371096257,1.0701208085555376,0.5824536188017294,0.14480171371096257,1.0701208085555376,0.0,1
7.28199999999942,TOUCH/HOLD,0.5824536188017294,0.14480171371096257,1.0701208085555376,0.5824536188017294,0.14480171371096257,1.0701208085555376,0.0,1
7.28399999999942,TOUCH/HOLD,0.5824536188017294,0.14480171371096257,1.0701208085555376,0.5824536188017294,0.14480171371096257,1.0701208085555376,0.0,1
7.28599999999942,TOUCH/HOLD,0.5824536188017294,0.14480171371096257,1.0701208085555376,0.5824536188017294,0.14480171371096257,1.0701208085555376,0.0,1
7.287999999999419,TOUCH/HOLD,0.5824536188017294,0.14480171371096257,1.0701208085555376,0.5824536188017294,0.14480171371096257,1.0701208085555376,0.0,1
7.289999999999419,TOUCH/HOLD,0.5824536188017294,0.14480171371096257,1.0701208085555376,0.5824536188017294,0.14480171371096257,1.0701208085555376,0.0,1
7.291999999999419,TOUCH/HOLD,0.5824536188017294,0.14480171371096257,1.0701208085555376,0.5824536188017294,0.14480171371096257,1.0701208085555376,0.0,1
7.293999999999419,TOUCH/HOLD,0.5824536188017294,0.14480171371096257,1.0701208085555376,0.5824536188017294,0.14480171371096257,1.0701208085555376,0.0,1
7.2959999999994185,TOUCH/HOLD,0.5824536188017294,0.14480171371096257,1.0701208085555376,0.5824536188017294,0.14480171371096257,1.0701208085555376,0.0,1
7.297999999999418,TOUCH/HOLD,0.5824536188017294,0.14480171371096257,1.0701208085555376,0.5824536188017294,0.14480171371096257,1.0701208085555376,0.0,1
7.299999999999418,TOUCH/HOLD,0.5824536188017294,0.14480171371096257,1.0701208085555376,0.5824536188017294,0.14480171371096257,1.0701208085555376,0.0,1
7.301999999999418,TOUCH/HOLD,0.5824536188017294,0.14480171371096257,1.0701208085555376,0.5824536188017294,0.14480171371096257,1.0701208085555376,0.0,1
7.303999999999418,TOUCH/HOLD,0.5824536188017294,0.14480171371096257,1.0701208085555376,0.5824536188017294,0.14480171371096257,1.0701208085555376,0.0,1
7.305999999999417,TOUCH/HOLD,0.5824536188017294,0.14480171371096257,1.0701208085555376,0.5824536188017294,0.14480171371096257,1.0701208085555376,0.0,1
7.307999999999417,TOUCH/HOLD,0.5824536188017294,0.14480171371096257,1.0701208085555376,0.5824536188017294,0.14480171371096257,1.0701208085555376,0.0,1
7.309999999999417,TOUCH/HOLD,0.5824536188017294,0.14480171371096257,1.0701208085555376,0.5824536188017294,0.14480171371096257,1.0701208085555376,0.0,1
7.311999999999417,TOUCH/HOLD,0.5824536188017294,0.14480171371096257,1.0701208085555376,0.5824536188017294,0.14480171371096257,1.0701208085555376,0.0,1
7.3139999999994165,TOUCH/HOLD,0.5824536188017294,0.14480171371096257,1.0701208085555376,0.5824536188017294,0.14480171371096257,1.0701208085555376,0.0,1
7.315999999999416,TOUCH/HOLD,0.5824536188017294,0.14480171371096257,1.0701208085555376,0.5824536188017294,0.14480171371096257,1.0701208085555376,0.0,1
7.317999999999416,TOUCH/HOLD,0.5824536188017294,0.14480171371096257,1.0701208085555376,0.5824536188017294,0.14480171371096257,1.0701208085555376,0.0,1
7.319999999999416,TOUCH/HOLD,0.5824536188017294,0.14480171371096257,1.0701208085555376,0.5824536188017294,0.14480171371096257,1.0701208085555376,0.0,1
7.321999999999416,TOUCH/HOLD,0.5824536188017294,0.14480171371096257,1.0701208085555376,0.5824536188017294,0.14480171371096257,1.0701208085555376,0.0,1
7.323999999999415,TOUCH/HOLD,0.5824536188017294,0.14480171371096257,1.0701208085555376,0.5824536188017294,0.14480171371096257,1.0701208085555376,0.0,1
7.325999999999415,TOUCH/HOLD,0.5824536188017294,0.14480171371096257,1.0701208085555376,0.5824536188017294,0.14480171371096257,1.0701208085555376,0.0,1
7.327999999999415,TOUCH/HOLD,0.5824536188017294,0.14480171371096257,1.0701208085555376,0.5824536188017294,0.14480171371096257,1.0701208085555376,0.0,1
7.329999999999415,TOUCH/HOLD,0.5824536188017294,0.14480171371096257,1.0701208085555376,0.5824536188017294,0.14480171371096257,1.0701208085555376,0.0,1
7.3319999999994145,TOUCH/HOLD,0.5824536188017294,0.14480171371096257,1.0701208085555376,0.5824536188017294,0.14480171371096257,1.0701208085555376,0.0,1
7.333999999999414,TOUCH/HOLD,0.5824536188017294,0.14480171371096257,1.0701208085555376,0.5824536188017294,0.14480171371096257,1.0701208085555376,0.0,1
7.335999999999414,TOUCH/HOLD,0.5824536188017294,0.14480171371096257,1.0701208085555376,0.5824536188017294,0.14480171371096257,1.0701208085555376,0.0,1
7.337999999999414,TOUCH/HOLD,0.5824536188017294,0.14480171371096257,1.0701208085555376,0.5824536188017294,0.14480171371096257,1.0701208085555376,0.0,1
7.339999999999414,TOUCH/HOLD,0.5824536188017294,0.14480171371096257,1.0701208085555376,0.5824536188017294,0.14480171371096257,1.0701208085555376,0.0,1
7.341999999999413,TOUCH/HOLD,0.5824536188017294,0.14480171371096257,1.0701208085555376,0.5824536188017294,0.14480171371096257,1.0701208085555376,0.0,1
7.343999999999413,TOUCH/HOLD,0.5824536188017294,0.14480171371096257,1.0701208085555376,0.5824536188017294,0.14480171371096257,1.0701208085555376,0.0,1
7.345999999999413,TOUCH/HOLD,0.5824536188017294,0.14480171371096257,1.0701208085555376,0.5824536188017294,0.14480171371096257,1.0701208085555376,0.0,1
7.347999999999413,TOUCH/HOLD,0.5824536188017294,0.14480171371096257,1.0701208085555376,0.5824536188017294,0.14480171371096257,1.0701208085555376,0.0,1
7.349999999999413,TOUCH/HOLD,0.5824536188017294,0.14480171371096257,1.0701208085555376,0.5824536188017294,0.14480171371096257,1.0701208085555376,0.0,1
7.351999999999412,TOUCH/HOLD,0.5824536188017294,0.14480171371096257,1.0701208085555376,0.5824536188017294,0.14480171371096257,1.0701208085555376,0.0,1
7.353999999999412,TOUCH/HOLD,0.5824536188017294,0.14480171371096257,1.0701208085555376,0.5824536188017294,0.14480171371096257,1.0701208085555376,0.0,1
7.355999999999412,TOUCH/HOLD,0.5824536188017294,0.14480171371096257,1.0701208085555376,0.5824536188017294,0.14480171371096257,1.0701208085555376,0.0,1
7.357999999999412,TOUCH/HOLD,0.5824536188017294,0.14480171371096257,1.0701208085555376,0.5824536188017294,0.14480171371096257,1.0701208085555376,0.0,1
7.3599999999994115,TOUCH/HOLD,0.5824536188017294,0.14480171371096257,1.0701208085555376,0.5824536188017294,0.14480171371096257,1.0701208085555376,0.0,1
7.361999999999411,TOUCH/HOLD,0.5824536188017294,0.14480171371096257,1.0701208085555376,0.5824536188017294,0.14480171371096257,1.0701208085555376,0.0,1
7.363999999999411,TOUCH/HOLD,0.5824536188017294,0.14480171371096257,1.0701208085555376,0.5824536188017294,0.14480171371096257,1.0701208085555376,0.0,1
7.365999999999411,TOUCH/HOLD,0.5824536188017294,0.14480171371096257,1.0701208085555376,0.5824536188017294,0.14480171371096257,1.0701208085555376,0.0,1
7.367999999999411,TOUCH/HOLD,0.5824536188017294,0.14480171371096257,1.0701208085555376,0.5824536188017294,0.14480171371096257,1.0701208085555376,0.0,1
7.36999999999941,TOUCH/HOLD,0.5824536188017294,0.14480171371096257,1.0701208085555376,0.5824536188017294,0.14480171371096257,1.0701208085555376,0.0,1
7.37199999999941,TOUCH/HOLD,0.5824536188017294,0.14480171371096257,1.0701208085555376,0.5824536188017294,0.14480171371096257,1.0701208085555376,0.0,1
7.37399999999941,TOUCH/HOLD,0.5824536188017294,0.14480171371096257,1.0701208085555376,0.5824536188017294,0.14480171371096257,1.0701208085555376,0.0,1
7.37599999999941,TOUCH/HOLD,0.5824536188017294,0.14480171371096257,1.0701208085555376,0.5824536188017294,0.14480171371096257,1.0701208085555376,0.0,1
7.3779999999994095,TOUCH/HOLD,0.5824536188017294,0.14480171371096257,1.0701208085555376,0.5824536188017294,0.14480171371096257,1.0701208085555376,0.0,1
7.379999999999409,TOUCH/HOLD,0.5824536188017294,0.14480171371096257,1.0701208085555376,0.5824536188017294,0.14480171371096257,1.0701208085555376,0.0,1
7.381999999999409,TOUCH/HOLD,0.5824536188017294,0.14480171371096257,1.0701208085555376,0.5824536188017294,0.14480171371096257,1.0701208085555376,0.0,1
7.383999999999409,TOUCH/HOLD,0.5824536188017294,0.14480171371096257,1.0701208085555376,0.5824536188017294,0.14480171371096257,1.0701208085555376,0.0,1
7.385999999999409,TOUCH/HOLD,0.5824536188017294,0.14480171371096257,1.0701208085555376,0.5824536188017294,0.14480171371096257,1.0701208085555376,0.0,1
7.387999999999408,TOUCH/HOLD,0.5824536188017294,0.14480171371096257,1.0701208085555376,0.5824536188017294,0.14480171371096257,1.0701208085555376,0.0,1
7.389999999999408,TOUCH/HOLD,0.5824536188017294,0.14480171371096257,1.0701208085555376,0.5824536188017294,0.14480171371096257,1.0701208085555376,0.0,1
7.391999999999408,TOUCH/HOLD,0.5824536188017294,0.14480171371096257,1.0701208085555376,0.5824536188017294,0.14480171371096257,1.0701208085555376,0.0,1
7.393999999999408,TOUCH/HOLD,0.5824536188017294,0.14480171371096257,1.0701208085555376,0.5824536188017294,0.14480171371096257,1.0701208085555376,0.0,1
7.3959999999994075,TOUCH/HOLD,0.5824536188017294,0.14480171371096257,1.0701208085555376,0.5824536188017294,0.14480171371096257,1.0701208085555376,0.0,1
7.397999999999407,TOUCH/HOLD,0.5824536188017294,0.14480171371096257,1.0701208085555376,0.5824536188017294,0.14480171371096257,1.0701208085555376,0.0,1
7.399999999999407,TOUCH/HOLD,0.5824536188017294,0.14480171371096257,1.0701208085555376,0.5824536188017294,0.14480171371096257,1.0701208085555376,0.0,1
7.401999999999407,TOUCH/HOLD,0.5824536188017294,0.14480171371096257,1.0701208085555376,0.5824536188017294,0.14480171371096257,1.0701208085555376,0.0,1
7.403999999999407,TOUCH/HOLD,0.5824536188017294,0.14480171371096257,1.0701208085555376,0.5824536188017294,0.14480171371096257,1.0701208085555376,0.0,1
7.405999999999406,TOUCH/HOLD,0.5824536188017294,0.14480171371096257,1.0701208085555376,0.5824536188017294,0.14480171371096257,1.0701208085555376,0.0,1
7.407999999999406,TOUCH/HOLD,0.5824536188017294,0.14480171371096257,1.0701208085555376,0.5824536188017294,0.14480171371096257,1.0701208085555376,0.0,1
7.409999999999406,TOUCH/HOLD,0.5824536188017294,0.14480171371096257,1.0701208085555376,0.5824536188017294,0.14480171371096257,1.0701208085555376,0.0,1
7.411999999999406,TOUCH/HOLD,0.5824536188017294,0.14480171371096257,1.0701208085555376,0.5824536188017294,0.14480171371096257,1.0701208085555376,0.0,1
7.4139999999994055,TOUCH/HOLD,0.5824536188017294,0.14480171371096257,1.0701208085555376,0.5824536188017294,0.14480171371096257,1.0701208085555376,0.0,1
7.415999999999405,TOUCH/HOLD,0.5824536188017294,0.14480171371096257,1.0701208085555376,0.5824536188017294,0.14480171371096257,1.0701208085555376,0.0,1
7.417999999999405,TOUCH/HOLD,0.5824536188017294,0.14480171371096257,1.0701208085555376,0.5824536188017294,0.14480171371096257,1.0701208085555376,0.0,1
7.419999999999405,TOUCH/HOLD,0.5824536188017294,0.14480171371096257,1.0701208085555376,0.5824536188017294,0.14480171371096257,1.0701208085555376,0.0,1
7.421999999999405,TOUCH/HOLD,0.5824536188017294,0.14480171371096257,1.0701208085555376,0.5824536188017294,0.14480171371096257,1.0701208085555376,0.0,1
7.423999999999404,TOUCH/HOLD,0.5824536188017294,0.14480171371096257,1.0701208085555376,0.5824536188017294,0.14480171371096257,1.0701208085555376,0.0,1
7.425999999999404,TOUCH/HOLD,0.5824536188017294,0.14480171371096257,1.0701208085555376,0.5824536188017294,0.14480171371096257,1.0701208085555376,0.0,1
7.427999999999404,TOUCH/HOLD,0.5824536188017294,0.14480171371096257,1.0701208085555376,0.5824536188017294,0.14480171371096257,1.0701208085555376,0.0,1
7.429999999999404,TOUCH/HOLD,0.5824536188017294,0.14480171371096257,1.0701208085555376,0.5824536188017294,0.14480171371096257,1.0701208085555376,0.0,1
7.4319999999994035,TOUCH/HOLD,0.5824536188017294,0.14480171371096257,1.0701208085555376,0.5824536188017294,0.14480171371096257,1.0701208085555376,0.0,1
7.433999999999403,TOUCH/HOLD,0.5824536188017294,0.14480171371096257,1.0701208085555376,0.5824536188017294,0.14480171371096257,1.0701208085555376,0.0,1
7.435999999999403,TOUCH/HOLD,0.5824536188017294,0.14480171371096257,1.0701208085555376,0.5824536188017294,0.14480171371096257,1.0701208085555376,0.0,1
7.437999999999403,TOUCH/HOLD,0.5824536188017294,0.14480171371096257,1.0701208085555376,0.5824536188017294,0.14480171371096257,1.0701208085555376,0.0,1
7.439999999999403,TOUCH/HOLD,0.5824536188017294,0.14480171371096257,1.0701208085555376,0.5824536188017294,0.14480171371096257,1.0701208085555376,0.0,1
7.441999999999402,TOUCH/HOLD,0.5824536188017294,0.14480171371096257,1.0701208085555376,0.5824536188017294,0.14480171371096257,1.0701208085555376,0.0,1
7.443999999999402,TOUCH/HOLD,0.5824536188017294,0.14480171371096257,1.0701208085555376,0.5824536188017294,0.14480171371096257,1.0701208085555376,0.0,1
7.445999999999402,TOUCH/HOLD,0.5824536188017294,0.14480171371096257,1.0701208085555376,0.5824536188017294,0.14480171371096257,1.0701208085555376,0.0,1
7.447999999999402,TOUCH/HOLD,0.5824536188017294,0.14480171371096257,1.0701208085555376,0.5824536188017294,0.14480171371096257,1.0701208085555376,0.0,1
7.4499999999994015,TOUCH/HOLD,0.5824536188017294,0.14480171371096257,1.0701208085555376,0.5824536188017294,0.14480171371096257,1.0701208085555376,0.0,1
7.451999999999401,TOUCH/HOLD,0.5824536188017294,0.14480171371096257,1.0701208085555376,0.5824536188017294,0.14480171371096257,1.0701208085555376,0.0,1
7.453999999999401,TOUCH/HOLD,0.5824536188017294,0.14480171371096257,1.0701208085555376,0.5824536188017294,0.14480171371096257,1.0701208085555376,0.0,1
7.455999999999401,TOUCH/HOLD,0.5824536188017294,0.14480171371096257,1.0701208085555376,0.5824536188017294,0.14480171371096257,1.0701208085555376,0.0,1
7.457999999999401,TOUCH/HOLD,0.5824536188017294,0.14480171371096257,1.0701208085555376,0.5824536188017294,0.14480171371096257,1.0701208085555376,0.0,1
7.4599999999994,TOUCH/HOLD,0.5824536188017294,0.14480171371096257,1.0701208085555376,0.5824536188017294,0.14480171371096257,1.0701208085555376,0.0,1
7.4619999999994,TOUCH/HOLD,0.5824536188017294,0.14480171371096257,1.0701208085555376,0.5824536188017294,0.14480171371096257,1.0701208085555376,0.0,1
7.4639999999994,TOUCH/HOLD,0.5824536188017294,0.14480171371096257,1.0701208085555376,0.5824536188017294,0.14480171371096257,1.0701208085555376,0.0,1
7.4659999999994,TOUCH/HOLD,0.5824536188017294,0.14480171371096257,1.0701208085555376,0.5824536188017294,0.14480171371096257,1.0701208085555376,0.0,1
7.4679999999994,TOUCH/HOLD,0.5824536188017294,0.14480171371096257,1.0701208085555376,0.5824536188017294,0.14480171371096257,1.0701208085555376,0.0,1
7.469999999999399,TOUCH/HOLD,0.5824536188017294,0.14480171371096257,1.0701208085555376,0.5824536188017294,0.14480171371096257,1.0701208085555376,0.0,1
7.471999999999399,TOUCH/HOLD,0.5824536188017294,0.14480171371096257,1.0701208085555376,0.5824536188017294,0.14480171371096257,1.0701208085555376,0.0,1
7.473999999999399,TOUCH/HOLD,0.5824536188017294,0.14480171371096257,1.0701208085555376,0.5824536188017294,0.14480171371096257,1.0701208085555376,0.0,1
7.475999999999399,TOUCH/HOLD,0.5824536188017294,0.14480171371096257,1.0701208085555376,0.5824536188017294,0.14480171371096257,1.0701208085555376,0.0,1
7.4779999999993985,TOUCH/HOLD,0.5824536188017294,0.14480171371096257,1.0701208085555376,0.5824536188017294,0.14480171371096257,1.0701208085555376,0.0,1
7.479999999999398,TOUCH/HOLD,0.5824536188017294,0.14480171371096257,1.0701208085555376,0.5824536188017294,0.14480171371096257,1.0701208085555376,0.0,1
7.481999999999398,TOUCH/HOLD,0.5824536188017294,0.14480171371096257,1.0701208085555376,0.5824536188017294,0.14480171371096257,1.0701208085555376,0.0,1
7.483999999999398,TOUCH/HOLD,0.5824536188017294,0.14480171371096257,1.0701208085555376,0.5824536188017294,0.14480171371096257,1.0701208085555376,0.0,1
7.485999999999398,TOUCH/HOLD,0.5824536188017294,0.14480171371096257,1.0701208085555376,0.5824536188017294,0.14480171371096257,1.0701208085555376,0.0,1
7.487999999999397,TOUCH/HOLD,0.5824536188017294,0.14480171371096257,1.0701208085555376,0.5824536188017294,0.14480171371096257,1.0701208085555376,0.0,1
7.489999999999397,TOUCH/HOLD,0.5824536188017294,0.14480171371096257,1.0701208085555376,0.5824536188017294,0.14480171371096257,1.0701208085555376,0.0,1
7.491999999999397,TOUCH/HOLD,0.5824536188017294,0.14480171371096257,1.0701208085555376,0.5824536188017294,0.14480171371096257,1.0701208085555376,0.0,1
7.493999999999397,TOUCH/HOLD,0.5824536188017294,0.14480171371096257,1.0701208085555376,0.5824536188017294,0.14480171371096257,1.0701208085555376,0.0,1
7.4959999999993965,TOUCH/HOLD,0.5824536188017294,0.14480171371096257,1.0701208085555376,0.5824536188017294,0.14480171371096257,1.0701208085555376,0.0,1
7.497999999999396,TOUCH/HOLD,0.5824536188017294,0.14480171371096257,1.0701208085555376,0.5824536188017294,0.14480171371096257,1.0701208085555376,0.0,1
7.499999999999396,TOUCH/HOLD,0.5824536188017294,0.14480171371096257,1.0701208085555376,0.5824536188017294,0.14480171371096257,1.0701208085555376,0.0,1
7.501999999999396,TOUCH/HOLD,0.5824536188017294,0.14480171371096257,1.0701208085555376,0.5824536188017294,0.14480171371096257,1.0701208085555376,0.0,1
7.503999999999396,TOUCH/HOLD,0.5824536188017294,0.14480171371096257,1.0701208085555376,0.5824536188017294,0.14480171371096257,1.0701208085555376,0.0,1
7.505999999999395,TOUCH/HOLD,0.5824536188017294,0.14480171371096257,1.0701208085555376,0.5824536188017294,0.14480171371096257,1.0701208085555376,0.0,1
7.507999999999395,RETURN,0.5824536188017294,0.14480171371096257,1.0701208085555376,0.5824536188017294,0.14480171371096257,1.0701208085555376,0.0,1
7.509999999999395,RETURN,0.5824535654312385,0.14480176255672322,1.0701198536491723,0.5824536188017294,0.14480171371096257,1.0701208085555376,9.576431925050605e-07,1
7.511999999999395,RETURN,0.58245340540528,0.14480190900693876,1.070116990629119,0.5824536188017294,0.14480171371096257,1.0701208085555376,3.8288693762715475e-06,1
7.5139999999993945,RETURN,0.5824531388380564,0.14480215293072374,1.0701122220449524,0.5824536188017294,0.14480171371096257,1.0701208085555376,8.611123222674803e-06,1
7.515999999999394,RETURN,0.5824527658250848,0.1448024941968135,1.0701055504475891,0.5824536188017294,0.14480171371096257,1.0701208085555376,1.5301849087161927e-05,1
7.517999999999394,RETURN,0.5824522864432754,0.1448029326735652,1.070096978389288,0.5824536188017294,0.14480171371096257,1.0701208085555376,2.3898491005950183e-05,1
7.519999999999394,RETURN,0.5824517007510183,0.14480346822895943,1.0700865084236368,0.5824536188017294,0.14480171371096257,1.0701208085555376,3.439849270449279e-05,1
7.521999999999394,RETURN,0.5824510087882665,0.14480410073060165,1.0700741431055554,0.5824536188017294,0.14480171371096257,1.0701208085555376,4.6799297591705344e-05,1
7.523999999999393,RETURN,0.5824502105766184,0.14480483004572298,1.0700598849912866,0.5824536188017294,0.14480171371096257,1.0701208085555376,6.109834876488206e-05,1
7.525999999999393,RETURN,0.5824493061194008,0.14480565604118154,1.070043736638395,0.5824536188017294,0.14480171371096257,1.0701208085555376,7.729308900835591e-05,1
7.527999999999393,RETURN,0.5824482954017545,0.14480657858346396,1.0700257006057612,0.5824536188017294,0.14480171371096257,1.0701208085555376,9.53809607962706e-05,1
7.529999999999393,RETURN,0.5824471783907136,0.14480759753868538,1.0700057794535802,0.5824536188017294,0.14480171371096257,1.0701208085555376,0.00011535940629114281,1
7.5319999999993925,RETURN,0.5824459550352932,0.14480871277259136,1.0699839757433578,0.5824536188017294,0.14480171371096257,1.0701208085555376,0.00013722586734542808,1
7.533999999999392,RETURN,0.5824446252665669,0.1448099241505579,1.0699602920379077,0.5824536188017294,0.14480171371096257,1.0701208085555376,0.0001609777855019439,1
7.535999999999392,RETURN,0.582443188997756,0.14481123153759268,1.069934730901349,0.5824536188017294,0.14480171371096257,1.0701208085555376,0.0001866126019941745,1
7.537999999999392,RETURN,0.5824416461243063,0.14481263479833525,1.0699072948991035,0.5824536188017294,0.14480171371096257,1.0701208085555376,0.00021412775774739631,1
7.539999999999392,RETURN,0.5824399965239757,0.14481413379705776,1.069877986597896,0.5824536188017294,0.14480171371096257,1.0701208085555376,0.0002435206933767663,1
7.541999999999391,RETURN,0.582438240056912,0.14481572839766615,1.0698468085657493,0.5824536188017294,0.14480171371096257,1.0701208085555376,0.00027478884919067116,1
7.543999999999391,RETURN,0.5824363765657415,0.14481741846369897,1.0698137633719877,0.5824536188017294,0.14480171371096257,1.0701208085555376,0.00030792966518595235,1
7.545999999999391,RETURN,0.5824344058756454,0.1448192038583294,1.0697788535872308,0.5824536188017294,0.14480171371096257,1.0701208085555376,0.0003429405810535216,1
7.547999999999391,RETURN,0.582432327794447,0.14482108444436434,1.069742081783395,0.5824536188017294,0.14480171371096257,1.0701208085555376,0.0003798190361754343,1
7.5499999999993905,RETURN,0.5824301421126904,0.14482306008424511,1.0697034505336944,0.5824536188017294,0.14480171371096257,1.0701208085555376,0.0004185624696235901,1
7.55199999999939,RETURN,0.5824278486037252,0.14482513064004757,1.0696629624126406,0.5824536188017294,0.14480171371096257,1.0701208085555376,0.0004591683201600679,1
7.55399999999939,RETURN,0.5824254470237878,0.14482729597348132,1.0696206199960385,0.5824536188017294,0.14480171371096257,1.0701208085555376,0.0005016340262399698,1
7.55599999999939,RETURN,0.5824229371120837,0.1448295559458915,1.0695764258609928,0.5824536188017294,0.14480171371096257,1.0701208085555376,0.0005459570260059238,1
7.55799999999939,RETURN,0.5824203185908685,0.14483191041825633,1.069530382585904,0.5824536188017294,0.14480171371096257,1.0701208085555376,0.000592134757291454,1
7.559999999999389,RETURN,0.5824175911655318,0.14483435925118904,1.0694824927504722,0.5824536188017294,0.14480171371096257,1.0701208085555376,0.0006401646576177785,1
7.561999999999389,RETURN,0.582414754524677,0.1448369023049357,1.0694327589356956,0.5824536188017294,0.14480171371096257,1.0701208085555376,0.0006900441641963114,1
7.563999999999389,RETURN,0.5824118083402043,0.14483953943937677,1.0693811837238736,0.5824536188017294,0.14480171371096257,1.0701208085555376,0.0007417707139251453,1
7.565999999999389,RETURN,0.5824087522673919,0.14484227051402512,1.0693277696986105,0.5824536188017294,0.14480171371096257,1.0701208085555376,0.0007953417433872591,1
7.5679999999993885,RETURN,0.582405585944978,0.1448450953880265,1.069272519444812,0.5824536188017294,0.14480171371096257,1.0701208085555376,0.0008507546888546124,1
7.569999999999388,RETURN,0.5824023089952419,0.1448480139201587,1.0692154355486925,0.5824536188017294,0.14480171371096257,1.0701208085555376,0.0009080069862821362,1
7.571999999999388,RETURN,0.5823989210240851,0.14485102596883057,1.0691565205977744,0.5824536188017294,0.14480171371096257,1.0701208085555376,0.000967096071309518,1
7.573999999999388,RETURN,0.5823954216211134,0.1448541313920824,1.0690957771808933,0.5824536188017294,0.14480171371096257,1.0701208085555376,0.0010280193792583674,1
7.575999999999388,RETURN,0.5823918103597181,0.14485733004758372,1.0690332078881977,0.5824536188017294,0.14480171371096257,1.0701208085555376,0.0010907743451334373,1
7.5779999999993874,RETURN,0.5823880867971571,0.14486062179263384,1.068968815311156,0.5824536188017294,0.14480171371096257,1.0701208085555376,0.001155358403617743,1
7.579999999999387,RETURN,0.582384250474635,0.1448640064841602,1.0689026020425563,0.5824536188017294,0.14480171371096257,1.0701208085555376,0.0012217689890755283,1
7.581999999999387,RETURN,0.5823803009173855,0.14486748397871765,1.0688345706765119,0.5824536188017294,0.14480171371096257,1.0701208085555376,0.001290003535547792,1
7.583999999999387,RETURN,0.5823762376347519,0.1448710541324874,1.068764723808465,0.5824536188017294,0.14480171371096257,1.0701208085555376,0.0013600594767520355,1
7.585999999999387,RETURN,0.5823720601202667,0.14487471680127603,1.0686930640351902,0.5824536188017294,0.14480171371096257,1.0701208085555376,0.0014319342460809442,1
7.587999999999386,RETURN,0.5823677678517354,0.1448784718405145,1.0686195939548004,0.5824536188017294,0.14480171371096257,1.0701208085555376,0.00150562527659893,1
7.589999999999386,RETURN,0.5823633602913132,0.14488231910525662,1.0685443161667478,0.5824536188017294,0.14480171371096257,1.0701208085555376,0.0015811300010447934,1
7.591999999999386,RETURN,0.5823588368855892,0.14488625845017813,1.068467233271832,0.5824536188017294,0.14480171371096257,1.0701208085555376,0.001658445851825915,1
7.593999999999386,RETURN,0.5823541970656644,0.14489028972957507,1.068388347872205,0.5824536188017294,0.14480171371096257,1.0701208085555376,0.0017375702610164842,1
7.5959999999993855,RETURN,0.582349440247234,0.144894412797363,1.0683076625713734,0.5824536188017294,0.14480171371096257,1.0701208085555376,0.001818500660359196,1
7.597999999999385,RETURN,0.5823445658306654,0.14489862750707486,1.0682251799742057,0.5824536188017294,0.14480171371096257,1.0701208085555376,0.0019012344812613196,1
7.599999999999385,RETURN,0.5823395732010812,0.1449029337118601,1.0681409026869377,0.5824536188017294,0.14480171371096257,1.0701208085555376,0.001985769154792441,1
7.601999999999385,RETURN,0.582334461728437,0.14490733126448255,1.068054833317181,0.5824536188017294,0.14480171371096257,1.0701208085555376,0.0020721021116801566,1
7.603999999999385,RETURN,0.5823292307676036,0.14491182001731961,1.0679669744739233,0.5824536188017294,0.14480171371096257,1.0701208085555376,0.0021602307823139094,1
7.605999999999384,RETURN,0.5823238796584448,0.14491639982235985,1.0678773287675376,0.5824536188017294,0.14480171371096257,1.0701208085555376,0.0022501525967391954,1
7.607999999999384,RETURN,0.5823184077258997,0.14492107053120173,1.0677858988097895,0.5824536188017294,0.14480171371096257,1.0701208085555376,0.002341864984655223,1
7.609999999999384,RETURN,0.5823128142800598,0.14492583199505196,1.0676926872138437,0.5824536188017294,0.14480171371096257,1.0701208085555376,0.0024353653754123432,1
7.611999999999384,RETURN,0.5823070986162516,0.1449306840647231,1.067597696594269,0.5824536188017294,0.14480171371096257,1.0701208085555376,0.002530651198011669,1
7.6139999999993835,RETURN,0.5823012600151144,0.14493562659063242,1.0675009295670461,0.5824536188017294,0.14480171371096257,1.0701208085555376,0.002627719881102129,1
7.615999999999383,RETURN,0.5822952977426801,0.14494065942279946,1.0674023887495752,0.5824536188017294,0.14480171371096257,1.0701208085555376,0.0027265688529771646,1
7.617999999999383,RETURN,0.5822892110504542,0.1449457824108447,1.0673020767606827,0.5824536188017294,0.14480171371096257,1.0701208085555376,0.0028271955415731615,1
7.619999999999383,RETURN,0.5822829991754919,0.14495099540398654,1.0671999962206304,0.5824536188017294,0.14480171371096257,1.0701208085555376,0.002929597374465528,1
7.621999999999383,RETURN,0.5822766613404817,0.14495629825104045,1.0670961497511202,0.5824536188017294,0.14480171371096257,1.0701208085555376,0.0030337717788689856,1
7.623999999999382,RETURN,0.582270196753822,0.1449616908004157,1.0669905399753037,0.5824536188017294,0.14480171371096257,1.0701208085555376,0.003139716181632994,1
7.625999999999382,RETURN,0.5822636046096993,0.14496717290011416,1.066883169517792,0.5824536188017294,0.14480171371096257,1.0701208085555376,0.0032474280092376876,1
7.627999999999382,RETURN,0.5822568840881709,0.1449727443977275,1.0667740410046607,0.5824536188017294,0.14480171371096257,1.0701208085555376,0.003356904687794545,1
7.629999999999382,RETURN,0.5822500343552404,0.14497840514043547,1.0666631570634597,0.5824536188017294,0.14480171371096257,1.0701208085555376,0.0034681436430415986,1
7.6319999999993815,RETURN,0.5822430545629387,0.14498415497500275,1.0665505203232235,0.5824536188017294,0.14480171371096257,1.0701208085555376,0.0035811423003397347,1
7.633999999999381,RETURN,0.5822359438494018,0.14498999374777752,1.0664361334144767,0.5824536188017294,0.14480171371096257,1.0701208085555376,0.0036958980846724795,1
7.635999999999381,RETURN,0.58222870133895,0.14499592130468858,1.0663199989692447,0.5824536188017294,0.14480171371096257,1.0701208085555376,0.0038124084206417512,1
7.637999999999381,RETURN,0.5822213261421659,0.14500193749124304,1.066202119621063,0.5824536188017294,0.14480171371096257,1.0701208085555376,0.003930670732464256,1
7.639999999999381,RETURN,0.5822138173559748,0.14500804215252397,1.0660824980049861,0.5824536188017294,0.14480171371096257,1.0701208085555376,0.00405068244396899,1
7.64199999999938,RETURN,0.5822061740637209,0.14501423513318748,1.0659611367575967,0.5824536188017294,0.14480171371096257,1.0701208085555376,0.004172440978594798,1
7.64399999999938,RETURN,0.5821983953352471,0.14502051627746063,1.0658380385170163,0.5824536188017294,0.14480171371096257,1.0701208085555376,0.0042959437593857105,1
7.64599999999938,RETURN,0.5821904802269726,0.1450268854291388,1.065713205922912,0.5824536188017294,0.14480171371096257,1.0701208085555376,0.004421188208990865,1
7.64799999999938,RETURN,0.582182427781972,0.1450333424315825,1.0655866416165096,0.5824536188017294,0.14480171371096257,1.0701208085555376,0.004548171749658028,1
7.6499999999993795,RETURN,0.5821742370300531,0.14503988712771543,1.065458348240602,0.5824536188017294,0.14480171371096257,1.0701208085555376,0.004676891803232434,1
7.651999999999379,RETURN,0.5821659069878349,0.14504651936002116,1.0653283284395596,0.5824536188017294,0.14480171371096257,1.0701208085555376,0.004807345791152319,1
7.653999999999379,RETURN,0.582157436658824,0.1450532389705407,1.0651965848593412,0.5824536188017294,0.14480171371096257,1.0701208085555376,0.00493953113444625,1
7.655999999999379,RETURN,0.5821488250334974,0.1450600458008697,1.0650631201475032,0.5824536188017294,0.14480171371096257,1.0701208085555376,0.005073445253729939,1
7.657999999999379,RETURN,0.5821400710893737,0.14506693969215553,1.0649279369532096,0.5824536188017294,0.14480171371096257,1.0701208085555376,0.005209085569203807,1
7.659999999999378,RETURN,0.5821311737910962,0.14507392048509443,1.0647910379272474,0.5824536188017294,0.14480171371096257,1.0701208085555376,0.005346449500645312,1
7.661999999999378,RETURN,0.5821221320905077,0.14508098801992825,1.0646524257220296,0.5824536188017294,0.14480171371096257,1.0701208085555376,0.005485534467412471,1
7.663999999999378,RETURN,0.5821129449267295,0.1450881421364423,1.0645121029916145,0.5824536188017294,0.14480171371096257,1.0701208085555376,0.005626337888432621,1
7.665999999999378,RETURN,0.5821036112262377,0.14509538267396188,1.0643700723917087,0.5824536188017294,0.14480171371096257,1.0701208085555376,0.0057688571822069375,1
7.6679999999993775,RETURN,0.5820941299029421,0.14510270947134882,1.0642263365796856,0.5824536188017294,0.14480171371096257,1.0701208085555376,0.005913089766799307,1
7.669999999999377,RETURN,0.5820844998582616,0.14511012236699938,1.0640808982145922,0.5824536188017294,0.14480171371096257,1.0701208085555376,0.006059033059837572,1
7.671999999999377,RETURN,0.5820747199812042,0.1451176211988407,1.0639337599571617,0.5824536188017294,0.14480171371096257,1.0701208085555376,0.006206684478508511,1
7.673999999999377,RETURN,0.5820647891484411,0.1451252058043273,1.0637849244698252,0.5824536188017294,0.14480171371096257,1.0701208085555376,0.006356041439554138,1
7.675999999999377,RETURN,0.5820547062243856,0.1451328760204387,1.063634394416724,0.5824536188017294,0.14480171371096257,1.0701208085555376,0.006507101359267631,1
7.677999999999376,RETURN,0.58204447006127,0.14514063168367566,1.06348217246372,0.5824536188017294,0.14480171371096257,1.0701208085555376,0.006659861653490297,1
7.679999999999376,RETURN,0.5820340794992226,0.1451484726300572,1.0633282612784094,0.5824536188017294,0.14480171371096257,1.0701208085555376,0.006814319737607063,1
7.681999999999376,RETURN,0.5820235333663427,0.14515639869511734,1.0631726635301322,0.5824536188017294,0.14480171371096257,1.0701208085555376,0.006970473026544373,1
7.683999999999376,RETURN,0.582012830478781,0.14516440971390193,1.0630153818899886,0.5824536188017294,0.14480171371096257,1.0701208085555376,0.007128318934762321,1
7.6859999999993756,RETURN,0.582001969640813,0.145172505520965,1.0628564190308454,0.5824536188017294,0.14480171371096257,1.0701208085555376,0.007287854876256759,1
7.687999999999375,RETURN,0.5819909496449166,0.1451806859503659,1.0626957776273533,0.5824536188017294,0.14480171371096257,1.0701208085555376,0.007449078264550382,1
7.689999999999375,RETURN,0.5819797692718491,0.1451889508356655,1.0625334603559575,0.5824536188017294,0.14480171371096257,1.0701208085555376,0.007611986512690814,1
7.691999999999375,RETURN,0.5819684272907235,0.14519730000992334,1.0623694698949098,0.5824536188017294,0.14480171371096257,1.0701208085555376,0.007776577033246778,1
7.693999999999375,RETURN,0.5819569224590849,0.14520573330569364,1.062203808924282,0.5824536188017294,0.14480171371096257,1.0701208085555376,0.007942847238303411,1
7.6959999999993745,RETURN,0.5819452535229851,0.14521425055502224,1.0620364801259792,0.5824536188017294,0.14480171371096257,1.0701208085555376,0.008110794539458264,1
7.697999999999374,RETURN,0.5819334192170623,0.1452228515894431,1.0618674861837496,0.5824536188017294,0.14480171371096257,1.0701208085555376,0.008280416347819421,1
7.699999999999374,RETURN,0.5819214182646135,0.14523153623997462,1.0616968297832015,0.5824536188017294,0.14480171371096257,1.0701208085555376,0.0084517100739982,1
7.701999999999374,RETURN,0.581909249377673,0.1452403043371162,1.061524513611814,0.5824536188017294,0.14480171371096257,1.0701208085555376,0.008624673128106565,1
7.703999999999374,RETURN,0.5818969112570874,0.1452491557108452,1.0613505403589514,0.5824536188017294,0.14480171371096257,1.0701208085555376,0.008799302919752902,1
7.705999999999373,RETURN,0.5818844025925918,0.14525809019061234,1.0611749127158743,0.5824536188017294,0.14480171371096257,1.0701208085555376,0.008975596858038358,1
7.707999999999373,RETURN,0.5818717220628846,0.14526710760533926,1.0609976333757538,0.5824536188017294,0.14480171371096257,1.0701208085555376,0.009153552351553147,1
7.709999999999373,RETURN,0.5818588683357053,0.145276207783414,1.060818705033688,0.5824536188017294,0.14480171371096257,1.0701208085555376,0.009333166808368725,1
7.711999999999373,RETURN,0.5818458400679074,0.14528539055268813,1.060638130386709,0.5824536188017294,0.14480171371096257,1.0701208085555376,0.009514437636039619,1
7.7139999999993725,RETURN,0.5818326359055364,0.1452946557404724,1.060455912133802,0.5824536188017294,0.14480171371096257,1.0701208085555376,0.009697362241594345,1
7.715999999999372,RETURN,0.5818192544839034,0.1453040031735335,1.0602720529759173,0.5824536188017294,0.14480171371096257,1.0701208085555376,0.009881938031532193,1
7.717999999999372,RETURN,0.5818056944276621,0.1453134326780906,1.0600865556159826,0.5824536188017294,0.14480171371096257,1.0701208085555376,0.01006816241182056,1
7.719999999999372,RETURN,0.5817919543508829,0.14532294407981106,1.0598994227589182,0.5824536188017294,0.14480171371096257,1.0701208085555376,0.010256032787889075,1
7.721999999999372,RETURN,0.581778032857129,0.14533253720380693,1.0597106571116501,0.5824536188017294,0.14480171371096257,1.0701208085555376,0.010445546564625962,1
7.723999999999371,RETURN,0.58176392853953,0.1453422118746317,1.0595202613831234,0.5824536188017294,0.14480171371096257,1.0701208085555376,0.010636701146374347,1
7.725999999999371,RETURN,0.5817496399808589,0.14535196791627544,1.0593282382843183,0.5824536188017294,0.14480171371096257,1.0701208085555376,0.010829493936925432,1
7.727999999999371,RETURN,0.5817351657536062,0.1453618051521623,1.0591345905282628,0.5824536188017294,0.14480171371096257,1.0701208085555376,0.01102392233951607,1
7.729999999999371,RETURN,0.5817205044200549,0.14537172340514581,1.0589393208300446,0.5824536188017294,0.14480171371096257,1.0701208085555376,0.011219983756825645,1
7.7319999999993705,RETURN,0.5817056545323542,0.14538172249750564,1.0587424319068282,0.5824536188017294,0.14480171371096257,1.0701208085555376,0.011417675590969708,1
7.73399999999937,RETURN,0.581690614632597,0.1453918022509432,1.0585439264778693,0.5824536188017294,0.14480171371096257,1.0701208085555376,0.011616995243494197,1
7.73599999999937,RETURN,0.5816753832528913,0.14540196248657833,1.0583438072645264,0.5824536188017294,0.14480171371096257,1.0701208085555376,0.011817940115374747,1
7.73799999999937,RETURN,0.5816599589154374,0.14541220302494523,1.0581420769902763,0.5824536188017294,0.14480171371096257,1.0701208085555376,0.012020507607009926,1
7.73999999999937,RETURN,0.5816443401326008,0.14542252368598862,1.0579387383807295,0.5824536188017294,0.14480171371096257,1.0701208085555376,0.01222469511821655,1
7.741999999999369,RETURN,0.5816285254069871,0.14543292428905966,1.0577337941636442,0.5824536188017294,0.14480171371096257,1.0701208085555376,0.012430500048225044,1
7.743999999999369,RETURN,0.5816125132315172,0.14544340465291267,1.0575272470689372,0.5824536188017294,0.14480171371096257,1.0701208085555376,0.012637919795678708,1
7.745999999999369,RETURN,0.5815963020894996,0.1454539645957003,1.0573190998287052,0.5824536188017294,0.14480171371096257,1.0701208085555376,0.01284695175862221,1
7.747999999999369,RETURN,0.5815798904547064,0.1454646039349704,1.0571093551772335,0.5824536188017294,0.14480171371096257,1.0701208085555376,0.013057593334503046,1
7.7499999999993685,RETURN,0.5815632767914469,0.14547532248766198,1.0568980158510117,0.5824536188017294,0.14480171371096257,1.0701208085555376,0.013269841920165545,1
7.751999999999368,RETURN,0.5815464595546407,0.14548612007010062,1.0566850845887497,0.5824536188017294,0.14480171371096257,1.0701208085555376,0.013483694911845454,1
7.753999999999368,RETURN,0.5815294371898942,0.1454969964979954,1.0564705641313927,0.5824536188017294,0.14480171371096257,1.0701208085555376,0.013699149705164053,1
7.755999999999368,RETURN,0.5815122081335707,0.1455079515864347,1.0562544572221335,0.5824536188017294,0.14480171371096257,1.0701208085555376,0.013916203695127183,1
7.757999999999368,RETURN,0.5814947708128674,0.14551898514988149,1.0560367666064296,0.5824536188017294,0.14480171371096257,1.0701208085555376,0.014134854276117107,1
7.759999999999367,RETURN,0.5814771236458877,0.14553009700217043,1.055817495032015,0.5824536188017294,0.14480171371096257,1.0701208085555376,0.014355098841891659,1
7.761999999999367,RETURN,0.5814592650417143,0.14554128695650329,1.055596645248919,0.5824536188017294,0.14480171371096257,1.0701208085555376,0.014576934785574898,1
7.763999999999367,RETURN,0.5814411934004846,0.14555255482544516,1.0553742200094776,0.5824536188017294,0.14480171371096257,1.0701208085555376,0.014800359499656492,1
7.765999999999367,RETURN,0.581422907113463,0.14556390042092035,1.0551502220683486,0.5824536188017294,0.14480171371096257,1.0701208085555376,0.015025370375986414,1
7.7679999999993665,RETURN,0.5814044045631134,0.14557532355420832,1.0549246541825281,0.5824536188017294,0.14480171371096257,1.0701208085555376,0.015251964805769003,1
7.769999999999366,RETURN,0.5813856841231746,0.1455868240359397,1.0546975191113652,0.5824536188017294,0.14480171371096257,1.0701208085555376,0.015480140179557955,1
7.771999999999366,RETURN,0.5813667441587316,0.14559840167609256,1.054468819616576,0.5824536188017294,0.14480171371096257,1.0701208085555376,0.015709893887253145,1
7.773999999999366,RETURN,0.5813475830262902,0.14561005628398824,1.0542385584622564,0.5824536188017294,0.14480171371096257,1.0701208085555376,0.01594122331809721,1
7.775999999999366,RETURN,0.5813281990738495,0.14562178766828682,1.0540067384149021,0.5824536188017294,0.14480171371096257,1.0701208085555376,0.01617412586066718,1
7.777999999999365,RETURN,0.5813085906409743,0.14563359563698397,1.053773362243419,0.5824536188017294,0.14480171371096257,1.0701208085555376,0.016408598902872835,1
7.779999999999365,RETURN,0.5812887560588691,0.14564547999740626,1.053538432719141,0.5824536188017294,0.14480171371096257,1.0701208085555376,0.01664463983195044,1
7.781999999999365,RETURN,0.5812686936504505,0.1456574405562074,1.053301952615842,0.5824536188017294,0.14480171371096257,1.0701208085555376,0.016882246034459952,1
7.783999999999365,RETURN,0.58124840173042,0.14566947711936412,1.0530639247097542,0.5824536188017294,0.14480171371096257,1.0701208085555376,0.017121414896277797,1
7.7859999999993645,RETURN,0.5812278786053358,0.1456815894921721,1.0528243517795808,0.5824536188017294,0.14480171371096257,1.0701208085555376,0.0173621438025941,1
7.787999999999364,RETURN,0.5812071225736876,0.14569377747924217,1.0525832366065109,0.5824536188017294,0.14480171371096257,1.0701208085555376,0.017604430137908147,1
7.789999999999364,RETURN,0.581186131925967,0.145706040884496,1.0523405819742366,0.5824536188017294,0.14480171371096257,1.0701208085555376,0.017848271286021573,1
7.791999999999364,RETURN,0.5811649049447408,0.14571837951116204,1.0520963906689653,0.5824536188017294,0.14480171371096257,1.0701208085555376,0.018093664630036567,1
7.793999999999364,RETURN,0.5811434399047232,0.14573079316177145,1.0518506654794362,0.5824536188017294,0.14480171371096257,1.0701208085555376,0.018340607552349307,1
7.795999999999363,RETURN,0.581121735072849,0.1457432816381547,1.0516034091969355,0.5824536188017294,0.14480171371096257,1.0701208085555376,0.018589097434645128,1
7.797999999999363,RETURN,0.5810997887083446,0.1457558447414365,1.0513546246153103,0.5824536188017294,0.14480171371096257,1.0701208085555376,0.018839131657895327,1
7.799999999999363,RETURN,0.5810775990628001,0.14576848227203243,1.0511043145309846,0.5824536188017294,0.14480171371096257,1.0701208085555376,0.019090707602350803,1
7.801999999999363,RETURN,0.5810551643802426,0.14578119402964487,1.050852481742972,0.5824536188017294,0.14480171371096257,1.0701208085555376,0.019343822647540303,1
7.803999999999363,RETURN,0.5810324828972072,0.1457939798132586,1.0505991290528958,0.5824536188017294,0.14480171371096257,1.0701208085555376,0.0195984741722603,1
7.805999999999362,RETURN,0.5810095528428094,0.1458068394211372,1.0503442592649956,0.5824536188017294,0.14480171371096257,1.0701208085555376,0.019854659554578144,1
7.807999999999362,RETURN,0.5809863724388165,0.1458197726508187,1.0500878751861524,0.5824536188017294,0.14480171371096257,1.0701208085555376,0.020112376171818384,1
7.809999999999362,RETURN,0.58096293989972,0.14583277929911156,1.0498299796258959,0.5824536188017294,0.14480171371096257,1.0701208085555376,0.02037162140056473,1
7.811999999999362,RETURN,0.5809392534328062,0.14584585916209106,1.0495705753964197,0.5824536188017294,0.14480171371096257,1.0701208085555376,0.020632392616655334,1
7.8139999999993615,RETURN,0.5809153112382289,0.14585901203509477,1.0493096653126024,0.5824536188017294,0.14480171371096257,1.0701208085555376,0.020894687195172443,1
7.815999999999361,RETURN,0.5808911115090807,0.14587223771271868,1.049047252192015,0.5824536188017294,0.14480171371096257,1.0701208085555376,0.021158502510444464,1
7.817999999999361,RETURN,0.580866652431464,0.14588553598881346,1.0487833388549412,0.5824536188017294,0.14480171371096257,1.0701208085555376,0.021423835936035987,1
7.819999999999361,RETURN,0.5808419321845628,0.14589890665647998,1.048517928124389,0.5824536188017294,0.14480171371096257,1.0701208085555376,0.021690684844747253,1
7.821999999999361,RETURN,0.5808169489407136,0.14591234950806586,1.0482510228261057,0.5824536188017294,0.14480171371096257,1.0701208085555376,0.021959046608608198,1
7.82399999999936,RETURN,0.580791700865477,0.14592586433516086,1.0479826257885967,0.5824536188017294,0.14480171371096257,1.0701208085555376,0.0222289185988703,1
7.82599999999936,RETURN,0.5807661861177091,0.14593945092859353,1.047712739843134,0.5824536188017294,0.14480171371096257,1.0701208085555376,0.022500298186008124,1
7.82799999999936,RETURN,0.5807404028496314,0.1459531090784267,1.0474413678237744,0.5824536188017294,0.14480171371096257,1.0701208085555376,0.022773182739711656,1
7.82999999999936,RETURN,0.5807143492069027,0.145966838573954,1.0471685125673755,0.5824536188017294,0.14480171371096257,1.0701208085555376,0.023047569628879525,1
7.8319999999993595,RETURN,0.5806880233286906,0.14598063920369542,1.0468941769136084,0.5824536188017294,0.14480171371096257,1.0701208085555376,0.02332345622161724,1
7.833999999999359,RETURN,0.5806614233477408,0.1459945107553936,1.0466183637049717,0.5824536188017294,0.14480171371096257,1.0701208085555376,0.023600839885232684,1
7.835999999999359,RETURN,0.5806345473904486,0.14600845301601004,1.046341075786808,0.5824536188017294,0.14480171371096257,1.0701208085555376,0.023879717986230117,1
7.837999999999359,RETURN,0.5806073935769303,0.14602246577172087,1.0460623160073157,0.5824536188017294,0.14480171371096257,1.0701208085555376,0.024160087890307415,1
7.839999999999359,RETURN,0.5805799600210926,0.146036548807913,1.0457820872175683,0.5824536188017294,0.14480171371096257,1.0701208085555376,0.024441946962348183,1
7.841999999999358,RETURN,0.5805522448307034,0.14605070190918024,1.045500392271524,0.5824536188017294,0.14480171371096257,1.0701208085555376,0.024725292566420778,1
7.843999999999358,RETURN,0.5805242461074631,0.14606492485931966,1.0452172340260422,0.5824536188017294,0.14480171371096257,1.0701208085555376,0.025010122065772643,1
7.845999999999358,RETURN,0.5804959619470739,0.1460792174413272,1.0449326153408982,0.5824536188017294,0.14480171371096257,1.0701208085555376,0.025296432822824667,1
7.847999999999358,RETURN,0.5804673904393104,0.1460935794373941,1.0446465390787978,0.5824536188017294,0.14480171371096257,1.0701208085555376,0.025584222199167277,1
7.8499999999993575,RETURN,0.5804385296680905,0.1461080106289031,1.0443590081053893,0.5824536188017294,0.14480171371096257,1.0701208085555376,0.025873487555557566,1
7.851999999999357,RETURN,0.5804093777115444,0.14612251079642438,1.0440700252892818,0.5824536188017294,0.14480171371096257,1.0701208085555376,0.026164226251911143,1
7.853999999999357,RETURN,0.5803799326420856,0.14613707971971177,1.0437795935020555,0.5824536188017294,0.14480171371096257,1.0701208085555376,0.02645643564730162,1
7.855999999999357,RETURN,0.5803501925264798,0.14615171717769898,1.0434877156182782,0.5824536188017294,0.14480171371096257,1.0701208085555376,0.026750113099953517,1
7.857999999999357,RETURN,0.5803201554259166,0.1461664229484957,1.0431943945155184,0.5824536188017294,0.14480171371096257,1.0701208085555376,0.02704525596723913,1
7.859999999999356,RETURN,0.5802898193960774,0.14618119680938418,1.0428996330743594,0.5824536188017294,0.14480171371096257,1.0701208085555376,0.02734186160567396,1
7.861999999999356,RETURN,0.5802591824872058,0.1461960385368147,1.0426034341784152,0.5824536188017294,0.14480171371096257,1.0701208085555376,0.027639927370910394,1
7.863999999999356,RETURN,0.580228242744178,0.14621094790640252,1.042305800714341,0.5824536188017294,0.14480171371096257,1.0701208085555376,0.027939450617736627,1
7.865999999999356,RETURN,0.5801969982065713,0.14622592469292345,1.0420067355718514,0.5824536188017294,0.14480171371096257,1.0701208085555376,0.028240428700068675,1
7.8679999999993555,RETURN,0.5801654469087345,0.1462409686703109,1.041706241643729,0.5824536188017294,0.14480171371096257,1.0701208085555376,0.028542858970950085,1
7.869999999999355,RETURN,0.5801335868798569,0.14625607961165177,1.041404321825843,0.5824536188017294,0.14480171371096257,1.0701208085555376,0.028846738782543787,1
7.871999999999355,RETURN,0.5801014161440372,0.14627125728918236,1.0411009790171626,0.5824536188017294,0.14480171371096257,1.0701208085555376,0.029152065486127806,1
7.873999999999355,RETURN,0.5800689327203535,0.14628650147428518,1.0407962161197646,0.5824536188017294,0.14480171371096257,1.0701208085555376,0.029458836432096503,1
7.875999999999355,RETURN,0.5800361346229322,0.14630181193748537,1.0404900360388565,0.5824536188017294,0.14480171371096257,1.0701208085555376,0.029767048969947564,1
7.877999999999354,RETURN,0.5800030198610179,0.14631718844844638,1.0401824416827825,0.5824536188017294,0.14480171371096257,1.0701208085555376,0.030076700448284668,1
7.879999999999354,RETURN,0.5799695864390402,0.14633263077596703,1.0398734359630402,0.5824536188017294,0.14480171371096257,1.0701208085555376,0.030387788214810474,1
7.881999999999354,RETURN,0.5799358323566857,0.1463481386879778,1.039563021794293,0.5824536188017294,0.14480171371096257,1.0701208085555376,0.030700309616322682,1
7.883999999999354,RETURN,0.5799017556089638,0.1463637119515365,1.0392512020943847,0.5824536188017294,0.14480171371096257,1.0701208085555376,0.03101426199870956,1
7.8859999999993535,RETURN,0.5798673541862785,0.14637935033282576,1.0389379797843523,0.5824536188017294,0.14480171371096257,1.0701208085555376,0.031329642706945084,1
7.887999999999353,RETURN,0.5798326260744949,0.14639505359714866,1.0386233577884378,0.5824536188017294,0.14480171371096257,1.0701208085555376,0.03164644908508695,1
7.889999999999353,RETURN,0.5797975692550079,0.1464108215089255,1.0383073390341027,0.5824536188017294,0.14480171371096257,1.0701208085555376,0.03196467847627087,1
7.891999999999353,RETURN,0.5797621817048135,0.1464266538316904,1.0379899264520416,0.5824536188017294,0.14480171371096257,1.0701208085555376,0.032284328222705314,1
7.893999999999353,RETURN,0.5797264613965728,0.14644255032808756,1.0376711229761946,0.5824536188017294,0.14480171371096257,1.0701208085555376,0.03260539566566892,1
7.895999999999352,RETURN,0.5796904062986842,0.14645851075986754,1.0373509315437588,0.5824536188017294,0.14480171371096257,1.0701208085555376,0.032927878145506954,1
7.897999999999352,RETURN,0.5796540143753504,0.14647453488788476,1.0370293550952032,0.5824536188017294,0.14480171371096257,1.0701208085555376,0.03325177300162559,1
7.899999999999352,RETURN,0.579617283586646,0.14649062247209282,1.0367063965742809,0.5824536188017294,0.14480171371096257,1.0701208085555376,0.03357707757248831,1
7.901999999999352,RETURN,0.5795802118885869,0.14650677327154207,1.036382058928041,0.5824536188017294,0.14480171371096257,1.0701208085555376,0.03390378919561232,1
7.9039999999993515,RETURN,0.5795427972331973,0.14652298704437575,1.036056345106842,0.5824536188017294,0.14480171371096257,1.0701208085555376,0.03423190520756424,1
7.905999999999351,RETURN,0.5795050375685777,0.14653926354782648,1.0357292580643647,0.5824536188017294,0.14480171371096257,1.0701208085555376,0.03456142294395555,1
7.907999999999351,RETURN,0.5794669308389746,0.1465556025382135,1.0354008007576232,0.5824536188017294,0.14480171371096257,1.0701208085555376,0.034892339739439324,1
7.909999999999351,RETURN,0.5794284749848462,0.14657200377093857,1.0350709761469779,0.5824536188017294,0.14480171371096257,1.0701208085555376,0.03522465292770678,1
7.911999999999351,RETURN,0.5793896679429306,0.14658846700048359,1.0347397871961486,0.5824536188017294,0.14480171371096257,1.0701208085555376,0.0355583598414816,1
7.91399999999935,RETURN,0.5793505076463145,0.14660499198040616,1.0344072368722264,0.5824536188017294,0.14480171371096257,1.0701208085555376,0.03589345781251674,1
7.91599999999935,RETURN,0.5793109920245003,0.1466215784633375,1.034073328145684,0.5824536188017294,0.14480171371096257,1.0701208085555376,0.03622994417159202,1
7.91799999999935,RETURN,0.5792711190034723,0.14663822620097836,1.0337380639903901,0.5824536188017294,0.14480171371096257,1.0701208085555376,0.036567816248508155,1
7.91999999999935,RETURN,0.579230886505767,0.1466549349440965,1.0334014473836206,0.5824536188017294,0.14480171371096257,1.0701208085555376,0.036907071372083454,1
7.92199999999935,RETURN,0.5791902924505375,0.14667170444252267,1.0330634813060693,0.5824536188017294,0.14480171371096257,1.0701208085555376,0.03724770687015095,1
7.923999999999349,RETURN,0.5791493347536227,0.14668853444514834,1.0327241687418607,0.5824536188017294,0.14480171371096257,1.0701208085555376,0.03758972006955373,1
7.925999999999349,RETURN,0.5791080113276138,0.14670542469992212,1.032383512678562,0.5824536188017294,0.14480171371096257,1.0701208085555376,0.03793310829614066,1
7.927999999999349,RETURN,0.5790663200819208,0.14672237495384657,1.0320415161071939,0.5824536188017294,0.14480171371096257,1.0701208085555376,0.03827786887476394,1
7.929999999999349,RETURN,0.5790242589228413,0.14673938495297528,1.0316981820222408,0.5824536188017294,0.14480171371096257,1.0701208085555376,0.038623999129275194,1
7.9319999999993485,RETURN,0.5789818257536254,0.14675645444241,1.031353513421665,0.5824536188017294,0.14480171371096257,1.0701208085555376,0.03897149638252078,1
7.933999999999348,RETURN,0.5789390184745445,0.1467735831662972,1.031007513306917,0.5824536188017294,0.14480171371096257,1.0701208085555376,0.0393203579563373,1
7.935999999999348,RETURN,0.5788958349829562,0.14679077086782558,1.0306601846829435,0.5824536188017294,0.14480171371096257,1.0701208085555376,0.039670581171552484,1
7.937999999999348,RETURN,0.5788522731733718,0.14680801728922244,1.0303115305582036,0.5824536188017294,0.14480171371096257,1.0701208085555376,0.040022163347975724,1
7.939999999999348,RETURN,0.578808330937524,0.14682532217175157,1.0299615539446758,0.5824536188017294,0.14480171371096257,1.0701208085555376,0.04037510180439825,1
7.941999999999347,RETURN,0.5787640061644317,0.14684268525570957,1.0296102578578707,0.5824536188017294,0.14480171371096257,1.0701208085555376,0.04072939385858829,1
7.943999999999347,RETURN,0.5787192967404672,0.14686010628042367,1.0292576453168403,0.5824536188017294,0.14480171371096257,1.0701208085555376,0.04108503682728867,1
7.945999999999347,RETURN,0.5786742005494232,0.146877584984248,1.0289037193441912,0.5824536188017294,0.14480171371096257,1.0701208085555376,0.04144202802621033,1
7.947999999999347,RETURN,0.5786287154725779,0.14689512110456168,1.028548482966093,0.5824536188017294,0.14480171371096257,1.0701208085555376,0.041800364770031934,1
7.9499999999993465,RETURN,0.578582839388762,0.1469127143777656,1.028191939212287,0.5824536188017294,0.14480171371096257,1.0701208085555376,0.04216004437239698,1
7.951999999999346,RETURN,0.5785365701744244,0.14693036453927957,1.0278340911161017,0.5824536188017294,0.14480171371096257,1.0701208085555376,0.042521064145906076,1
7.953999999999346,RETURN,0.5784899057036988,0.14694807132353976,1.0274749417144577,0.5824536188017294,0.14480171371096257,1.0701208085555376,0.04288342140211857,1
7.955999999999346,RETURN,0.5784428438484692,0.14696583446399597,1.0271144940478818,0.5824536188017294,0.14480171371096257,1.0701208085555376,0.04324711345154512,1
7.957999999999346,RETURN,0.5783953824784352,0.14698365369310895,1.0267527511605135,0.5824536188017294,0.14480171371096257,1.0701208085555376,0.0436121376036477,1
7.959999999999345,RETURN,0.5783475194611796,0.14700152874234765,1.026389716100117,0.5824536188017294,0.14480171371096257,1.0701208085555376,0.04397849116683424,1
7.961999999999345,RETURN,0.5782992526622318,0.14701945934218683,1.0260253919180917,0.5824536188017294,0.14480171371096257,1.0701208085555376,0.0443461714484549,1
7.963999999999345,RETURN,0.5782505799451354,0.14703744522210435,1.0256597816694784,0.5824536188017294,0.14480171371096257,1.0701208085555376,0.044715175754802015,1
7.965999999999345,RETURN,0.5782014991715113,0.1470554861105785,1.0252928884129726,0.5824536188017294,0.14480171371096257,1.0701208085555376,0.04508550139110288,0
7.9679999999993445,RETURN,0.5781520082011278,0.1470735817350858,1.024924715210932,0.5824536188017294,0.14480171371096257,1.0701208085555376,0.04545714566151889,0
7.969999999999344,RETURN,0.5781021048919593,0.14709173182209834,1.0245552651293854,0.5824536188017294,0.14480171371096257,1.0701208085555376,0.0458301058691425,0
7.971999999999344,RETURN,0.5780517871002571,0.1471099360970811,1.0241845412380435,0.5824536188017294,0.14480171371096257,1.0701208085555376,0.046204379315992805,0
7.973999999999344,RETURN,0.5780010526806123,0.1471281942844901,1.0238125466103054,0.5824536188017294,0.14480171371096257,1.0701208085555376,0.04657996330301432,0
7.975999999999344,RETURN,0.5779498994860212,0.1471465061077696,1.023439284323271,0.5824536188017294,0.14480171371096257,1.0701208085555376,0.04695685513007136,0
7.977999999999343,RETURN,0.5778983253679499,0.14716487128934969,1.0230647574577454,0.5824536188017294,0.14480171371096257,1.0701208085555376,0.04733505209594845,0
7.979999999999343,RETURN,0.5778463281764005,0.14718328955064428,1.022688969098252,0.5824536188017294,0.14480171371096257,1.0701208085555376,0.04771455149834401,0
7.981999999999343,RETURN,0.5777939057599739,0.14720176061204873,1.022311922333038,0.5824536188017294,0.14480171371096257,1.0701208085555376,0.048095350633869376,0
7.983999999999343,RETURN,0.5777410559659362,0.14722028419293737,1.021933620254083,0.5824536188017294,0.14480171371096257,1.0701208085555376,0.04847744679804646,0
7.9859999999993425,RETURN,0.5776877766402831,0.1472388600116617,1.0215540659571105,0.5824536188017294,0.14480171371096257,1.0701208085555376,0.048860837285301426,0
7.987999999999342,RETURN,0.5776340656278037,0.14725748778554773,1.0211732625415921,0.5824536188017294,0.14480171371096257,1.0701208085555376,0.04924551938896583,0
7.989999999999342,RETURN,0.5775799207721463,0.14727616723089437,1.0207912131107553,0.5824536188017294,0.14480171371096257,1.0701208085555376,0.049631490401274014,0
7.991999999999342,RETURN,0.5775253399158807,0.14729489806297072,1.020407920771597,0.5824536188017294,0.14480171371096257,1.0701208085555376,0.050018747613354606,0
7.993999999999342,RETURN,0.5774703209005649,0.14731367999601477,1.0200233886348837,0.5824536188017294,0.14480171371096257,1.0701208085555376,0.05040728831523588,0
7.995999999999341,RETURN,0.5774148615668079,0.14733251274323045,1.0196376198151655,0.5824536188017294,0.14480171371096257,1.0701208085555376,0.05079710979583612,0
7.997999999999341,RETURN,0.5773589597543336,0.14735139601678648,1.0192506174307805,0.5824536188017294,0.14480171371096257,1.0701208085555376,0.051188209342964516,0
7.999999999999341,RETURN,0.5773026133020459,0.147370329527814,1.0188623846038605,0.5824536188017294,0.14480171371096257,1.0701208085555376,0.05158058424331985,0
8.001999999999342,RETURN,0.577245820048092,0.14738931298640445,1.0184729244603432,0.5824536188017294,0.14480171371096257,1.0701208085555376,0.05197423178248321,0
8.003999999999342,RETURN,0.5771885778299258,0.1474083461016081,1.018082240129974,0.5824536188017294,0.14480171371096257,1.0701208085555376,0.05236914924492082,0
8.005999999999343,RETURN,0.5771308844843728,0.14742742858143212,1.0176903347463182,0.5824536188017294,0.14480171371096257,1.0701208085555376,0.05276533391397624,0
8.007999999999344,RETURN,0.5770727378476931,0.14744656013283844,1.0172972114467627,0.5824536188017294,0.14480171371096257,1.0701208085555376,0.05316278307187271,0
8.009999999999344,RETURN,0.5770141357556443,0.14746574046174207,1.016902873372526,0.5824536188017294,0.14480171371096257,1.0701208085555376,0.0535614939997078,0
8.011999999999345,RETURN,0.5769550760435476,0.14748496927301008,1.0165073236686648,0.5824536188017294,0.14480171371096257,1.0701208085555376,0.05396146397745107,0
8.013999999999346,RETURN,0.5768955565463456,0.14750424627045886,1.0161105654840772,0.5824536188017294,0.14480171371096257,1.0701208085555376,0.054362690283944706,0
8.015999999999346,RETURN,0.5768355750986733,0.14752357115685288,1.0157126019715133,0.5824536188017294,0.14480171371096257,1.0701208085555376,0.05476517019689674,0
8.017999999999347,RETURN,0.5767751295349154,0.14754294363390333,1.0153134362875782,0.5824536188017294,0.14480171371096257,1.0701208085555376,0.05516890099288215,0
8.019999999999348,RETURN,0.5767142176892706,0.14756236340226617,1.01491307159274,0.5824536188017294,0.14480171371096257,1.0701208085555376,0.055573879947338985,0
8.021999999999348,RETURN,0.5766528373958172,0.14758183016154075,1.014511511051333,0.5824536188017294,0.14480171371096257,1.0701208085555376,0.05598010433456775,0
8.023999999999349,RETURN,0.5765909864885722,0.1476013436102682,1.0141087578315675,0.5824536188017294,0.14480171371096257,1.0701208085555376,0.056387571427726504,0
8.02599999999935,RETURN,0.5765286628015576,0.14762090344593035,1.0137048151055317,0.5824536188017294,0.14480171371096257,1.0701208085555376,0.05679627849883151,0
8.02799999999935,RETURN,0.5764658641688606,0.14764050936494746,1.0132996860491978,0.5824536188017294,0.14480171371096257,1.0701208085555376,0.057206222818754565,0
8.029999999999351,RETURN,0.5764025884246978,0.14766016106267787,1.01289337384243,0.5824536188017294,0.14480171371096257,1.0701208085555376,0.057617401657218854,0
8.031999999999352,RETURN,0.5763388334034771,0.14767985823341553,1.0124858816689852,0.5824536188017294,0.14480171371096257,1.0701208085555376,0.05802981228280031,0
8.033999999999352,RETURN,0.5762745969398597,0.14769960057039022,1.0120772127165227,0.5824536188017294,0.14480171371096257,1.0701208085555376,0.05844345196292233,0
8.035999999999353,RETURN,0.5762098768688237,0.1477193877657643,1.0116673701766052,0.5824536188017294,0.14480171371096257,1.0701208085555376,0.058858317963856474,0
8.037999999999354,RETURN,0.5761446710257248,0.14773921951063343,1.011256357244705,0.5824536188017294,0.14480171371096257,1.0701208085555376,0.059274407550719777,0
8.039999999999354,RETURN,0.5760789772463603,0.14775909549502414,1.0108441771202095,0.5824536188017294,0.14480171371096257,1.0701208085555376,0.059691717987471846,0
8.041999999999355,RETURN,0.5760127933670293,0.14777901540789282,1.010430833006424,0.5824536188017294,0.14480171371096257,1.0701208085555376,0.06011024653691418,0
8.043999999999356,RETURN,0.5759461172245959,0.1477989789371252,1.010016328110577,0.5824536188017294,0.14480171371096257,1.0701208085555376,0.06052999046068829,0
8.045999999999356,RETURN,0.5758789466565507,0.1478189857695348,1.0096006656438237,0.5824536188017294,0.14480171371096257,1.0701208085555376,0.06095094701927368,0
8.047999999999357,RETURN,0.5758112795010721,0.14783903559086203,1.0091838488212497,0.5824536188017294,0.14480171371096257,1.0701208085555376,0.06137311347198706,0
8.049999999999358,RETURN,0.5757431135970887,0.14785912808577326,1.0087658808618767,0.5824536188017294,0.14480171371096257,1.0701208085555376,0.06179648707697847,0
8.051999999999358,RETURN,0.575674446784341,0.1478792629378598,1.008346764988663,0.5824536188017294,0.14480171371096257,1.0701208085555376,0.062221065091232826,0
8.053999999999359,RETURN,0.5756052769034414,0.147899439829637,1.0079265044285102,0.5824536188017294,0.14480171371096257,1.0701208085555376,0.06264684477056562,0
8.05599999999936,RETURN,0.5755356017959378,0.14791965844254357,1.0075051024122632,0.5824536188017294,0.14480171371096257,1.0701208085555376,0.06307382336962383,0
8.05799999999936,RETURN,0.5754654193043724,0.14793991845694038,1.0070825621747177,0.5824536188017294,0.14480171371096257,1.0701208085555376,0.06350199814188125,0
8.059999999999361,RETURN,0.5753947272723453,0.14796021955211028,1.006658886954618,0.5824536188017294,0.14480171371096257,1.0701208085555376,0.06393136633964142,0
8.061999999999362,RETURN,0.575323523544574,0.14798056140625682,1.0062340799946654,0.5824536188017294,0.14480171371096257,1.0701208085555376,0.06436192521403124,0
8.063999999999362,RETURN,0.5752518059669539,0.14800094369650385,1.0058081445415152,0.5824536188017294,0.14480171371096257,1.0701208085555376,0.06479367201500506,0
8.065999999999363,RETURN,0.5751795723866217,0.14802136609889494,1.0053810838457846,0.5824536188017294,0.14480171371096257,1.0701208085555376,0.06522660399133823,0
8.067999999999364,RETURN,0.5751068206520127,0.14804182828839244,1.004952901162052,0.5824536188017294,0.14480171371096257,1.0701208085555376,0.06566071839062894,0
8.069999999999364,RETURN,0.5750335486129243,0.14806232993887727,1.0045235997488582,0.5824536188017294,0.14480171371096257,1.0701208085555376,0.06609601245929766,0
8.071999999999365,RETURN,0.5749597541205755,0.14808287072314838,1.0040931828687132,0.5824536188017294,0.14480171371096257,1.0701208085555376,0.06653248344258207,0
8.073999999999366,RETURN,0.5748854350276671,0.148103450312922,1.003661653788093,0.5824536188017294,0.14480171371096257,1.0701208085555376,0.06697012858454031,0
8.075999999999366,RETURN,0.5748105891884417,0.1481240683788316,1.0032290157774433,0.5824536188017294,0.14480171371096257,1.0701208085555376,0.06740894512804821,0
8.077999999999367,RETURN,0.5747352144587459,0.14814472459042716,1.0027952721111832,0.5824536188017294,0.14480171371096257,1.0701208085555376,0.06784893031479634,0
8.079999999999368,RETURN,0.5746593086960872,0.1481654186161751,1.002360426067702,0.5824536188017294,0.14480171371096257,1.0701208085555376,0.06829008138529383,0
8.081999999999368,RETURN,0.5745828697596975,0.14818615012345807,1.0019244809293657,0.5824536188017294,0.14480171371096257,1.0701208085555376,0.06873239557886111,0
8.083999999999369,RETURN,0.5745058955105912,0.14820691877857395,1.0014874399825147,0.5824536188017294,0.14480171371096257,1.0701208085555376,0.06917587013363402,0
8.08599999999937,RETURN,0.5744283838116241,0.14822772424673705,1.0010493065174644,0.5824536188017294,0.14480171371096257,1.0701208085555376,0.06962050228656211,0
8.08799999999937,RETURN,0.5743503325275554,0.1482485661920765,1.0006100838285088,0.5824536188017294,0.14480171371096257,1.0701208085555376,0.07006628927340558,0
8.089999999999371,RETURN,0.574271739525105,0.14826944427763686,1.0001697752139191,0.5824536188017294,0.14480171371096257,1.0701208085555376,0.07051322832873644,0
8.091999999999372,RETURN,0.5741926026730154,0.14829035816537842,0.9997283839759447,0.5824536188017294,0.14480171371096257,1.0701208085555376,0.07096131668593726,0
8.093999999999372,RETURN,0.574112919842109,0.14831130751617616,0.9992859134208126,0.5824536188017294,0.14480171371096257,1.0701208085555376,0.07141055157720103,0
8.095999999999373,RETURN,0.5740326889053485,0.1483322919898207,0.9988423668587298,0.5824536188017294,0.14480171371096257,1.0701208085555376,0.07186093023352903,0
8.097999999999374,RETURN,0.5739519077378952,0.14835331124501774,0.9983977476038801,0.5824536188017294,0.14480171371096257,1.0701208085555376,0.07231244988473287,0
8.099999999999374,RETURN,0.5738705742171695,0.14837436493938894,0.9979520589744272,0.5824536188017294,0.14480171371096257,1.0701208085555376,0.07276510775943058,0
8.101999999999375,RETURN,0.5737886862229077,0.1483954527294711,0.9975053042925106,0.5824536188017294,0.14480171371096257,1.0701208085555376,0.0732189010850502,0
8.103999999999376,RETURN,0.573706241637224,0.14841657427071706,0.9970574868842494,0.5824536188017294,0.14480171371096257,1.0701208085555376,0.07367382708782479,0
8.105999999999376,RETURN,0.5736232383446652,0.14843772921749585,0.996608610079739,0.5824536188017294,0.14480171371096257,1.0701208085555376,0.07412988299279485,0
8.107999999999377,RETURN,0.573539674232273,0.14845891722309265,0.9961586772130485,0.5824536188017294,0.14480171371096257,1.0701208085555376,0.07458706602380927,0
8.109999999999378,RETURN,0.5734555471896399,0.1484801379397097,0.9957076916222234,0.5824536188017294,0.14480171371096257,1.0701208085555376,0.07504537340352181,0
8.111999999999378,RETURN,0.5733708551089696,0.1485013910184663,0.9952556566492833,0.5824536188017294,0.14480171371096257,1.0701208085555376,0.07550480235339146,0
8.113999999999379,RETURN,0.5732855958851333,0.14852267610939915,0.9948025756402185,0.5824536188017294,0.14480171371096257,1.0701208085555376,0.07596535009368464,0
8.11599999999938,RETURN,0.5731997674157299,0.14854399286146322,0.9943484519449904,0.5824536188017294,0.14480171371096257,1.0701208085555376,0.0764270138434727,0
8.11799999999938,RETURN,0.573113367601142,0.14856534092253196,0.99389328891753,0.5824536188017294,0.14480171371096257,1.0701208085555376,0.07688979082063216,0
8.119999999999381,RETURN,0.5730263943445955,0.14858671993939823,0.9934370899157332,0.5824536188017294,0.14480171371096257,1.0701208085555376,0.07735367824184682,0
8.121999999999382,RETURN,0.5729388455522163,0.1486081295577743,0.9929798583014635,0.5824536188017294,0.14480171371096257,1.0701208085555376,0.07781867332260324,0
8.123999999999382,RETURN,0.5728507191330894,0.14862956942229344,0.992521597440545,0.5824536188017294,0.14480171371096257,1.0701208085555376,0.07828477327719563,0
8.125999999999383,RETURN,0.5727620129993145,0.14865103917650987,0.992062310702762,0.5824536188017294,0.14480171371096257,1.0701208085555376,0.07875197531872385,0
8.127999999999384,RETURN,0.5726727250660648,0.14867253846289954,0.9916020014618574,0.5824536188017294,0.14480171371096257,1.0701208085555376,0.07922027665909237,0
8.129999999999384,RETURN,0.5725828532516447,0.14869406692286175,0.9911406730955292,0.5824536188017294,0.14480171371096257,1.0701208085555376,0.07968967450901147,0
8.131999999999385,RETURN,0.5724923954775459,0.148715624196719,0.9906783289854261,0.5824536188017294,0.14480171371096257,1.0701208085555376,0.08016016607799885,0
8.133999999999386,RETURN,0.5724013496685053,0.14873720992371867,0.9902149725171461,0.5824536188017294,0.14480171371096257,1.0701208085555376,0.08063174857437792,0
8.135999999999386,RETURN,0.5723097137525609,0.14875882374203356,0.9897506070802332,0.5824536188017294,0.14480171371096257,1.0701208085555376,0.08110441920527862,0
8.137999999999387,RETURN,0.572217485661111,0.14878046528876285,0.9892852360681736,0.5824536188017294,0.14480171371096257,1.0701208085555376,0.0815781751766377,0
8.139999999999388,RETURN,0.5721246633289685,0.14880213419993366,0.98881886287839,0.5824536188017294,0.14480171371096257,1.0701208085555376,0.08205301369320148,0
8.141999999999388,RETURN,0.5720312446944184,0.1488238301105016,0.9883514909122426,0.5824536188017294,0.14480171371096257,1.0701208085555376,0.08252893195852144,0
8.143999999999389,RETURN,0.5719372276992755,0.14884555265435218,0.9878831235750207,0.5824536188017294,0.14480171371096257,1.0701208085555376,0.08300592717495887,0
8.14599999999939,RETURN,0.5718426102889387,0.14886730146430188,0.9874137642759395,0.5824536188017294,0.14480171371096257,1.0701208085555376,0.08348399654368505,0
8.14799999999939,RETURN,0.5717473904124483,0.14888907617209976,0.9869434164281378,0.5824536188017294,0.14480171371096257,1.0701208085555376,0.08396313726467942,0
8.149999999999391,RETURN,0.5716515660225432,0.14891087640842815,0.9864720834486711,0.5824536188017294,0.14480171371096257,1.0701208085555376,0.08444334653673245,0
8.151999999999392,RETURN,0.5715551350757158,0.14893270180290455,0.9859997687585083,0.5824536188017294,0.14480171371096257,1.0701208085555376,0.08492462155744555,0
8.153999999999392,RETURN,0.5714580955322668,0.14895455198408256,0.9855264757825265,0.5824536188017294,0.14480171371096257,1.0701208085555376,0.08540695952323162,0
8.155999999999393,RETURN,0.5713604453563631,0.14897642657945404,0.985052207949505,0.5824536188017294,0.14480171371096257,1.0701208085555376,0.08589035762931728,0
8.157999999999394,RETURN,0.5712621825160927,0.14899832521544965,0.9845769686921222,0.5824536188017294,0.14480171371096257,1.0701208085555376,0.0863748130697411,0
8.159999999999394,RETURN,0.5711633049835196,0.14902024751744086,0.9841007614469485,0.5824536188017294,0.14480171371096257,1.0701208085555376,0.08686032303735666,0
8.161999999999395,RETURN,0.5710638107347411,0.14904219310974204,0.9836235896544404,0.5824536188017294,0.14480171371096257,1.0701208085555376,0.08734688472383333,0
8.163999999999396,RETURN,0.5709636977499393,0.14906416161561103,0.9831454567589364,0.5824536188017294,0.14480171371096257,1.0701208085555376,0.08783449531965647,0
8.165999999999396,RETURN,0.570862964013441,0.14908615265725184,0.98266636620865,0.5824536188017294,0.14480171371096257,1.0701208085555376,0.08832315201412842,0
8.167999999999397,RETURN,0.5707616075137689,0.14910816585581538,0.9821863214556639,0.5824536188017294,0.14480171371096257,1.0701208085555376,0.08881285199537037,0
8.169999999999398,RETURN,0.5706596262436993,0.1491302008314024,0.9817053259559229,0.5824536188017294,0.14480171371096257,1.0701208085555376,0.08930359245032342,0
8.171999999999398,RETURN,0.5705570182003142,0.14915225720306466,0.9812233831692293,0.5824536188017294,0.14480171371096257,1.0701208085555376,0.08979537056474857,0
8.173999999999399,RETURN,0.5704537813850586,0.14917433458880638,0.9807404965592343,0.5824536188017294,0.14480171371096257,1.0701208085555376,0.09028818352322965,0
8.1759999999994,RETURN,0.5703499138037927,0.14919643260558713,0.9802566695934317,0.5824536188017294,0.14480171371096257,1.0701208085555376,0.09078202850917423,0
8.1779999999994,RETURN,0.5702454134668484,0.14921855086932317,0.9797719057431518,0.5824536188017294,0.14480171371096257,1.0701208085555376,0.09127690270481374,0
8.179999999999401,RETURN,0.5701402783890814,0.14924068899488996,0.9792862084835533,0.5824536188017294,0.14480171371096257,1.0701208085555376,0.09177280329120605,0
8.181999999999402,RETURN,0.5700345065899273,0.14926284659612332,0.9787995812936163,0.5824536188017294,0.14480171371096257,1.0701208085555376,0.09226972744823661,0
8.183999999999402,RETURN,0.5699280960934546,0.14928502328582277,0.9783120276561343,0.5824536188017294,0.14480171371096257,1.0701208085555376,0.09276767235462025,0
8.185999999999403,RETURN,0.569821044928418,0.1493072186757528,0.977823551057707,0.5824536188017294,0.14480171371096257,1.0701208085555376,0.09326663518790233,0
8.187999999999404,RETURN,0.5697133511283137,0.14932943237664562,0.977334154988733,0.5824536188017294,0.14480171371096257,1.0701208085555376,0.09376661312445955,0
8.189999999999404,RETURN,0.5696050127314314,0.14935166399820288,0.9768438429433992,0.5824536188017294,0.14480171371096257,1.0701208085555376,0.09426760333950421,0
8.191999999999405,RETURN,0.569496027780909,0.1493739131490988,0.9763526184196758,0.5824536188017294,0.14480171371096257,1.0701208085555376,0.09476960300708276,0
8.193999999999406,RETURN,0.5693863943247855,0.14939617943698202,0.9758604849193059,0.5824536188017294,0.14480171371096257,1.0701208085555376,0.09527260930007926,0
8.195999999999406,RETURN,0.5692761104160532,0.1494184624684776,0.9753674459477971,0.5824536188017294,0.14480171371096257,1.0701208085555376,0.09577661939021723,0
8.197999999999407,RETURN,0.569165174112713,0.1494407618491906,0.9748735050144124,0.5824536188017294,0.14480171371096257,1.0701208085555376,0.09628163044806153,0
8.199999999999408,RETURN,0.5690535834778243,0.14946307718370774,0.974378665632163,0.5824536188017294,0.14480171371096257,1.0701208085555376,0.09678763964301862,0
8.201999999999408,RETURN,0.5689413365795613,0.14948540807560023,0.9738829313177968,0.5824536188017294,0.14480171371096257,1.0701208085555376,0.09729464414334085,0
8.203999999999409,RETURN,0.5688284314912626,0.14950775412742645,0.9733863055917894,0.5824536188017294,0.14480171371096257,1.0701208085555376,0.09780264111612787,0
8.20599999999941,RETURN,0.5687148662914847,0.1495301149407345,0.9728887919783371,0.5824536188017294,0.14480171371096257,1.0701208085555376,0.0983116277273266,0
8.20799999999941,RETURN,0.5686006390640561,0.1495524901160651,0.9723903940053433,0.5824536188017294,0.14480171371096257,1.0701208085555376,0.09882160114173667,0
8.209999999999411,RETURN,0.568485747898126,0.14957487925295415,0.9718911152044124,0.5824536188017294,0.14480171371096257,1.0701208085555376,0.09933255852300933,0
8.211999999999412,RETURN,0.5683701908882204,0.14959728194993588,0.9713909591108364,0.5824536188017294,0.14480171371096257,1.0701208085555376,0.09984449703365239,0
8.213999999999412,RETURN,0.5682539661342905,0.14961969780454507,0.9708899292635865,0.5824536188017294,0.14480171371096257,1.0701208085555376,0.10035741383503106,0
8.215999999999413,RETURN,0.5681370717417666,0.14964212641332103,0.9703880292053032,0.5824536188017294,0.14480171371096257,1.0701208085555376,0.10087130608736967,0
8.217999999999414,RETURN,0.5680195058216099,0.14966456737180944,0.9698852624822835,0.5824536188017294,0.14480171371096257,1.0701208085555376,0.10138617094975587,0
8.219999999999414,RETURN,0.5679012664903622,0.1496870202745661,0.9693816326444717,0.5824536188017294,0.14480171371096257,1.0701208085555376,0.1019020055801416,0
8.221999999999415,RETURN,0.567782351870199,0.14970948471515996,0.9688771432454496,0.5824536188017294,0.14480171371096257,1.0701208085555376,0.10241880713534489,0
8.223999999999416,RETURN,0.5676627600889806,0.14973196028617547,0.9683717978424202,0.5824536188017294,0.14480171371096257,1.0701208085555376,0.10293657277105629,0
8.225999999999416,RETURN,0.5675424892803018,0.14975444657921716,0.9678655999962043,0.5824536188017294,0.14480171371096257,1.0701208085555376,0.10345529964183486,0
8.227999999999417,RETURN,0.5674215375835451,0.14977694318491147,0.9673585532712212,0.5824536188017294,0.14480171371096257,1.0701208085555376,0.1039749849011172,0
8.229999999999418,RETURN,0.5672999031439292,0.14979944969291084,0.9668506612354818,0.5824536188017294,0.14480171371096257,1.0701208085555376,0.10449562570121654,0
8.231999999999418,RETURN,0.5671775841125611,0.14982196569189676,0.9663419274605751,0.5824536188017294,0.14480171371096257,1.0701208085555376,0.10501721919332613,0
8.23399999999942,RETURN,0.5670545786464867,0.14984449076958326,0.9658323555216564,0.5824536188017294,0.14480171371096257,1.0701208085555376,0.10553976252752222,0
8.23599999999942,RETURN,0.5669308849087391,0.14986702451272008,0.9653219489974343,0.5824536188017294,0.14480171371096257,1.0701208085555376,0.10606325285276731,0
8.23799999999942,RETURN,0.5668065010683923,0.1498895665070966,0.9648107114701597,0.5824536188017294,0.14480171371096257,1.0701208085555376,0.10658768731691178,0
8.239999999999421,RETURN,0.5666814253006077,0.14991211633754473,0.9642986465256119,0.5824536188017294,0.14480171371096257,1.0701208085555376,0.1071130630666981,0
8.241999999999422,RETURN,0.5665556557866879,0.1499346735879431,0.963785757753086,0.5824536188017294,0.14480171371096257,1.0701208085555376,0.10763937724776326,0
8.243999999999422,RETURN,0.5664291907141217,0.14995723784122025,0.96327204874538,0.5824536188017294,0.14480171371096257,1.0701208085555376,0.10816662700464194,0
8.245999999999423,RETURN,0.5663020282766381,0.14997980867935853,0.962757523098783,0.5824536188017294,0.14480171371096257,1.0701208085555376,0.10869480948076826,0
8.247999999999424,RETURN,0.566174166674253,0.15000238568339772,0.9622421844130589,0.5824536188017294,0.14480171371096257,1.0701208085555376,0.10922392181848198,0
8.249999999999424,RETURN,0.5660456041133205,0.15002496843343902,0.9617260362914356,0.5824536188017294,0.14480171371096257,1.0701208085555376,0.1097539611590281,0
8.251999999999425,RETURN,0.5659163388065802,0.15004755650864834,0.9612090823405901,0.5824536188017294,0.14480171371096257,1.0701208085555376,0.11028492464256243,0
8.253999999999426,RETURN,0.5657863689732068,0.15007014948726077,0.960691326170634,0.5824536188017294,0.14480171371096257,1.0701208085555376,0.11081680940815473,0
8.255999999999426,RETURN,0.5656556928388603,0.15009274694658403,0.960172771395101,0.5824536188017294,0.14480171371096257,1.0701208085555376,0.11134961259379046,0
8.257999999999427,RETURN,0.5655243086357333,0.15011534846300303,0.959653421630932,0.5824536188017294,0.14480171371096257,1.0701208085555376,0.11188333133637515,0
8.259999999999428,RETURN,0.565392214602599,0.15013795361198307,0.9591332804984589,0.5824536188017294,0.14480171371096257,1.0701208085555376,0.11241796277173935,0
8.261999999999428,RETURN,0.5652594089848618,0.15016056196807448,0.9586123516213936,0.5824536188017294,0.14480171371096257,1.0701208085555376,0.11295350403463837,0
8.26399999999943,RETURN,0.5651258900346036,0.15018317310491666,0.9580906386268093,0.5824536188017294,0.14480171371096257,1.0701208085555376,0.11348995225875985,0
8.26599999999943,RETURN,0.5649916560106327,0.15020578659524228,0.957568145145128,0.5824536188017294,0.14480171371096257,1.0701208085555376,0.11402730457672498,0
8.26799999999943,RETURN,0.5648567051785315,0.15022840201088114,0.9570448748101054,0.5824536188017294,0.14480171371096257,1.0701208085555376,0.11456555812009184,0
8.269999999999431,RETURN,0.5647210358107038,0.15025101892276488,0.9565208312588134,0.5824536188017294,0.14480171371096257,1.0701208085555376,0.11510471001936128,0
8.271999999999432,RETURN,0.5645846461864246,0.15027363690093112,0.955996018131627,0.5824536188017294,0.14480171371096257,1.0701208085555376,0.11564475740397805,0
8.273999999999432,RETURN,0.5644475345918845,0.15029625551452774,0.9554704390722069,0.5824536188017294,0.14480171371096257,1.0701208085555376,0.11618569740233696,0
8.275999999999433,RETURN,0.5643096993202386,0.1503188743318174,0.9549440977274842,0.5824536188017294,0.14480171371096257,1.0701208085555376,0.11672752714178503,0
8.277999999999434,RETURN,0.5641711386716544,0.15034149292018192,0.9544169977476461,0.5824536188017294,0.14480171371096257,1.0701208085555376,0.11727024374862464,0
8.279999999999434,RETURN,0.5640318509533562,0.1503641108461269,0.9538891427861154,0.5824536188017294,0.14480171371096257,1.0701208085555376,0.11781384434812117,0
8.281999999999435,RETURN,0.5638918344796751,0.1503867276752863,0.9533605364995384,0.5824536188017294,0.14480171371096257,1.0701208085555376,0.1183583260645025,0
8.283999999999436,RETURN,0.5637510875720937,0.15040934297242672,0.9528311825477656,0.5824536188017294,0.14480171371096257,1.0701208085555376,0.11890368602096642,0
8.285999999999436,RETURN,0.563609608559293,0.1504319563014526,0.9523010845938369,0.5824536188017294,0.14480171371096257,1.0701208085555376,0.1194499213396818,0
8.287999999999437,RETURN,0.5634673957771981,0.1504545672254104,0.9517702463039617,0.5824536188017294,0.14480171371096257,1.0701208085555376,0.11999702914179665,0
8.289999999999438,RETURN,0.5633244475690262,0.15047717530649385,0.9512386713475064,0.5824536188017294,0.14480171371096257,1.0701208085555376,0.12054500654743683,0
8.291999999999438,RETURN,0.5631807622853309,0.15049978010604825,0.9507063633969713,0.5824536188017294,0.14480171371096257,1.0701208085555376,0.12109385067571647,0
8.29399999999944,RETURN,0.5630363382840482,0.15052238118457564,0.9501733261279783,0.5824536188017294,0.14480171371096257,1.0701208085555376,0.12164355864473719,0
8.29599999999944,RETURN,0.5628911739305426,0.1505449781017396,0.9496395632192501,0.5824536188017294,0.14480171371096257,1.0701208085555376,0.12219412757159519,0
8.29799999999944,RETURN,0.5627452675976536,0.15056757041637056,0.9491050783525931,0.5824536188017294,0.14480171371096257,1.0701208085555376,0.12274555457238505,0
8.299999999999441,RETURN,0.5625986176657387,0.15059015768646994,0.9485698752128803,0.5824536188017294,0.14480171371096257,1.0701208085555376,0.12329783676220318,0
8.301999999999442,RETURN,0.5624512225227203,0.1506127394692161,0.948033957488032,0.5824536188017294,0.14480171371096257,1.0701208085555376,0.12385097125515367,0
8.303999999999442,RETURN,0.562303080564131,0.1506353153209689,0.9474973288689976,0.5824536188017294,0.14480171371096257,1.0701208085555376,0.12440495516435213,0
8.305999999999443,RETURN,0.5621541901931564,0.15065788479727513,0.9469599930497372,0.5824536188017294,0.14480171371096257,1.0701208085555376,0.12495978560193081,0
8.307999999999444,RETURN,0.5620045498206824,0.1506804474528735,0.946421953727203,0.5824536188017294,0.14480171371096257,1.0701208085555376,0.12551545967904237,0
8.309999999999444,RETURN,0.5618541578653372,0.1507030028417001,0.9458832146013202,0.5824536188017294,0.14480171371096257,1.0701208085555376,0.12607197450586513,0
8.311999999999445,RETURN,0.5617030127535376,0.15072555051689326,0.9453437793749682,0.5824536188017294,0.14480171371096257,1.0701208085555376,0.12662932719160766,0
8.313999999999446,RETURN,0.5615511129195329,0.15074809003079945,0.9448036517539603,0.5824536188017294,0.14480171371096257,1.0701208085555376,0.12718751484451407,0
8.315999999999447,RETURN,0.5613984568054464,0.15077062093497828,0.9442628354470263,0.5824536188017294,0.14480171371096257,1.0701208085555376,0.1277465345718677,0
8.317999999999447,RETURN,0.561245042861323,0.15079314278020806,0.943721334165791,0.5824536188017294,0.14480171371096257,1.0701208085555376,0.12830638347999682,0
8.319999999999448,RETURN,0.5610908695451707,0.1508156551164912,0.9431791516247541,0.5824536188017294,0.14480171371096257,1.0701208085555376,0.12886705867428058,0
8.321999999999449,RETURN,0.5609359353230038,0.15083815749306007,0.942636291541273,0.5824536188017294,0.14480171371096257,1.0701208085555376,0.1294285572591511,0
8.32399999999945,RETURN,0.5607802386688867,0.15086064945838185,0.9420927576355399,0.5824536188017294,0.14480171371096257,1.0701208085555376,0.12999087633810144,0
8.32599999999945,RETURN,0.5606237780649784,0.15088313056016503,0.941548553630562,0.5824536188017294,0.14480171371096257,1.0701208085555376,0.1305540130136894,0
8.32799999999945,RETURN,0.5604665520015725,0.1509056003453643,0.9410036832521431,0.5824536188017294,0.14480171371096257,1.0701208085555376,0.13111796438754172,0
8.329999999999451,RETURN,0.5603085589771424,0.15092805836018702,0.9404581502288595,0.5824536188017294,0.14480171371096257,1.0701208085555376,0.13168272756036187,0
8.331999999999452,RETURN,0.5601497974983832,0.15095050415009814,0.9399119582920414,0.5824536188017294,0.14480171371096257,1.0701208085555376,0.13224829963193313,0
8.333999999999453,RETURN,0.5599902660802538,0.15097293725982694,0.939365111175752,0.5824536188017294,0.14480171371096257,1.0701208085555376,0.13281467770112435,0
8.335999999999453,RETURN,0.5598299632460197,0.1509953572333719,0.9388176126167662,0.5824536188017294,0.14480171371096257,1.0701208085555376,0.13338185886589474,0
8.337999999999454,RETURN,0.5596688875272939,0.15101776361400746,0.9382694663545483,0.5824536188017294,0.14480171371096257,1.0701208085555376,0.1339498402233006,0
8.339999999999455,RETURN,0.5595070374640808,0.1510401559442895,0.937720676131231,0.5824536188017294,0.14480171371096257,1.0701208085555376,0.1345186188695,0
8.341999999999455,RETURN,0.5593444116048152,0.15106253376606152,0.9371712456915933,0.5824536188017294,0.14480171371096257,1.0701208085555376,0.13508819189975904,0
8.343999999999456,RETURN,0.5591810085064068,0.15108489662046032,0.9366211787830407,0.5824536188017294,0.14480171371096257,1.0701208085555376,0.1356585564084547,0
8.345999999999457,RETURN,0.5590168267342794,0.15110724404792292,0.9360704791555794,0.5824536188017294,0.14480171371096257,1.0701208085555376,0.13622970948908505,0
8.347999999999457,RETURN,0.5588518648624123,0.15112957558819173,0.9355191505617989,0.5824536188017294,0.14480171371096257,1.0701208085555376,0.13680164823426932,0
8.349999999999458,RETURN,0.5586861214733823,0.15115189078032137,0.9349671967568457,0.5824536188017294,0.14480171371096257,1.0701208085555376,0.13737436973575787,0
8.351999999999459,RETURN,0.5585195951584037,0.15117418916268452,0.9344146214984018,0.5824536188017294,0.14480171371096257,1.0701208085555376,0.13794787108443682,0
8.35399999999946,RETURN,0.5583522845173693,0.15119647027297856,0.9338614285466628,0.5824536188017294,0.14480171371096257,1.0701208085555376,0.1385221493703331,0
8.35599999999946,RETURN,0.5581841881588901,0.15121873364823157,0.9333076216643148,0.5824536188017294,0.14480171371096257,1.0701208085555376,0.1390972016826203,0
8.35799999999946,RETURN,0.5580153047003364,0.15124097882480889,0.9327532046165109,0.5824536188017294,0.14480171371096257,1.0701208085555376,0.1396730251096254,0
8.359999999999461,RETURN,0.557845632767878,0.1512632053384193,0.9321981811708484,0.5824536188017294,0.14480171371096257,1.0701208085555376,0.14024961673883368,0
8.361999999999462,RETURN,0.5576751709965225,0.15128541272412202,0.9316425550973454,0.5824536188017294,0.14480171371096257,1.0701208085555376,0.14082697365689545,0
8.363999999999463,RETURN,0.557503918030157,0.15130760051633246,0.9310863301684166,0.5824536188017294,0.14480171371096257,1.0701208085555376,0.14140509294963216,0
8.365999999999463,RETURN,0.5573318725215861,0.15132976824882902,0.9305295101588517,0.5824536188017294,0.14480171371096257,1.0701208085555376,0.1419839717020406,0
8.367999999999464,RETURN,0.5571590331325726,0.15135191545476037,0.9299720988457877,0.5824536188017294,0.14480171371096257,1.0701208085555376,0.14256360699830273,0
8.369999999999465,RETURN,0.5569853985338751,0.15137404166665114,0.9294141000086893,0.5824536188017294,0.14480171371096257,1.0701208085555376,0.14314399592178773,0
8.371999999999465,RETURN,0.5568109674052875,0.1513961464164088,0.9288555174293215,0.5824536188017294,0.14480171371096257,1.0701208085555376,0.14372513555506114,0
8.373999999999466,RETURN,0.5566357384356789,0.15141822923533077,0.9282963548917275,0.5824536188017294,0.14480171371096257,1.0701208085555376,0.1443070229798887,0
8.375999999999467,RETURN,0.5564597103230298,0.1514402896541111,0.9277366161822018,0.5824536188017294,0.14480171371096257,1.0701208085555376,0.14488965527724557,0
8.377999999999467,RETURN,0.5562828817744734,0.15146232720284694,0.9271763050892675,0.5824536188017294,0.14480171371096257,1.0701208085555376,0.14547302952732016,0
8.379999999999468,RETURN,0.5561052515063309,0.15148434141104572,0.9266154254036504,0.5824536188017294,0.14480171371096257,1.0701208085555376,0.14605714280952198,0
8.381999999999469,RETURN,0.555926818244151,0.15150633180763187,0.9260539809182555,0.5824536188017294,0.14480171371096257,1.0701208085555376,0.14664199220248636,0
8.38399999999947,RETURN,0.5557475807227485,0.1515282979209539,0.9254919754281392,0.5824536188017294,0.14480171371096257,1.0701208085555376,0.1472275747840836,0
8.38599999999947,RETURN,0.5555675376862398,0.1515502392787913,0.9249294127304866,0.5824536188017294,0.14480171371096257,1.0701208085555376,0.14781388763142309,0
8.38799999999947,RETURN,0.5553866878880817,0.1515721554083617,0.9243662966245849,0.5824536188017294,0.14480171371096257,1.0701208085555376,0.14840092782086065,0
8.389999999999471,RETURN,0.5552050300911082,0.1515940458363277,0.9238026309117972,0.5824536188017294,0.14480171371096257,1.0701208085555376,0.14898869242800625,0
8.391999999999472,RETURN,0.5550225630675683,0.1516159100888041,0.9232384193955374,0.5824536188017294,0.14480171371096257,1.0701208085555376,0.14957717852772923,0
8.393999999999473,RETURN,0.5548392855991613,0.15163774769136543,0.9226736658812459,0.5824536188017294,0.14480171371096257,1.0701208085555376,0.15016638319416437,0
8.395999999999473,RETURN,0.5546551964770745,0.15165955816905224,0.9221083741763588,0.5824536188017294,0.14480171371096257,1.0701208085555376,0.1507563035007224,0
8.397999999999474,RETURN,0.5544702945020199,0.1516813410463797,0.9215425480902872,0.5824536188017294,0.14480171371096257,1.0701208085555376,0.15134693652009185,0
8.399999999999475,RETURN,0.5542845784842694,0.15170309584734343,0.9209761914343874,0.5824536188017294,0.14480171371096257,1.0701208085555376,0.1519382793242491,0
8.401999999999475,RETURN,0.5540980472436919,0.15172482209542767,0.9204093080219347,0.5824536188017294,0.14480171371096257,1.0701208085555376,0.1525303289844647,0
8.403999999999476,RETURN,0.5539106996097877,0.15174651931361294,0.9198419016680978,0.5824536188017294,0.14480171371096257,1.0701208085555376,0.15312308257130972,0
8.405999999999477,RETURN,0.5537225344217266,0.15176818702438233,0.9192739761899106,0.5824536188017294,0.14480171371096257,1.0701208085555376,0.15371653715466338,0
8.407999999999477,RETURN,0.5535335505283798,0.15178982474973035,0.9187055354062468,0.5824536188017294,0.14480171371096257,1.0701208085555376,0.15431068980371934,0
8.409999999999478,RETURN,0.55334374678836,0.15181143201116912,0.9181365831377905,0.5824536188017294,0.14480171371096257,1.0701208085555376,0.1549055375869939,0
8.411999999999479,RETURN,0.5531531220700504,0.15183300832973687,0.9175671232070108,0.5824536188017294,0.14480171371096257,1.0701208085555376,0.15550107757233209,0
8.41399999999948,RETURN,0.5529616752516452,0.15185455322600508,0.916997159438134,0.5824536188017294,0.14480171371096257,1.0701208085555376,0.156097306826915,0
8.41599999999948,RETURN,0.5527694052211806,0.1518760662200861,0.9164266956571148,0.5824536188017294,0.14480171371096257,1.0701208085555376,0.1566942224172676,0
8.41799999999948,RETURN,0.5525763108765709,0.15189754683164117,0.9158557356916096,0.5824536188017294,0.14480171371096257,1.0701208085555376,0.15729182140926548,0
8.419999999999481,RETURN,0.5523823911256422,0.15191899457988747,0.9152842833709485,0.5824536188017294,0.14480171371096257,1.0701208085555376,0.15789010086814226,0
8.421999999999482,RETURN,0.5521876448861665,0.15194040898360664,0.9147123425261062,0.5824536188017294,0.14480171371096257,1.0701208085555376,0.15848905785849737,0
8.423999999999483,RETURN,0.5519920710858959,0.15196178956115183,0.9141399169896754,0.5824536188017294,0.14480171371096257,1.0701208085555376,0.15908868944430243,0
8.425999999999483,RETURN,0.551795668662595,0.15198313583045625,0.9135670105958372,0.5824536188017294,0.14480171371096257,1.0701208085555376,0.1596889926889098,0
8.427999999999484,RETURN,0.5515984365640766,0.1520044473090404,0.9129936271803323,0.5824536188017294,0.14480171371096257,1.0701208085555376,0.1602899646550598,0
8.429999999999485,RETURN,0.551400373748232,0.15202572351402022,0.9124197705804344,0.5824536188017294,0.14480171371096257,1.0701208085555376,0.16089160240488676,0
8.431999999999485,RETURN,0.5512014791830672,0.15204696396211534,0.9118454446349181,0.5824536188017294,0.14480171371096257,1.0701208085555376,0.16149390299992974,0
8.433999999999486,RETURN,0.5510017518467325,0.15206816816965646,0.9112706531840334,0.5824536188017294,0.14480171371096257,1.0701208085555376,0.16209686350113658,0
8.435999999999487,RETURN,0.550801190727558,0.15208933565259383,0.9106954000694736,0.5824536188017294,0.14480171371096257,1.0701208085555376,0.16270048096887457,0
8.437999999999487,RETURN,0.5505997948240842,0.1521104659265052,0.9101196891343473,0.5824536188017294,0.14480171371096257,1.0701208085555376,0.16330475246293666,0
8.439999999999488,RETURN,0.5503975631450942,0.1521315585066039,0.9095435242231511,0.5824536188017294,0.14480171371096257,1.0701208085555376,0.16390967504254766,0
8.441999999999489,RETURN,0.5501944947096472,0.1521526129077469,0.9089669091817355,0.5824536188017294,0.14480171371096257,1.0701208085555376,0.16451524576637624,0
8.44399999999949,RETURN,0.5499905885471084,0.15217362864444328,0.9083898478572792,0.5824536188017294,0.14480171371096257,1.0701208085555376,0.16512146169253872,0
8.44599999999949,RETURN,0.5497858436971814,0.15219460523086198,0.9078123440982573,0.5824536188017294,0.14480171371096257,1.0701208085555376,0.16572831987860903,0
8.44799999999949,RETURN,0.5495802592099401,0.1522155421808404,0.9072344017544117,0.5824536188017294,0.14480171371096257,1.0701208085555376,0.16633581738162626,0
8.449999999999491,RETURN,0.5493738341458592,0.15223643900789288,0.906656024676722,0.5824536188017294,0.14480171371096257,1.0701208085555376,0.16694395125810174,0
8.451999999999492,RETURN,0.549166567575845,0.1522572952252183,0.9060772167173738,0.5824536188017294,0.14480171371096257,1.0701208085555376,0.16755271856402817,0
8.453999999999493,RETURN,0.5489584585812666,0.15227811034570926,0.9054979817297282,0.5824536188017294,0.14480171371096257,1.0701208085555376,0.16816211635488823,0
8.455999999999493,RETURN,0.5487495062539859,0.15229888388195997,0.9049183235682935,0.5824536188017294,0.14480171371096257,1.0701208085555376,0.16877214168565993,0
8.457999999999494,RETURN,0.5485397096963888,0.15231961534627492,0.904338246088692,0.5824536188017294,0.14480171371096257,1.0701208085555376,0.1693827916108278,0
8.459999999999495,RETURN,0.548329068021414,0.1523403042506774,0.9037577531476306,0.5824536188017294,0.14480171371096257,1.0701208085555376,0.16999406318438925,0
8.461999999999495,RETURN,0.5481175803525838,0.15236095010691786,0.9031768486028695,0.5824536188017294,0.14480171371096257,1.0701208085555376,0.1706059534598637,0
8.463999999999496,RETURN,0.5479052458240342,0.15238155242648227,0.9025955363131916,0.5824536188017294,0.14480171371096257,1.0701208085555376,0.17121845949029965,0
8.465999999999497,RETURN,0.5476920635805425,0.15240211072060142,0.9020138201383697,0.5824536188017294,0.14480171371096257,1.0701208085555376,0.17183157832828508,0
8.467999999999497,RETURN,0.5474780327775586,0.1524226245002588,0.9014317039391375,0.5824536188017294,0.14480171371096257,1.0701208085555376,0.17244530702595345,0
8.469999999999498,RETURN,0.5472631525812329,0.15244309327619943,0.9008491915771567,0.5824536188017294,0.14480171371096257,1.0701208085555376,0.17305964263499335,0
8.471999999999499,RETURN,0.5470474221684453,0.15246351655893894,0.9002662869149862,0.5824536188017294,0.14480171371096257,1.0701208085555376,0.1736745822066562,0
8.4739999999995,RETURN,0.5468308407268339,0.1524838938587722,0.8996829938160484,0.5824536188017294,0.14480171371096257,1.0701208085555376,0.17429012279176662,0
8.4759999999995,RETURN,0.5466134074548236,0.1525042246857815,0.8990993161446003,0.5824536188017294,0.14480171371096257,1.0701208085555376,0.17490626144072824,0
8.4779999999995,RETURN,0.5463951215616532,0.15252450854984584,0.8985152577656998,0.5824536188017294,0.14480171371096257,1.0701208085555376,0.1755229952035335,0
8.479999999999501,RETURN,0.5461759822674048,0.1525447449606501,0.8979308225451741,0.5824536188017294,0.14480171371096257,1.0701208085555376,0.1761403211297725,0
8.481999999999502,RETURN,0.545955988803031,0.15256493342769292,0.8973460143495862,0.5824536188017294,0.14480171371096257,1.0701208085555376,0.1767582362686418,0
8.483999999999503,RETURN,0.5457351404103818,0.15258507346029687,0.8967608370462041,0.5824536188017294,0.14480171371096257,1.0701208085555376,0.17737673766895232,0
8.485999999999503,RETURN,0.5455134363422325,0.15260516456761633,0.8961752945029691,0.5824536188017294,0.14480171371096257,1.0701208085555376,0.17799582237913747,0
8.487999999999504,RETURN,0.5452908758623104,0.15262520625864684,0.89558939058846,0.5824536188017294,0.14480171371096257,1.0701208085555376,0.17861548744726408,0
8.489999999999505,RETURN,0.5450674582453221,0.1526451980422343,0.8950031291718632,0.5824536188017294,0.14480171371096257,1.0701208085555376,0.1792357299210393,0
8.491999999999505,RETURN,0.5448431827769801,0.15266513942708362,0.8944165141229393,0.5824536188017294,0.14480171371096257,1.0701208085555376,0.17985654684781952,0
8.493999999999506,RETURN,0.544618048754029,0.15268502992176822,0.8938295493119889,0.5824536188017294,0.14480171371096257,1.0701208085555376,0.18047793527462047,0
8.495999999999507,RETURN,0.5443920554842704,0.15270486903473887,0.8932422386098209,0.5824536188017294,0.14480171371096257,1.0701208085555376,0.18109989224812498,0
8.497999999999507,RETURN,0.5441652022865924,0.15272465627433282,0.8926545858877181,0.5824536188017294,0.14480171371096257,1.0701208085555376,0.18172241481469253,0
8.499999999999508,RETURN,0.5439374884909913,0.15274439114878322,0.8920665950174058,0.5824536188017294,0.14480171371096257,1.0701208085555376,0.18234550002036695,0
8.501999999999509,RETURN,0.5437089134385998,0.15276407316622778,0.8914782698710165,0.5824536188017294,0.14480171371096257,1.0701208085555376,0.18296914491088703,0
8.50399999999951,RETURN,0.5434794764817117,0.1527837018347187,0.8908896143210558,0.5824536188017294,0.14480171371096257,1.0701208085555376,0.1835933465316957,0
8.50599999999951,RETURN,0.5432491769838055,0.15280327666223167,0.8903006322403713,0.5824536188017294,0.14480171371096257,1.0701208085555376,0.18421810192794738,0
8.50799999999951,RETURN,0.5430180143195715,0.15282279715667468,0.8897113275021169,0.5824536188017294,0.14480171371096257,1.0701208085555376,0.1848434081445179,0
8.509999999999511,RETURN,0.5427859878749351,0.1528422628258981,0.8891217039797183,0.5824536188017294,0.14480171371096257,1.0701208085555376,0.18546926222601526,0
8.511999999999512,RETURN,0.5425530970470818,0.1528616731777038,0.8885317655468414,0.5824536188017294,0.14480171371096257,1.0701208085555376,0.18609566121678583,0
8.513999999999513,RETURN,0.5423193412444806,0.15288102771985396,0.887941516077356,0.5824536188017294,0.14480171371096257,1.0701208085555376,0.1867226021609258,0
8.515999999999513,RETURN,0.5420847198869091,0.15290032596008146,0.887350959445302,0.5824536188017294,0.14480171371096257,1.0701208085555376,0.18735008210229018,0
8.517999999999514,RETURN,0.541849232405476,0.15291956740609886,0.8867600995248557,0.5824536188017294,0.14480171371096257,1.0701208085555376,0.187978098084501,0
8.519999999999515,RETURN,0.5416128782426456,0.15293875156560743,0.8861689401902948,0.5824536188017294,0.14480171371096257,1.0701208085555376,0.1886066471509579,0
8.521999999999515,RETURN,0.541375656852261,0.1529578779463078,0.8855774853159633,0.5824536188017294,0.14480171371096257,1.0701208085555376,0.18923572634484725,0
8.523999999999516,RETURN,0.541137567699566,0.15297694605590811,0.8849857387762388,0.5824536188017294,0.14480171371096257,1.0701208085555376,0.18986533270915013,0
8.525999999999517,RETURN,0.5408986102612294,0.15299595540213454,0.8843937044454948,0.5824536188017294,0.14480171371096257,1.0701208085555376,0.19049546328665426,0
8.527999999999517,RETURN,0.5406587840253672,0.15301490549274088,0.8838013861980681,0.5824536188017294,0.14480171371096257,1.0701208085555376,0.1911261151199615,0
8.529999999999518,RETURN,0.5404180884915641,0.1530337958355177,0.8832087879082229,0.5824536188017294,0.14480171371096257,1.0701208085555376,0.1917572852514982,0
8.531999999999519,RETURN,0.540176523170897,0.1530526259383022,0.8826159134501156,0.5824536188017294,0.14480171371096257,1.0701208085555376,0.19238897072352437,0
8.53399999999952,RETURN,0.539934087585956,0.15307139530898808,0.8820227666977598,0.5824536188017294,0.14480171371096257,1.0701208085555376,0.19302116857814372,0
8.53599999999952,RETURN,0.5396907812708661,0.15309010345553498,0.8814293515249905,0.5824536188017294,0.14480171371096257,1.0701208085555376,0.19365387585731342,0
8.53799999999952,RETURN,0.5394466037713099,0.1531087498859784,0.8808356718054289,0.5824536188017294,0.14480171371096257,1.0701208085555376,0.19428708960285318,0
8.539999999999521,RETURN,0.5392015546445464,0.15312733410843932,0.8802417314124483,0.5824536188017294,0.14480171371096257,1.0701208085555376,0.19492080685645438,0
8.541999999999522,RETURN,0.5389556334594348,0.15314585563113411,0.8796475342191358,0.5824536188017294,0.14480171371096257,1.0701208085555376,0.1955550246596917,0
8.543999999999523,RETURN,0.5387088397964529,0.1531643139623845,0.8790530840982584,0.5824536188017294,0.14480171371096257,1.0701208085555376,0.19618974005403114,0
8.545999999999523,RETURN,0.5384611732477198,0.15318270861062688,0.8784583849222267,0.5824536188017294,0.14480171371096257,1.0701208085555376,0.1968249500808407,0
8.547999999999524,RETURN,0.5382126334170139,0.15320103908442304,0.877863440563059,0.5824536188017294,0.14480171371096257,1.0701208085555376,0.19746065178139977,0
8.549999999999525,RETURN,0.5379632199197953,0.15321930489246896,0.8772682548923453,0.5824536188017294,0.14480171371096257,1.0701208085555376,0.19809684219690896,0
8.551999999999525,RETURN,0.5377129323832243,0.1532375055436058,0.8766728317812105,0.5824536188017294,0.14480171371096257,1.0701208085555376,0.19873351836850095,0
8.553999999999526,RETURN,0.5374617704461804,0.15325564054682922,0.8760771751002793,0.5824536188017294,0.14480171371096257,1.0701208085555376,0.19937067733724928,0
8.555999999999527,RETURN,0.537209733759284,0.15327370941129972,0.8754812887196396,0.5824536188017294,0.14480171371096257,1.0701208085555376,0.20000831614417802,0
8.557999999999527,RETURN,0.5369568219849129,0.15329171164635205,0.874885176508805,0.5824536188017294,0.14480171371096257,1.0701208085555376,0.20064643183027386,0
8.559999999999528,RETURN,0.5367030347972237,0.15330964676150602,0.8742888423366805,0.5824536188017294,0.14480171371096257,1.0701208085555376,0.20128502143649304,0
8.561999999999529,RETURN,0.5364483718821682,0.15332751426647606,0.8736922900715227,0.5824536188017294,0.14480171371096257,1.0701208085555376,0.2019240820037748,0
8.56399999999953,RETURN,0.5361928329375134,0.15334531367118137,0.8730955235809073,0.5824536188017294,0.14480171371096257,1.0701208085555376,0.20256361057304786,0
8.56599999999953,RETURN,0.5359364176728592,0.15336304448575594,0.872498546731688,0.5824536188017294,0.14480171371096257,1.0701208085555376,0.20320360418524405,0
8.56799999999953,RETURN,0.5356791258096565,0.15338070622055894,0.8719013633899627,0.5824536188017294,0.14480171371096257,1.0701208085555376,0.20384405988130616,0
8.569999999999531,RETURN,0.5354209570812253,0.15339829838618463,0.8713039774210355,0.5824536188017294,0.14480171371096257,1.0701208085555376,0.20448497470219848,0
8.571999999999532,RETURN,0.5351619112327711,0.15341582049347277,0.8707063926893789,0.5824536188017294,0.14480171371096257,1.0701208085555376,0.20512634568891838,0
8.573999999999533,RETURN,0.5349019880214045,0.15343327205351834,0.8701086130585984,0.5824536188017294,0.14480171371096257,1.0701208085555376,0.20576816988250415,0
8.575999999999533,RETURN,0.5346411872161546,0.1534506525776822,0.8695106423913945,0.5824536188017294,0.14480171371096257,1.0701208085555376,0.20641044432404726,0
8.577999999999534,RETURN,0.5343795085979893,0.1534679615776014,0.8689124845495237,0.5824536188017294,0.14480171371096257,1.0701208085555376,0.207053166054703,0
8.579999999999535,RETURN,0.5341169519598308,0.15348519856519874,0.8683141433937652,0.5824536188017294,0.14480171371096257,1.0701208085555376,0.2076963321156976,0
8.581999999999535,RETURN,0.5338535171065708,0.15350236305269396,0.867715622783879,0.5824536188017294,0.14480171371096257,1.0701208085555376,0.20833993954834282,0
8.583999999999536,RETURN,0.5335892038550881,0.15351945455261357,0.8671169265785711,0.5824536188017294,0.14480171371096257,1.0701208085555376,0.2089839853940437,0
8.585999999999537,RETURN,0.533324012034264,0.1535364725778008,0.866518058635456,0.5824536188017294,0.14480171371096257,1.0701208085555376,0.2096284666943087,0
8.587999999999537,RETURN,0.533057941484998,0.1535534166414268,0.8659190228110164,0.5824536188017294,0.14480171371096257,1.0701208085555376,0.21027338049076277,0
8.589999999999538,RETURN,0.5327909920602224,0.15357028625700034,0.865319822960569,0.5824536188017294,0.14480171371096257,1.0701208085555376,0.2109187238251548,0
8.591999999999539,RETURN,0.5325231636249188,0.15358708093837845,0.8647204629382238,0.5824536188017294,0.14480171371096257,1.0701208085555376,0.21156449373937017,0
8.59399999999954,RETURN,0.5322544560561326,0.1536038001997767,0.8641209465968479,0.5824536188017294,0.14480171371096257,1.0701208085555376,0.2122106872754402,0
8.59599999999954,RETURN,0.5319848692429866,0.15362044355577992,0.8635212777880266,0.5824536188017294,0.14480171371096257,1.0701208085555376,0.2128573014755536,0
8.59799999999954,RETURN,0.5317144030866979,0.15363701052135223,0.8629214603620261,0.5824536188017294,0.14480171371096257,1.0701208085555376,0.21350433338206556,0
8.599999999999541,RETURN,0.531443057500589,0.15365350061184757,0.8623214981677546,0.5824536188017294,0.14480171371096257,1.0701208085555376,0.21415178003751045,0
8.601999999999542,RETURN,0.531170832410105,0.15366991334302055,0.8617213950527248,0.5824536188017294,0.14480171371096257,1.0701208085555376,0.21479963848461048,0
8.603999999999543,RETURN,0.5308977277528245,0.15368624823103655,0.861121154863015,0.5824536188017294,0.14480171371096257,1.0701208085555376,0.215447905766288,0
8.605999999999543,RETURN,0.5306237434784753,0.1537025047924825,0.8605207814432311,0.5824536188017294,0.14480171371096257,1.0701208085555376,0.21609657892567516,0
8.607999999999544,RETURN,0.5303488795489466,0.1537186825443771,0.8599202786364684,0.5824536188017294,0.14480171371096257,1.0701208085555376,0.21674565500612483,0
8.609999999999545,RETURN,0.5300731359383023,0.15373478100418164,0.8593196502842729,0.5824536188017294,0.14480171371096257,1.0701208085555376,0.21739513105122144,0
8.611999999999545,RETURN,0.529796512632793,0.15375079968981062,0.8587189002266028,0.5824536188017294,0.14480171371096257,1.0701208085555376,0.2180450041047921,0
8.613999999999546,RETURN,0.5295190096308708,0.15376673811964214,0.8581180323017902,0.5824536188017294,0.14480171371096257,1.0701208085555376,0.21869527121091634,0
8.615999999999547,RETURN,0.5292406269431988,0.15378259581252843,0.8575170503465012,0.5824536188017294,0.14480171371096257,1.0701208085555376,0.21934592941393896,0
8.617999999999547,RETURN,0.5289613645926656,0.1537983722878068,0.856915958195699,0.5824536188017294,0.14480171371096257,1.0701208085555376,0.2199969757584785,0
8.619999999999548,RETURN,0.5286812226143952,0.15381406706530967,0.8563147596826044,0.5824536188017294,0.14480171371096257,1.0701208085555376,0.22064840728943944,0
8.621999999999549,RETURN,0.5284002010557604,0.15382967966537642,0.8557134586386562,0.5824536188017294,0.14480171371096257,1.0701208085555376,0.22130022105202315,0
8.62399999999955,RETURN,0.5281182999763926,0.1538452096088624,0.8551120588934736,0.5824536188017294,0.14480171371096257,1.0701208085555376,0.2219524140917382,0
8.62599999999955,RETURN,0.5278355194481938,0.15386065641715094,0.8545105642748154,0.5824536188017294,0.14480171371096257,1.0701208085555376,0.22260498345441274,0
8.62799999999955,RETURN,0.5275518595553483,0.1538760196121635,0.8539089786085436,0.5824536188017294,0.14480171371096257,1.0701208085555376,0.22325792618620283,0
8.629999999999551,RETURN,0.5272673203943309,0.15389129871637042,0.8533073057185824,0.5824536188017294,0.14480171371096257,1.0701208085555376,0.22391123933360593,0
8.631999999999552,RETURN,0.5269819020739195,0.15390649325280173,0.852705549426879,0.5824536188017294,0.14480171371096257,1.0701208085555376,0.2245649199434712,0
8.633999999999553,RETURN,0.5266956047152052,0.1539216027450578,0.8521037135533662,0.5824536188017294,0.14480171371096257,1.0701208085555376,0.22521896506300942,0
8.635999999999553,RETURN,0.5264084284516005,0.15393662671732009,0.8515018019159206,0.5824536188017294,0.14480171371096257,1.0701208085555376,0.22587337173980646,0
8.637999999999554,RETURN,0.5261203734288511,0.15395156469436203,0.8508998183303255,0.5824536188017294,0.14480171371096257,1.0701208085555376,0.226528137021832,0
8.639999999999555,RETURN,0.5258314398050438,0.1539664162015596,0.8502977666102308,0.5824536188017294,0.14480171371096257,1.0701208085555376,0.22718325795745153,0
8.641999999999555,RETURN,0.5255416277506171,0.15398118076490241,0.8496956505671147,0.5824536188017294,0.14480171371096257,1.0701208085555376,0.2278387315954367,0
8.643999999999556,RETURN,0.5252509374483681,0.15399585791100415,0.8490934740102406,0.5824536188017294,0.14480171371096257,1.0701208085555376,0.22849455498497986,0
8.645999999999557,RETURN,0.524959369093464,0.1540104471671138,0.848491240746622,0.5824536188017294,0.14480171371096257,1.0701208085555376,0.2291507251757008,0
8.647999999999557,RETURN,0.5246669228934481,0.1540249480611261,0.8478889545809819,0.5824536188017294,0.14480171371096257,1.0701208085555376,0.22980723921765925,0
8.649999999999558,RETURN,0.5243735990682499,0.1540393601215924,0.8472866193157105,0.5824536188017294,0.14480171371096257,1.0701208085555376,0.23046409416136884,0
8.651999999999559,RETURN,0.5240793978501909,0.15405368287773194,0.8466842387508294,0.5824536188017294,0.14480171371096257,1.0701208085555376,0.2311212870578046,0
8.65399999999956,RETURN,0.523784319483996,0.15406791585944224,0.8460818166839494,0.5824536188017294,0.14480171371096257,1.0701208085555376,0.2317788149584164,0
8.65599999999956,RETURN,0.5234883642267972,0.1540820585973102,0.8454793569102321,0.5824536188017294,0.14480171371096257,1.0701208085555376,0.23243667491513947,0
8.65799999999956,RETURN,0.5231915323481429,0.15409611062262288,0.8448768632223498,0.5824536188017294,0.14480171371096257,1.0701208085555376,0.23309486398040594,0
8.659999999999561,RETURN,0.5228938241300047,0.1541100714673784,0.8442743394104448,0.5824536188017294,0.14480171371096257,1.0701208085555376,0.23375337920715664,0
8.661999999999562,RETURN,0.5225952398667845,0.15412394066429685,0.8436717892620914,0.5824536188017294,0.14480171371096257,1.0701208085555376,0.23441221764885145,0
8.663999999999563,RETURN,0.5222957798653198,0.15413771774683144,0.8430692165622541,0.5824536188017294,0.14480171371096257,1.0701208085555376,0.23507137635948203,0
8.665999999999563,RETURN,0.5219954444448918,0.1541514022491789,0.8424666250932512,0.5824536188017294,0.14480171371096257,1.0701208085555376,0.23573085239357996,0
8.667999999999564,RETURN,0.52169423393723,0.15416499370629094,0.8418640186347094,0.5824536188017294,0.14480171371096257,1.0701208085555376,0.2363906428062337,0
8.669999999999565,RETURN,0.5213921486865193,0.15417849165388484,0.8412614009635282,0.5824536188017294,0.14480171371096257,1.0701208085555376,0.23705074465309547,0
8.671999999999565,RETURN,0.5210891890494046,0.1541918956284546,0.8406587758538391,0.5824536188017294,0.14480171371096257,1.0701208085555376,0.23771115499039366,0
8.673999999999566,RETURN,0.520785355394996,0.15420520516728164,0.8400561470769647,0.5824536188017294,0.14480171371096257,1.0701208085555376,0.23837187087494538,0
8.675999999999567,RETURN,0.5204806481048759,0.1542184198084461,0.8394535184013798,0.5824536188017294,0.14480171371096257,1.0701208085555376,0.23903288936416647,0
8.677999999999567,RETURN,0.5201750675731013,0.15423153909083756,0.8388508935926696,0.5824536188017294,0.14480171371096257,1.0701208085555376,0.2396942075160849,0
8.679999999999568,RETURN,0.51986861420621,0.15424456255416574,0.8382482764134912,0.5824536188017294,0.14480171371096257,1.0701208085555376,0.24035582238935072,0
8.681999999999569,RETURN,0.5195612884232248,0.15425748973897246,0.837645670623533,0.5824536188017294,0.14480171371096257,1.0701208085555376,0.24101773104324797,0
8.68399999999957,RETURN,0.5192530906556575,0.1542703201866415,0.8370430799794746,0.5824536188017294,0.14480171371096257,1.0701208085555376,0.24167993053770642,0
8.68599999999957,RETURN,0.5189440213475126,0.15428305343941023,0.8364405082349462,0.5824536188017294,0.14480171371096257,1.0701208085555376,0.2423424179333133,0
8.68799999999957,RETURN,0.5186340809552917,0.1542956890403805,0.83583795914049,0.5824536188017294,0.14480171371096257,1.0701208085555376,0.24300519029132356,0
8.689999999999571,RETURN,0.5183232699479957,0.1543082265335294,0.835235436443517,0.5824536188017294,0.14480171371096257,1.0701208085555376,0.2436682446736742,0
8.691999999999572,RETURN,0.5180115888071296,0.15432066546372059,0.8346329438882699,0.5824536188017294,0.14480171371096257,1.0701208085555376,0.24433157814299325,0
8.693999999999573,RETURN,0.5176990380267045,0.15433300537671524,0.8340304852157808,0.5824536188017294,0.14480171371096257,1.0701208085555376,0.24499518776261256,0
8.695999999999573,RETURN,0.51738561811324,0.15434524581918282,0.8334280641638324,0.5824536188017294,0.14480171371096257,1.0701208085555376,0.24565907059657896,0
8.697999999999574,RETURN,0.517071329585768,0.15435738633871238,0.8328256844669161,0.5824536188017294,0.14480171371096257,1.0701208085555376,0.24632322370966697,0
8.699999999999575,RETURN,0.5167561729758333,0.15436942648382337,0.8322233498561937,0.5824536188017294,0.14480171371096257,1.0701208085555376,0.24698764416738853,0
8.701999999999575,RETURN,0.5164401488274968,0.154381365803977,0.8316210640594552,0.5824536188017294,0.14480171371096257,1.0701208085555376,0.24765232903600698,0
8.703999999999576,RETURN,0.5161232576973369,0.1543932038495867,0.8310188308010794,0.5824536188017294,0.14480171371096257,1.0701208085555376,0.24831727538254733,0
8.705999999999577,RETURN,0.5158055001544514,0.15440494017202983,0.8304166538019929,0.5824536188017294,0.14480171371096257,1.0701208085555376,0.24898248027480868,0
8.707999999999577,RETURN,0.5154868767804578,0.15441657432365813,0.8298145367796315,0.5824536188017294,0.14480171371096257,1.0701208085555376,0.2496479407813747,0
8.709999999999578,RETURN,0.5151673881694951,0.15442810585780925,0.8292124834478983,0.5824536188017294,0.14480171371096257,1.0701208085555376,0.25031365397162636,0
8.711999999999579,RETURN,0.5148470349282248,0.1544395343288171,0.8286104975171226,0.5824536188017294,0.14480171371096257,1.0701208085555376,0.250979616915755,0
8.71399999999958,RETURN,0.5145258176758309,0.15445085929202373,0.8280085826940219,0.5824536188017294,0.14480171371096257,1.0701208085555376,0.2516458266847708,0
8.71599999999958,RETURN,0.5142037370440204,0.15446208030379,0.827406742681659,0.5824536188017294,0.14480171371096257,1.0701208085555376,0.2523122803505183,0
8.71799999999958,RETURN,0.5138807936770238,0.15447319692150618,0.826804981179404,0.5824536188017294,0.14480171371096257,1.0701208085555376,0.2529789749856847,0
8.719999999999581,RETURN,0.5135569882315945,0.15448420870360377,0.8262033018828923,0.5824536188017294,0.14480171371096257,1.0701208085555376,0.25364590766381423,0
8.721999999999582,RETURN,0.5132323213770079,0.15449511520956596,0.8256017084839844,0.5824536188017294,0.14480171371096257,1.0701208085555376,0.2543130754593187,0
8.723999999999583,RETURN,0.5129067937950625,0.154505915999939,0.8250002046707259,0.5824536188017294,0.14480171371096257,1.0701208085555376,0.2549804754474901,0
8.725999999999583,RETURN,0.5125804061800769,0.1545166106363431,0.824398794127307,0.5824536188017294,0.14480171371096257,1.0701208085555376,0.2556481047045117,0
8.727999999999584,RETURN,0.5122531592388908,0.15452719868148343,0.8237974805340224,0.5824536188017294,0.14480171371096257,1.0701208085555376,0.25631596030747006,0
8.729999999999585,RETURN,0.5119250536908618,0.15453767969916116,0.8231962675672297,0.5824536188017294,0.14480171371096257,1.0701208085555376,0.25698403933436753,0
8.731999999999585,RETURN,0.5115960902678646,0.15454805325428478,0.8225951588993106,0.5824536188017294,0.14480171371096257,1.0701208085555376,0.2576523388641338,0
8.733999999999586,RETURN,0.5112662697142892,0.1545583189128808,0.8219941581986302,0.5824536188017294,0.14480171371096257,1.0701208085555376,0.25832085597663645,0
8.735999999999587,RETURN,0.51093559278704,0.15456847624210476,0.8213932691294947,0.5824536188017294,0.14480171371096257,1.0701208085555376,0.2589895877526956,0
8.737999999999587,RETURN,0.5106040602555306,0.15457852481025258,0.8207924953521141,0.5824536188017294,0.14480171371096257,1.0701208085555376,0.25965853127409333,0
8.739999999999588,RETURN,0.5102716729016844,0.15458846418677116,0.8201918405225596,0.5824536188017294,0.14480171371096257,1.0701208085555376,0.26032768362358644,0
8.741999999999589,RETURN,0.5099384315199296,0.1545982939422699,0.8195913082927239,0.5824536188017294,0.14480171371096257,1.0701208085555376,0.26099704188491896,0
8.74399999999959,RETURN,0.5096043369171971,0.15460801364853152,0.8189909023102806,0.5824536188017294,0.14480171371096257,1.0701208085555376,0.26166660314283363,0
8.74599999999959,RETURN,0.5092693899129183,0.15461762287852254,0.8183906262186449,0.5824536188017294,0.14480171371096257,1.0701208085555376,0.26233636448308295,0
8.74799999999959,RETURN,0.5089335913390189,0.1546271212064052,0.8177904836569331,0.5824536188017294,0.14480171371096257,1.0701208085555376,0.2630063229924416,0
8.749999999999591,RETURN,0.5085969420399178,0.15463650820754787,0.817190478259919,0.5824536188017294,0.14480171371096257,1.0701208085555376,0.2636764757587213,0
8.751999999999592,RETURN,0.5082594428725223,0.15464578345853652,0.8165906136579991,0.5824536188017294,0.14480171371096257,1.0701208085555376,0.26434681987077707,0
8.753999999999593,RETURN,0.5079210947062233,0.15465494653718487,0.8159908934771474,0.5824536188017294,0.14480171371096257,1.0701208085555376,0.2650173524185252,0
8.755999999999593,RETURN,0.5075818984228914,0.1546639970225464,0.8153913213388795,0.5824536188017294,0.14480171371096257,1.0701208085555376,0.2656880704929494,0
8.757999999999594,RETURN,0.5072418549168728,0.1546729344949247,0.8147919008602081,0.5824536188017294,0.14480171371096257,1.0701208085555376,0.26635897118611795,0
8.759999999999595,RETURN,0.5069009650949827,0.15468175853588448,0.8141926356536061,0.5824536188017294,0.14480171371096257,1.0701208085555376,0.2670300515911926,0
8.761999999999595,RETURN,0.5065592298765024,0.154690468728263,0.8135935293269644,0.5824536188017294,0.14480171371096257,1.0701208085555376,0.2677013088024416,0
8.763999999999596,RETURN,0.5062166501931723,0.15469906465618047,0.8129945854835522,0.5824536188017294,0.14480171371096257,1.0701208085555376,0.2683727399152517,0
8.765999999999597,RETURN,0.5058732269891869,0.1547075459050514,0.8123958077219773,0.5824536188017294,0.14480171371096257,1.0701208085555376,0.2690443420261401,0
8.767999999999597,RETURN,0.5055289612211888,0.1547159120615952,0.8117971996361468,0.5824536188017294,0.14480171371096257,1.0701208085555376,0.2697161122327649,0
8.769999999999598,RETURN,0.5051838538582629,0.15472416271384767,0.8111987648152233,0.5824536188017294,0.14480171371096257,1.0701208085555376,0.2703880476339415,0
8.771999999999599,RETURN,0.5048379058819303,0.15473229745117134,0.8106005068435903,0.5824536188017294,0.14480171371096257,1.0701208085555376,0.2710601453296484,0
8.7739999999996,RETURN,0.5044911182861407,0.15474031586426681,0.8100024293008069,0.5824536188017294,0.14480171371096257,1.0701208085555376,0.271732402421045,0
8.7759999999996,RETURN,0.5041434920772662,0.1547482175451835,0.8094045357615713,0.5824536188017294,0.14480171371096257,1.0701208085555376,0.27240481601048006,0
8.7779999999996,RETURN,0.5037950282740958,0.1547560020873306,0.8088068297956793,0.5824536188017294,0.14480171371096257,1.0701208085555376,0.27307738320150476,0
8.779999999999601,RETURN,0.5034457279078252,0.15476366908548778,0.8082093149679846,0.5824536188017294,0.14480171371096257,1.0701208085555376,0.27375010109888526,0
8.781999999999602,RETURN,0.5030955920220522,0.15477121813581657,0.8076119948383591,0.5824536188017294,0.14480171371096257,1.0701208085555376,0.27442296680861367,0
8.783999999999603,RETURN,0.502744621672767,0.15477864883587078,0.8070148729616523,0.5824536188017294,0.14480171371096257,1.0701208085555376,0.27509597743792125,0
8.785999999999603,RETURN,0.5023928179283457,0.1547859607846074,0.8064179528876516,0.5824536188017294,0.14480171371096257,1.0701208085555376,0.2757691300952902,0
8.787999999999604,RETURN,0.5020401818695406,0.15479315358239787,0.8058212381610442,0.5824536188017294,0.14480171371096257,1.0701208085555376,0.27644242189046414,0
8.789999999999605,RETURN,0.501686714589474,0.15480022683103847,0.8052247323213747,0.5824536188017294,0.14480171371096257,1.0701208085555376,0.27711584993446225,0
8.791999999999605,RETURN,0.5013324171936271,0.1548071801337614,0.8046284389030062,0.5824536188017294,0.14480171371096257,1.0701208085555376,0.27778941133959106,0
8.793999999999606,RETURN,0.5009772907998329,0.15481401309524553,0.8040323614350817,0.5824536188017294,0.14480171371096257,1.0701208085555376,0.2784631032194549,0
8.795999999999607,RETURN,0.5006213365382667,0.15482072532162727,0.8034365034414842,0.5824536188017294,0.14480171371096257,1.0701208085555376,0.2791369226889685,0
8.797999999999607,RETURN,0.5002645555514365,0.15482731642051106,0.8028408684407942,0.5824536188017294,0.14480171371096257,1.0701208085555376,0.2798108668643718,0
8.799999999999608,RETURN,0.49990694899417343,0.15483378600098105,0.802245459946254,0.5824536188017294,0.14480171371096257,1.0701208085555376,0.2804849328632379,0
8.801999999999609,RETURN,0.49954851803362305,0.1548401336736107,0.8016502814657266,0.5824536188017294,0.14480171371096257,1.0701208085555376,0.2811591178044868,0
8.80399999999961,RETURN,0.49918926384923334,0.15484635905047434,0.8010553365016553,0.5824536188017294,0.14480171371096257,1.0701208085555376,0.2818334188083989,0
8.80599999999961,RETURN,0.49882918763274686,0.1548524617451578,0.8004606285510252,0.5824536188017294,0.14480171371096257,1.0701208085555376,0.28250783299662474,0
8.80799999999961,RETURN,0.49846829058818787,0.15485844137276866,0.7998661611053245,0.5824536188017294,0.14480171371096257,1.0701208085555376,0.28318235749219794,0
8.809999999999611,RETURN,0.4981065739318541,0.15486429754994793,0.7992719376505028,0.5824536188017294,0.14480171371096257,1.0701208085555376,0.2838569894195484,0
8.811999999999612,RETURN,0.49774403889230423,0.15487002989487972,0.7986779616669335,0.5824536188017294,0.14480171371096257,1.0701208085555376,0.28453172590451276,0
8.813999999999613,RETURN,0.4973806867103471,0.15487563802730253,0.7980842366293751,0.5824536188017294,0.14480171371096257,1.0701208085555376,0.28520656407434675,0
8.815999999999613,RETURN,0.49701651863902985,0.15488112156852002,0.7974907660069309,0.5824536188017294,0.14480171371096257,1.0701208085555376,0.28588150105773763,0
8.817999999999614,RETURN,0.4966515359436289,0.15488648014141107,0.7968975532630092,0.5824536188017294,0.14480171371096257,1.0701208085555376,0.2865565339848164,0
8.819999999999615,RETURN,0.4962857399016338,0.15489171337044122,0.7963046018552854,0.5824536188017294,0.14480171371096257,1.0701208085555376,0.2872316599871697,0
8.821999999999615,RETURN,0.49591913180273967,0.1548968208816725,0.7957119152356633,0.5824536188017294,0.14480171371096257,1.0701208085555376,0.2879068761978508,0
8.823999999999616,RETURN,0.4955517129488318,0.15490180230277484,0.7951194968502344,0.5824536188017294,0.14480171371096257,1.0701208085555376,0.2885821797513936,0
8.825999999999617,RETURN,0.4951834846539739,0.15490665726303599,0.7945273501392403,0.5824536188017294,0.14480171371096257,1.0701208085555376,0.2892575677838235,0
8.827999999999617,RETURN,0.49481444824439713,0.15491138539337249,0.7939354785370338,0.5824536188017294,0.14480171371096257,1.0701208085555376,0.28993303743266846,0
8.829999999999618,RETURN,0.49444460505848487,0.15491598632634013,0.7933438854720393,0.5824536188017294,0.14480171371096257,1.0701208085555376,0.2906085858369734,0
8.831999999999619,RETURN,0.49407395644676155,0.15492045969614443,0.7927525743667145,0.5824536188017294,0.14480171371096257,1.0701208085555376,0.29128421013731,0
8.83399999999962,RETURN,0.493702503771877,0.15492480513865142,0.7921615486375114,0.5824536188017294,0.14480171371096257,1.0701208085555376,0.2919599074757907,0
8.83599999999962,RETURN,0.49333024840859485,0.15492902229139782,0.791570811694839,0.5824536188017294,0.14480171371096257,1.0701208085555376,0.29263567499607834,0
8.83799999999962,RETURN,0.49295719174377833,0.15493311079360184,0.7909803669430223,0.5824536188017294,0.14480171371096257,1.0701208085555376,0.29331150984340065,0
8.839999999999621,RETURN,0.49258333517637587,0.15493707028617307,0.7903902177802659,0.5824536188017294,0.14480171371096257,1.0701208085555376,0.29398740916456045,0
8.841999999999622,RETURN,0.4922086801174068,0.154940900411724,0.7898003675986143,0.5824536188017294,0.14480171371096257,1.0701208085555376,0.29466337010794874,0
8.843999999999623,RETURN,0.49183322798994683,0.15494460081457936,0.7892108197839146,0.5824536188017294,0.14480171371096257,1.0701208085555376,0.29533938982355584,0
8.845999999999623,RETURN,0.4914569802291143,0.15494817114078718,0.7886215777157773,0.5824536188017294,0.14480171371096257,1.0701208085555376,0.2960154654629839,0
8.847999999999624,RETURN,0.4910799382820543,0.15495161103812896,0.788032644767538,0.5824536188017294,0.14480171371096257,1.0701208085555376,0.2966915941794593,0
8.849999999999625,RETURN,0.49070210360792393,0.1549549201561301,0.7874440243062204,0.5824536188017294,0.14480171371096257,1.0701208085555376,0.29736777312784307,0
8.851999999999626,RETURN,0.4903234776778766,0.15495809814607037,0.7868557196924969,0.5824536188017294,0.14480171371096257,1.0701208085555376,0.2980439994646446,0
8.853999999999626,RETURN,0.4899440619750468,0.15496114466099373,0.786267734280651,0.5824536188017294,0.14480171371096257,1.0701208085555376,0.29872027034803306,0
8.855999999999627,RETURN,0.48956385799453506,0.15496405935571933,0.7856800714185396,0.5824536188017294,0.14480171371096257,1.0701208085555376,0.29939658293784865,0
8.857999999999628,RETURN,0.48918286724339044,0.15496684188685161,0.7850927344475555,0.5824536188017294,0.14480171371096257,1.0701208085555376,0.3000729343956149,0
8.859999999999628,RETURN,0.48880109124059573,0.15496949191279022,0.7845057267025877,0.5824536188017294,0.14480171371096257,1.0701208085555376,0.30074932188455183,0
8.861999999999629,RETURN,0.48841853151705,0.1549720090937407,0.7839190515119869,0.5824536188017294,0.14480171371096257,1.0701208085555376,0.3014257425695852,0
8.86399999999963,RETURN,0.48803518961555276,0.15497439309172414,0.7833327121975244,0.5824536188017294,0.14480171371096257,1.0701208085555376,0.3021021936173616,0
8.86599999999963,RETURN,0.48765106709078715,0.1549766435705882,0.7827467120743569,0.5824536188017294,0.14480171371096257,1.0701208085555376,0.30277867219625815,0
8.86799999999963,RETURN,0.48726616550930124,0.1549787601960166,0.7821610544509882,0.5824536188017294,0.14480171371096257,1.0701208085555376,0.30345517547639506,0
8.869999999999632,RETURN,0.48688048644949367,0.1549807426355397,0.7815757426292324,0.5824536188017294,0.14480171371096257,1.0701208085555376,0.30413170062964695,0
8.871999999999632,RETURN,0.48649403150159376,0.1549825905585441,0.7809907799041751,0.5824536188017294,0.14480171371096257,1.0701208085555376,0.30480824482965624,0
8.873999999999633,RETURN,0.4861068022676449,0.15498430363628346,0.7804061695641383,0.5824536188017294,0.14480171371096257,1.0701208085555376,0.30548480525184324,0
8.875999999999634,RETURN,0.48571880036148624,0.15498588154188792,0.7798219148906408,0.5824536188017294,0.14480171371096257,1.0701208085555376,0.3061613790734199,0
8.877999999999634,RETURN,0.48533002740873527,0.1549873239503747,0.7792380191583629,0.5824536188017294,0.14480171371096257,1.0701208085555376,0.3068379634734001,0
8.879999999999635,RETURN,0.48494048504676873,0.15498863053865777,0.7786544856351101,0.5824536188017294,0.14480171371096257,1.0701208085555376,0.30751455563261093,0
8.881999999999636,RETURN,0.4845501749247041,0.15498980098555787,0.7780713175817738,0.5824536188017294,0.14480171371096257,1.0701208085555376,0.308191152733707,0
8.883999999999636,RETURN,0.4841590987033817,0.15499083497181274,0.7774885182522965,0.5824536188017294,0.14480171371096257,1.0701208085555376,0.30886775196118027,0
8.885999999999637,RETURN,0.48376725805534515,0.15499173218008705,0.7769060908936339,0.5824536188017294,0.14480171371096257,1.0701208085555376,0.30954435050137236,0
8.887999999999638,RETURN,0.48337465466482193,0.15499249229498183,0.7763240387457193,0.5824536188017294,0.14480171371096257,1.0701208085555376,0.31022094554248664,0
8.889999999999638,RETURN,0.48298129022770514,0.154993115003045,0.7757423650414268,0.5824536188017294,0.14480171371096257,1.0701208085555376,0.310897534274599,0
8.891999999999639,RETURN,0.48258716645153227,0.15499359999278106,0.7751610730065341,0.5824536188017294,0.14480171371096257,1.0701208085555376,0.31157411388967116,0
8.89399999999964,RETURN,0.4821922850554673,0.1549939469546608,0.7745801658596871,0.5824536188017294,0.14480171371096257,1.0701208085555376,0.3122506815815614,0
8.89599999999964,RETURN,0.48179664777027964,0.1549941555811311,0.7739996468123628,0.5824536188017294,0.14480171371096257,1.0701208085555376,0.3129272345460369,0
8.89799999999964,RETURN,0.48140025633832406,0.15499422556662504,0.773419519068835,0.5824536188017294,0.14480171371096257,1.0701208085555376,0.3136037699807837,0
8.899999999999642,RETURN,0.4810031125135204,0.1549941566075712,0.772839785826136,0.5824536188017294,0.14480171371096257,1.0701208085555376,0.3142802850854211,0
8.901999999999642,RETURN,0.4806052180613329,0.15499394840240382,0.7722604502740211,0.5824536188017294,0.14480171371096257,1.0701208085555376,0.3149567770615123,0
8.903999999999643,RETURN,0.4802065747587503,0.15499360065157233,0.7716815155949354,0.5824536188017294,0.14480171371096257,1.0701208085555376,0.315633243112574,0
8.905999999999644,RETURN,0.47980718439426406,0.15499311305755117,0.7711029849639729,0.5824536188017294,0.14480171371096257,1.0701208085555376,0.3163096804440924,0
8.907999999999644,RETURN,0.4794070487678461,0.15499248532484894,0.7705248615488471,0.5824536188017294,0.14480171371096257,1.0701208085555376,0.31698608626353003,0
8.909999999999645,RETURN,0.47900616969093013,0.1549917171600186,0.7699471485098511,0.5824536188017294,0.14480171371096257,1.0701208085555376,0.31766245778034036,0
8.911999999999646,RETURN,0.4786045489863882,0.15499080827166717,0.7693698489998223,0.5824536188017294,0.14480171371096257,1.0701208085555376,0.31833879220597994,0
8.913999999999646,RETURN,0.47820218848850854,0.1549897583704645,0.7687929661641093,0.5824536188017294,0.14480171371096257,1.0701208085555376,0.319015086753918,0
8.915999999999647,RETURN,0.4777990900429759,0.1549885671691535,0.768216503140536,0.5824536188017294,0.14480171371096257,1.0701208085555376,0.3196913386396478,0
8.917999999999648,RETURN,0.4773952555068464,0.15498723438255949,0.7676404630593658,0.5824536188017294,0.14480171371096257,1.0701208085555376,0.32036754508070037,0
8.919999999999648,RETURN,0.47699068674852746,0.1549857597275994,0.7670648490432662,0.5824536188017294,0.14480171371096257,1.0701208085555376,0.3210437032966551,0
8.921999999999649,RETURN,0.47658538564775443,0.15498414292329168,0.766489664207275,0.5824536188017294,0.14480171371096257,1.0701208085555376,0.3217198105091509,0
8.92399999999965,RETURN,0.47617935409556766,0.15498238369076542,0.7659149116587659,0.5824536188017294,0.14480171371096257,1.0701208085555376,0.3223958639418972,0
8.92599999999965,RETURN,0.47577259399428995,0.15498048175326953,0.7653405944974121,0.5824536188017294,0.14480171371096257,1.0701208085555376,0.32307186082068706,0
8.92799999999965,RETURN,0.4753651072575036,0.15497843683618243,0.7647667158151535,0.5824536188017294,0.14480171371096257,1.0701208085555376,0.3237477983734071,0
8.929999999999652,RETURN,0.47495689581002587,0.15497624866702142,0.7641932786961608,0.5824536188017294,0.14480171371096257,1.0701208085555376,0.3244236738300505,0
8.931999999999652,RETURN,0.4745479615878875,0.15497391697545151,0.763620286216803,0.5824536188017294,0.14480171371096257,1.0701208085555376,0.3250994844227262,0
8.933999999999653,RETURN,0.47413830653830696,0.15497144149329523,0.7630477414456107,0.5824536188017294,0.14480171371096257,1.0701208085555376,0.32577522738567327,0
8.935999999999654,RETURN,0.4737279326196676,0.15496882195454123,0.7624756474432449,0.5824536188017294,0.14480171371096257,1.0701208085555376,0.32645089995526944,0
8.937999999999654,RETURN,0.4733168418014944,0.1549660580953542,0.7619040072624607,0.5824536188017294,0.14480171371096257,1.0701208085555376,0.32712649937004434,0
8.939999999999655,RETURN,0.47290503606442724,0.1549631496540831,0.7613328239480743,0.5824536188017294,0.14480171371096257,1.0701208085555376,0.32780202287069043,0
8.941999999999656,RETURN,0.47249251740019943,0.15496009637127137,0.7607621005369302,0.5824536188017294,0.14480171371096257,1.0701208085555376,0.3284774677000735,0
8.943999999999656,RETURN,0.47207928781161007,0.15495689798966492,0.7601918400578654,0.5824536188017294,0.14480171371096257,1.0701208085555376,0.32915283110324584,0
8.945999999999657,RETURN,0.4716653493125025,0.154953554254222,0.7596220455316777,0.5824536188017294,0.14480171371096257,1.0701208085555376,0.32982811032745596,0
8.947999999999658,RETURN,0.47125070392773566,0.1549500649121217,0.7590527199710935,0.5824536188017294,0.14480171371096257,1.0701208085555376,0.33050330262215893,0
8.949999999999658,RETURN,0.47083535369316243,0.1549464297127733,0.7584838663807301,0.5824536188017294,0.14480171371096257,1.0701208085555376,0.33117840523903136,0
8.951999999999659,RETURN,0.47041930065560145,0.15494264840782487,0.7579154877570674,0.5824536188017294,0.14480171371096257,1.0701208085555376,0.3318534154319788,0
8.95399999999966,RETURN,0.47000254687281345,0.15493872075117238,0.7573475870884122,0.5824536188017294,0.14480171371096257,1.0701208085555376,0.33252833045714913,0
8.95599999999966,RETURN,0.46958509441347435,0.15493464649896857,0.7567801673548662,0.5824536188017294,0.14480171371096257,1.0701208085555376,0.3332031475729427,0
8.957999999999661,RETURN,0.46916694535714965,0.15493042540963178,0.7562132315282937,0.5824536188017294,0.14480171371096257,1.0701208085555376,0.3338778640400239,0
8.959999999999662,RETURN,0.46874810179426807,0.1549260572438544,0.7556467825722878,0.5824536188017294,0.14480171371096257,1.0701208085555376,0.33455247712133257,0
8.961999999999662,RETURN,0.46832856582609705,0.15492154176461242,0.7550808234421389,0.5824536188017294,0.14480171371096257,1.0701208085555376,0.33522698408209445,0
8.963999999999663,RETURN,0.4679083395647133,0.15491687873717327,0.7545153570848014,0.5824536188017294,0.14480171371096257,1.0701208085555376,0.3359013821898336,0
8.965999999999664,RETURN,0.46748742513297864,0.1549120679291052,0.7539503864388633,0.5824536188017294,0.14480171371096257,1.0701208085555376,0.3365756687143815,0
8.967999999999664,RETURN,0.4670658246645114,0.15490710911028535,0.7533859144345125,0.5824536188017294,0.14480171371096257,1.0701208085555376,0.3372498409278893,0
8.969999999999665,RETURN,0.46664354030366084,0.15490200205290877,0.7528219439935045,0.5824536188017294,0.14480171371096257,1.0701208085555376,0.3379238961048399,0
8.971999999999666,RETURN,0.4662205742054795,0.15489674653149718,0.7522584780291329,0.5824536188017294,0.14480171371096257,1.0701208085555376,0.3385978315220563,0
8.973999999999666,RETURN,0.4657969285356952,0.15489134232290652,0.7516955194461958,0.5824536188017294,0.14480171371096257,1.0701208085555376,0.3392716444587143,0
8.975999999999667,RETURN,0.46537260547068454,0.15488578920633672,0.7511330711409632,0.5824536188017294,0.14480171371096257,1.0701208085555376,0.3399453321963551,0
8.977999999999668,RETURN,0.4649476071974449,0.15488008696333946,0.7505711360011491,0.5824536188017294,0.14480171371096257,1.0701208085555376,0.3406188920188917,0
8.979999999999668,RETURN,0.4645219359135656,0.15487423537782638,0.7500097169058777,0.5824536188017294,0.14480171371096257,1.0701208085555376,0.3412923212126239,0
8.981999999999669,RETURN,0.46409559382720167,0.15486823423607815,0.7494488167256528,0.5824536188017294,0.14480171371096257,1.0701208085555376,0.3419656170662472,0
8.98399999999967,RETURN,0.4636685831570439,0.1548620833267521,0.7488884383223264,0.5824536188017294,0.14480171371096257,1.0701208085555376,0.3426387768708649,0
8.98599999999967,RETURN,0.4632409061322917,0.15485578244089135,0.7483285845490688,0.5824536188017294,0.14480171371096257,1.0701208085555376,0.34331179791999783,0
8.987999999999671,RETURN,0.46281256499262347,0.154849331371932,0.7477692582503377,0.5824536188017294,0.14480171371096257,1.0701208085555376,0.3439846775095952,0
8.989999999999672,RETURN,0.46238356198816943,0.15484272991571232,0.7472104622618468,0.5824536188017294,0.14480171371096257,1.0701208085555376,0.34465741293804614,0
8.991999999999672,RETURN,0.4619538993794806,0.15483597787048053,0.7466521994105367,0.5824536188017294,0.14480171371096257,1.0701208085555376,0.34533000150618975,0
8.993999999999673,RETURN,0.4615235794375028,0.15482907503690266,0.746094472514543,0.5824536188017294,0.14480171371096257,1.0701208085555376,0.3460024405173263,0
8.995999999999674,RETURN,0.4610926044435437,0.1548220212180712,0.745537284383168,0.5824536188017294,0.14480171371096257,1.0701208085555376,0.3466747272772274,0
8.997999999999674,RETURN,0.46066097668924594,0.154814816219513,0.7449806378168494,0.5824536188017294,0.14480171371096257,1.0701208085555376,0.3473468590941475,0
8.999999999999675,RETURN,0.4602286984765582,0.1548074598491969,0.7444245356071306,0.5824536188017294,0.14480171371096257,1.0701208085555376,0.34801883327883343,0
9.001999999999676,RETURN,0.45979577211770234,0.15479995191754223,0.7438689805366324,0.5824536188017294,0.14480171371096257,1.0701208085555376,0.3486906471445357,0
9.003999999999676,RETURN,0.45936219993514693,0.15479229223742644,0.7433139753790213,0.5824536188017294,0.14480171371096257,1.0701208085555376,0.3493622980070191,0
9.005999999999677,RETURN,0.4589279842615757,0.15478448062419298,0.7427595228989812,0.5824536188017294,0.14480171371096257,1.0701208085555376,0.3500337831845735,0
9.007999999999678,RETURN,0.4584931274398569,0.1547765168956595,0.742205625852186,0.5824536188017294,0.14480171371096257,1.0701208085555376,0.3507050999980223,0
9.009999999999678,RETURN,0.45805763182301384,0.15476840087212504,0.7416522869852659,0.5824536188017294,0.14480171371096257,1.0701208085555376,0.35137624577073695,0
9.011999999999679,RETURN,0.4576214997741945,0.15476013237637848,0.7410995090357839,0.5824536188017294,0.14480171371096257,1.0701208085555376,0.35204721782864273,0
9.01399999999968,RETURN,0.45718473366663975,0.15475171123370562,0.7405472947322035,0.5824536188017294,0.14480171371096257,1.0701208085555376,0.35271801350023263,0
9.01599999999968,RETURN,0.4567473358836538,0.1547431372718975,0.7399956467938602,0.5824536188017294,0.14480171371096257,1.0701208085555376,0.35338863011657695,0
9.017999999999681,RETURN,0.45630930881857273,0.15473441032125748,0.739444567930935,0.5824536188017294,0.14480171371096257,1.0701208085555376,0.35405906501133244,0
9.019999999999682,RETURN,0.45587065487473327,0.15472553021460905,0.7388940608444245,0.5824536188017294,0.14480171371096257,1.0701208085555376,0.35472931552075393,0
9.021999999999682,RETURN,0.45543137646544146,0.15471649678730365,0.7383441282261135,0.5824536188017294,0.14480171371096257,1.0701208085555376,0.35539937898370394,0
9.023999999999683,RETURN,0.45499147601394185,0.15470730987722742,0.7377947727585469,0.5824536188017294,0.14480171371096257,1.0701208085555376,0.3560692527416629,0
9.025999999999684,RETURN,0.4545509559533846,0.15469796932480978,0.7372459971150009,0.5824536188017294,0.14480171371096257,1.0701208085555376,0.35673893413874075,0
9.027999999999684,RETURN,0.45410981872679584,0.15468847497302962,0.7366978039594567,0.5824536188017294,0.14480171371096257,1.0701208085555376,0.35740842052168526,0
9.029999999999685,RETURN,0.4536680667870437,0.15467882666742358,0.7361501959465726,0.5824536188017294,0.14480171371096257,1.0701208085555376,0.358077709239893,0
9.031999999999686,RETURN,0.4532257025968077,0.1546690242560931,0.7356031757216569,0.5824536188017294,0.14480171371096257,1.0701208085555376,0.35874679764541917,0
9.033999999999686,RETURN,0.45278272862854574,0.1546590675897115,0.7350567459206387,0.5824536188017294,0.14480171371096257,1.0701208085555376,0.3594156830929894,0
9.035999999999687,RETURN,0.45233914736446285,0.15464895652153143,0.7345109091700439,0.5824536188017294,0.14480171371096257,1.0701208085555376,0.3600843629400071,0
9.037999999999688,RETURN,0.4518949612964772,0.15463869090739207,0.7339656680869668,0.5824536188017294,0.14480171371096257,1.0701208085555376,0.3607528345465651,0
9.039999999999688,RETURN,0.451450172926188,0.15462827060572598,0.7334210252790433,0.5824536188017294,0.14480171371096257,1.0701208085555376,0.3614210952754559,0
9.041999999999689,RETURN,0.4510047847648447,0.15461769547756682,0.7328769833444246,0.5824536188017294,0.14480171371096257,1.0701208085555376,0.3620891424921803,0
9.04399999999969,RETURN,0.45055879933331106,0.15460696538655544,0.7323335448717504,0.5824536188017294,0.14480171371096257,1.0701208085555376,0.36275697356495956,0
9.04599999999969,RETURN,0.45011221916203403,0.15459608019894794,0.7317907124401246,0.5824536188017294,0.14480171371096257,1.0701208085555376,0.36342458586474186,0
9.047999999999691,RETURN,0.44966504679101016,0.15458503978362206,0.7312484886190856,0.5824536188017294,0.14480171371096257,1.0701208085555376,0.3640919767652166,0
9.049999999999692,RETURN,0.4492172847697523,0.1545738440120839,0.730706875968585,0.5824536188017294,0.14480171371096257,1.0701208085555376,0.3647591436428196,0
9.051999999999692,RETURN,0.4487689356572559,0.15456249275847508,0.7301658770389572,0.5824536188017294,0.14480171371096257,1.0701208085555376,0.36542608387674724,0
9.053999999999693,RETURN,0.4483200020219662,0.15455098589957988,0.7296254943708985,0.5824536188017294,0.14480171371096257,1.0701208085555376,0.366092794848962,0
9.055999999999694,RETURN,0.4478704864417432,0.15453932331483142,0.7290857304954377,0.5824536188017294,0.14480171371096257,1.0701208085555376,0.3667592739442063,0
9.057999999999694,RETURN,0.44742039150382873,0.15452750488631845,0.7285465879339142,0.5824536188017294,0.14480171371096257,1.0701208085555376,0.3674255185500084,0
9.059999999999695,RETURN,0.446969719804813,0.1545155304987923,0.7280080691979501,0.5824536188017294,0.14480171371096257,1.0701208085555376,0.36809152605669526,0
9.061999999999696,RETURN,0.4465184739505989,0.15450340003967358,0.7274701767894276,0.5824536188017294,0.14480171371096257,1.0701208085555376,0.36875729385739997,0
9.063999999999696,RETURN,0.4460666565563692,0.1544911133990581,0.7269329132004632,0.5824536188017294,0.14480171371096257,1.0701208085555376,0.36942281934807236,0
9.065999999999697,RETURN,0.44561427024655187,0.1544786704697244,0.7263962809133836,0.5824536188017294,0.14480171371096257,1.0701208085555376,0.3700880999274878,0
9.067999999999698,RETURN,0.44516131765478434,0.15446607114713948,0.7258602824007013,0.5824536188017294,0.14480171371096257,1.0701208085555376,0.3707531329972578,0
9.069999999999698,RETURN,0.4447078014238806,0.15445331532946527,0.7253249201250896,0.5824536188017294,0.14480171371096257,1.0701208085555376,0.3714179159618392,0
9.071999999999699,RETURN,0.4442537242057958,0.15444040291756525,0.7247901965393615,0.5824536188017294,0.14480171371096257,1.0701208085555376,0.3720824462285414,0
9.0739999999997,RETURN,0.4437990886615906,0.15442733381501086,0.7242561140864421,0.5824536188017294,0.14480171371096257,1.0701208085555376,0.37274672120753916,0
9.0759999999997,RETURN,0.44334389746139713,0.15441410792808744,0.723722675199347,0.5824536188017294,0.14480171371096257,1.0701208085555376,0.3734107383118803,0
9.077999999999701,RETURN,0.442888153284384,0.15440072516580083,0.7231898823011592,0.5824536188017294,0.14480171371096257,1.0701208085555376,0.37407449495749423,0
9.079999999999702,RETURN,0.44243185881871927,0.15438718543988322,0.722657737805005,0.5824536188017294,0.14480171371096257,1.0701208085555376,0.374737988563203,0
9.081999999999702,RETURN,0.4419750167615381,0.1543734886647995,0.7221262441140313,0.5824536188017294,0.14480171371096257,1.0701208085555376,0.3754012165507286,0
9.083999999999703,RETURN,0.44151762981890347,0.15435963475775336,0.7215954036213824,0.5824536188017294,0.14480171371096257,1.0701208085555376,0.3760641763447042,0
9.085999999999704,RETURN,0.44105970070577444,0.15434562363869317,0.7210652187101783,0.5824536188017294,0.14480171371096257,1.0701208085555376,0.37672686537268085,0
9.087999999999704,RETURN,0.44060123214596675,0.15433145523031772,0.7205356917534902,0.5824536188017294,0.14480171371096257,1.0701208085555376,0.3773892810651395,0
9.089999999999705,RETURN,0.44014222687212057,0.15431712945808312,0.7200068251143206,0.5824536188017294,0.14480171371096257,1.0701208085555376,0.378051420855497,0
9.091999999999706,RETURN,0.43968268762566104,0.1543026462502075,0.7194786211455791,0.5824536188017294,0.14480171371096257,1.0701208085555376,0.37871328218011757,0
9.093999999999706,RETURN,0.43922261715676486,0.15428800553767752,0.7189510821900611,0.5824536188017294,0.14480171371096257,1.0701208085555376,0.37937486247832114,0
9.095999999999707,RETURN,0.43876201822432226,0.15427320725425403,0.7184242105804263,0.5824536188017294,0.14480171371096257,1.0701208085555376,0.3800361591923916,0
9.097999999999708,RETURN,0.4383008935959022,0.15425825133647758,0.7178980086391773,0.5824536188017294,0.14480171371096257,1.0701208085555376,0.3806971697675856,0
9.099999999999708,RETURN,0.4378392460477138,0.1542431377236747,0.7173724786786375,0.5824536188017294,0.14480171371096257,1.0701208085555376,0.38135789165214284,0
9.101999999999709,RETURN,0.43737707836457307,0.15422786635796226,0.7168476230009301,0.5824536188017294,0.14480171371096257,1.0701208085555376,0.38201832229729316,0
9.10399999999971,RETURN,0.436914393339863,0.15421243718425479,0.7163234438979573,0.5824536188017294,0.14480171371096257,1.0701208085555376,0.38267845915726634,0
9.10599999999971,RETURN,0.43645119377549774,0.15419685015026843,0.7157999436513786,0.5824536188017294,0.14480171371096257,1.0701208085555376,0.3833382996893017,0
9.107999999999711,RETURN,0.43598748248188723,0.15418110520652745,0.715277124532592,0.5824536188017294,0.14480171371096257,1.0701208085555376,0.38399784135365367,0
9.109999999999712,RETURN,0.43552326227789856,0.15416520230636874,0.7147549888027107,0.5824536188017294,0.14480171371096257,1.0701208085555376,0.38465708161360423,0
9.111999999999712,RETURN,0.43505853599081884,0.15414914140594832,0.7142335387125456,0.5824536188017294,0.14480171371096257,1.0701208085555376,0.38531601793546916,0
9.113999999999713,RETURN,0.4345933064563192,0.15413292246424554,0.7137127765025832,0.5824536188017294,0.14480171371096257,1.0701208085555376,0.38597464778860713,0
9.115999999999714,RETURN,0.4341275765184163,0.15411654544306885,0.713192704402967,0.5824536188017294,0.14480171371096257,1.0701208085555376,0.38663296864542857,0
9.117999999999714,RETURN,0.4336613490294361,0.15410001030706125,0.7126733246334775,0.5824536188017294,0.14480171371096257,1.0701208085555376,0.38729097798140266,0
9.119999999999715,RETURN,0.4331946268499746,0.15408331702370476,0.7121546394035112,0.5824536188017294,0.14480171371096257,1.0701208085555376,0.38794867327506904,0
9.121999999999716,RETURN,0.4327274128488627,0.15406646556332615,0.711636650912063,0.5824536188017294,0.14480171371096257,1.0701208085555376,0.3886060520080428,0
9.123999999999716,RETURN,0.4322597099031257,0.15404945589910163,0.7111193613477083,0.5824536188017294,0.14480171371096257,1.0701208085555376,0.3892631116650231,0
9.125999999999717,RETURN,0.43179152089794776,0.154032288007062,0.7106027728885783,0.5824536188017294,0.14480171371096257,1.0701208085555376,0.38991984973380556,0
9.127999999999718,RETURN,0.43132284872663257,0.1540149618660973,0.7100868877023498,0.5824536188017294,0.14480171371096257,1.0701208085555376,0.3905762637052837,0
9.129999999999718,RETURN,0.43085369629056625,0.15399747745796216,0.7095717079462182,0.5824536188017294,0.14480171371096257,1.0701208085555376,0.3912323510734643,0
9.131999999999719,RETURN,0.4303840664991789,0.15397983476728028,0.7090572357668857,0.5824536188017294,0.14480171371096257,1.0701208085555376,0.3918881093354692,0
9.13399999999972,RETURN,0.4299139622699061,0.15396203378154935,0.7085434733005385,0.5824536188017294,0.14480171371096257,1.0701208085555376,0.3925435359915487,0
9.13599999999972,RETURN,0.42944338652815073,0.15394407449114542,0.7080304226728318,0.5824536188017294,0.14480171371096257,1.0701208085555376,0.39319862854508575,0
9.137999999999721,RETURN,0.42897234220724556,0.15392595688932825,0.7075180859988704,0.5824536188017294,0.14480171371096257,1.0701208085555376,0.39385338450260615,0
9.139999999999722,RETURN,0.42850083224841334,0.15390768097224525,0.7070064653831925,0.5824536188017294,0.14480171371096257,1.0701208085555376,0.3945078013737853,0
9.141999999999722,RETURN,0.42802885960072895,0.15388924673893636,0.7064955629197505,0.5824536188017294,0.14480171371096257,1.0701208085555376,0.3951618766714573,0
9.143999999999723,RETURN,0.42755642722108084,0.15387065419133847,0.7059853806918953,0.5824536188017294,0.14480171371096257,1.0701208085555376,0.3958156079116216,0
9.145999999999724,RETURN,0.42708353807413235,0.15385190333428994,0.7054759207723584,0.5824536188017294,0.14480171371096257,1.0701208085555376,0.3964689926134521,0
9.147999999999724,RETURN,0.4266101951322821,0.15383299417553498,0.704967185223236,0.5824536188017294,0.14480171371096257,1.0701208085555376,0.39712202829930376,0
9.149999999999725,RETURN,0.42613640137562614,0.15381392672572766,0.704459176095972,0.5824536188017294,0.14480171371096257,1.0701208085555376,0.3977747124947206,0
9.151999999999726,RETURN,0.4256621597919186,0.1537947009984366,0.7039518954313407,0.5824536188017294,0.14480171371096257,1.0701208085555376,0.3984270427284442,0
9.153999999999726,RETURN,0.42518747337653195,0.15377531701014915,0.7034453452594323,0.5824536188017294,0.14480171371096257,1.0701208085555376,0.39907901653242056,0
9.155999999999727,RETURN,0.42471234513241907,0.15375577478027525,0.7029395275996354,0.5824536188017294,0.14480171371096257,1.0701208085555376,0.3997306314418078,0
9.157999999999728,RETURN,0.42423677807007276,0.15373607433115177,0.7024344444606234,0.5824536188017294,0.14480171371096257,1.0701208085555376,0.400381884994983,0
9.159999999999728,RETURN,0.4237607752074873,0.1537162156880465,0.7019300978403352,0.5824536188017294,0.14480171371096257,1.0701208085555376,0.401032774733552,0
9.161999999999729,RETURN,0.4232843395701189,0.15369619887916253,0.7014264897259637,0.5824536188017294,0.14480171371096257,1.0701208085555376,0.401683298202354,0
9.16399999999973,RETURN,0.42280747419084597,0.1536760239356412,0.7009236220939379,0.5824536188017294,0.14480171371096257,1.0701208085555376,0.402333452949471,0
9.16599999999973,RETURN,0.42233018210992945,0.15365569089156705,0.7004214969099097,0.5824536188017294,0.14480171371096257,1.0701208085555376,0.40298323652623397,0
9.167999999999731,RETURN,0.42185246637497376,0.15363519978397097,0.699920116128739,0.5824536188017294,0.14480171371096257,1.0701208085555376,0.40363264648723,0
9.169999999999732,RETURN,0.4213743300408871,0.15361455065283428,0.6994194816944763,0.5824536188017294,0.14480171371096257,1.0701208085555376,0.4042816803903118,0
9.171999999999732,RETURN,0.42089577616984053,0.1535937435410927,0.6989195955403533,0.5824536188017294,0.14480171371096257,1.0701208085555376,0.4049303357966013,0
9.173999999999733,RETURN,0.42041680783122964,0.153572778494639,0.6984204595887644,0.5824536188017294,0.14480171371096257,1.0701208085555376,0.4055786102704997,0
9.175999999999734,RETURN,0.4199374281016338,0.1535516555623279,0.697922075751255,0.5824536188017294,0.14480171371096257,1.0701208085555376,0.40622650137969324,0
9.177999999999734,RETURN,0.4194576400647766,0.15353037479597845,0.697424445928507,0.5824536188017294,0.14480171371096257,1.0701208085555376,0.4068740066951603,0
9.179999999999735,RETURN,0.41897744681148485,0.1535089362503784,0.6969275720103258,0.5824536188017294,0.14480171371096257,1.0701208085555376,0.40752112379117883,0
9.181999999999736,RETURN,0.41849685143965015,0.15348733998328737,0.6964314558756254,0.5824536188017294,0.14480171371096257,1.0701208085555376,0.40816785024533386,0
9.183999999999736,RETURN,0.418015857054187,0.15346558605543967,0.6959360993924184,0.5824536188017294,0.14480171371096257,1.0701208085555376,0.4088141836385218,0
9.185999999999737,RETURN,0.4175344667669938,0.15344367453054855,0.6954415044178001,0.5824536188017294,0.14480171371096257,1.0701208085555376,0.40946012155496014,0
9.187999999999738,RETURN,0.4170526836969117,0.1534216054753087,0.6949476727979371,0.5824536188017294,0.14480171371096257,1.0701208085555376,0.41010566158219286,0
9.189999999999738,RETURN,0.4165705109696848,0.15339937895939965,0.6944546063680542,0.5824536188017294,0.14480171371096257,1.0701208085555376,0.4107508013110979,0
9.191999999999739,RETURN,0.41608795171791924,0.15337699505548924,0.6939623069524237,0.5824536188017294,0.14480171371096257,1.0701208085555376,0.41139553833589254,0
9.19399999999974,RETURN,0.41560500908104375,0.15335445383923624,0.6934707763643504,0.5824536188017294,0.14480171371096257,1.0701208085555376,0.41203987025414157,0
9.19599999999974,RETURN,0.41512168620526735,0.15333175538929372,0.6929800164061636,0.5824536188017294,0.14480171371096257,1.0701208085555376,0.41268379466676214,0
9.197999999999741,RETURN,0.41463798624354026,0.15330889978731152,0.6924900288692015,0.5824536188017294,0.14480171371096257,1.0701208085555376,0.4133273091780325,0
9.199999999999742,RETURN,0.4141539123555127,0.15328588711794014,0.6920008155338027,0.5824536188017294,0.14480171371096257,1.0701208085555376,0.4139704113955963,0
9.201999999999742,RETURN,0.4136694677074943,0.15326271746883224,0.6915123781692937,0.5824536188017294,0.14480171371096257,1.0701208085555376,0.4146130989304698,0
9.203999999999743,RETURN,0.41318465547241284,0.15323939093064656,0.691024718533978,0.5824536188017294,0.14480171371096257,1.0701208085555376,0.41525536939704893,0
9.205999999999744,RETURN,0.4126994788297741,0.1532159075970503,0.6905378383751252,0.5824536188017294,0.14480171371096257,1.0701208085555376,0.4158972204131145,0
9.207999999999744,RETURN,0.41221394096562075,0.15319226756472137,0.6900517394289603,0.5824536188017294,0.14480171371096257,1.0701208085555376,0.4165386495998396,0
9.209999999999745,RETURN,0.4117280450724911,0.15316847093335173,0.6895664234206548,0.5824536188017294,0.14480171371096257,1.0701208085555376,0.41717965458179374,0
9.211999999999746,RETURN,0.4112417943493789,0.15314451780564928,0.689081892064314,0.5824536188017294,0.14480171371096257,1.0701208085555376,0.41782023298695153,0
9.213999999999746,RETURN,0.41075519200169136,0.15312040828734086,0.6885981470629696,0.5824536188017294,0.14480171371096257,1.0701208085555376,0.41846038244669675,0
9.215999999999747,RETURN,0.4102682412412086,0.15309614248717435,0.6881151901085674,0.5824536188017294,0.14480171371096257,1.0701208085555376,0.4191001005958302,0
9.217999999999748,RETURN,0.40978094528604303,0.1530717205169213,0.6876330228819598,0.5824536188017294,0.14480171371096257,1.0701208085555376,0.4197393850725736,0
9.219999999999748,RETURN,0.4092933073605969,0.153047142491379,0.6871516470528963,0.5824536188017294,0.14480171371096257,1.0701208085555376,0.4203782335185768,0
9.221999999999749,RETURN,0.40880533069552205,0.15302240852837304,0.686671064280013,0.5824536188017294,0.14480171371096257,1.0701208085555376,0.4210166435789239,0
9.22399999999975,RETURN,0.40831701852767877,0.15299751874875914,0.6861912762108254,0.5824536188017294,0.14480171371096257,1.0701208085555376,0.4216546129021375,0
9.22599999999975,RETURN,0.4078283741000942,0.1529724732764255,0.6857122844817178,0.5824536188017294,0.14480171371096257,1.0701208085555376,0.422292139140187,0
9.227999999999751,RETURN,0.4073394006619207,0.1529472722382952,0.6852340907179377,0.5824536188017294,0.14480171371096257,1.0701208085555376,0.4229292199484908,0
9.229999999999752,RETURN,0.40685010146839506,0.1529219157643277,0.6847566965335846,0.5824536188017294,0.14480171371096257,1.0701208085555376,0.42356585298592525,0
9.231999999999752,RETURN,0.40636047978079676,0.15289640398752083,0.6842801035316027,0.5824536188017294,0.14480171371096257,1.0701208085555376,0.4242020359148292,0
9.233999999999753,RETURN,0.40587053886640684,0.15287073704391305,0.6838043133037751,0.5824536188017294,0.14480171371096257,1.0701208085555376,0.4248377664010078,0
9.235999999999754,RETURN,0.40538028199846576,0.15284491507258507,0.683329327430715,0.5824536188017294,0.14480171371096257,1.0701208085555376,0.4254730421137392,0
9.237999999999754,RETURN,0.4048897124561329,0.15281893821566184,0.6828551474818554,0.5824536188017294,0.14480171371096257,1.0701208085555376,0.4261078607257822,0
9.239999999999755,RETURN,0.4043988335244438,0.152792806618314,0.6823817750154478,0.5824536188017294,0.14480171371096257,1.0701208085555376,0.426742219913377,0
9.241999999999756,RETURN,0.40390764849427,0.15276652042875946,0.6819092115785499,0.5824536188017294,0.14480171371096257,1.0701208085555376,0.4273761173562547,0
9.243999999999756,RETURN,0.40341616066227626,0.15274007979826565,0.681437458707022,0.5824536188017294,0.14480171371096257,1.0701208085555376,0.4280095507376396,0
9.245999999999757,RETURN,0.4029243733308795,0.15271348488115005,0.6809665179255195,0.5824536188017294,0.14480171371096257,1.0701208085555376,0.4286425177442558,0
9.247999999999758,RETURN,0.4024322898082072,0.15268673583478298,0.6804963907474861,0.5824536188017294,0.14480171371096257,1.0701208085555376,0.42927501606633267,0
9.249999999999758,RETURN,0.4019399134080548,0.15265983281958773,0.6800270786751488,0.5824536188017294,0.14480171371096257,1.0701208085555376,0.4299070433976087,0
9.251999999999759,RETURN,0.4014472474498457,0.15263277599904268,0.6795585831995119,0.5824536188017294,0.14480171371096257,1.0701208085555376,0.4305385974353366,0
9.25399999999976,RETURN,0.4009542952585881,0.1526055655396824,0.6790909058003494,0.5824536188017294,0.14480171371096257,1.0701208085555376,0.43116967588029015,0
9.25599999999976,RETURN,0.4004610601648335,0.15257820161109897,0.6786240479462033,0.5824536188017294,0.14480171371096257,1.0701208085555376,0.4318002764367657,0
9.257999999999761,RETURN,0.39996754550463537,0.1525506843859432,0.6781580110943751,0.5824536188017294,0.14480171371096257,1.0701208085555376,0.4324303968125904,0
9.259999999999762,RETURN,0.3994737546195071,0.1525230140399255,0.6776927966909219,0.5824536188017294,0.14480171371096257,1.0701208085555376,0.43306003471912474,0
9.261999999999762,RETURN,0.39897969085638024,0.15249519075181706,0.6772284061706523,0.5824536188017294,0.14480171371096257,1.0701208085555376,0.433689187871268,0
9.263999999999763,RETURN,0.39848535756756226,0.1524672147034512,0.6767648409571206,0.5824536188017294,0.14480171371096257,1.0701208085555376,0.43431785398746325,0
9.265999999999764,RETURN,0.3979907581106952,0.15243908607972387,0.6763021024626248,0.5824536188017294,0.14480171371096257,1.0701208085555376,0.43494603078970046,0
9.267999999999764,RETURN,0.39749589584871375,0.15241080506859464,0.6758401920881983,0.5824536188017294,0.14480171371096257,1.0701208085555376,0.43557371600352374,0
9.269999999999765,RETURN,0.39700077414980317,0.15238237186108758,0.675379111223611,0.5824536188017294,0.14480171371096257,1.0701208085555376,0.43620090735803246,0
9.271999999999766,RETURN,0.3965053963873574,0.1523537866512922,0.6749188612473626,0.5824536188017294,0.14480171371096257,1.0701208085555376,0.4368276025858879,0
9.273999999999766,RETURN,0.39600976593993686,0.1523250496363639,0.6744594435266784,0.5824536188017294,0.14480171371096257,1.0701208085555376,0.43745379942331775,0
9.275999999999767,RETURN,0.3955138861912278,0.15229616101652452,0.67400085941751,0.5824536188017294,0.14480171371096257,1.0701208085555376,0.43807949561011783,0
9.277999999999768,RETURN,0.39501776052999854,0.15226712099506337,0.673543110264528,0.5824536188017294,0.14480171371096257,1.0701208085555376,0.4387046888896595,0
9.279999999999768,RETURN,0.3945213923500587,0.15223792977833717,0.6730861974011209,0.5824536188017294,0.14480171371096257,1.0701208085555376,0.4393293770088925,0
9.281999999999769,RETURN,0.39402478505021654,0.1522085875757712,0.6726301221493941,0.5824536188017294,0.14480171371096257,1.0701208085555376,0.43995355771834777,0
9.28399999999977,RETURN,0.39352794203423846,0.1521790945998588,0.6721748858201656,0.5824536188017294,0.14480171371096257,1.0701208085555376,0.4405772287721427,0
9.28599999999977,RETURN,0.39303086671080484,0.15214945106616284,0.6717204897129628,0.5824536188017294,0.14480171371096257,1.0701208085555376,0.4412003879279869,0
9.287999999999771,RETURN,0.39253356249346977,0.1521196571933149,0.6712669351160249,0.5824536188017294,0.14480171371096257,1.0701208085555376,0.44182303294718156,0
9.289999999999772,RETURN,0.39203603280061833,0.15208971320301629,0.670814223306297,0.5824536188017294,0.14480171371096257,1.0701208085555376,0.44244516159462716,0
9.291999999999772,RETURN,0.39153828105542504,0.15205961932003761,0.6703623555494299,0.5824536188017294,0.14480171371096257,1.0701208085555376,0.44306677163882663,0
9.293999999999773,RETURN,0.39104031068581113,0.15202937577221934,0.6699113330997801,0.5824536188017294,0.14480171371096257,1.0701208085555376,0.44368786085188733,0
9.295999999999774,RETURN,0.3905421251244039,0.15199898279047178,0.6694611572004076,0.5824536188017294,0.14480171371096257,1.0701208085555376,0.4443084270095261,0
9.297999999999774,RETURN,0.3900437278084928,0.15196844060877454,0.6690118290830741,0.5824536188017294,0.14480171371096257,1.0701208085555376,0.44492846789107365,0
9.299999999999775,RETURN,0.3895451221799891,0.1519377494641772,0.6685633499682456,0.5824536188017294,0.14480171371096257,1.0701208085555376,0.4455479812794755,0
9.301999999999776,RETURN,0.3890463116853838,0.15190690959679867,0.6681157210650901,0.5824536188017294,0.14480171371096257,1.0701208085555376,0.4461669649612966,0
9.303999999999776,RETURN,0.38854729977570435,0.15187592124982705,0.6676689435714753,0.5824536188017294,0.14480171371096257,1.0701208085555376,0.44678541672672734,0
9.305999999999777,RETURN,0.38804808990647416,0.1518447846695194,0.6672230186739736,0.5824536188017294,0.14480171371096257,1.0701208085555376,0.44740333436958213,0
9.307999999999778,RETURN,0.38754868553766975,0.15181350010520173,0.6667779475478582,0.5824536188017294,0.14480171371096257,1.0701208085555376,0.4480207156873063,0
9.309999999999778,RETURN,0.38704909013367933,0.15178206780926798,0.6663337313571053,0.5824536188017294,0.14480171371096257,1.0701208085555376,0.4486375584809783,0
9.31199999999978,RETURN,0.3865493071632603,0.1517504880371801,0.6658903712543948,0.5824536188017294,0.14480171371096257,1.0701208085555376,0.44925386055531263,0
9.31399999999978,RETURN,0.3860493400994983,0.15171876104746723,0.6654478683811121,0.5824536188017294,0.14480171371096257,1.0701208085555376,0.44986961971866163,0
9.31599999999978,RETURN,0.38554919241976354,0.15168688710172545,0.6650062238673475,0.5824536188017294,0.14480171371096257,1.0701208085555376,0.4504848337830216,0
9.317999999999781,RETURN,0.3850488676056711,0.15165486646461676,0.6645654388318987,0.5824536188017294,0.14480171371096257,1.0701208085555376,0.4510995005640331,0
9.319999999999782,RETURN,0.384548369143037,0.15162269940386874,0.6641255143822727,0.5824536188017294,0.14480171371096257,1.0701208085555376,0.45171361788098446,0
9.321999999999782,RETURN,0.384047700521838,0.15159038619027343,0.6636864516146868,0.5824536188017294,0.14480171371096257,1.0701208085555376,0.4523271835568157,0
9.323999999999783,RETURN,0.3835468652361686,0.15155792709768703,0.6632482516140715,0.5824536188017294,0.14480171371096257,1.0701208085555376,0.4529401954181195,0
9.325999999999784,RETURN,0.3830458667841997,0.1515253224030284,0.6628109154540723,0.5824536188017294,0.14480171371096257,1.0701208085555376,0.4535526512951453,0
9.327999999999784,RETURN,0.38254470866813595,0.1514925723862788,0.6623744441970534,0.5824536188017294,0.14480171371096257,1.0701208085555376,0.4541645490218011,0
9.329999999999785,RETURN,0.38204339439417623,0.1514596773304801,0.6619388388940974,0.5824536188017294,0.14480171371096257,1.0701208085555376,0.45477588643565686,0
9.331999999999786,RETURN,0.3815419274724686,0.15142663752173458,0.6615041005850131,0.5824536188017294,0.14480171371096257,1.0701208085555376,0.4553866613779455,0
9.333999999999786,RETURN,0.3810403114170715,0.15139345324920334,0.6610702302983331,0.5824536188017294,0.14480171371096257,1.0701208085555376,0.45599687169356773,0
9.335999999999787,RETURN,0.38053854974590945,0.15136012480510483,0.6606372290513226,0.5824536188017294,0.14480171371096257,1.0701208085555376,0.4566065152310916,0
9.337999999999788,RETURN,0.38003664598073417,0.1513266524847145,0.6602050978499793,0.5824536188017294,0.14480171371096257,1.0701208085555376,0.45721558984275645,0
9.339999999999788,RETURN,0.3795346036470795,0.1512930365863626,0.6597738376890387,0.5824536188017294,0.14480171371096257,1.0701208085555376,0.45782409338447555,0
9.34199999999979,RETURN,0.37903242627422346,0.1512592774114332,0.659343449551978,0.5824536188017294,0.14480171371096257,1.0701208085555376,0.45843202371583686,0
9.34399999999979,RETURN,0.3785301173951429,0.151225375264363,0.6589139344110211,0.5824536188017294,0.14480171371096257,1.0701208085555376,0.4590393787001056,0
9.34599999999979,RETURN,0.37802768054647484,0.15119133045263938,0.6584852932271411,0.5824536188017294,0.14480171371096257,1.0701208085555376,0.4596461562042276,0
9.347999999999791,RETURN,0.37752511926847343,0.1511571432867993,0.6580575269500678,0.5824536188017294,0.14480171371096257,1.0701208085555376,0.4602523540988289,0
9.349999999999792,RETURN,0.3770224371049687,0.15112281408042727,0.6576306365182908,0.5824536188017294,0.14480171371096257,1.0701208085555376,0.4608579702582194,0
9.351999999999792,RETURN,0.37651963760332474,0.15108834315015404,0.6572046228590648,0.5824536188017294,0.14480171371096257,1.0701208085555376,0.46146300256039446,0
9.353999999999793,RETURN,0.37601672431439925,0.15105373081565476,0.6567794868884158,0.5824536188017294,0.14480171371096257,1.0701208085555376,0.4620674488870358,0
9.355999999999794,RETURN,0.3755137007925005,0.1510189773996473,0.6563552295111466,0.5824536188017294,0.14480171371096257,1.0701208085555376,0.46267130712351423,0
9.357999999999794,RETURN,0.37501057059534704,0.1509840832278899,0.6559318516208423,0.5824536188017294,0.14480171371096257,1.0701208085555376,0.46327457515889015,0
9.359999999999795,RETURN,0.37450733728402646,0.15094904862918004,0.655509354099876,0.5824536188017294,0.14480171371096257,1.0701208085555376,0.4638772508859167,0
9.361999999999796,RETURN,0.3740040044229529,0.150913873935352,0.6550877378194165,0.5824536188017294,0.14480171371096257,1.0701208085555376,0.4644793322010392,0
9.363999999999796,RETURN,0.37350057557982735,0.15087855948127482,0.6546670036394331,0.5824536188017294,0.14480171371096257,1.0701208085555376,0.4650808170043985,0
9.365999999999797,RETURN,0.3729970543255943,0.1508431056048505,0.654247152408704,0.5824536188017294,0.14480171371096257,1.0701208085555376,0.46568170319983115,0
9.367999999999798,RETURN,0.3724934442344026,0.15080751264701167,0.6538281849648221,0.5824536188017294,0.14480171371096257,1.0701208085555376,0.4662819886948709,0
9.369999999999798,RETURN,0.3719897488835633,0.15077178095171928,0.6534101021342019,0.5824536188017294,0.14480171371096257,1.0701208085555376,0.46688167140075065,0
9.3719999999998,RETURN,0.3714859718535082,0.15073591086596053,0.6529929047320886,0.5824536188017294,0.14480171371096257,1.0701208085555376,0.4674807492324023,0
9.3739999999998,RETURN,0.3709821167277493,0.15069990273974657,0.6525765935625649,0.5824536188017294,0.14480171371096257,1.0701208085555376,0.46807922010845815,0
9.3759999999998,RETURN,0.3704781870928377,0.15066375692610987,0.6521611694185572,0.5824536188017294,0.14480171371096257,1.0701208085555376,0.4686770819512537,0
9.377999999999801,RETURN,0.36997418653832226,0.15062747378110194,0.651746633081846,0.5824536188017294,0.14480171371096257,1.0701208085555376,0.4692743326868261,0
9.379999999999802,RETURN,0.36947011865670937,0.15059105366379108,0.651332985323074,0.5824536188017294,0.14480171371096257,1.0701208085555376,0.46987097024491553,0
9.381999999999802,RETURN,0.3689659870434199,0.15055449693625925,0.6509202269017532,0.5824536188017294,0.14480171371096257,1.0701208085555376,0.4704669925589679,0
9.383999999999803,RETURN,0.3684617952967521,0.1505178039635998,0.6505083585662734,0.5824536188017294,0.14480171371096257,1.0701208085555376,0.4710623975661339,0
9.385999999999804,RETURN,0.36795754701783745,0.1504809751139148,0.6500973810539143,0.5824536188017294,0.14480171371096257,1.0701208085555376,0.4716571832072686,0
9.387999999999805,RETURN,0.3674532458106008,0.1504440107583124,0.6496872950908507,0.5824536188017294,0.14480171371096257,1.0701208085555376,0.4722513474269354,0
9.389999999999805,RETURN,0.3669488952817204,0.1504069112709035,0.6492781013921641,0.5824536188017294,0.14480171371096257,1.0701208085555376,0.4728448881734035,0
9.391999999999806,RETURN,0.36644449904058685,0.1503696770287996,0.6488698006618526,0.5824536188017294,0.14480171371096257,1.0701208085555376,0.473437803398649,0
9.393999999999807,RETURN,0.3659400606992621,0.15033230841210934,0.6484623935928393,0.5824536188017294,0.14480171371096257,1.0701208085555376,0.4740300910583567,0
9.395999999999807,RETURN,0.36543558387243924,0.15029480580393564,0.6480558808669824,0.5824536188017294,0.14480171371096257,1.0701208085555376,0.47462174911191946,0
9.397999999999808,RETURN,0.36493107217740217,0.15025716959037302,0.6476502631550879,0.5824536188017294,0.14480171371096257,1.0701208085555376,0.4752127755224372,0
9.399999999999809,RETURN,0.3644265292339844,0.15021940016050392,0.6472455411169172,0.5824536188017294,0.14480171371096257,1.0701208085555376,0.4758031682567191,0
9.40199999999981,RETURN,0.3639219586645298,0.15018149790639596,0.6468417154011987,0.5824536188017294,0.14480171371096257,1.0701208085555376,0.4763929252852832,0
9.40399999999981,RETURN,0.36341736409385184,0.1501434632230987,0.6464387866456397,0.5824536188017294,0.14480171371096257,1.0701208085555376,0.47698204458235516,0
9.40599999999981,RETURN,0.36291274914919236,0.15010529650863985,0.6460367554769353,0.5824536188017294,0.14480171371096257,1.0701208085555376,0.4775705241258707,0
9.407999999999811,RETURN,0.36240811746018325,0.15006699816402305,0.6456356225107831,0.5824536188017294,0.14480171371096257,1.0701208085555376,0.4781583618974721,0
9.409999999999812,RETURN,0.3619034726588043,0.15002856859322283,0.6452353883518923,0.5824536188017294,0.14480171371096257,1.0701208085555376,0.4787455558825106,0
9.411999999999813,RETURN,0.36139881837934473,0.14999000820318295,0.6448360535939949,0.5824536188017294,0.14480171371096257,1.0701208085555376,0.47933210407004634,0
9.413999999999813,RETURN,0.3608941582583624,0.14995131740381165,0.6444376188198598,0.5824536188017294,0.14480171371096257,1.0701208085555376,0.4799180044528463,0
9.415999999999814,RETURN,0.36038949593464387,0.1499124966079785,0.644040084601305,0.5824536188017294,0.14480171371096257,1.0701208085555376,0.4805032550273842,0
9.417999999999815,RETURN,0.35988483504916485,0.14987354623151056,0.6436434514992073,0.5824536188017294,0.14480171371096257,1.0701208085555376,0.48108785379384184,0
9.419999999999815,RETURN,0.35938017924505056,0.14983446669318917,0.6432477200635179,0.5824536188017294,0.14480171371096257,1.0701208085555376,0.4816717987561064,0
9.421999999999816,RETURN,0.35887553216753443,0.14979525841474567,0.6428528908332749,0.5824536188017294,0.14480171371096257,1.0701208085555376,0.4822550879217704,0
9.423999999999817,RETURN,0.35837089746392115,0.1497559218208579,0.6424589643366139,0.5824536188017294,0.14480171371096257,1.0701208085555376,0.4828377193021326,0
9.425999999999817,RETURN,0.35786627878354477,0.14971645733914618,0.6420659410907839,0.5824536188017294,0.14480171371096257,1.0701208085555376,0.4834196909121952,0
9.427999999999818,RETURN,0.35736167977773037,0.14967686540016967,0.6416738216021602,0.5824536188017294,0.14480171371096257,1.0701208085555376,0.4840010007706637,0
9.429999999999819,RETURN,0.3568571040997533,0.14963714643742182,0.6412826063662584,0.5824536188017294,0.14480171371096257,1.0701208085555376,0.4845816468999462,0
9.43199999999982,RETURN,0.35635255540480204,0.1495973008873269,0.6408922958677465,0.5824536188017294,0.14480171371096257,1.0701208085555376,0.4851616273261527,0
9.43399999999982,RETURN,0.35584803734993675,0.1495573291892358,0.6405028905804614,0.5824536188017294,0.14480171371096257,1.0701208085555376,0.4857409400790936,0
9.43599999999982,RETURN,0.35534355359405106,0.1495172317854216,0.640114390967422,0.5824536188017294,0.14480171371096257,1.0701208085555376,0.48631958319227836,0
9.437999999999821,RETURN,0.3548391077978326,0.14947700912107548,0.6397267974808445,0.5824536188017294,0.14480171371096257,1.0701208085555376,0.48689755470291485,0
9.439999999999822,RETURN,0.35433470362372443,0.14943666164430258,0.6393401105621566,0.5824536188017294,0.14480171371096257,1.0701208085555376,0.48747485265190776,0
9.441999999999823,RETURN,0.35383034473588504,0.1493961898061177,0.6389543306420118,0.5824536188017294,0.14480171371096257,1.0701208085555376,0.48805147508385843,0
9.443999999999823,RETURN,0.3533260348001507,0.14935559406044063,0.6385694581403073,0.5824536188017294,0.14480171371096257,1.0701208085555376,0.4886274200470608,0
9.445999999999824,RETURN,0.35282177748399535,0.14931487486409167,0.6381854934661967,0.5824536188017294,0.14480171371096257,1.0701208085555376,0.48920268559350255,0
9.447999999999825,RETURN,0.35231757645649314,0.14927403267678782,0.6378024370181068,0.5824536188017294,0.14480171371096257,1.0701208085555376,0.4897772697788624,0
9.449999999999825,RETURN,0.3518134353882784,0.14923306796113742,0.6374202891837529,0.5824536188017294,0.14480171371096257,1.0701208085555376,0.490351170662509,0
9.451999999999826,RETURN,0.35130935795150825,0.14919198118263588,0.6370390503401565,0.5824536188017294,0.14480171371096257,1.0701208085555376,0.4909243863074982,0
9.453999999999827,RETURN,0.3508053478198232,0.14915077280966096,0.636658720853659,0.5824536188017294,0.14480171371096257,1.0701208085555376,0.49149691478057284,0
9.455999999999827,RETURN,0.35030140866830944,0.14910944331346823,0.6362793010799412,0.5824536188017294,0.14480171371096257,1.0701208085555376,0.4920687541521589,0
9.457999999999828,RETURN,0.3497975441734602,0.1490679931681858,0.6359007913640368,0.5824536188017294,0.14480171371096257,1.0701208085555376,0.4926399024963662,0
9.459999999999829,RETURN,0.3492937580131367,0.14902642285081008,0.6355231920403518,0.5824536188017294,0.14480171371096257,1.0701208085555376,0.4932103578909842,0
9.46199999999983,RETURN,0.348790053866532,0.14898473284120045,0.6351465034326811,0.5824536188017294,0.14480171371096257,1.0701208085555376,0.4937801184174805,0
9.46399999999983,RETURN,0.3482864354141307,0.14894292362207426,0.6347707258542247,0.5824536188017294,0.14480171371096257,1.0701208085555376,0.4943491821609996,0
9.46599999999983,RETURN,0.3477829063376724,0.14890099567900245,0.6343958596076075,0.5824536188017294,0.14480171371096257,1.0701208085555376,0.494917547210359,0
9.467999999999831,RETURN,0.3472794703201129,0.1488589495004035,0.6340219049848942,0.5824536188017294,0.14480171371096257,1.0701208085555376,0.4954852116580492,0
9.469999999999832,RETURN,0.3467761310455878,0.1488167855775392,0.6336488622676091,0.5824536188017294,0.14480171371096257,1.0701208085555376,0.4960521736002297,0
9.471999999999833,RETURN,0.34627289219937285,0.14877450440450893,0.6332767317267549,0.5824536188017294,0.14480171371096257,1.0701208085555376,0.49661843113672616,0
9.473999999999833,RETURN,0.34576975746784794,0.14873210647824445,0.6329055136228289,0.5824536188017294,0.14480171371096257,1.0701208085555376,0.49718398237102995,0
9.475999999999834,RETURN,0.34526673053845874,0.1486895922985051,0.6325352082058434,0.5824536188017294,0.14480171371096257,1.0701208085555376,0.49774882541029364,0
9.477999999999835,RETURN,0.3447638150996797,0.1486469623678716,0.6321658157153446,0.5824536188017294,0.14480171371096257,1.0701208085555376,0.4983129583653288,0
9.479999999999835,RETURN,0.34426101484097626,0.14860421719174166,0.6317973363804288,0.5824536188017294,0.14480171371096257,1.0701208085555376,0.49887637935060514,0
9.481999999999836,RETURN,0.3437583334527683,0.14856135727832362,0.6314297704197666,0.5824536188017294,0.14480171371096257,1.0701208085555376,0.49943908648424395,0
9.483999999999837,RETURN,0.343255774626392,0.14851838313863133,0.6310631180416183,0.5824536188017294,0.14480171371096257,1.0701208085555376,0.5000010778880183,0
9.485999999999837,RETURN,0.34275334205406405,0.14847529528647868,0.6306973794438541,0.5824536188017294,0.14480171371096257,1.0701208085555376,0.5005623516873497,0
9.487999999999838,RETURN,0.34225103942884405,0.1484320942384738,0.6303325548139752,0.5824536188017294,0.14480171371096257,1.0701208085555376,0.5011229060113045,0
9.489999999999839,RETURN,0.341748870444597,0.14838878051401333,0.629968644329133,0.5824536188017294,0.14480171371096257,1.0701208085555376,0.5016827389925906,0
9.49199999999984,RETURN,0.34124683879595835,0.14834535463527676,0.6296056481561505,0.5824536188017294,0.14480171371096257,1.0701208085555376,0.5022418487675541,0
9.49399999999984,RETURN,0.34074494817829515,0.1483018171272206,0.6292435664515406,0.5824536188017294,0.14480171371096257,1.0701208085555376,0.5028002334761776,0
9.49599999999984,RETURN,0.34024320228767174,0.1482581685175728,0.6288823993615289,0.5824536188017294,0.14480171371096257,1.0701208085555376,0.503357891262075,0
9.497999999999841,RETURN,0.3397416048208115,0.1482144093368264,0.6285221470220738,0.5824536188017294,0.14480171371096257,1.0701208085555376,0.5039148202724889,0
9.499999999999842,RETURN,0.3392401594750617,0.14817054011823375,0.6281628095588856,0.5824536188017294,0.14480171371096257,1.0701208085555376,0.5044710186582888,0
9.501999999999843,RETURN,0.33873886994835684,0.14812656139780064,0.6278043870874527,0.5824536188017294,0.14480171371096257,1.0701208085555376,0.5050264845739634,0
9.503999999999843,RETURN,0.3382377399391823,0.14808247371428013,0.6274468797130575,0.5824536188017294,0.14480171371096257,1.0701208085555376,0.5055812161776214,0
9.505999999999844,RETURN,0.3377367731465389,0.1480382776091663,0.6270902875308018,0.5824536188017294,0.14480171371096257,1.0701208085555376,0.5061352116309854,0
9.507999999999845,RETURN,0.33723597326990673,0.14799397362668837,0.626734610625627,0.5824536188017294,0.14480171371096257,1.0701208085555376,0.5066884690993886,0
9.509999999999845,RETURN,0.33673534400920946,0.14794956231380404,0.6263798490723372,0.5824536188017294,0.14480171371096257,1.0701208085555376,0.5072409867517708,0
9.511999999999846,RETURN,0.33623488906477805,0.14790504422019363,0.6260260029356202,0.5824536188017294,0.14480171371096257,1.0701208085555376,0.5077927627606755,0
9.513999999999847,RETURN,0.3357346121373165,0.14786041989825374,0.6256730722700711,0.5824536188017294,0.14480171371096257,1.0701208085555376,0.5083437953022446,0
9.515999999999847,RETURN,0.33523451692786504,0.14781568990309016,0.6253210571202149,0.5824536188017294,0.14480171371096257,1.0701208085555376,0.5088940825562149,0
9.517999999999848,RETURN,0.3347346071377656,0.14777085479251242,0.6249699575205283,0.5824536188017294,0.14480171371096257,1.0701208085555376,0.5094436227059146,0
9.519999999999849,RETURN,0.3342348864686265,0.14772591512702668,0.6246197734954647,0.5824536188017294,0.14480171371096257,1.0701208085555376,0.5099924139382571,0
9.52199999999985,RETURN,0.3337353586222871,0.14768087146982944,0.6242705050594749,0.5824536188017294,0.14480171371096257,1.0701208085555376,0.5105404544437399,0
9.52399999999985,RETURN,0.33323602730078283,0.1476357243868004,0.6239221522170334,0.5824536188017294,0.14480171371096257,1.0701208085555376,0.5110877424164367,0
9.52599999999985,RETURN,0.33273689620631036,0.14759047444649664,0.6235747149626604,0.5824536188017294,0.14480171371096257,1.0701208085555376,0.5116342760539956,0
9.527999999999851,RETURN,0.33223796904119285,0.14754512222014549,0.6232281932809456,0.5824536188017294,0.14480171371096257,1.0701208085555376,0.5121800535576334,0
9.529999999999852,RETURN,0.33173924950784567,0.14749966828163735,0.6228825871465726,0.5824536188017294,0.14480171371096257,1.0701208085555376,0.5127250731321316,0
9.531999999999853,RETURN,0.33124074130874104,0.14745411320751967,0.6225378965243437,0.5824536188017294,0.14480171371096257,1.0701208085555376,0.5132693329858312,0
9.533999999999853,RETURN,0.3307424481463746,0.14740845757698967,0.6221941213692035,0.5824536188017294,0.14480171371096257,1.0701208085555376,0.5138128313306278,0
9.535999999999854,RETURN,0.33024437372323007,0.1473627019718871,0.6218512616262648,0.5824536188017294,0.14480171371096257,1.0701208085555376,0.5143555663819676,0
9.537999999999855,RETURN,0.32974652174174607,0.1473168469766881,0.6215093172308315,0.5824536188017294,0.14480171371096257,1.0701208085555376,0.5148975363588421,0
9.539999999999855,RETURN,0.3292488959042811,0.14727089317849712,0.621168288108426,0.5824536188017294,0.14480171371096257,1.0701208085555376,0.5154387394837826,0
9.541999999999856,RETURN,0.32875149991308106,0.14722484116704096,0.620828174174812,0.5824536188017294,0.14480171371096257,1.0701208085555376,0.5159791739828562,0
9.543999999999857,RETURN,0.32825433747024363,0.14717869153466082,0.6204889753360219,0.5824536188017294,0.14480171371096257,1.0701208085555376,0.5165188380856603,0
9.545999999999857,RETURN,0.32775741227768557,0.1471324448763053,0.6201506914883821,0.5824536188017294,0.14480171371096257,1.0701208085555376,0.5170577300253165,0
9.547999999999858,RETURN,0.32726072803710954,0.14708610178952328,0.6198133225185374,0.5824536188017294,0.14480171371096257,1.0701208085555376,0.517595848038467,0
9.549999999999859,RETURN,0.32676428844996985,0.14703966287445686,0.6194768683034789,0.5824536188017294,0.14480171371096257,1.0701208085555376,0.5181331903652676,0
9.55199999999986,RETURN,0.3262680972174395,0.1469931287338335,0.6191413287105693,0.5824536188017294,0.14480171371096257,1.0701208085555376,0.5186697552493834,0
9.55399999999986,RETURN,0.3257721580403773,0.1469464999729591,0.6188067035975692,0.5824536188017294,0.14480171371096257,1.0701208085555376,0.5192055409379828,0
9.55599999999986,RETURN,0.32527647461929377,0.14689977719970992,0.6184729928126642,0.5824536188017294,0.14480171371096257,1.0701208085555376,0.519740545681732,0
9.557999999999861,RETURN,0.3247810506543193,0.14685296102452616,0.6181401961944916,0.5824536188017294,0.14480171371096257,1.0701208085555376,0.5202747677347896,0
9.559999999999862,RETURN,0.32428588984517176,0.1468060520604034,0.6178083135721656,0.5824536188017294,0.14480171371096257,1.0701208085555376,0.520808205354801,0
9.561999999999863,RETURN,0.3237909958911214,0.1467590509228855,0.6174773447653081,0.5824536188017294,0.14480171371096257,1.0701208085555376,0.5213408568028918,0
9.563999999999863,RETURN,0.3232963724909613,0.14671195823005687,0.6171472895840729,0.5824536188017294,0.14480171371096257,1.0701208085555376,0.5218727203436626,0
9.565999999999864,RETURN,0.32280202334297325,0.1466647746025349,0.616818147829175,0.5824536188017294,0.14480171371096257,1.0701208085555376,0.5224037942451826,0
9.567999999999865,RETURN,0.32230795214489527,0.1466175006634617,0.616489919291917,0.5824536188017294,0.14480171371096257,1.0701208085555376,0.5229340767789844,0
9.569999999999865,RETURN,0.3218141625938906,0.14657013703849725,0.616162603754218,0.5824536188017294,0.14480171371096257,1.0701208085555376,0.5234635662200571,0
9.571999999999866,RETURN,0.3213206583865151,0.14652268435581065,0.6158362009886419,0.5824536188017294,0.14480171371096257,1.0701208085555376,0.5239922608468399,0
9.573999999999867,RETURN,0.3208274432186847,0.14647514324607258,0.6155107107584239,0.5824536188017294,0.14480171371096257,1.0701208085555376,0.5245201589412178,0
9.575999999999867,RETURN,0.32033452078564506,0.1464275143424478,0.6151861328175026,0.5824536188017294,0.14480171371096257,1.0701208085555376,0.5250472587885113,0
9.577999999999868,RETURN,0.31984189478193836,0.14637979828058606,0.6148624669105439,0.5824536188017294,0.14480171371096257,1.0701208085555376,0.5255735586774752,0
9.579999999999869,RETURN,0.31934956890137334,0.14633199569861535,0.6145397127729737,0.5824536188017294,0.14480171371096257,1.0701208085555376,0.526099056900288,0
9.58199999999987,RETURN,0.3188575468369925,0.1462841072371328,0.6142178701310061,0.5824536188017294,0.14480171371096257,1.0701208085555376,0.526623751752546,0
9.58399999999987,RETURN,0.31836583228104226,0.1462361335391971,0.6138969387016708,0.5824536188017294,0.14480171371096257,1.0701208085555376,0.5271476415332592,0
9.58599999999987,RETURN,0.3178744289249408,0.14618807525032024,0.6135769181928449,0.5824536188017294,0.14480171371096257,1.0701208085555376,0.5276707245448414,0
9.587999999999871,RETURN,0.31738334045924743,0.14613993301845912,0.6132578083032801,0.5824536188017294,0.14480171371096257,1.0701208085555376,0.5281929990931061,0
9.589999999999872,RETURN,0.31689257057363257,0.1460917074940073,0.6129396087226352,0.5824536188017294,0.14480171371096257,1.0701208085555376,0.528714463487257,0
9.591999999999873,RETURN,0.31640212295684594,0.1460433993297868,0.6126223191315044,0.5824536188017294,0.14480171371096257,1.0701208085555376,0.5292351160398828,0
9.593999999999873,RETURN,0.31591200129668595,0.14599500918103947,0.6123059392014474,0.5824536188017294,0.14480171371096257,1.0701208085555376,0.5297549550669503,0
9.595999999999874,RETURN,0.31542220927997067,0.14594653770541888,0.6119904685950198,0.5824536188017294,0.14480171371096257,1.0701208085555376,0.5302739788877964,0
9.597999999999875,RETURN,0.31493275059250647,0.14589798556298172,0.6116759069658042,0.5824536188017294,0.14480171371096257,1.0701208085555376,0.5307921858251216,0
9.599999999999875,RETURN,0.314443628919058,0.14584935341617922,0.6113622539584405,0.5824536188017294,0.14480171371096257,1.0701208085555376,0.531309574204982,0
9.601999999999876,RETURN,0.31395484794331896,0.1458006419298485,0.6110495092086565,0.5824536188017294,0.14480171371096257,1.0701208085555376,0.5318261423567832,0
9.603999999999877,RETURN,0.31346641134788106,0.1457518517712043,0.6107376723432993,0.5824536188017294,0.14480171371096257,1.0701208085555376,0.5323418886132717,0
9.605999999999877,RETURN,0.3129783228142053,0.14570298360982975,0.6104267429803671,0.5824536188017294,0.14480171371096257,1.0701208085555376,0.5328568113105279,0
9.607999999999878,RETURN,0.3124905860225921,0.14565403811766842,0.6101167207290392,0.5824536188017294,0.14480171371096257,1.0701208085555376,0.5333709087879585,0
9.609999999999879,RETURN,0.31200320465215214,0.14560501596901465,0.6098076051897083,0.5824536188017294,0.14480171371096257,1.0701208085555376,0.5338841793882891,0
9.61199999999988,RETURN,0.31151618238077655,0.1455559178405056,0.6094993959540128,0.5824536188017294,0.14480171371096257,1.0701208085555376,0.5343966214575566,0
9.61399999999988,RETURN,0.3110295228851083,0.14550674441111197,0.6091920926048674,0.5824536188017294,0.14480171371096257,1.0701208085555376,0.5349082333451008,0
9.61599999999988,RETURN,0.31054322984051336,0.14545749636212904,0.6088856947164972,0.5824536188017294,0.14480171371096257,1.0701208085555376,0.5354190134035566,0
9.617999999999881,RETURN,0.3100573069210509,0.14540817437716785,0.6085802018544675,0.5824536188017294,0.14480171371096257,1.0701208085555376,0.5359289599888473,0
9.619999999999882,RETURN,0.3095717577994462,0.14535877914214634,0.6082756135757186,0.5824536188017294,0.14480171371096257,1.0701208085555376,0.5364380714601744,0
9.621999999999883,RETURN,0.3090865861470604,0.14530931134528002,0.6079719294285966,0.5824536188017294,0.14480171371096257,1.0701208085555376,0.5369463461800119,0
9.623999999999883,RETURN,0.30860179563386375,0.1452597716770732,0.6076691489528867,0.5824536188017294,0.14480171371096257,1.0701208085555376,0.537453782514097,0
9.625999999999884,RETURN,0.30811738992840604,0.14521016083030983,0.6073672716798485,0.5824536188017294,0.14480171371096257,1.0701208085555376,0.5379603788314206,0
9.627999999999885,RETURN,0.3076333726977893,0.14516047950004365,0.6070662971322447,0.5824536188017294,0.14480171371096257,1.0701208085555376,0.5384661335042216,0
9.629999999999885,RETURN,0.30714974760763913,0.14511072838359007,0.6067662248243783,0.5824536188017294,0.14480171371096257,1.0701208085555376,0.5389710449079765,0
9.631999999999886,RETURN,0.30666651832207836,0.14506090818051637,0.6064670542621234,0.5824536188017294,0.14480171371096257,1.0701208085555376,0.5394751114213925,0
9.633999999999887,RETURN,0.3061836885036981,0.14501101959263196,0.6061687849429611,0.5824536188017294,0.14480171371096257,1.0701208085555376,0.5399783314263971,0
9.635999999999887,RETURN,0.30570126181352997,0.14496106332397993,0.6058714163560126,0.5824536188017294,0.14480171371096257,1.0701208085555376,0.5404807033081305,0
9.637999999999888,RETURN,0.3052192419110202,0.1449110400808268,0.6055749479820722,0.5824536188017294,0.14480171371096257,1.0701208085555376,0.5409822254549371,0
9.639999999999889,RETURN,0.30473763245400154,0.14486095057165368,0.6052793792936416,0.5824536188017294,0.14480171371096257,1.0701208085555376,0.5414828962583577,0
9.64199999999989,RETURN,0.30425643709866573,0.14481079550714662,0.604984709754967,0.5824536188017294,0.14480171371096257,1.0701208085555376,0.5419827141131169,0
9.64399999999989,RETURN,0.3037756594995382,0.14476057560018676,0.6046909388220688,0.5824536188017294,0.14480171371096257,1.0701208085555376,0.5424816774171194,0
9.64599999999989,RETURN,0.3032953033094495,0.14471029156584111,0.6043980659427812,0.5824536188017294,0.14480171371096257,1.0701208085555376,0.5429797845714366,0
9.647999999999891,RETURN,0.30281537217951005,0.14465994412135308,0.6041060905567838,0.5824536188017294,0.14480171371096257,1.0701208085555376,0.5434770339802997,0
9.649999999999892,RETURN,0.3023358697590834,0.14460953398613233,0.6038150120956374,0.5824536188017294,0.14480171371096257,1.0701208085555376,0.5439734240510903,0
9.651999999999893,RETURN,0.30185679969575935,0.14455906188174517,0.6035248299828196,0.5824536188017294,0.14480171371096257,1.0701208085555376,0.5444689531943313,0
9.653999999999893,RETURN,0.3013781656353286,0.14450852853190538,0.6032355436337603,0.5824536188017294,0.14480171371096257,1.0701208085555376,0.5449636198236768,0
9.655999999999894,RETURN,0.3008999712217566,0.1444579346624635,0.6029471524558766,0.5824536188017294,0.14480171371096257,1.0701208085555376,0.5454574223559031,0
9.657999999999895,RETURN,0.30042222009715736,0.14440728100139788,0.6026596558486081,0.5824536188017294,0.14480171371096257,1.0701208085555376,0.5459503592109001,0
9.659999999999895,RETURN,0.29994491590176814,0.14435656827880425,0.6023730532034548,0.5824536188017294,0.14480171371096257,1.0701208085555376,0.5464424288116602,0
9.661999999999896,RETURN,0.29946806227392403,0.14430579722688597,0.6020873439040101,0.5824536188017294,0.14480171371096257,1.0701208085555376,0.54693362958427,0
9.663999999999897,RETURN,0.2989916628500324,0.14425496857994394,0.6018025273259999,0.5824536188017294,0.14480171371096257,1.0701208085555376,0.5474239599578999,0
9.665999999999897,RETURN,0.2985157212645477,0.14420408307436683,0.6015186028373162,0.5824536188017294,0.14480171371096257,1.0701208085555376,0.5479134183647953,0
9.667999999999898,RETURN,0.29804024114994665,0.1441531414486209,0.601235569798056,0.5824536188017294,0.14480171371096257,1.0701208085555376,0.548402003240265,0
9.669999999999899,RETURN,0.29756522613670344,0.14410214444323993,0.6009534275605564,0.5824536188017294,0.14480171371096257,1.0701208085555376,0.5488897130226729,0
9.6719999999999,RETURN,0.2970906798532637,0.1440510928008149,0.6006721754694319,0.5824536188017294,0.14480171371096257,1.0701208085555376,0.549376546153428,0
9.6739999999999,RETURN,0.296616605926023,0.14399998726598426,0.6003918128616117,0.5824536188017294,0.14480171371096257,1.0701208085555376,0.5498625010769724,0
9.6759999999999,RETURN,0.2961430079792987,0.14394882858542318,0.6001123390663755,0.5824536188017294,0.14480171371096257,1.0701208085555376,0.5503475762407747,0
9.677999999999901,RETURN,0.2956698896353083,0.1438976175078338,0.5998337534053939,0.5824536188017294,0.14480171371096257,1.0701208085555376,0.550831770095315,0
9.679999999999902,RETURN,0.2951972545141449,0.14384635478393468,0.5995560551927612,0.5824536188017294,0.14480171371096257,1.0701208085555376,0.5513150810940796,0
9.681999999999903,RETURN,0.2947251062337521,0.1437950411664502,0.5992792437350372,0.5824536188017294,0.14480171371096257,1.0701208085555376,0.551797507693547,0
9.683999999999903,RETURN,0.2942534484099017,0.14374367741010066,0.5990033183312827,0.5824536188017294,0.14480171371096257,1.0701208085555376,0.5522790483531793,0
9.685999999999904,RETURN,0.2937822846561696,0.14369226427159187,0.5987282782730979,0.5824536188017294,0.14480171371096257,1.0701208085555376,0.5527597015354111,0
9.687999999999905,RETURN,0.2933116185839121,0.14364080250960395,0.5984541228446605,0.5824536188017294,0.14480171371096257,1.0701208085555376,0.5532394657056391,0
9.689999999999905,RETURN,0.29284145380224263,0.14358929288478203,0.5981808513227646,0.5824536188017294,0.14480171371096257,1.0701208085555376,0.5537183393322108,0
9.691999999999906,RETURN,0.2923717939180087,0.14353773615972426,0.5979084629768582,0.5824536188017294,0.14480171371096257,1.0701208085555376,0.5541963208864146,0
9.693999999999907,RETURN,0.29190264253576925,0.14348613309897257,0.5976369570690818,0.5824536188017294,0.14480171371096257,1.0701208085555376,0.5546734088424686,0
9.695999999999907,RETURN,0.29143400325777186,0.14343448446900137,0.5973663328543068,0.5824536188017294,0.14480171371096257,1.0701208085555376,0.5551496016775105,0
9.697999999999908,RETURN,0.2909658796839297,0.143382791038207,0.597096589580176,0.5824536188017294,0.14480171371096257,1.0701208085555376,0.5556248978715844,0
9.699999999999909,RETURN,0.29049827541179846,0.14333105357689682,0.5968277264871411,0.5824536188017294,0.14480171371096257,1.0701208085555376,0.5560992959076322,0
9.70199999999991,RETURN,0.2900311940365561,0.14327927285727904,0.5965597428085013,0.5824536188017294,0.14480171371096257,1.0701208085555376,0.5565727942714819,0
9.70399999999991,RETURN,0.28956463915097874,0.14322744965345124,0.5962926377704445,0.5824536188017294,0.14480171371096257,1.0701208085555376,0.5570453914518348,0
9.70599999999991,RETURN,0.28909861434541895,0.14317558474139008,0.5960264105920849,0.5824536188017294,0.14480171371096257,1.0701208085555376,0.5575170859402573,0
9.707999999999911,RETURN,0.28863312320778545,0.14312367889894057,0.5957610604855041,0.5824536188017294,0.14480171371096257,1.0701208085555376,0.5579878762311659,0
9.709999999999912,RETURN,0.28816816932351946,0.14307173290580402,0.5954965866557904,0.5824536188017294,0.14480171371096257,1.0701208085555376,0.5584577608218179,0
9.711999999999913,RETURN,0.28770375627557404,0.1430197475435289,0.5952329883010772,0.5824536188017294,0.14480171371096257,1.0701208085555376,0.558926738212301,0
9.713999999999913,RETURN,0.28723988764439323,0.14296772359549842,0.5949702646125853,0.5824536188017294,0.14480171371096257,1.0701208085555376,0.5593948069055191,0
9.715999999999914,RETURN,0.2867765670078901,0.14291566184691992,0.5947084147746615,0.5824536188017294,0.14480171371096257,1.0701208085555376,0.5598619654071827,0
9.717999999999915,RETURN,0.28631379794142636,0.1428635630848143,0.5944474379648206,0.5824536188017294,0.14480171371096257,1.0701208085555376,0.5603282122257951,0
9.719999999999915,RETURN,0.285851584017791,0.14281142809800443,0.5941873333537827,0.5824536188017294,0.14480171371096257,1.0701208085555376,0.560793545872644,0
9.721999999999916,RETURN,0.2853899288071796,0.14275925767710396,0.5939281001055187,0.5824536188017294,0.14480171371096257,1.0701208085555376,0.5612579648617853,0
9.723999999999917,RETURN,0.2849288358771749,0.14270705261450659,0.5936697373772861,0.5824536188017294,0.14480171371096257,1.0701208085555376,0.5617214677100347,0
9.725999999999917,RETURN,0.2844683087927247,0.14265481370437438,0.5934122443196731,0.5824536188017294,0.14480171371096257,1.0701208085555376,0.5621840529369544,0
9.727999999999918,RETURN,0.284008351116123,0.14260254174262718,0.5931556200766387,0.5824536188017294,0.14480171371096257,1.0701208085555376,0.5626457190648403,0
9.729999999999919,RETURN,0.2835489664069901,0.14255023752693066,0.5928998637855528,0.5824536188017294,0.14480171371096257,1.0701208085555376,0.5631064646187114,0
9.73199999999992,RETURN,0.2830901582222508,0.1424979018566854,0.592644974577241,0.5824536188017294,0.14480171371096257,1.0701208085555376,0.5635662881262956,0
9.73399999999992,RETURN,0.2826319301161173,0.14244553553301528,0.5923909515760211,0.5824536188017294,0.14480171371096257,1.0701208085555376,0.5640251881180198,0
9.73599999999992,RETURN,0.2821742856400686,0.14239313935875642,0.5921377938997492,0.5824536188017294,0.14480171371096257,1.0701208085555376,0.5644831631269948,0
9.737999999999921,RETURN,0.2817172283428303,0.1423407141384455,0.5918855006598582,0.5824536188017294,0.14480171371096257,1.0701208085555376,0.5649402116890057,0
9.739999999999922,RETURN,0.28126076177035686,0.1422882606783086,0.5916340709614033,0.5824536188017294,0.14480171371096257,1.0701208085555376,0.565396332342496,0
9.741999999999923,RETURN,0.2808048894658108,0.14223577978624918,0.5913835039030995,0.5824536188017294,0.14480171371096257,1.0701208085555376,0.565851523628559,0
9.743999999999923,RETURN,0.28034961496954625,0.14218327227183716,0.5911337985773678,0.5824536188017294,0.14480171371096257,1.0701208085555376,0.5663057840909214,0
9.745999999999924,RETURN,0.2798949418190886,0.142130738946297,0.5908849540703751,0.5824536188017294,0.14480171371096257,1.0701208085555376,0.5667591122759327,0
9.747999999999925,RETURN,0.2794408735491153,0.14207818062249608,0.5906369694620787,0.5824536188017294,0.14480171371096257,1.0701208085555376,0.5672115067325517,0
9.749999999999925,RETURN,0.2789874136914396,0.14202559811493334,0.5903898438262662,0.5824536188017294,0.14480171371096257,1.0701208085555376,0.5676629660123341,0
9.751999999999926,RETURN,0.2785345657749909,0.14197299223972734,0.5901435762306003,0.5824536188017294,0.14480171371096257,1.0701208085555376,0.568113488669419,0
9.753999999999927,RETURN,0.27808233332579696,0.1419203638146047,0.5898981657366624,0.5824536188017294,0.14480171371096257,1.0701208085555376,0.568563073260515,0
9.755999999999927,RETURN,0.2776307198669664,0.14186771365888834,0.5896536113999928,0.5824536188017294,0.14480171371096257,1.0701208085555376,0.5690117183448891,0
9.757999999999928,RETURN,0.2771797289186705,0.14181504259348557,0.5894099122701362,0.5824536188017294,0.14480171371096257,1.0701208085555376,0.5694594224843522,0
9.759999999999929,RETURN,0.2767293639981261,0.14176235144087662,0.589167067390684,0.5824536188017294,0.14480171371096257,1.0701208085555376,0.5699061842432457,0
9.76199999999993,RETURN,0.2762796286195781,0.1417096410251023,0.5889250757993184,0.5824536188017294,0.14480171371096257,1.0701208085555376,0.5703520021884287,0
9.76399999999993,RETURN,0.27583052629428223,0.14165691217175277,0.5886839365278547,0.5824536188017294,0.14480171371096257,1.0701208085555376,0.5707968748892648,0
9.76599999999993,RETURN,0.27538206053048797,0.14160416570795484,0.5884436486022867,0.5824536188017294,0.14480171371096257,1.0701208085555376,0.5712408009176074,0
9.767999999999931,RETURN,0.2749342348334215,0.14155140246236086,0.5882042110428292,0.5824536188017294,0.14480171371096257,1.0701208085555376,0.5716837788477876,0
9.769999999999932,RETURN,0.2744870527052703,0.1414986232651359,0.5879656228639625,0.5824536188017294,0.14480171371096257,1.0701208085555376,0.5721258072565992,0
9.771999999999933,RETURN,0.2740405176451642,0.1414458289479467,0.5877278830744765,0.5824536188017294,0.14480171371096257,1.0701208085555376,0.5725668847232862,0
9.773999999999933,RETURN,0.2735946331491615,0.14139302034394857,0.5874909906775145,0.5824536188017294,0.14480171371096257,1.0701208085555376,0.5730070098295283,0
9.775999999999934,RETURN,0.273149402710231,0.14134019828777422,0.5872549446706182,0.5824536188017294,0.14480171371096257,1.0701208085555376,0.5734461811594274,0
9.777999999999935,RETURN,0.2727048298182373,0.14128736361552113,0.5870197440457716,0.5824536188017294,0.14480171371096257,1.0701208085555376,0.573884397299493,0
9.779999999999935,RETURN,0.2722609179599238,0.14123451716473948,0.5867853877894464,0.5824536188017294,0.14480171371096257,1.0701208085555376,0.5743216568386288,0
9.781999999999936,RETURN,0.2718176706188979,0.14118165977442007,0.5865518748826455,0.5824536188017294,0.14480171371096257,1.0701208085555376,0.5747579583681188,0
9.783999999999937,RETURN,0.27137509127561477,0.14112879228498243,0.5863192043009489,0.5824536188017294,0.14480171371096257,1.0701208085555376,0.5751933004816127,0
9.785999999999937,RETURN,0.2709331834073626,0.14107591553826157,0.5860873750145579,0.5824536188017294,0.14480171371096257,1.0701208085555376,0.575627681775112,0
9.787999999999938,RETURN,0.27049195048824726,0.14102303037749683,0.585856385988342,0.5824536188017294,0.14480171371096257,1.0701208085555376,0.5760611008469544,0
9.789999999999939,RETURN,0.2700513959891769,0.14097013764731908,0.5856262361818811,0.5824536188017294,0.14480171371096257,1.0701208085555376,0.5764935562978024,0
9.79199999999994,RETURN,0.2696115233778472,0.14091723819373822,0.585396924549514,0.5824536188017294,0.14480171371096257,1.0701208085555376,0.5769250467306255,0
9.79399999999994,RETURN,0.26917233611872754,0.14086433286413125,0.5851684500403822,0.5824536188017294,0.14480171371096257,1.0701208085555376,0.5773555707506871,0
9.79599999999994,RETURN,0.2687338376730448,0.14081142250722947,0.5849408115984754,0.5824536188017294,0.14480171371096257,1.0701208085555376,0.5777851269655314,0
9.797999999999941,RETURN,0.2682960314987713,0.14075850797310605,0.584714008162677,0.5824536188017294,0.14480171371096257,1.0701208085555376,0.5782137139849666,0
9.799999999999942,RETURN,0.267858921050608,0.14070559011316405,0.5844880386668121,0.5824536188017294,0.14480171371096257,1.0701208085555376,0.5786413304210508,0
9.801999999999943,RETURN,0.2674225097799726,0.14065266978012336,0.5842629020396924,0.5824536188017294,0.14480171371096257,1.0701208085555376,0.5790679748880763,0
9.803999999999943,RETURN,0.26698680113498474,0.14059974782800858,0.5840385972051602,0.5824536188017294,0.14480171371096257,1.0701208085555376,0.5794936460025577,0
9.805999999999944,RETURN,0.2665517985604522,0.14054682511213595,0.5838151230821369,0.5824536188017294,0.14480171371096257,1.0701208085555376,0.5799183423832142,0
9.807999999999945,RETURN,0.2661175054978577,0.14049390248910149,0.5835924785846703,0.5824536188017294,0.14480171371096257,1.0701208085555376,0.5803420626509543,0
9.809999999999945,RETURN,0.2656839253853459,0.14044098081676792,0.5833706626219778,0.5824536188017294,0.14480171371096257,1.0701208085555376,0.5807648054288637,0
9.811999999999946,RETURN,0.2652510616577097,0.14038806095425188,0.5831496740984963,0.5824536188017294,0.14480171371096257,1.0701208085555376,0.5811865693421862,0
9.813999999999947,RETURN,0.26481891774637656,0.14033514376191145,0.5829295119139262,0.5824536188017294,0.14480171371096257,1.0701208085555376,0.5816073530183123,0
9.815999999999947,RETURN,0.2643874970793974,0.14028223010133378,0.5827101749632806,0.5824536188017294,0.14480171371096257,1.0701208085555376,0.582027155086761,0
9.817999999999948,RETURN,0.2639568030814321,0.14022932083532144,0.5824916621369314,0.5824536188017294,0.14480171371096257,1.0701208085555376,0.5824459741791652,0
9.819999999999949,RETURN,0.26352683917373837,0.14017641682788098,0.5822739723206543,0.5824536188017294,0.14480171371096257,1.0701208085555376,0.5828638089292583,0
9.82199999999995,RETURN,0.26309760877415866,0.14012351894420882,0.5820571043956797,0.5824536188017294,0.14480171371096257,1.0701208085555376,0.5832806579728552,0
9.82399999999995,RETURN,0.2626691152971079,0.1400706280506791,0.5818410572387382,0.5824536188017294,0.14480171371096257,1.0701208085555376,0.5836965199478387,0
9.82599999999995,RETURN,0.26224136215356203,0.14001774501483075,0.5816258297221069,0.5824536188017294,0.14480171371096257,1.0701208085555376,0.5841113934941445,0
9.827999999999951,RETURN,0.26181435275104564,0.13996487070535443,0.5814114207136581,0.5824536188017294,0.14480171371096257,1.0701208085555376,0.5845252772537443,0
9.829999999999952,RETURN,0.2613880904936204,0.1399120059920801,0.5811978290769089,0.5824536188017294,0.14480171371096257,1.0701208085555376,0.5849381698706291,0
9.831999999999953,RETURN,0.26096257878187323,0.1398591517459632,0.5809850536710647,0.5824536188017294,0.14480171371096257,1.0701208085555376,0.585350069990796,0
9.833999999999953,RETURN,0.260537821012906,0.13980630883907266,0.58077309335107,0.5824536188017294,0.14480171371096257,1.0701208085555376,0.5857609762622307,0
9.835999999999954,RETURN,0.26011382058032323,0.1397534781445771,0.5805619469676575,0.5824536188017294,0.14480171371096257,1.0701208085555376,0.5861708873348895,0
9.837999999999955,RETURN,0.2596905808742212,0.13970066053673233,0.5803516133673917,0.5824536188017294,0.14480171371096257,1.0701208085555376,0.5865798018606885,0
9.839999999999955,RETURN,0.25926810528117766,0.139647856890868,0.5801420913927222,0.5824536188017294,0.14480171371096257,1.0701208085555376,0.5869877184934817,0
9.841999999999956,RETURN,0.2588463971842403,0.13959506808337452,0.5799333798820291,0.5824536188017294,0.14480171371096257,1.0701208085555376,0.5873946358890486,0
9.843999999999957,RETURN,0.2584254599629171,0.13954229499169016,0.5797254776696719,0.5824536188017294,0.14480171371096257,1.0701208085555376,0.5878005527050761,0
9.845999999999957,RETURN,0.258005296993165,0.13948953849428777,0.579518383586039,0.5824536188017294,0.14480171371096257,1.0701208085555376,0.5882054676011427,0
9.847999999999958,RETURN,0.257585911647381,0.1394367994706616,0.5793120964575953,0.5824536188017294,0.14480171371096257,1.0701208085555376,0.5886093792387019,0
9.849999999999959,RETURN,0.2571673072943903,0.1393840788013141,0.5791066151069321,0.5824536188017294,0.14480171371096257,1.0701208085555376,0.589012286281066,0
9.85199999999996,RETURN,0.25674948729943786,0.13933137736774262,0.5789019383528131,0.5824536188017294,0.14480171371096257,1.0701208085555376,0.5894141873933907,0
9.85399999999996,RETURN,0.2563324550241782,0.13927869605242638,0.5786980650102298,0.5824536188017294,0.14480171371096257,1.0701208085555376,0.5898150812426538,0
9.85599999999996,RETURN,0.2559162138266656,0.1392260357388129,0.5784949938904421,0.5824536188017294,0.14480171371096257,1.0701208085555376,0.5902149664976455,0
9.857999999999961,RETURN,0.2555007670613452,0.13917339731130518,0.5782927238010344,0.5824536188017294,0.14480171371096257,1.0701208085555376,0.5906138418289458,0
9.859999999999962,RETURN,0.2550861180790431,0.1391207816552476,0.5780912535459626,0.5824536188017294,0.14480171371096257,1.0701208085555376,0.5910117059089102,0
9.861999999999963,RETURN,0.25467227022695804,0.1390681896569134,0.5778905819256019,0.5824536188017294,0.14480171371096257,1.0701208085555376,0.5914085574116525,0
9.863999999999963,RETURN,0.25425922684865127,0.13901562220349054,0.577690707736799,0.5824536188017294,0.14480171371096257,1.0701208085555376,0.5918043950130284,0
9.865999999999964,RETURN,0.2538469912840395,0.13896308018306866,0.5774916297729203,0.5824536188017294,0.14480171371096257,1.0701208085555376,0.5921992173906165,0
9.867999999999965,RETURN,0.2534355668693848,0.1389105644846259,0.5772933468239025,0.5824536188017294,0.14480171371096257,1.0701208085555376,0.592593023223703,0
9.869999999999965,RETURN,0.25302495693728694,0.13885807599801503,0.5770958576763002,0.5824536188017294,0.14480171371096257,1.0701208085555376,0.5929858111932649,0
9.871999999999966,RETURN,0.25261516481667495,0.13880561561394983,0.5768991611133402,0.5824536188017294,0.14480171371096257,1.0701208085555376,0.5933775799819497,0
9.873999999999967,RETURN,0.2522061938327986,0.138753184223992,0.5767032559149672,0.5824536188017294,0.14480171371096257,1.0701208085555376,0.5937683282740621,0
9.875999999999967,RETURN,0.2517980473072208,0.13870078272053746,0.5765081408578956,0.5824536188017294,0.14480171371096257,1.0701208085555376,0.5941580547555446,0
9.877999999999968,RETURN,0.25139072855781,0.13864841199680275,0.5763138147156623,0.5824536188017294,0.14480171371096257,1.0701208085555376,0.5945467581139582,0
9.879999999999969,RETURN,0.250984240898732,0.1385960729468113,0.5761202762586718,0.5824536188017294,0.14480171371096257,1.0701208085555376,0.5949344370384694,0
9.88199999999997,RETURN,0.2505785876404433,0.13854376646538008,0.5759275242542519,0.5824536188017294,0.14480171371096257,1.0701208085555376,0.5953210902198279,0
9.88399999999997,RETURN,0.2501737720896821,0.13849149344810568,0.575735557466701,0.5824536188017294,0.14480171371096257,1.0701208085555376,0.5957067163503525,0
9.88599999999997,RETURN,0.24976979754946335,0.13843925479135072,0.5755443746573403,0.5824536188017294,0.14480171371096257,1.0701208085555376,0.5960913141239111,0
9.887999999999971,RETURN,0.24936666731907026,0.13838705139223062,0.5753539745845637,0.5824536188017294,0.14480171371096257,1.0701208085555376,0.5964748822359043,0
9.889999999999972,RETURN,0.2489643846940475,0.13833488414859893,0.57516435600389,0.5824536188017294,0.14480171371096257,1.0701208085555376,0.5968574193832462,0
9.891999999999973,RETURN,0.2485629529661951,0.1382827539590343,0.5749755176680122,0.5824536188017294,0.14480171371096257,1.0701208085555376,0.5972389242643481,0
9.893999999999973,RETURN,0.24816237542356095,0.13823066172282664,0.5747874583268506,0.5824536188017294,0.14480171371096257,1.0701208085555376,0.597619395579099,0
9.895999999999974,RETURN,0.24776265535043593,0.1381786083399629,0.5746001767276021,0.5824536188017294,0.14480171371096257,1.0701208085555376,0.5979988320288484,0
9.897999999999975,RETURN,0.2473637960273463,0.1381265947111141,0.5744136716147921,0.5824536188017294,0.14480171371096257,1.0701208085555376,0.5983772323163881,0
9.899999999999975,RETURN,0.24696580073104776,0.13807462173762047,0.5742279417303271,0.5824536188017294,0.14480171371096257,1.0701208085555376,0.5987545951459333,0
9.901999999999976,RETURN,0.2465686727345205,0.1380226903214781,0.574042985813544,0.5824536188017294,0.14480171371096257,1.0701208085555376,0.5991309192231059,0
9.903999999999977,RETURN,0.24617241530696227,0.13797080136532505,0.5738588026012637,0.5824536188017294,0.14480171371096257,1.0701208085555376,0.5995062032549143,0
9.905999999999977,RETURN,0.24577703171378312,0.13791895577242758,0.5736753908278421,0.5824536188017294,0.14480171371096257,1.0701208085555376,0.5998804459497359,0
9.907999999999978,RETURN,0.24538252521660062,0.13786715444666567,0.5734927492252208,0.5824536188017294,0.14480171371096257,1.0701208085555376,0.6002536460172994,0
9.909999999999979,RETURN,0.24498889907323293,0.13781539829251957,0.5733108765229821,0.5824536188017294,0.14480171371096257,1.0701208085555376,0.600625802168664,0
9.91199999999998,RETURN,0.24459615653769617,0.13776368821505566,0.5731297714483959,0.5824536188017294,0.14480171371096257,1.0701208085555376,0.6009969131162038,0
9.91399999999998,RETURN,0.24420430086019637,0.1377120251199122,0.5729494327264774,0.5824536188017294,0.14480171371096257,1.0701208085555376,0.6013669775735869,0
9.91599999999998,RETURN,0.24381333528712662,0.13766040991328593,0.5727698590800357,0.5824536188017294,0.14480171371096257,1.0701208085555376,0.601735994255757,0
9.917999999999981,RETURN,0.24342326306106232,0.13760884350191718,0.572591049229726,0.5824536188017294,0.14480171371096257,1.0701208085555376,0.6021039618789162,0
9.919999999999982,RETURN,0.2430340874207557,0.13755732679307636,0.5724130018941042,0.5824536188017294,0.14480171371096257,1.0701208085555376,0.602470879160504,0
9.921999999999983,RETURN,0.24264581160113144,0.13750586069454973,0.5722357157896778,0.5824536188017294,0.14480171371096257,1.0701208085555376,0.6028367448191797,0
9.923999999999984,RETURN,0.24225843883328374,0.13745444611462504,0.5720591896309587,0.5824536188017294,0.14480171371096257,1.0701208085555376,0.6032015575748025,0
9.925999999999984,RETURN,0.24187197234447047,0.1374030839620778,0.571883422130516,0.5824536188017294,0.14480171371096257,1.0701208085555376,0.6035653161484138,0
9.927999999999985,RETURN,0.24148641535811033,0.13735177514615676,0.5717084119990284,0.5824536188017294,0.14480171371096257,1.0701208085555376,0.603928019262217,0
9.929999999999986,RETURN,0.24110177109377856,0.13730052057656994,0.5715341579453377,0.5824536188017294,0.14480171371096257,1.0701208085555376,0.6042896656395582,0
9.931999999999986,RETURN,0.24071804276720343,0.1372493211634702,0.5713606586765007,0.5824536188017294,0.14480171371096257,1.0701208085555376,0.6046502540049082,0
9.933999999999987,RETURN,0.24033523359026224,0.137198177817441,0.5711879128978433,0.5824536188017294,0.14480171371096257,1.0701208085555376,0.605009783083842,0
9.935999999999988,RETURN,0.23995334677097926,0.13714709144948256,0.5710159193130135,0.5824536188017294,0.14480171371096257,1.0701208085555376,0.6053682516030189,0
9.937999999999988,RETURN,0.23957238551352056,0.13709606297099702,0.570844676624033,0.5824536188017294,0.14480171371096257,1.0701208085555376,0.6057256582901657,0
9.939999999999989,RETURN,0.2391923530181924,0.1370450932937744,0.5706741835313531,0.5824536188017294,0.14480171371096257,1.0701208085555376,0.6060820018740539,0
9.94199999999999,RETURN,0.23881325248143795,0.13699418332997834,0.5705044387339054,0.5824536188017294,0.14480171371096257,1.0701208085555376,0.6064372810844828,0
9.94399999999999,RETURN,0.23843508709583366,0.13694333399213143,0.5703354409291579,0.5824536188017294,0.14480171371096257,1.0701208085555376,0.606791494652258,0
9.94599999999999,RETURN,0.23805786005008803,0.13689254619310134,0.5701671888131659,0.5824536188017294,0.14480171371096257,1.0701208085555376,0.6071446413091731,0
9.947999999999992,RETURN,0.23768157452903782,0.13684182084608604,0.5699996810806279,0.5824536188017294,0.14480171371096257,1.0701208085555376,0.6074967197879886,0
9.949999999999992,RETURN,0.23730623371364673,0.1367911588645993,0.5698329164249378,0.5824536188017294,0.14480171371096257,1.0701208085555376,0.6078477288224136,0
9.951999999999993,RETURN,0.2369318407810015,0.1367405611624569,0.5696668935382396,0.5824536188017294,0.14480171371096257,1.0701208085555376,0.608197667147085,0
9.953999999999994,RETURN,0.23655839890431168,0.13669002865376118,0.5695016111114808,0.5824536188017294,0.14480171371096257,1.0701208085555376,0.6085465334975475,0
9.955999999999994,RETURN,0.23618591125290714,0.13663956225288731,0.5693370678344668,0.5824536188017294,0.14480171371096257,1.0701208085555376,0.6088943266102337,0
9.957999999999995,RETURN,0.23581438099223506,0.13658916287446884,0.5691732623959149,0.5824536188017294,0.14480171371096257,1.0701208085555376,0.6092410452224443,0
9.959999999999996,RETURN,0.23544381128385986,0.1365388314333824,0.5690101934835077,0.5824536188017294,0.14480171371096257,1.0701208085555376,0.6095866880723284,0
9.961999999999996,RETURN,0.23507420528546108,0.13648856884473415,0.5688478597839485,0.5824536188017294,0.14480171371096257,1.0701208085555376,0.6099312538988617,0
9.963999999999997,RETURN,0.2347055661508311,0.13643837602384443,0.5686862599830158,0.5824536188017294,0.14480171371096257,1.0701208085555376,0.6102747414418275,0
9.965999999999998,RETURN,0.23433789702987515,0.13638825388623363,0.5685253927656154,0.5824536188017294,0.14480171371096257,1.0701208085555376,0.6106171494417973,0
9.967999999999998,RETURN,0.23397120106860977,0.13633820334760735,0.5683652568158387,0.5824536188017294,0.14480171371096257,1.0701208085555376,0.6109584766401074,0
9.969999999999999,RETURN,0.23360548140916143,0.1362882253238419,0.5682058508170127,0.5824536188017294,0.14480171371096257,1.0701208085555376,0.6112987217788426,0
9.972,RETURN,0.23324074118976562,0.1362383207309696,0.5680471734517598,0.5824536188017294,0.14480171371096257,1.0701208085555376,0.6116378836008113,0
9.974,RETURN,0.2328769835447673,0.13618849048516424,0.5678892234020477,0.5824536188017294,0.14480171371096257,1.0701208085555376,0.6119759608495285,0
9.976,RETURN,0.23251421160461852,0.13613873550272607,0.5677319993492481,0.5824536188017294,0.14480171371096257,1.0701208085555376,0.6123129522691932,0
9.978000000000002,RETURN,0.23215242849587922,0.1360890567000674,0.5675754999741884,0.5824536188017294,0.14480171371096257,1.0701208085555376,0.6126488566046692,0
9.980000000000002,RETURN,0.2317916373412166,0.13603945499369796,0.5674197239572101,0.5824536188017294,0.14480171371096257,1.0701208085555376,0.6129836726014618,0
9.982000000000003,RETURN,0.23143184125940455,0.13598993130020964,0.5672646699782211,0.5824536188017294,0.14480171371096257,1.0701208085555376,0.6133173990057001,0
9.984000000000004,RETURN,0.23107304336532428,0.13594048653626226,0.5671103367167514,0.5824536188017294,0.14480171371096257,1.0701208085555376,0.6136500345641147,0
9.986000000000004,RETURN,0.23071524676996388,0.13589112161856856,0.5669567228520103,0.5824536188017294,0.14480171371096257,1.0701208085555376,0.6139815780240157,0
9.988000000000005,RETURN,0.2303584545804183,0.13584183746387946,0.566803827062939,0.5824536188017294,0.14480171371096257,1.0701208085555376,0.6143120281332737,0
9.990000000000006,RETURN,0.23000266989988982,0.13579263498896882,0.5666516480282681,0.5824536188017294,0.14480171371096257,1.0701208085555376,0.6146413836402977,0
9.992000000000006,RETURN,0.22964789582768946,0.13574351511061966,0.5665001844265721,0.5824536188017294,0.14480171371096257,1.0701208085555376,0.6149696432940142,0
9.994000000000007,RETURN,0.22929413545923577,0.13569447874560783,0.5663494349363248,0.5824536188017294,0.14480171371096257,1.0701208085555376,0.6152968058438462,0
9.996000000000008,RETURN,0.22894139188605703,0.13564552681068845,0.566199398235957,0.5824536188017294,0.14480171371096257,1.0701208085555376,0.6156228700396905,0
9.998000000000008,RETURN,0.22858966819579168,0.13559666022258002,0.5660500730039077,0.5824536188017294,0.14480171371096257,1.0701208085555376,0.6159478346319002,0
10.000000000000009,RETURN,0.22823896747218847,0.1355478798979503,0.5659014579186864,0.5824536188017294,0.14480171371096257,1.0701208085555376,0.6162716983712582,0
10.00200000000001,RETURN,0.22788929279510867,0.13549918675340072,0.5657535516589229,0.5824536188017294,0.14480171371096257,1.0701208085555376,0.61659446000896,0
10.00400000000001,RETURN,0.2275406472405264,0.13545058170545177,0.5656063529034264,0.5824536188017294,0.14480171371096257,1.0701208085555376,0.6169161182965913,0
10.00600000000001,RETURN,0.22719303388053066,0.13540206567052784,0.5654598603312414,0.5824536188017294,0.14480171371096257,1.0701208085555376,0.6172366719861047,0
10.008000000000012,RETURN,0.2268464557833261,0.13535363956494256,0.5653140726217041,0.5824536188017294,0.14480171371096257,1.0701208085555376,0.6175561198297991,0
10.010000000000012,RETURN,0.22650091601323513,0.1353053043048832,0.5651689884544973,0.5824536188017294,0.14480171371096257,1.0701208085555376,0.6178744605802989,0
10.012000000000013,RETURN,0.22615641763069927,0.13525706080639632,0.5650246065097063,0.5824536188017294,0.14480171371096257,1.0701208085555376,0.618191692990533,0
10.014000000000014,RETURN,0.22581296369228085,0.13520890998537197,0.5648809254678792,0.5824536188017294,0.14480171371096257,1.0701208085555376,0.6185078158137091,0
10.016000000000014,RETURN,0.22547055725066514,0.1351608527575291,0.5647379440100776,0.5824536188017294,0.14480171371096257,1.0701208085555376,0.6188228278032971,0
10.018000000000015,RETURN,0.22512920135466238,0.1351128900384007,0.5645956608179383,0.5824536188017294,0.14480171371096257,1.0701208085555376,0.6191367277130031,0
10.020000000000016,RETURN,0.22478889904921018,0.13506502274331791,0.5644540745737265,0.5824536188017294,0.14480171371096257,1.0701208085555376,0.6194495142967498,0
10.022000000000016,RETURN,0.22444965337537506,0.13501725178739563,0.5643131839603939,0.5824536188017294,0.14480171371096257,1.0701208085555376,0.6197611863086538,0
10.024000000000017,RETURN,0.2241114673703554,0.13496957808551685,0.564172987661635,0.5824536188017294,0.14480171371096257,1.0701208085555376,0.6200717425030038,0
10.026000000000018,RETURN,0.2237743440674837,0.1349220025523179,0.5640334843619458,0.5824536188017294,0.14480171371096257,1.0701208085555376,0.6203811816342373,0
10.028000000000018,RETURN,0.22343828649622946,0.1348745261021728,0.5638946727466767,0.5824536188017294,0.14480171371096257,1.0701208085555376,0.6206895024569209,0
10.030000000000019,RETURN,0.22310329768220163,0.13482714964917858,0.5637565515020939,0.5824536188017294,0.14480171371096257,1.0701208085555376,0.6209967037257254,0
10.03200000000002,RETURN,0.22276938064715132,0.13477987410713968,0.563619119315434,0.5824536188017294,0.14480171371096257,1.0701208085555376,0.6213027841954054,0
10.03400000000002,RETURN,0.22243653840897545,0.13473270038955276,0.5634823748749607,0.5824536188017294,0.14480171371096257,1.0701208085555376,0.6216077426207767,0
10.036000000000021,RETURN,0.22210477398171846,0.1346856294095916,0.563346316870024,0.5824536188017294,0.14480171371096257,1.0701208085555376,0.6219115777566933,0
10.038000000000022,RETURN,0.2217740903755771,0.13463866208009165,0.563210943991116,0.5824536188017294,0.14480171371096257,1.0701208085555376,0.6222142883580251,0
10.040000000000022,RETURN,0.2214444905969022,0.13459179931353488,0.5630762549299294,0.5824536188017294,0.14480171371096257,1.0701208085555376,0.6225158731796359,0
10.042000000000023,RETURN,0.22111597764820334,0.13454504202203432,0.5629422483794135,0.5824536188017294,0.14480171371096257,1.0701208085555376,0.6228163309763604,0
10.044000000000024,RETURN,0.22078855452815108,0.1344983911173187,0.5628089230338328,0.5824536188017294,0.14480171371096257,1.0701208085555376,0.6231156605029821,0
10.046000000000024,RETURN,0.22046222423158196,0.13445184751071748,0.5626762775888239,0.5824536188017294,0.14480171371096257,1.0701208085555376,0.6234138605142103,0
10.048000000000025,RETURN,0.22013698974950024,0.134405412113145,0.5625443107414552,0.5824536188017294,0.14480171371096257,1.0701208085555376,0.6237109297646568,0
10.050000000000026,RETURN,0.2198128540690842,0.13435908583508518,0.5624130211902808,0.5824536188017294,0.14480171371096257,1.0701208085555376,0.6240068670088147,0
10.052000000000026,RETURN,0.21948982017368757,0.13431286958657657,0.5622824076354018,0.5824536188017294,0.14480171371096257,1.0701208085555376,0.6243016710010344,0
10.054000000000027,RETURN,0.2191678910428453,0.13426676427719625,0.5621524687785232,0.5824536188017294,0.14480171371096257,1.0701208085555376,0.6245953404955006,0
10.056000000000028,RETURN,0.2188470696522765,0.13422077081604497,0.5620232033230106,0.5824536188017294,0.14480171371096257,1.0701208085555376,0.6248878742462105,0
10.058000000000028,RETURN,0.21852735897388947,0.13417489011173117,0.5618946099739495,0.5824536188017294,0.14480171371096257,1.0701208085555376,0.62517927100695,0
10.060000000000029,RETURN,0.21820876197578512,0.13412912307235622,0.5617666874382042,0.5824536188017294,0.14480171371096257,1.0701208085555376,0.6254695295312701,0
10.06200000000003,RETURN,0.21789128162226268,0.13408347060549794,0.5616394344244733,0.5824536188017294,0.14480171371096257,1.0701208085555376,0.6257586485724655,0
10.06400000000003,RETURN,0.21757492087382266,0.1340379336181963,0.5615128496433507,0.5824536188017294,0.14480171371096257,1.0701208085555376,0.62604662688355,0
10.066000000000031,RETURN,0.21725968268717244,0.1339925130169367,0.5613869318073827,0.5824536188017294,0.14480171371096257,1.0701208085555376,0.6263334632172336,0
10.068000000000032,RETURN,0.21694557001523032,0.13394720970763507,0.5612616796311264,0.5824536188017294,0.14480171371096257,1.0701208085555376,0.6266191563258999,0
10.070000000000032,RETURN,0.21663258580713118,0.13390202459562237,0.5611370918312072,0.5824536188017294,0.14480171371096257,1.0701208085555376,0.6269037049615829,0
10.072000000000033,RETURN,0.21632073300822996,0.1338569585856289,0.5610131671263807,0.5824536188017294,0.14480171371096257,1.0701208085555376,0.6271871078759418,0
10.074000000000034,RETURN,0.2160100145601083,0.13381201258176845,0.5608899042375868,0.5824536188017294,0.14480171371096257,1.0701208085555376,0.6274693638202401,0
10.076000000000034,RETURN,0.21570043340057793,0.13376718748752284,0.5607673018880115,0.5824536188017294,0.14480171371096257,1.0701208085555376,0.6277504715453208,0
10.078000000000035,RETURN,0.21539199246368682,0.13372248420572658,0.5606453588031458,0.5824536188017294,0.14480171371096257,1.0701208085555376,0.6280304298015824,0
10.080000000000036,RETURN,0.2150846946797242,0.13367790363855073,0.5605240737108409,0.5824536188017294,0.14480171371096257,1.0701208085555376,0.6283092373389578,0
10.082000000000036,RETURN,0.21477854297522558,0.13363344668748778,0.5604034453413731,0.5824536188017294,0.14480171371096257,1.0701208085555376,0.6285868929068864,0
10.084000000000037,RETURN,0.2144735402729786,0.13358911425333547,0.5602834724274961,0.5824536188017294,0.14480171371096257,1.0701208085555376,0.6288633952542955,0
10.086000000000038,RETURN,0.2141696894920282,0.1335449072361812,0.560164153704505,0.5824536188017294,0.14480171371096257,1.0701208085555376,0.629138743129573,0
10.088000000000038,RETURN,0.21386699354768182,0.1335008265353866,0.5600454879102937,0.5824536188017294,0.14480171371096257,1.0701208085555376,0.6294129352805448,0
10.090000000000039,RETURN,0.21356545535151594,0.1334568730495716,0.5599274737854141,0.5824536188017294,0.14480171371096257,1.0701208085555376,0.6296859704544505,0
10.09200000000004,RETURN,0.2132650778113809,0.13341304767659865,0.5598101100731346,0.5824536188017294,0.14480171371096257,1.0701208085555376,0.6299578473979212,0
10.09400000000004,RETURN,0.21296586383140784,0.13336935131355682,0.5596933955195003,0.5824536188017294,0.14480171371096257,1.0701208085555376,0.6302285648569538,0
10.096000000000041,RETURN,0.2126678163120126,0.13332578485674654,0.5595773288733934,0.5824536188017294,0.14480171371096257,1.0701208085555376,0.6304981215768869,0
10.098000000000042,RETURN,0.2123709381499037,0.13328234920166313,0.5594619088865909,0.5824536188017294,0.14480171371096257,1.0701208085555376,0.6307665163023786,0
10.100000000000042,RETURN,0.21207523223808783,0.13323904524298136,0.5593471343138233,0.5824536188017294,0.14480171371096257,1.0701208085555376,0.6310337477773812,0
10.102000000000043,RETURN,0.21178070146587497,0.13319587387453968,0.5592330039128375,0.5824536188017294,0.14480171371096257,1.0701208085555376,0.6312998147451174,0
10.104000000000044,RETURN,0.211487348718886,0.13315283598932415,0.5591195164444535,0.5824536188017294,0.14480171371096257,1.0701208085555376,0.6315647159480557,0
10.106000000000044,RETURN,0.21119517687905773,0.13310993247945252,0.559006670672626,0.5824536188017294,0.14480171371096257,1.0701208085555376,0.6318284501278866,0
10.108000000000045,RETURN,0.21090418882465028,0.133067164236159,0.5588944653645036,0.5824536188017294,0.14480171371096257,1.0701208085555376,0.6320910160254977,0
10.110000000000046,RETURN,0.2106143874302526,0.13302453214977705,0.5587828992904869,0.5824536188017294,0.14480171371096257,1.0701208085555376,0.6323524123809516,0
10.112000000000046,RETURN,0.21032577556678964,0.13298203710972503,0.5586719712242917,0.5824536188017294,0.14480171371096257,1.0701208085555376,0.6326126379334585,0
10.114000000000047,RETURN,0.21003835610152843,0.13293968000448894,0.5585616799430064,0.5824536188017294,0.14480171371096257,1.0701208085555376,0.6328716914213539,0
10.116000000000048,RETURN,0.20975213189808437,0.1328974617216074,0.5584520242271546,0.5824536188017294,0.14480171371096257,1.0701208085555376,0.633129571582073,0
10.118000000000048,RETURN,0.2094671058164292,0.13285538314765494,0.5583430028607511,0.5824536188017294,0.14480171371096257,1.0701208085555376,0.6333862771521277,0
10.120000000000049,RETURN,0.2091832807128965,0.13281344516822682,0.5582346146313673,0.5824536188017294,0.14480171371096257,1.0701208085555376,0.6336418068670798,0
10.12200000000005,RETURN,0.20890065944018893,0.13277164866792207,0.5581268583301868,0.5824536188017294,0.14480171371096257,1.0701208085555376,0.633896159461519,0
10.12400000000005,RETURN,0.20861924484738512,0.13272999453032838,0.5580197327520698,0.5824536188017294,0.14480171371096257,1.0701208085555376,0.6341493336690354,0
10.126000000000051,RETURN,0.2083390397799466,0.13268848363800545,0.5579132366956093,0.5824536188017294,0.14480171371096257,1.0701208085555376,0.6344013282221986,0
10.128000000000052,RETURN,0.2080600470797243,0.13264711687246938,0.5578073689631962,0.5824536188017294,0.14480171371096257,1.0701208085555376,0.6346521418525287,0
10.130000000000052,RETURN,0.2077822695849668,0.13260589511417611,0.5577021283610759,0.5824536188017294,0.14480171371096257,1.0701208085555376,0.6349017732904745,0
10.132000000000053,RETURN,0.20750571013032623,0.13256481924250568,0.5575975136994111,0.5824536188017294,0.14480171371096257,1.0701208085555376,0.6351502212653877,0
10.134000000000054,RETURN,0.20723037154686605,0.1325238901357462,0.5574935237923422,0.5824536188017294,0.14480171371096257,1.0701208085555376,0.635397484505498,0
10.136000000000054,RETURN,0.2069562566620678,0.13248310867107743,0.5573901574580475,0.5824536188017294,0.14480171371096257,1.0701208085555376,0.6356435617378885,0
10.138000000000055,RETURN,0.20668336829983894,0.13244247572455475,0.5572874135188037,0.5824536188017294,0.14480171371096257,1.0701208085555376,0.635888451688471,0
10.140000000000056,RETURN,0.20641170928052002,0.13240199217109305,0.5571852908010492,0.5824536188017294,0.14480171371096257,1.0701208085555376,0.6361321530819589,0
10.142000000000056,RETURN,0.20614128242089158,0.1323616588844509,0.5570837881354413,0.5824536188017294,0.14480171371096257,1.0701208085555376,0.6363746646418458,0
10.144000000000057,RETURN,0.20587209053418243,0.1323214767372135,0.5569829043569204,0.5824536188017294,0.14480171371096257,1.0701208085555376,0.6366159850903772,0
10.146000000000058,RETURN,0.2056041364300763,0.13228144660077734,0.5568826383047694,0.5824536188017294,0.14480171371096257,1.0701208085555376,0.6368561131485273,0
10.148000000000058,RETURN,0.20533742291471996,0.1322415693453336,0.5567829888226756,0.5824536188017294,0.14480171371096257,1.0701208085555376,0.6370950475359725,0
10.150000000000059,RETURN,0.2050719527907304,0.1322018458398519,0.5566839547587925,0.5824536188017294,0.14480171371096257,1.0701208085555376,0.6373327869710665,0
10.15200000000006,RETURN,0.20480772885720236,0.13216227695206398,0.5565855349657988,0.5824536188017294,0.14480171371096257,1.0701208085555376,0.6375693301708169,0
10.15400000000006,RETURN,0.20454475390971663,0.13212286354844777,0.5564877283009623,0.5824536188017294,0.14480171371096257,1.0701208085555376,0.6378046758508565,0
10.156000000000061,RETURN,0.20428303074034743,0.1320836064942109,0.5563905336261997,0.5824536188017294,0.14480171371096257,1.0701208085555376,0.6380388227254211,0
10.158000000000062,RETURN,0.2040225621376699,0.13204450665327416,0.5562939498081396,0.5824536188017294,0.14480171371096257,1.0701208085555376,0.6382717695073218,0
10.160000000000062,RETURN,0.20376335088676745,0.1320055648882555,0.5561979757181827,0.5824536188017294,0.14480171371096257,1.0701208085555376,0.6385035149079215,0
10.162000000000063,RETURN,0.20350539976924148,0.13196678206045376,0.5561026102325638,0.5824536188017294,0.14480171371096257,1.0701208085555376,0.6387340576371074,0
10.164000000000064,RETURN,0.20324871156321678,0.1319281590298319,0.5560078522324141,0.5824536188017294,0.14480171371096257,1.0701208085555376,0.6389633964032673,0
10.166000000000064,RETURN,0.2029932890433515,0.13188969665500105,0.5559137006038221,0.5824536188017294,0.14480171371096257,1.0701208085555376,0.6391915299132628,0
10.168000000000065,RETURN,0.20273913498084334,0.131851395793204,0.5558201542378959,0.5824536188017294,0.14480171371096257,1.0701208085555376,0.6394184568724048,0
10.170000000000066,RETURN,0.20248625214343902,0.1318132573002986,0.5557272120308258,0.5824536188017294,0.14480171371096257,1.0701208085555376,0.6396441759844261,0
10.172000000000066,RETURN,0.20223464329544139,0.13177528203074157,0.5556348728839439,0.5824536188017294,0.14480171371096257,1.0701208085555376,0.6398686859514583,0
10.174000000000067,RETURN,0.20198431119771748,0.13173747083757203,0.5555431357037899,0.5824536188017294,0.14480171371096257,1.0701208085555376,0.6400919854740031,0
10.176000000000068,RETURN,0.20173525860770689,0.1316998245723949,0.5554519994021697,0.5824536188017294,0.14480171371096257,1.0701208085555376,0.640314073250909,0
10.178000000000068,RETURN,0.2014874882794302,0.13166234408536465,0.5553614628962191,0.5824536188017294,0.14480171371096257,1.0701208085555376,0.6405349479793443,0
10.180000000000069,RETURN,0.20124100296349579,0.13162503022516858,0.5552715251084666,0.5824536188017294,0.14480171371096257,1.0701208085555376,0.640754608354771,0
10.18200000000007,RETURN,0.2009958054071094,0.13158788383901066,0.5551821849668942,0.5824536188017294,0.14480171371096257,1.0701208085555376,0.6409730530709198,0
10.18400000000007,RETURN,0.20075189835408144,0.13155090577259448,0.555093441405001,0.5824536188017294,0.14480171371096257,1.0701208085555376,0.6411902808197637,0
10.186000000000071,RETURN,0.20050928454483535,0.13151409687010734,0.5550052933618652,0.5824536188017294,0.14480171371096257,1.0701208085555376,0.6414062902914922,0
10.188000000000072,RETURN,0.20026796671641606,0.13147745797420304,0.5549177397822069,0.5824536188017294,0.14480171371096257,1.0701208085555376,0.6416210801744844,0
10.190000000000072,RETURN,0.20002794760249776,0.13144098992598582,0.5548307796164499,0.5824536188017294,0.14480171371096257,1.0701208085555376,0.6418346491552844,0
10.192000000000073,RETURN,0.19978922993339257,0.13140469356499362,0.5547444118207857,0.5824536188017294,0.14480171371096257,1.0701208085555376,0.6420469959185742,0
10.194000000000074,RETURN,0.19955181643605835,0.13136856972918123,0.554658635357234,0.5824536188017294,0.14480171371096257,1.0701208085555376,0.6422581191471484,0
10.196000000000074,RETURN,0.19931570983410773,0.1313326192549044,0.554573449193708,0.5824536188017294,0.14480171371096257,1.0701208085555376,0.6424680175218866,0
10.198000000000075,RETURN,0.1990809128478151,0.13129684297690203,0.554488852304077,0.5824536188017294,0.14480171371096257,1.0701208085555376,0.6426766897217281,0
10.200000000000076,RETURN,0.19884742819412657,0.13126124172828066,0.5544048436682254,0.5824536188017294,0.14480171371096257,1.0701208085555376,0.6428841344236469,0
10.202000000000076,RETURN,0.19861525858666626,0.13122581634049696,0.5543214222721224,0.5824536188017294,0.14480171371096257,1.0701208085555376,0.6430903503026224,0
10.204000000000077,RETURN,0.19838440673574667,0.13119056764334164,0.5542385871078785,0.5824536188017294,0.14480171371096257,1.0701208085555376,0.6432953360316166,0
10.206000000000078,RETURN,0.19815487534837548,0.1311554964649223,0.5541563371738132,0.5824536188017294,0.14480171371096257,1.0701208085555376,0.6434990902815444,0
10.208000000000078,RETURN,0.19792666712826482,0.13112060363164704,0.5540746714745148,0.5824536188017294,0.14480171371096257,1.0701208085555376,0.6437016117212502,0
10.210000000000079,RETURN,0.1976997847758385,0.13108588996820753,0.5539935890209078,0.5824536188017294,0.14480171371096257,1.0701208085555376,0.6439028990174785,0
10.21200000000008,RETURN,0.19747423098824168,0.13105135629756212,0.5539130888303108,0.5824536188017294,0.14480171371096257,1.0701208085555376,0.6441029508348509,0
10.21400000000008,RETURN,0.1972500084593486,0.13101700344091946,0.5538331699265049,0.5824536188017294,0.14480171371096257,1.0701208085555376,0.644301765835836,0
10.216000000000081,RETURN,0.1970271198797702,0.13098283221772158,0.5537538313397943,0.5824536188017294,0.14480171371096257,1.0701208085555376,0.6444993426807255,0
10.218000000000082,RETURN,0.19680556793686352,0.1309488434456263,0.553675072107071,0.5824536188017294,0.14480171371096257,1.0701208085555376,0.644695680027606,0
10.220000000000082,RETURN,0.19658535531473964,0.130915037940492,0.553596891271877,0.5824536188017294,0.14480171371096257,1.0701208085555376,0.6448907765323342,0
10.222000000000083,RETURN,0.1963664846942715,0.13088141651635926,0.5535192878844705,0.5824536188017294,0.14480171371096257,1.0701208085555376,0.6450846308485075,0
10.224000000000084,RETURN,0.1961489587531033,0.13084797998543476,0.5534422610018859,0.5824536188017294,0.14480171371096257,1.0701208085555376,0.6452772416274408,0
10.226000000000084,RETURN,0.1959327801656574,0.13081472915807407,0.5533658096880023,0.5824536188017294,0.14480171371096257,1.0701208085555376,0.6454686075181361,0
10.228000000000085,RETURN,0.1957179516031439,0.13078166484276538,0.5532899330136026,0.5824536188017294,0.14480171371096257,1.0701208085555376,0.6456587271672589,0
10.230000000000086,RETURN,0.1955044757335682,0.13074878784611146,0.5532146300564406,0.5824536188017294,0.14480171371096257,1.0701208085555376,0.6458475992191096,0
10.232000000000086,RETURN,0.19529235522173913,0.13071609897281386,0.5531398999013042,0.5824536188017294,0.14480171371096257,1.0701208085555376,0.6460352223155972,0
10.234000000000087,RETURN,0.19508159272927797,0.13068359902565527,0.5530657416400786,0.5824536188017294,0.14480171371096257,1.0701208085555376,0.6462215950962126,0
10.236000000000088,RETURN,0.1948721909146256,0.13065128880548282,0.5529921543718117,0.5824536188017294,0.14480171371096257,1.0701208085555376,0.6464067161980013,0
10.238000000000088,RETURN,0.1946641524330518,0.1306191691111909,0.5529191372027779,0.5824536188017294,0.14480171371096257,1.0701208085555376,0.6465905842555367,0
10.240000000000089,RETURN,0.19445747993666274,0.13058724073970476,0.5528466892465407,0.5824536188017294,0.14480171371096257,1.0701208085555376,0.646773197900894,0
10.24200000000009,RETURN,0.19425217607440937,0.13055550448596234,0.5527748096240206,0.5824536188017294,0.14480171371096257,1.0701208085555376,0.6469545557636212,0
10.24400000000009,RETURN,0.1940482434920955,0.13052396114289835,0.5527034974635558,0.5824536188017294,0.14480171371096257,1.0701208085555376,0.647134656470714,0
10.246000000000091,RETURN,0.19384568483238598,0.13049261150142663,0.5526327519009686,0.5824536188017294,0.14480171371096257,1.0701208085555376,0.6473134986465885,0
10.248000000000092,RETURN,0.19364450273481487,0.1304614563504233,0.5525625720796302,0.5824536188017294,0.14480171371096257,1.0701208085555376,0.6474910809130525,0
10.250000000000092,RETURN,0.19344469983579318,0.13043049647670965,0.5524929571505247,0.5824536188017294,0.14480171371096257,1.0701208085555376,0.6476674018892803,0
10.252000000000093,RETURN,0.1932462787686174,0.13039973266503455,0.5524239062723129,0.5824536188017294,0.14480171371096257,1.0701208085555376,0.6478424601917849,0
10.254000000000094,RETURN,0.19304924216347685,0.13036916569805831,0.5523554186113986,0.5824536188017294,0.14480171371096257,1.0701208085555376,0.6480162544343908,0
10.256000000000094,RETURN,0.1928535926474626,0.13033879635633439,0.552287493341993,0.5824536188017294,0.14480171371096257,1.0701208085555376,0.6481887832282062,0
10.258000000000095,RETURN,0.19265933284457423,0.13030862541829338,0.5522201296461784,0.5824536188017294,0.14480171371096257,1.0701208085555376,0.6483600451815972,0
10.260000000000096,RETURN,0.1924664653757287,0.13027865366022467,0.5521533267139753,0.5824536188017294,0.14480171371096257,1.0701208085555376,0.6485300389001588,0
10.262000000000096,RETURN,0.19227499285876773,0.13024888185626032,0.5520870837434052,0.5824536188017294,0.14480171371096257,1.0701208085555376,0.6486987629866894,0
10.264000000000097,RETURN,0.1920849179084661,0.13021931077835694,0.5520213999405572,0.5824536188017294,0.14480171371096257,1.0701208085555376,0.6488662160411616,0
10.266000000000098,RETURN,0.1918962431365381,0.13018994119627902,0.5519562745196521,0.5824536188017294,0.14480171371096257,1.0701208085555376,0.6490323966606972,0
10.268000000000098,RETURN,0.19170897115164742,0.13016077387758154,0.5518917067031095,0.5824536188017294,0.14480171371096257,1.0701208085555376,0.6491973034395365,0
10.270000000000099,RETURN,0.19152310455941252,0.13013180958759257,0.5518276957216101,0.5824536188017294,0.14480171371096257,1.0701208085555376,0.6493609349690151,0
10.2720000000001,RETURN,0.1913386459624162,0.130103049089396,0.5517642408141639,0.5824536188017294,0.14480171371096257,1.0701208085555376,0.6495232898375326,0
10.2740000000001,RETURN,0.19115559796021195,0.13007449314381458,0.5517013412281743,0.5824536188017294,0.14480171371096257,1.0701208085555376,0.6496843666305271,0
10.276000000000101,RETURN,0.19097396314933204,0.13004614250939192,0.5516389962195025,0.5824536188017294,0.14480171371096257,1.0701208085555376,0.6498441639304486,0
10.278000000000102,RETURN,0.190793744123295,0.13001799794237576,0.5515772050525373,0.5824536188017294,0.14480171371096257,1.0701208085555376,0.6500026803167277,0
10.280000000000102,RETURN,0.1906149434726125,0.1299900601967004,0.5515159670002543,0.5824536188017294,0.14480171371096257,1.0701208085555376,0.6501599143657536,0
10.282000000000103,RETURN,0.19043756378479748,0.1299623300239689,0.5514552813442875,0.5824536188017294,0.14480171371096257,1.0701208085555376,0.6503158646508419,0
10.284000000000104,RETURN,0.19026160764437094,0.12993480817343678,0.5513951473749918,0.5824536188017294,0.14480171371096257,1.0701208085555376,0.6504705297422088,0
10.286000000000104,RETURN,0.19008707763286964,0.12990749539199298,0.55133556439151,0.5824536188017294,0.14480171371096257,1.0701208085555376,0.6506239082069436,0
10.288000000000105,RETURN,0.18991397632885287,0.1298803924241441,0.5512765317018383,0.5824536188017294,0.14480171371096257,1.0701208085555376,0.6507759986089809,0
10.290000000000106,RETURN,0.18974230630790992,0.12985350001199553,0.5512180486228927,0.5824536188017294,0.14480171371096257,1.0701208085555376,0.6509267995090726,0
10.292000000000106,RETURN,0.1895720701426664,0.1298268188952349,0.5511601144805747,0.5824536188017294,0.14480171371096257,1.0701208085555376,0.6510763094647608,0
10.294000000000107,RETURN,0.18940327040279248,0.12980034981111432,0.5511027286098374,0.5824536188017294,0.14480171371096257,1.0701208085555376,0.6512245270303497,0
10.296000000000108,RETURN,0.18923590965500878,0.12977409349443264,0.5510458903547522,0.5824536188017294,0.14480171371096257,1.0701208085555376,0.6513714507568775,0
10.298000000000108,RETURN,0.18906999046309375,0.12974805067751818,0.5509895990685745,0.5824536188017294,0.14480171371096257,1.0701208085555376,0.6515170791920896,0
10.300000000000109,RETURN,0.18890551538789008,0.12972222209021098,0.5509338541138105,0.5824536188017294,0.14480171371096257,1.0701208085555376,0.6516614108804099,0
10.30200000000011,RETURN,0.18874248698731175,0.1296966084598452,0.550878654862283,0.5824536188017294,0.14480171371096257,1.0701208085555376,0.6518044443629135,0
10.30400000000011,RETURN,0.18858090781635084,0.12967121051123226,0.5508240006951997,0.5824536188017294,0.14480171371096257,1.0701208085555376,0.6519461781772982,0
10.306000000000111,RETURN,0.18842078042708313,0.1296460289666417,0.5507698910032164,0.5824536188017294,0.14480171371096257,1.0701208085555376,0.6520866108578578,0
10.308000000000112,RETURN,0.18826210736867546,0.12962106454578523,0.5507163251865065,0.5824536188017294,0.14480171371096257,1.0701208085555376,0.6522257409354539,0
10.310000000000112,RETURN,0.1881048911873922,0.1295963179657977,0.5506633026548269,0.5824536188017294,0.14480171371096257,1.0701208085555376,0.6523635669374868,0
10.312000000000113,RETURN,0.18794913442660077,0.1295717899412205,0.5506108228275851,0.5824536188017294,0.14480171371096257,1.0701208085555376,0.6525000873878682,0
10.314000000000114,RETURN,0.18779483962677834,0.1295474811839832,0.5505588851339047,0.5824536188017294,0.14480171371096257,1.0701208085555376,0.6526353008069948,0
10.316000000000114,RETURN,0.1876420093255185,0.1295233924033859,0.5505074890126938,0.5824536188017294,0.14480171371096257,1.0701208085555376,0.6527692057117179,0
10.318000000000115,RETURN,0.18749064605753557,0.1294995243060819,0.5504566339127109,0.5824536188017294,0.14480171371096257,1.0701208085555376,0.6529018006153176,0
10.320000000000116,RETURN,0.18734075235467293,0.12947587759605944,0.5504063192926343,0.5824536188017294,0.14480171371096257,1.0701208085555376,0.6530330840274716,0
10.322000000000116,RETURN,0.18719233074590697,0.1294524529746244,0.5503565446211244,0.5824536188017294,0.14480171371096257,1.0701208085555376,0.6531630544542322,0
10.324000000000117,RETURN,0.18704538375735336,0.129429251140382,0.5503073093768963,0.5824536188017294,0.14480171371096257,1.0701208085555376,0.6532917103979935,0
10.326000000000118,RETURN,0.18689991391227315,0.1294062727892196,0.5502586130487839,0.5824536188017294,0.14480171371096257,1.0701208085555376,0.6534190503574656,0
10.328000000000118,RETURN,0.1867559237310783,0.12938351861428818,0.5502104551358085,0.5824536188017294,0.14480171371096257,1.0701208085555376,0.6535450728276457,0
10.330000000000119,RETURN,0.1866134157313362,0.12936098930598516,0.5501628351472443,0.5824536188017294,0.14480171371096257,1.0701208085555376,0.653669776299792,0
10.33200000000012,RETURN,0.18647239242777608,0.12933868555193606,0.5501157526026896,0.5824536188017294,0.14480171371096257,1.0701208085555376,0.6537931592613917,0
10.33400000000012,RETURN,0.18633285633229385,0.12931660803697678,0.5500692070321304,0.5824536188017294,0.14480171371096257,1.0701208085555376,0.6539152201961369,0
10.336000000000121,RETURN,0.18619480995395682,0.12929475744313565,0.5500231979760106,0.5824536188017294,0.14480171371096257,1.0701208085555376,0.6540359575838939,0
10.338000000000122,RETURN,0.18605825579900961,0.12927313444961563,0.5499777249852991,0.5824536188017294,0.14480171371096257,1.0701208085555376,0.6541553699006759,0
10.340000000000122,RETURN,0.18592319637087854,0.1292517397327761,0.549932787621556,0.5824536188017294,0.14480171371096257,1.0701208085555376,0.654273455618615,0
10.342000000000123,RETURN,0.18578963417017608,0.12923057396611526,0.5498883854570037,0.5824536188017294,0.14480171371096257,1.0701208085555376,0.6543902132059333,0
10.344000000000124,RETURN,0.18565757169470606,0.1292096378202516,0.5498445180745918,0.5824536188017294,0.14480171371096257,1.0701208085555376,0.6545056411269151,0
10.346000000000124,RETURN,0.18552701143946843,0.12918893196290665,0.549801185068066,0.5824536188017294,0.14480171371096257,1.0701208085555376,0.6546197378418795,0
10.348000000000125,RETURN,0.1853979558966628,0.1291684570588859,0.5497583860420374,0.5824536188017294,0.14480171371096257,1.0701208085555376,0.6547325018071503,0
10.350000000000126,RETURN,0.1852704075556938,0.12914821377006216,0.5497161206120491,0.5824536188017294,0.14480171371096257,1.0701208085555376,0.654843931475029,0
10.352000000000126,RETURN,0.18514436890317415,0.1291282027553558,0.549674388404646,0.5824536188017294,0.14480171371096257,1.0701208085555376,0.6549540252937656,0
10.354000000000127,RETURN,0.18501984242292976,0.12910842467071815,0.5496331890574397,0.5824536188017294,0.14480171371096257,1.0701208085555376,0.655062781707533,0
10.356000000000128,RETURN,0.18489683059600354,0.12908888016911252,0.5495925222191822,0.5824536188017294,0.14480171371096257,1.0701208085555376,0.6551701991563941,0
10.358000000000128,RETURN,0.18477533590065792,0.1290695699004964,0.5495523875498295,0.5824536188017294,0.14480171371096257,1.0701208085555376,0.6552762760762776,0
10.360000000000129,RETURN,0.1846553608123806,0.12905049451180306,0.549512784720613,0.5824536188017294,0.14480171371096257,1.0701208085555376,0.6553810108989472,0
10.36200000000013,RETURN,0.1845369078038861,0.12903165464692373,0.5494737134141068,0.5824536188017294,0.14480171371096257,1.0701208085555376,0.6554844020519746,0
10.36400000000013,RETURN,0.1844199793451206,0.12901305094668922,0.549435173324296,0.5824536188017294,0.14480171371096257,1.0701208085555376,0.6555864479587106,0
10.366000000000131,RETURN,0.1843045779032642,0.1289946840488514,0.549397164156648,0.5824536188017294,0.14480171371096257,1.0701208085555376,0.6556871470382563,0
10.368000000000132,RETURN,0.18419070594273532,0.12897655458806548,0.549359685628177,0.5824536188017294,0.14480171371096257,1.0701208085555376,0.6557864977054356,0
10.370000000000132,RETURN,0.184078365925191,0.12895866319587135,0.549322737467518,0.5824536188017294,0.14480171371096257,1.0701208085555376,0.6558844983707661,0
10.372000000000133,RETURN,0.18396756030953365,0.12894101050067555,0.549286319414991,0.5824536188017294,0.14480171371096257,1.0701208085555376,0.6559811474404311,0
10.374000000000134,RETURN,0.18385829155190997,0.128923597127733,0.5492504312226733,0.5824536188017294,0.14480171371096257,1.0701208085555376,0.6560764433162509,0
10.376000000000134,RETURN,0.18375056210571578,0.1289064236991282,0.5492150726544672,0.5824536188017294,0.14480171371096257,1.0701208085555376,0.6561703843956542,0
10.378000000000135,RETURN,0.1836443744215978,0.1288894908337576,0.5491802434861689,0.5824536188017294,0.14480171371096257,1.0701208085555376,0.6562629690716508,0
10.380000000000136,RETURN,0.18353973094745532,0.12887279914731053,0.5491459435055392,0.5824536188017294,0.14480171371096257,1.0701208085555376,0.6563541957328013,0
10.382000000000136,RETURN,0.18343663412844322,0.12885634925225142,0.5491121725123715,0.5824536188017294,0.14480171371096257,1.0701208085555376,0.65644406276319,0
10.384000000000137,RETURN,0.1833350864069725,0.12884014175780092,0.549078930318562,0.5824536188017294,0.14480171371096257,1.0701208085555376,0.656532568542396,0
10.386000000000138,RETURN,0.18323509022271367,0.12882417726991768,0.5490462167481784,0.5824536188017294,0.14480171371096257,1.0701208085555376,0.6566197114454647,0
10.388000000000138,RETURN,0.1831366480125971,0.12880845639128,0.5490140316375296,0.5824536188017294,0.14480171371096257,1.0701208085555376,0.6567054898428799,0
10.39000000000014,RETURN,0.18303976221081472,0.12879297972126716,0.5489823748352368,0.5824536188017294,0.14480171371096257,1.0701208085555376,0.6567899021005339,0
10.39200000000014,RETURN,0.18294443524882148,0.12877774785594076,0.5489512462023012,0.5824536188017294,0.14480171371096257,1.0701208085555376,0.6568729465797004,0
10.39400000000014,RETURN,0.1828506695553363,0.12876276138802695,0.5489206456121751,0.5824536188017294,0.14480171371096257,1.0701208085555376,0.656954621637005,0
10.396000000000141,RETURN,0.18275846755634234,0.12874802090689677,0.5488905729508307,0.5824536188017294,0.14480171371096257,1.0701208085555376,0.6570349256243982,0
10.398000000000142,RETURN,0.18266783167508913,0.1287335269985486,0.5488610281168317,0.5824536188017294,0.14480171371096257,1.0701208085555376,0.657113856889124,0
10.400000000000142,RETURN,0.18257876433209175,0.1287192802455892,0.5488320110214004,0.5824536188017294,0.14480171371096257,1.0701208085555376,0.6571914137736955,0
10.402000000000143,RETURN,0.18249126794513168,0.12870528122721475,0.5488035215884919,0.5824536188017294,0.14480171371096257,1.0701208085555376,0.657267594615862,0
10.404000000000144,RETURN,0.18240534492925684,0.12869153051919274,0.5487755597548609,0.5824536188017294,0.14480171371096257,1.0701208085555376,0.6573423977485833,0
10.406000000000144,RETURN,0.1823209976967824,0.12867802869384315,0.5487481254701323,0.5824536188017294,0.14480171371096257,1.0701208085555376,0.6574158215000008,0
10.408000000000145,RETURN,0.18223822865728856,0.12866477632001952,0.5487212186968741,0.5824536188017294,0.14480171371096257,1.0701208085555376,0.6574878641934075,0
10.410000000000146,RETURN,0.1821570402176225,0.1286517739630908,0.5486948394106643,0.5824536188017294,0.14480171371096257,1.0701208085555376,0.6575585241472217,0
10.412000000000146,RETURN,0.1820774347818963,0.1286390221849222,0.5486689876001635,0.5824536188017294,0.14480171371096257,1.0701208085555376,0.6576277996749565,0
10.414000000000147,RETURN,0.18199941475148684,0.12862652154385654,0.548643663267186,0.5824536188017294,0.14480171371096257,1.0701208085555376,0.6576956890851914,0
10.416000000000148,RETURN,0.18192298252503417,0.12861427259469552,0.5486188664267679,0.5824536188017294,0.14480171371096257,1.0701208085555376,0.6577621906815453,0
10.418000000000148,RETURN,0.18184814049844106,0.12860227588868084,0.54859459710724,0.5824536188017294,0.14480171371096257,1.0701208085555376,0.6578273027626467,0
10.42000000000015,RETURN,0.18177489106487096,0.12859053197347572,0.5485708553502975,0.5824536188017294,0.14480171371096257,1.0701208085555376,0.6578910236221053,0
10.42200000000015,RETURN,0.18170323661474705,0.12857904139314577,0.5485476412110719,0.5824536188017294,0.14480171371096257,1.0701208085555376,0.657953351548483,0
10.42400000000015,RETURN,0.18163317953575006,0.1285678046881401,0.5485249547582004,0.5824536188017294,0.14480171371096257,1.0701208085555376,0.6580142848252666,0
10.426000000000151,RETURN,0.1815647222128158,0.1285568223952726,0.5485027960738978,0.5824536188017294,0.14480171371096257,1.0701208085555376,0.6580738217308384,0
10.428000000000152,RETURN,0.18149786702813445,0.12854609504770323,0.5484811652540285,0.5824536188017294,0.14480171371096257,1.0701208085555376,0.6581319605384468,0
10.430000000000152,RETURN,0.18143261636114608,0.12853562317491862,0.5484600624081749,0.5824536188017294,0.14480171371096257,1.0701208085555376,0.6581886995161801,0
10.432000000000153,RETURN,0.18136897258853973,0.1285254073027135,0.5484394876597115,0.5824536188017294,0.14480171371096257,1.0701208085555376,0.6582440369269353,0
10.434000000000154,RETURN,0.18130693808424972,0.12851544795317169,0.548419441145875,0.5824536188017294,0.14480171371096257,1.0701208085555376,0.6582979710283914,0
10.436000000000154,RETURN,0.18124651521945212,0.12850574564464698,0.5483999230178356,0.5824536188017294,0.14480171371096257,1.0701208085555376,0.6583505000729798,0
10.438000000000155,RETURN,0.1811877063625632,0.12849630089174413,0.5483809334407687,0.5824536188017294,0.14480171371096257,1.0701208085555376,0.6584016223078558,0
10.440000000000156,RETURN,0.1811305138792338,0.12848711420530026,0.548362472593925,0.5824536188017294,0.14480171371096257,1.0701208085555376,0.6584513359748718,0
10.442000000000156,RETURN,0.18107494013234654,0.12847818609236508,0.548344540670705,0.5824536188017294,0.14480171371096257,1.0701208085555376,0.6584996393105461,0
10.444000000000157,RETURN,0.18102098748201223,0.12846951705618237,0.5483271378787292,0.5824536188017294,0.14480171371096257,1.0701208085555376,0.6585465305460351,0
10.446000000000158,RETURN,0.18096865828556435,0.12846110759617047,0.5483102644399084,0.5824536188017294,0.14480171371096257,1.0701208085555376,0.6585920079071067,0
10.448000000000158,RETURN,0.18091795489755613,0.12845295820790398,0.5482939205905177,0.5824536188017294,0.14480171371096257,1.0701208085555376,0.6586360696141089,0
10.45000000000016,RETURN,0.1808688796697548,0.12844506938309339,0.5482781065812674,0.5824536188017294,0.14480171371096257,1.0701208085555376,0.6586787138819438,0
10.45200000000016,RETURN,0.18082143495113684,0.12843744160956685,0.5482628226773745,0.5824536188017294,0.14480171371096257,1.0701208085555376,0.6587199389200374,0
10.45400000000016,RETURN,0.18077562308788284,0.12843007537125076,0.548248069158637,0.5824536188017294,0.14480171371096257,1.0701208085555376,0.6587597429323111,0
10.456000000000161,RETURN,0.1807314464233723,0.12842297114815027,0.5482338463195022,0.5824536188017294,0.14480171371096257,1.0701208085555376,0.658798124117155,0
10.458000000000162,RETURN,0.18068890729817694,0.1284161294163306,0.5482201544691434,0.5824536188017294,0.14480171371096257,1.0701208085555376,0.6588350806673968,0
10.460000000000163,RETURN,0.18064800805005662,0.128409550647897,0.5482069939315285,0.5824536188017294,0.14480171371096257,1.0701208085555376,0.6588706107702752,0
10.462000000000163,RETURN,0.1806087510139514,0.12840323531097647,0.5481943650454936,0.5824536188017294,0.14480171371096257,1.0701208085555376,0.6589047126074109,0
10.464000000000164,RETURN,0.1805711385219755,0.12839718386969726,0.5481822681648162,0.5824536188017294,0.14480171371096257,1.0701208085555376,0.658937384354778,0
10.466000000000165,RETURN,0.1805351729034112,0.12839139678417077,0.5481707036582878,0.5824536188017294,0.14480171371096257,1.0701208085555376,0.6589686241826748,0
10.468000000000165,RETURN,0.1805008564847011,0.12838587451047148,0.5481596719097837,0.5824536188017294,0.14480171371096257,1.0701208085555376,0.6589984302556974,0
10.470000000000166,RETURN,0.1804681915894415,0.1283806175006176,0.5481491733183401,0.5824536188017294,0.14480171371096257,1.0701208085555376,0.6590268007327085,0
10.472000000000167,RETURN,0.18043718053837413,0.12837562620255186,0.5481392082982225,0.5824536188017294,0.14480171371096257,1.0701208085555376,0.6590537337668119,0
10.474000000000167,RETURN,0.1804078256493794,0.12837090106012214,0.5481297772790017,0.5824536188017294,0.14480171371096257,1.0701208085555376,0.659079227505321,0
10.476000000000168,RETURN,0.180380129237467,0.1283664425130618,0.5481208807056251,0.5824536188017294,0.14480171371096257,1.0701208085555376,0.6591032800897333,0
10.478000000000169,RETURN,0.18035409361476903,0.12836225099697043,0.5481125190384897,0.5824536188017294,0.14480171371096257,1.0701208085555376,0.6591258896556998,0
10.48000000000017,RETURN,0.18032972109052997,0.12835832694329444,0.548104692753516,0.5824536188017294,0.14480171371096257,1.0701208085555376,0.6591470543329978,0
10.48200000000017,RETURN,0.18030701397109905,0.12835467077930715,0.5480974023422197,0.5824536188017294,0.14480171371096257,1.0701208085555376,0.659166772245502,0
10.48400000000017,RETURN,0.18028597455992026,0.12835128292808956,0.5480906483117864,0.5824536188017294,0.14480171371096257,1.0701208085555376,0.6591850415111564,0
10.486000000000171,RETURN,0.18026660515752269,0.12834816380851083,0.5480844311851447,0.5824536188017294,0.14480171371096257,1.0701208085555376,0.6592018602419453,0
10.488000000000172,RETURN,0.18024890806151173,0.1283453138352087,0.5480787515010376,0.5824536188017294,0.14480171371096257,1.0701208085555376,0.659217226543866,0
10.490000000000173,RETURN,0.180232885566558,0.1283427334185697,0.5480736098140976,0.5824536188017294,0.14480171371096257,1.0701208085555376,0.6592311385169004,0
10.492000000000173,RETURN,0.18021853996438789,0.12834042296470966,0.5480690066949206,0.5824536188017294,0.14480171371096257,1.0701208085555376,0.6592435942549855,0
10.494000000000174,RETURN,0.18020587354377196,0.12833838287545415,0.5480649427301386,0.5824536188017294,0.14480171371096257,1.0701208085555376,0.6592545918459856,0
10.496000000000175,RETURN,0.1801948885905149,0.12833661354831866,0.548061418522493,0.5824536188017294,0.14480171371096257,1.0701208085555376,0.6592641293716648,0
10.498000000000175,RETURN,0.18018558738744356,0.1283351153764889,0.548058434690908,0.5824536188017294,0.14480171371096257,1.0701208085555376,0.6592722049076588,0
10.500000000000176,RETURN,0.1801779722143958,0.12833388874880122,0.5480559918705667,0.5824536188017294,0.14480171371096257,1.0701208085555376,0.6592788165234448,0
10.502000000000177,RETURN,0.18017204534820877,0.12833293404972299,0.5480540907129818,0.5824536188017294,0.14480171371096257,1.0701208085555376,0.6592839622823154,0
10.504000000000177,RETURN,0.18016780906270607,0.12833225165933237,0.5480527318860726,0.5824536188017294,0.14480171371096257,1.0701208085555376,0.6592876402413488,0
10.506000000000178,RETURN,0.1801652656286858,0.12833184195329894,0.5480519160742359,0.5824536188017294,0.14480171371096257,1.0701208085555376,0.659289848451382,0
10.508000000000179,RELAX,0.18016441731390775,0.12833170530286386,0.5480516439784212,0.5824536188017294,0.14480171371096257,1.0701208085555376,0.6592905849569826,0
10.51000000000018,RELAX,0.18016440673150078,0.1283315127331484,0.548051669732626,0.5824536188017294,0.14480171371096257,1.0701208085555376,0.6592905758310454,0
10.51200000000018,RELAX,0.18016437502060476,0.1283309357097738,0.548051746906695,0.5824536188017294,0.14480171371096257,1.0701208085555376,0.6592905484843966,0
10.51400000000018,RELAX,0.18016432223371778,0.12832997526209886,0.5480518753724384,0.5824536188017294,0.14480171371096257,1.0701208085555376,0.6592905029618223,0
10.516000000000181,RELAX,0.18016424842070514,0.12832863242041034,0.5480520550077936,0.5824536188017294,0.14480171371096257,1.0701208085555376,0.6592904393055167,0
10.518000000000182,RELAX,0.18016415362882282,0.12832690821591547,0.5480522856967694,0.5824536188017294,0.14480171371096257,1.0701208085555376,0.6592903575551057,0
10.520000000000183,RELAX,0.18016403790274138,0.12832480368073407,0.548052567329391,0.5824536188017294,0.14480171371096257,1.0701208085555376,0.6592902577476704,0
10.522000000000183,RELAX,0.18016390128456922,0.1283223198478914,0.5480528998016458,0.5824536188017294,0.14480171371096257,1.0701208085555376,0.6592901399177699,0
10.524000000000184,RELAX,0.18016374381387631,0.12831945775131065,0.5480532830154279,0.5824536188017294,0.14480171371096257,1.0701208085555376,0.6592900040974647,0
10.526000000000185,RELAX,0.1801635655277178,0.12831621842580662,0.5480537168784839,0.5824536188017294,0.14480171371096257,1.0701208085555376,0.6592898503163394,0
10.528000000000185,RELAX,0.18016336646065706,0.12831260290707822,0.5480542013043579,0.5824536188017294,0.14480171371096257,1.0701208085555376,0.6592896786015263,0
10.530000000000186,RELAX,0.1801631466447894,0.12830861223170253,0.5480547362123378,0.5824536188017294,0.14480171371096257,1.0701208085555376,0.6592894889777282,0
10.532000000000187,RELAX,0.1801629061097653,0.12830424743712812,0.5480553215274004,0.5824536188017294,0.14480171371096257,1.0701208085555376,0.6592892814672409,0
10.534000000000187,RELAX,0.18016264488281347,0.1282995095616691,0.5480559571801576,0.5824536188017294,0.14480171371096257,1.0701208085555376,0.6592890560899767,0
10.536000000000188,RELAX,0.18016236298876448,0.12829439964449907,0.5480566431068024,0.5824536188017294,0.14480171371096257,1.0701208085555376,0.6592888128634867,0
10.538000000000189,RELAX,0.18016206045007346,0.12828891872564532,0.5480573792490544,0.5824536188017294,0.14480171371096257,1.0701208085555376,0.6592885518029843,0
10.54000000000019,RELAX,0.18016173728684348,0.1282830678459835,0.5480581655541069,0.5824536188017294,0.14480171371096257,1.0701208085555376,0.6592882729213669,0
10.54200000000019,RELAX,0.18016139351684857,0.1282768480472319,0.548059001974573,0.5824536188017294,0.14480171371096257,1.0701208085555376,0.6592879762292394,0
10.54400000000019,RELAX,0.18016102915555654,0.12827026037194658,0.5480598884684317,0.5824536188017294,0.14480171371096257,1.0701208085555376,0.6592876617349362,0
10.546000000000191,RELAX,0.18016064421615208,0.12826330586351598,0.5480608249989746,0.5824536188017294,0.14480171371096257,1.0701208085555376,0.6592873294445445,0
10.548000000000192,RELAX,0.18016023870955966,0.12825598556615628,0.5480618115347532,0.5824536188017294,0.14480171371096257,1.0701208085555376,0.6592869793619256,0
10.550000000000193,RELAX,0.18015981264446623,0.1282483005249068,0.5480628480495252,0.5824536188017294,0.14480171371096257,1.0701208085555376,0.6592866114887388,0
10.552000000000193,RELAX,0.18015936602734403,0.12824025178562518,0.5480639345222018,0.5824536188017294,0.14480171371096257,1.0701208085555376,0.6592862258244622,0
10.554000000000194,RELAX,0.18015889886247335,0.12823184039498323,0.5480650709367946,0.5824536188017294,0.14480171371096257,1.0701208085555376,0.6592858223664164,0
10.556000000000195,RELAX,0.1801584111519651,0.1282230674004626,0.5480662572823628,0.5824536188017294,0.14480171371096257,1.0701208085555376,0.6592854011097861,0
10.558000000000195,RELAX,0.1801579028957835,0.12821393385035088,0.5480674935529611,0.5824536188017294,0.14480171371096257,1.0701208085555376,0.6592849620476422,0
10.560000000000196,RELAX,0.1801573740917686,0.1282044407937374,0.5480687797475867,0.5824536188017294,0.14480171371096257,1.0701208085555376,0.6592845051709642,0
10.562000000000197,RELAX,0.1801568247356587,0.12819458928050992,0.5480701158701272,0.5824536188017294,0.14480171371096257,1.0701208085555376,0.6592840304686621,0
10.564000000000197,RELAX,0.18015625482111286,0.1281843803613505,0.5480715019293083,0.5824536188017294,0.14480171371096257,1.0701208085555376,0.6592835379275988,0
10.566000000000198,RELAX,0.1801556643397333,0.1281738150877324,0.5480729379386414,0.5824536188017294,0.14480171371096257,1.0701208085555376,0.6592830275326116,0
10.568000000000199,RELAX,0.18015505328108752,0.12816289451191662,0.5480744239163724,0.5824536188017294,0.14480171371096257,1.0701208085555376,0.6592824992665345,0
10.5700000000002,RELAX,0.18015442163273096,0.12815161968694871,0.5480759598854292,0.5824536188017294,0.14480171371096257,1.0701208085555376,0.6592819531102194,0
10.5720000000002,RELAX,0.18015376938022865,0.12813999166665563,0.5480775458733702,0.5824536188017294,0.14480171371096257,1.0701208085555376,0.6592813890425593,0
10.5740000000002,RELAX,0.18015309650717784,0.12812801150564293,0.5480791819123327,0.5824536188017294,0.14480171371096257,1.0701208085555376,0.6592808070405083,0
10.576000000000201,RELAX,0.18015240299522994,0.12811568025929188,0.5480808680389818,0.5824536188017294,0.14480171371096257,1.0701208085555376,0.6592802070791046,0
10.578000000000202,RELAX,0.18015168882411248,0.12810299898375666,0.5480826042944584,0.5824536188017294,0.14480171371096257,1.0701208085555376,0.6592795891314915,0
10.580000000000203,RELAX,0.180150953971651,0.128089968735962,0.5480843907243289,0.5824536188017294,0.14480171371096257,1.0701208085555376,0.659278953168939,0
10.582000000000203,RELAX,0.1801501984137914,0.12807659057360063,0.5480862273785333,0.5824536188017294,0.14480171371096257,1.0701208085555376,0.6592782991608659,0
10.584000000000204,RELAX,0.18014942212462118,0.12806286555513074,0.5480881143113349,0.5824536188017294,0.14480171371096257,1.0701208085555376,0.6592776270748604,0
10.586000000000205,RELAX,0.18014862507639184,0.1280487947397741,0.5480900515812692,0.5824536188017294,0.14480171371096257,1.0701208085555376,0.6592769368767019,0
10.588000000000205,RELAX,0.18014780723954016,0.12803437918751356,0.5480920392510938,0.5824536188017294,0.14480171371096257,1.0701208085555376,0.6592762285303825,0
10.590000000000206,RELAX,0.18014696858271018,0.12801961995909134,0.5480940773877371,0.5824536188017294,0.14480171371096257,1.0701208085555376,0.6592755019981282,0
10.592000000000207,RELAX,0.1801461090727748,0.1280045181160068,0.5480961660622481,0.5824536188017294,0.14480171371096257,1.0701208085555376,0.6592747572404201,0
10.594000000000207,RELAX,0.18014522867485713,0.1279890747205149,0.548098305349747,0.5824536188017294,0.14480171371096257,1.0701208085555376,0.6592739942160152,0
10.596000000000208,RELAX,0.18014432735235233,0.12797329083562425,0.5481004953293741,0.5824536188017294,0.14480171371096257,1.0701208085555376,0.6592732128819682,0
10.598000000000209,RELAX,0.18014340506694881,0.12795716752509556,0.5481027360842403,0.5824536188017294,0.14480171371096257,1.0701208085555376,0.6592724131936518,0
10.60000000000021,RELAX,0.1801424617786498,0.12794070585343997,0.548105027701377,0.5824536188017294,0.14480171371096257,1.0701208085555376,0.6592715951047788,0
10.60200000000021,RELAX,0.18014149744579455,0.1279239068859178,0.5481073702716869,0.5824536188017294,0.14480171371096257,1.0701208085555376,0.6592707585674217,0
10.60400000000021,RELAX,0.1801405120250798,0.1279067716885369,0.5481097638898937,0.5824536188017294,0.14480171371096257,1.0701208085555376,0.6592699035320343,0
10.606000000000211,RELAX,0.18013950547158075,0.12788930132805157,0.5481122086544935,0.5824536188017294,0.14480171371096257,1.0701208085555376,0.6592690299474727,0
10.608000000000212,RELAX,0.1801384777387725,0.12787149687196112,0.548114704667705,0.5824536188017294,0.14480171371096257,1.0701208085555376,0.6592681377610154,0
10.610000000000213,RELAX,0.18013742877855105,0.12785335938850892,0.5481172520354199,0.5824536188017294,0.14480171371096257,1.0701208085555376,0.659267226918385,0
10.612000000000213,RELAX,0.18013635854125412,0.12783488994668113,0.5481198508671552,0.5824536188017294,0.14480171371096257,1.0701208085555376,0.6592662973637675,0
10.614000000000214,RELAX,0.18013526697568266,0.12781608961620577,0.548122501276003,0.5824536188017294,0.14480171371096257,1.0701208085555376,0.6592653490398342,0
10.616000000000215,RELAX,0.1801341540291213,0.12779695946755193,0.5481252033785824,0.5824536188017294,0.14480171371096257,1.0701208085555376,0.6592643818877616,0
10.618000000000215,RELAX,0.18013301964735942,0.12777750057192847,0.5481279572949906,0.5824536188017294,0.14480171371096257,1.0701208085555376,0.6592633958472517,0
10.620000000000216,RELAX,0.18013186377471202,0.1277577140012836,0.5481307631487549,0.5824536188017294,0.14480171371096257,1.0701208085555376,0.6592623908565527,0
10.622000000000217,RELAX,0.1801306863540404,0.127737600828304,0.5481336210667835,0.5824536188017294,0.14480171371096257,1.0701208085555376,0.6592613668524795,0
10.624000000000217,RELAX,0.1801294873267728,0.127717162126414,0.5481365311793185,0.5824536188017294,0.14480171371096257,1.0701208085555376,0.6592603237704335,0
10.626000000000218,RELAX,0.1801282666329253,0.12769639896977505,0.5481394936198865,0.5824536188017294,0.14480171371096257,1.0701208085555376,0.6592592615444236,0
10.628000000000219,RELAX,0.180127024211122,0.12767531243328503,0.5481425085252516,0.5824536188017294,0.14480171371096257,1.0701208085555376,0.6592581801070854,0
10.63000000000022,RELAX,0.18012575999861594,0.12765390359257783,0.5481455760353674,0.5824536188017294,0.14480171371096257,1.0701208085555376,0.6592570793897021,0
10.63200000000022,RELAX,0.1801244739313093,0.12763217352402262,0.548148696293329,0.5824536188017294,0.14480171371096257,1.0701208085555376,0.6592559593222242,0
10.63400000000022,RELAX,0.18012316594377395,0.12761012330472363,0.5481518694453258,0.5824536188017294,0.14480171371096257,1.0701208085555376,0.6592548198332898,0
10.636000000000221,RELAX,0.18012183596927167,0.12758775401251957,0.5481550956405944,0.5824536188017294,0.14480171371096257,1.0701208085555376,0.659253660850244,0
10.638000000000222,RELAX,0.18012048393977456,0.1275650667259833,0.5481583750313704,0.5824536188017294,0.14480171371096257,1.0701208085555376,0.6592524822991593,0
10.640000000000223,RELAX,0.18011910978598525,0.1275420625244214,0.5481617077728422,0.5824536188017294,0.14480171371096257,1.0701208085555376,0.6592512841048556,0
10.642000000000223,RELAX,0.18011771343735694,0.12751874248787406,0.548165094023104,0.5824536188017294,0.14480171371096257,1.0701208085555376,0.6592500661909187,0
10.644000000000224,RELAX,0.1801162948221137,0.12749510769711458,0.5481685339431079,0.5824536188017294,0.14480171371096257,1.0701208085555376,0.6592488284797221,0
10.646000000000225,RELAX,0.18011485386727039,0.12747115923364918,0.548172027696619,0.5824536188017294,0.14480171371096257,1.0701208085555376,0.6592475708924443,0
10.648000000000225,RELAX,0.18011339049865263,0.12744689817971688,0.5481755754501669,0.5824536188017294,0.14480171371096257,1.0701208085555376,0.6592462933490907,0
10.650000000000226,RELAX,0.1801119046409168,0.12742232561828915,0.5481791773730009,0.5824536188017294,0.14480171371096257,1.0701208085555376,0.6592449957685109,0
10.652000000000227,RELAX,0.18011039621757008,0.12739744263306982,0.5481828336370426,0.5824536188017294,0.14480171371096257,1.0701208085555376,0.6592436780684201,0
10.654000000000227,RELAX,0.18010886515098976,0.12737225030849492,0.5481865444168402,0.5824536188017294,0.14480171371096257,1.0701208085555376,0.6592423401654173,0
10.656000000000228,RELAX,0.18010731136244354,0.12734674972973245,0.5481903098895231,0.5824536188017294,0.14480171371096257,1.0701208085555376,0.659240981975005,0
10.658000000000229,RELAX,0.18010573477210892,0.12732094198268248,0.5481941302347546,0.5824536188017294,0.14480171371096257,1.0701208085555376,0.6592396034116088,0
10.66000000000023,RELAX,0.18010413529909292,0.1272948281539767,0.5481980056346876,0.5824536188017294,0.14480171371096257,1.0701208085555376,0.6592382043885959,0
10.66200000000023,RELAX,0.18010251286145157,0.12726840933097872,0.5482019362739181,0.5824536188017294,0.14480171371096257,1.0701208085555376,0.6592367848182952,0
10.66400000000023,RELAX,0.18010086737620956,0.12724168660178353,0.5482059223394402,0.5824536188017294,0.14480171371096257,1.0701208085555376,0.6592353446120157,0
10.666000000000231,RELAX,0.1800991987593796,0.12721466105521795,0.5482099640206008,0.5824536188017294,0.14480171371096257,1.0701208085555376,0.6592338836800657,0
10.668000000000232,RELAX,0.1800975069259818,0.12718733378084007,0.5482140615090542,0.5824536188017294,0.14480171371096257,1.0701208085555376,0.6592324019317723,0
10.670000000000233,RELAX,0.1800957917900631,0.1271597058689394,0.548218214998717,0.5824536188017294,0.14480171371096257,1.0701208085555376,0.6592308992754995,0
10.672000000000233,RELAX,0.18009405326471636,0.12713177841053683,0.5482224246857239,0.5824536188017294,0.14480171371096257,1.0701208085555376,0.6592293756186677,0
10.674000000000234,RELAX,0.18009229126209977,0.12710355249738453,0.5482266907683818,0.5824536188017294,0.14480171371096257,1.0701208085555376,0.6592278308677725,0
10.676000000000235,RELAX,0.18009050569345592,0.12707502922196584,0.5482310134471268,0.5824536188017294,0.14480171371096257,1.0701208085555376,0.6592262649284029,0
10.678000000000235,RELAX,0.18008869646913078,0.12704620967749516,0.5482353929244778,0.5824536188017294,0.14480171371096257,1.0701208085555376,0.6592246777052606,0
10.680000000000236,RELAX,0.18008686349859296,0.12701709495791805,0.5482398294049937,0.5824536188017294,0.14480171371096257,1.0701208085555376,0.6592230691021785,0
10.682000000000237,RELAX,0.1800850066904525,0.1269876861579108,0.5482443230952291,0.5824536188017294,0.14480171371096257,1.0701208085555376,0.659221439022139,0
10.684000000000237,RELAX,0.18008312595247977,0.12695798437288075,0.5482488742036887,0.5824536188017294,0.14480171371096257,1.0701208085555376,0.6592197873672933,0
10.686000000000238,RELAX,0.18008122119162448,0.12692799069896585,0.5482534829407859,0.5824536188017294,0.14480171371096257,1.0701208085555376,0.6592181140389781,0
10.688000000000239,RELAX,0.18007929231403427,0.12689770623303465,0.5482581495187969,0.5824536188017294,0.14480171371096257,1.0701208085555376,0.6592164189377366,0
10.69000000000024,RELAX,0.18007733922507366,0.12686713207268616,0.5482628741518183,0.5824536188017294,0.14480171371096257,1.0701208085555376,0.6592147019633343,0
10.69200000000024,RELAX,0.18007536182934242,0.12683626931624972,0.5482676570557228,0.5824536188017294,0.14480171371096257,1.0701208085555376,0.659212963014779,0
10.69400000000024,RELAX,0.18007336003069446,0.12680511906278477,0.5482724984481169,0.5824536188017294,0.14480171371096257,1.0701208085555376,0.6592112019903383,0
10.696000000000241,RELAX,0.18007133373225617,0.12677368241208056,0.5482773985482965,0.5824536188017294,0.14480171371096257,1.0701208085555376,0.6592094187875579,0
10.698000000000242,RELAX,0.18006928283644505,0.12674196046465622,0.548282357577205,0.5824536188017294,0.14480171371096257,1.0701208085555376,0.6592076133032794,0
10.700000000000243,RELAX,0.18006720724498806,0.1267099543217602,0.5482873757573897,0.5824536188017294,0.14480171371096257,1.0701208085555376,0.6592057854336589,0
10.702000000000243,RELAX,0.1800651068589399,0.12667766508537007,0.5482924533129593,0.5824536188017294,0.14480171371096257,1.0701208085555376,0.6592039350741846,0
10.704000000000244,RELAX,0.18006298157870154,0.1266450938581924,0.5482975904695409,0.5824536188017294,0.14480171371096257,1.0701208085555376,0.6592020621196949,0
10.706000000000245,RELAX,0.18006083130403808,0.12661224174366215,0.5483027874542382,0.5824536188017294,0.14480171371096257,1.0701208085555376,0.659200166464396,0
10.708000000000245,RELAX,0.18005865593409742,0.12657910984594262,0.5483080444955886,0.5824536188017294,0.14480171371096257,1.0701208085555376,0.6591982480018803,0
10.710000000000246,RELAX,0.18005645536742793,0.1265456992699247,0.5483133618235214,0.5824536188017294,0.14480171371096257,1.0701208085555376,0.6591963066251427,0
10.712000000000247,RELAX,0.18005422950199668,0.1265120111212268,0.5483187396693154,0.5824536188017294,0.14480171371096257,1.0701208085555376,0.6591943422266006,0
10.714000000000247,RELAX,0.18005197823520752,0.1264780465061941,0.5483241782655575,0.5824536188017294,0.14480171371096257,1.0701208085555376,0.659192354698109,0
10.716000000000248,RELAX,0.18004970146391883,0.12644380653189824,0.5483296778461001,0.5824536188017294,0.14480171371096257,1.0701208085555376,0.6591903439309802,0
10.718000000000249,RELAX,0.18004739908446152,0.12640929230613668,0.5483352386460207,0.5824536188017294,0.14480171371096257,1.0701208085555376,0.6591883098159994,0
10.72000000000025,RELAX,0.18004507099265674,0.12637450493743208,0.5483408609015792,0.5824536188017294,0.14480171371096257,1.0701208085555376,0.6591862522434442,0
10.72200000000025,RELAX,0.18004271708383368,0.12633944553503185,0.5483465448501775,0.5824536188017294,0.14480171371096257,1.0701208085555376,0.6591841711030997,0
10.72400000000025,RELAX,0.1800403372528473,0.1263041152089073,0.5483522907303179,0.5824536188017294,0.14480171371096257,1.0701208085555376,0.6591820662842777,0
10.726000000000251,RELAX,0.18003793139409574,0.12626851506975298,0.5483580987815619,0.5824536188017294,0.14480171371096257,1.0701208085555376,0.6591799376758328,0
10.728000000000252,RELAX,0.1800354994015382,0.12623264622898608,0.5483639692444902,0.5824536188017294,0.14480171371096257,1.0701208085555376,0.6591777851661803,0
10.730000000000253,RELAX,0.18003304116871213,0.1261965097987454,0.5483699023606606,0.5824536188017294,0.14480171371096257,1.0701208085555376,0.6591756086433127,0
10.732000000000253,RELAX,0.1800305565887508,0.12616010689189047,0.5483758983725686,0.5824536188017294,0.14480171371096257,1.0701208085555376,0.6591734079948175,0
10.734000000000254,RELAX,0.18002804555440066,0.12612343862200107,0.5483819575236064,0.5824536188017294,0.14480171371096257,1.0701208085555376,0.6591711831078932,0
10.736000000000255,RELAX,0.18002550795803862,0.1260865061033757,0.5483880800580225,0.5824536188017294,0.14480171371096257,1.0701208085555376,0.6591689338693676,0
10.738000000000255,RELAX,0.18002294369168936,0.12604931045103104,0.548394266220882,0.5824536188017294,0.14480171371096257,1.0701208085555376,0.6591666601657131,0
10.740000000000256,RELAX,0.18002035264704233,0.12601185278070057,0.5484005162580265,0.5824536188017294,0.14480171371096257,1.0701208085555376,0.6591643618830649,0
10.742000000000257,RELAX,0.1800177347154692,0.1259741342088337,0.5484068304160336,0.5824536188017294,0.14480171371096257,1.0701208085555376,0.659162038907237,0
10.744000000000257,RELAX,0.18001508978804048,0.1259361558525943,0.5484132089421779,0.5824536188017294,0.14480171371096257,1.0701208085555376,0.6591596911237388,0
10.746000000000258,RELAX,0.18001241775554294,0.12589791882985982,0.5484196520843914,0.5824536188017294,0.14480171371096257,1.0701208085555376,0.6591573184177927,0
10.748000000000259,RELAX,0.18000971850849612,0.12585942425921975,0.5484261600912236,0.5824536188017294,0.14480171371096257,1.0701208085555376,0.6591549206743493,0
10.75000000000026,RELAX,0.1800069919371696,0.12582067325997445,0.5484327332118029,0.5824536188017294,0.14480171371096257,1.0701208085555376,0.6591524977781048,0
10.75200000000026,RELAX,0.1800042379315995,0.12578166695213347,0.5484393716957964,0.5824536188017294,0.14480171371096257,1.0701208085555376,0.6591500496135179,0
10.75400000000026,RELAX,0.18000145638160533,0.1257424064564144,0.5484460757933726,0.5824536188017294,0.14480171371096257,1.0701208085555376,0.6591475760648244,0
10.756000000000261,RELAX,0.17999864717680675,0.12570289289424108,0.5484528457551607,0.5824536188017294,0.14480171371096257,1.0701208085555376,0.6591450770160556,0
10.758000000000262,RELAX,0.17999581020663988,0.1256631273877422,0.5484596818322136,0.5824536188017294,0.14480171371096257,1.0701208085555376,0.6591425523510532,0
10.760000000000263,RELAX,0.17999294536037427,0.1256231110597494,0.5484665842759683,0.5824536188017294,0.14480171371096257,1.0701208085555376,0.659140001953486,0
10.762000000000263,RELAX,0.17999005252712907,0.12558284503379583,0.5484735533382072,0.5824536188017294,0.14480171371096257,1.0701208085555376,0.6591374257068661,0
10.764000000000264,RELAX,0.17998713159588955,0.125542330434114,0.5484805892710218,0.5824536188017294,0.14480171371096257,1.0701208085555376,0.6591348234945645,0
10.766000000000265,RELAX,0.17998418245552336,0.12550156838563425,0.5484876923267724,0.5824536188017294,0.14480171371096257,1.0701208085555376,0.6591321951998279,0
10.768000000000265,RELAX,0.17998120499479706,0.1254605600139825,0.5484948627580514,0.5824536188017294,0.14480171371096257,1.0701208085555376,0.6591295407057939,0
10.770000000000266,RELAX,0.1799781991023921,0.12541930644547858,0.5485021008176449,0.5824536188017294,0.14480171371096257,1.0701208085555376,0.6591268598955075,0
10.772000000000267,RELAX,0.17997516466692107,0.12537780880713384,0.5485094067584959,0.5824536188017294,0.14480171371096257,1.0701208085555376,0.6591241526519361,0
10.774000000000267,RELAX,0.17997210157694374,0.1253360682266491,0.5485167808336664,0.5824536188017294,0.14480171371096257,1.0701208085555376,0.6591214188579863,0
10.776000000000268,RELAX,0.17996900972098326,0.12529408583241244,0.5485242232962992,0.5824536188017294,0.14480171371096257,1.0701208085555376,0.6591186583965188,0
10.778000000000269,RELAX,0.17996588898754198,0.125251862753497,0.5485317343995822,0.5824536188017294,0.14480171371096257,1.0701208085555376,0.6591158711503646,0
10.78000000000027,RELAX,0.1799627392651173,0.1252094001196583,0.5485393143967109,0.5824536188017294,0.14480171371096257,1.0701208085555376,0.6591130570023399,0
10.78200000000027,RELAX,0.17995956044221761,0.1251666990613321,0.5485469635408506,0.5824536188017294,0.14480171371096257,1.0701208085555376,0.6591102158352623,0
10.78400000000027,RELAX,0.1799563524073782,0.1251237607096317,0.5485546820851012,0.5824536188017294,0.14480171371096257,1.0701208085555376,0.6591073475319655,0
10.786000000000271,RELAX,0.17995311504917663,0.1250805861963453,0.5485624702824591,0.5824536188017294,0.14480171371096257,1.0701208085555376,0.659104451975316,0
10.788000000000272,RELAX,0.17994984825624857,0.12503717665393346,0.5485703283857821,0.5824536188017294,0.14480171371096257,1.0701208085555376,0.6591015290482266,0
10.790000000000273,RELAX,0.17994655191730338,0.12499353321552623,0.5485782566477525,0.5824536188017294,0.14480171371096257,1.0701208085555376,0.6590985786336732,0
10.792000000000273,RELAX,0.17994322592113965,0.12494965701492029,0.5485862553208409,0.5824536188017294,0.14480171371096257,1.0701208085555376,0.6590956006147092,0
10.794000000000274,RELAX,0.1799398701566605,0.12490554918657601,0.5485943246572705,0.5824536188017294,0.14480171371096257,1.0701208085555376,0.6590925948744809,0
10.796000000000275,RELAX,0.1799364845128891,0.12486121086561443,0.5486024649089815,0.5824536188017294,0.14480171371096257,1.0701208085555376,0.6590895612962422,0
10.798000000000275,RELAX,0.1799330688789839,0.12481664318781432,0.5486106763275945,0.5824536188017294,0.14480171371096257,1.0701208085555376,0.6590864997633705,0
10.800000000000276,RELAX,0.17992962314425387,0.12477184728960881,0.5486189591643764,0.5824536188017294,0.14480171371096257,1.0701208085555376,0.6590834101593804,0
10.802000000000277,RELAX,0.1799261471981738,0.12472682430808213,0.5486273136702041,0.5824536188017294,0.14480171371096257,1.0701208085555376,0.6590802923679394,0
10.804000000000277,RELAX,0.17992264093039928,0.12468157538096636,0.5486357400955295,0.5824536188017294,0.14480171371096257,1.0701208085555376,0.6590771462728827,0
10.806000000000278,RELAX,0.1799191042307818,0.12463610164663802,0.5486442386903446,0.5824536188017294,0.14480171371096257,1.0701208085555376,0.6590739717582275,0
10.808000000000279,RELAX,0.17991553698938376,0.12459040424411438,0.5486528097041465,0.5824536188017294,0.14480171371096257,1.0701208085555376,0.6590707687081879,0
10.81000000000028,RELAX,0.17991193909649328,0.12454448431305003,0.5486614533859031,0.5824536188017294,0.14480171371096257,1.0701208085555376,0.6590675370071899,0
10.81200000000028,RELAX,0.17990831044263916,0.12449834299373307,0.5486701699840175,0.5824536188017294,0.14480171371096257,1.0701208085555376,0.6590642765398853,0
10.81400000000028,RELAX,0.17990465091860564,0.1244519814270814,0.5486789597462952,0.5824536188017294,0.14480171371096257,1.0701208085555376,0.6590609871911663,0
10.816000000000281,RELAX,0.17990096041544706,0.12440540075463875,0.5486878229199081,0.5824536188017294,0.14480171371096257,1.0701208085555376,0.6590576688461806,0
10.818000000000282,RELAX,0.17989723882450262,0.12435860211857089,0.5486967597513619,0.5824536188017294,0.14480171371096257,1.0701208085555376,0.6590543213903447,0
10.820000000000283,RELAX,0.1798934860374107,0.12431158666166141,0.548705770486461,0.5824536188017294,0.14480171371096257,1.0701208085555376,0.6590509447093593,0
10.822000000000283,RELAX,0.1798897019461238,0.12426435552730764,0.5487148553702758,0.5824536188017294,0.14480171371096257,1.0701208085555376,0.6590475386892224,0
10.824000000000284,RELAX,0.17988588644292255,0.12421690985951647,0.5487240146471081,0.5824536188017294,0.14480171371096257,1.0701208085555376,0.6590441032162443,0
10.826000000000285,RELAX,0.17988203942043032,0.12416925080290002,0.5487332485604581,0.5824536188017294,0.14480171371096257,1.0701208085555376,0.6590406381770617,0
10.828000000000285,RELAX,0.17987816077162752,0.12412137950267105,0.5487425573529915,0.5824536188017294,0.14480171371096257,1.0701208085555376,0.6590371434586507,0
10.830000000000286,RELAX,0.1798742503898658,0.1240732971046388,0.5487519412665054,0.5824536188017294,0.14480171371096257,1.0701208085555376,0.6590336189483423,0
10.832000000000287,RELAX,0.17987030816888214,0.12402500475520402,0.5487614005418961,0.5824536188017294,0.14480171371096257,1.0701208085555376,0.6590300645338348,0
10.834000000000287,RELAX,0.17986633400281318,0.12397650360135458,0.5487709354191261,0.5824536188017294,0.14480171371096257,1.0701208085555376,0.659026480103209,0
10.836000000000288,RELAX,0.17986232778620906,0.12392779479066057,0.5487805461371912,0.5824536188017294,0.14480171371096257,1.0701208085555376,0.6590228655449407,0
10.838000000000289,RELAX,0.17985828941404744,0.1238788794712693,0.5487902329340881,0.5824536188017294,0.14480171371096257,1.0701208085555376,0.6590192207479154,0
10.84000000000029,RELAX,0.1798542187817474,0.12382975879190058,0.5487999960467824,0.5824536188017294,0.14480171371096257,1.0701208085555376,0.6590155456014413,0
10.84200000000029,RELAX,0.17985011578518326,0.12378043390184151,0.5488098357111759,0.5824536188017294,0.14480171371096257,1.0701208085555376,0.659011839995263,0
10.84400000000029,RELAX,0.17984598032069848,0.1237309059509413,0.5488197521620747,0.5824536188017294,0.14480171371096257,1.0701208085555376,0.6590081038195758,0
10.846000000000291,RELAX,0.1798418122851191,0.12368117608960606,0.5488297456331577,0.5824536188017294,0.14480171371096257,1.0701208085555376,0.6590043369650371,0
10.848000000000292,RELAX,0.17983761157576758,0.12363124546879359,0.5488398163569445,0.5824536188017294,0.14480171371096257,1.0701208085555376,0.6590005393227825,0
10.850000000000293,RELAX,0.17983337809047625,0.12358111524000759,0.5488499645647638,0.5824536188017294,0.14480171371096257,1.0701208085555376,0.6589967107844368,0
10.852000000000293,RELAX,0.1798291117276008,0.1235307865552925,0.5488601904867226,0.5824536188017294,0.14480171371096257,1.0701208085555376,0.6589928512421283,0
10.854000000000294,RELAX,0.1798248123860338,0.12348026056722769,0.5488704943516746,0.5824536188017294,0.14480171371096257,1.0701208085555376,0.6589889605885019,0
10.856000000000295,RELAX,0.17982047996521783,0.12342953842892176,0.5488808763871885,0.5824536188017294,0.14480171371096257,1.0701208085555376,0.6589850387167322,0
10.858000000000295,RELAX,0.17981611436515904,0.1233786212940066,0.5488913368195187,0.5824536188017294,0.14480171371096257,1.0701208085555376,0.6589810855205359,0
10.860000000000296,RELAX,0.17981171548644015,0.12332751031663168,0.5489018758735731,0.5824536188017294,0.14480171371096257,1.0701208085555376,0.6589771008941859,0
10.862000000000297,RELAX,0.17980728323023357,0.12327620665145794,0.548912493772883,0.5824536188017294,0.14480171371096257,1.0701208085555376,0.6589730847325233,0
10.864000000000297,RELAX,0.1798028174983147,0.12322471145365159,0.5489231907395729,0.5824536188017294,0.14480171371096257,1.0701208085555376,0.6589690369309702,0
10.866000000000298,RELAX,0.17979831819307462,0.12317302587887802,0.5489339669943302,0.5824536188017294,0.14480171371096257,1.0701208085555376,0.6589649573855434,0
10.868000000000299,RELAX,0.1797937852175333,0.12312115108329544,0.5489448227563751,0.5824536188017294,0.14480171371096257,1.0701208085555376,0.6589608459928659,0
10.8700000000003,RELAX,0.17978921847535223,0.12306908822354846,0.5489557582434307,0.5824536188017294,0.14480171371096257,1.0701208085555376,0.6589567026501802,0
10.8720000000003,RELAX,0.17978461787084732,0.12301683845676174,0.5489667736716928,0.5824536188017294,0.14480171371096257,1.0701208085555376,0.6589525272553612,0
10.8740000000003,RELAX,0.17977998330900166,0.12296440294053305,0.5489778692558013,0.5824536188017294,0.14480171371096257,1.0701208085555376,0.6589483197069275,0
10.876000000000301,RELAX,0.17977531469547794,0.12291178283292704,0.5489890452088101,0.5824536188017294,0.14480171371096257,1.0701208085555376,0.658944079904055,0
10.878000000000302,RELAX,0.17977061193663138,0.12285897929246804,0.5490003017421575,0.5824536188017294,0.14480171371096257,1.0701208085555376,0.6589398077465887,0
10.880000000000303,RELAX,0.17976587493952192,0.12280599347813331,0.5490116390656385,0.5824536188017294,0.14480171371096257,1.0701208085555376,0.658935503135055,0
10.882000000000303,RELAX,0.17976110361192674,0.12275282654934629,0.5490230573873746,0.5824536188017294,0.14480171371096257,1.0701208085555376,0.658931165970674,0
10.884000000000304,RELAX,0.1797562978623527,0.12269947966596897,0.5490345569137849,0.5824536188017294,0.14480171371096257,1.0701208085555376,0.6589267961553719,0
10.886000000000305,RELAX,0.17975145760004851,0.1226459539882954,0.5490461378495589,0.5824536188017294,0.14480171371096257,1.0701208085555376,0.6589223935917926,0
10.888000000000305,RELAX,0.1797465827350171,0.1225922506770438,0.5490578003976272,0.5824536188017294,0.14480171371096257,1.0701208085555376,0.6589179581833097,0
10.890000000000306,RELAX,0.17974167317802756,0.12253837089334955,0.5490695447591328,0.5824536188017294,0.14480171371096257,1.0701208085555376,0.6589134898340392,0
10.892000000000307,RELAX,0.17973672884062733,0.1224843157987576,0.5490813711334042,0.5824536188017294,0.14480171371096257,1.0701208085555376,0.6589089884488505,0
10.894000000000307,RELAX,0.17973174963515426,0.12243008655521492,0.5490932797179265,0.5824536188017294,0.14480171371096257,1.0701208085555376,0.6589044539333784,0
10.896000000000308,RELAX,0.17972673547474835,0.12237568432506281,0.5491052707083143,0.5824536188017294,0.14480171371096257,1.0701208085555376,0.6588998861940352,0
10.898000000000309,RELAX,0.17972168627336382,0.12232111027102915,0.5491173442982835,0.5824536188017294,0.14480171371096257,1.0701208085555376,0.6588952851380221,0
10.90000000000031,RELAX,0.1797166019457807,0.12226636555622063,0.5491295006796248,0.5824536188017294,0.14480171371096257,1.0701208085555376,0.6588906506733406,0
10.90200000000031,RELAX,0.17971148240761675,0.1222114513441146,0.5491417400421755,0.5824536188017294,0.14480171371096257,1.0701208085555376,0.6588859827088048,0
10.90400000000031,RELAX,0.1797063275753388,0.12215636879855123,0.5491540625737932,0.5824536188017294,0.14480171371096257,1.0701208085555376,0.6588812811540518,0
10.906000000000311,RELAX,0.17970113736627463,0.12210111908372524,0.5491664684603282,0.5824536188017294,0.14480171371096257,1.0701208085555376,0.6588765459195536,0
10.908000000000312,RELAX,0.17969591169862417,0.12204570336417767,0.5491789578855981,0.5824536188017294,0.14480171371096257,1.0701208085555376,0.6588717769166283,0
10.910000000000313,RELAX,0.17969065049147126,0.12199012280478753,0.5491915310313593,0.5824536188017294,0.14480171371096257,1.0701208085555376,0.658866974057452,0
10.912000000000313,RELAX,0.1796853536647946,0.12193437857076352,0.5492041880772826,0.5824536188017294,0.14480171371096257,1.0701208085555376,0.6588621372550685,0
10.914000000000314,RELAX,0.17968002113947937,0.12187847182763525,0.5492169292009252,0.5824536188017294,0.14480171371096257,1.0701208085555376,0.6588572664234023,0
10.916000000000315,RELAX,0.17967465283732809,0.12182240374124484,0.5492297545777065,0.5824536188017294,0.14480171371096257,1.0701208085555376,0.6588523614772679,0
10.918000000000315,RELAX,0.17966924868107215,0.12176617547773808,0.5492426643808808,0.5824536188017294,0.14480171371096257,1.0701208085555376,0.6588474223323816,0
10.920000000000316,RELAX,0.1796638085943824,0.1217097882035556,0.549255658781512,0.5824536188017294,0.14480171371096257,1.0701208085555376,0.6588424489053726,0
10.922000000000317,RELAX,0.17965833250188057,0.12165324308542409,0.5492687379484488,0.5824536188017294,0.14480171371096257,1.0701208085555376,0.6588374411137928,0
10.924000000000317,RELAX,0.17965282032914975,0.12159654129034714,0.5492819020482981,0.5824536188017294,0.14480171371096257,1.0701208085555376,0.6588323988761293,0
10.926000000000318,RELAX,0.1796472720027456,0.12153968398559634,0.5492951512454011,0.5824536188017294,0.14480171371096257,1.0701208085555376,0.6588273221118132,0
10.928000000000319,RELAX,0.17964168745020687,0.12148267233870183,0.5493084857018075,0.5824536188017294,0.14480171371096257,1.0701208085555376,0.6588222107412309,0
10.93000000000032,RELAX,0.17963606660006604,0.12142550751744333,0.5493219055772507,0.5824536188017294,0.14480171371096257,1.0701208085555376,0.6588170646857356,0
10.93200000000032,RELAX,0.1796304093818601,0.12136819068984052,0.5493354110291241,0.5824536188017294,0.14480171371096257,1.0701208085555376,0.658811883867656,0
10.93400000000032,RELAX,0.17962471572614092,0.12131072302414367,0.549349002212455,0.5824536188017294,0.14480171371096257,1.0701208085555376,0.6588066682103083,0
10.936000000000321,RELAX,0.17961898556448594,0.12125310568882415,0.5493626792798821,0.5824536188017294,0.14480171371096257,1.0701208085555376,0.6588014176380049,0
10.938000000000322,RELAX,0.17961321882950818,0.12119533985256463,0.54937644238163,0.5824536188017294,0.14480171371096257,1.0701208085555376,0.6587961320760668,0
10.940000000000323,RELAX,0.17960741545486686,0.1211374266842495,0.5493902916654857,0.5824536188017294,0.14480171371096257,1.0701208085555376,0.6587908114508315,0
10.942000000000323,RELAX,0.17960157537527746,0.12107936735295494,0.5494042272767754,0.5824536188017294,0.14480171371096257,1.0701208085555376,0.6587854556896645,0
10.944000000000324,RELAX,0.17959569852652196,0.12102116302793899,0.5494182493583402,0.5824536188017294,0.14480171371096257,1.0701208085555376,0.6587800647209691,0
10.946000000000325,RELAX,0.17958978484545887,0.12096281487863171,0.5494323580505126,0.5824536188017294,0.14480171371096257,1.0701208085555376,0.6587746384741959,0
10.948000000000325,RELAX,0.17958383427003316,0.12090432407462488,0.5494465534910941,0.5824536188017294,0.14480171371096257,1.0701208085555376,0.6587691768798534,0
10.950000000000326,RELAX,0.17957784673928634,0.12084569178566185,0.5494608358153314,0.5824536188017294,0.14480171371096257,1.0701208085555376,0.6587636798695169,0
10.952000000000327,RELAX,0.1795718221933663,0.12078691918162743,0.5494752051558939,0.5824536188017294,0.14480171371096257,1.0701208085555376,0.658758147375839,0
10.954000000000327,RELAX,0.17956576057353688,0.12072800743253732,0.5494896616428504,0.5824536188017294,0.14480171371096257,1.0701208085555376,0.6587525793325595,0
10.956000000000328,RELAX,0.17955966182218774,0.1206689577085278,0.5495042054036477,0.5824536188017294,0.14480171371096257,1.0701208085555376,0.6587469756745136,0
10.958000000000329,RELAX,0.179553525882844,0.12060977117984514,0.5495188365630872,0.5824536188017294,0.14480171371096257,1.0701208085555376,0.6587413363376429,0
10.96000000000033,RELAX,0.1795473527001756,0.12055044901683501,0.549533555243303,0.5824536188017294,0.14480171371096257,1.0701208085555376,0.6587356612590041,0
10.96200000000033,RELAX,0.17954114222000703,0.12049099238993176,0.5495483615637404,0.5824536188017294,0.14480171371096257,1.0701208085555376,0.6587299503767786,0
10.96400000000033,RELAX,0.17953489438932657,0.12043140246964759,0.5495632556411335,0.5824536188017294,0.14480171371096257,1.0701208085555376,0.6587242036302818,0
10.966000000000331,RELAX,0.1795286091562955,0.12037168042656174,0.5495782375894837,0.5824536188017294,0.14480171371096257,1.0701208085555376,0.6587184209599722,0
10.968000000000332,RELAX,0.17952228647025756,0.1203118274313095,0.5495933075200385,0.5824536188017294,0.14480171371096257,1.0701208085555376,0.6587126023074606,0
10.970000000000333,RELAX,0.17951592628174795,0.12025184465457116,0.5496084655412702,0.5824536188017294,0.14480171371096257,1.0701208085555376,0.6587067476155194,0
10.972000000000333,RELAX,0.1795095285425025,0.12019173326706095,0.5496237117588544,0.5824536188017294,0.14480171371096257,1.0701208085555376,0.6587008568280909,0
10.974000000000334,RELAX,0.17950309320546667,0.12013149443951572,0.5496390462756493,0.5824536188017294,0.14480171371096257,1.0701208085555376,0.6586949298902974,0
10.976000000000335,RELAX,0.17949662022480437,0.12007112934268377,0.5496544691916755,0.5824536188017294,0.14480171371096257,1.0701208085555376,0.658688966748449,0
10.978000000000335,RELAX,0.17949010955590694,0.12001063914731337,0.5496699806040947,0.5824536188017294,0.14480171371096257,1.0701208085555376,0.6586829673500529,0
10.980000000000336,RELAX,0.17948356115540193,0.11995002502414144,0.5496855806071893,0.5824536188017294,0.14480171371096257,1.0701208085555376,0.6586769316438222,0
10.982000000000337,RELAX,0.17947697498116166,0.11988928814388192,0.5497012692923432,0.5824536188017294,0.14480171371096257,1.0701208085555376,0.6586708595796839,0
10.984000000000337,RELAX,0.17947035099231198,0.11982842967721422,0.5497170467480206,0.5824536188017294,0.14480171371096257,1.0701208085555376,0.6586647511087881,0
10.986000000000338,RELAX,0.17946368914924074,0.11976745079477145,0.5497329130597469,0.5824536188017294,0.14480171371096257,1.0701208085555376,0.6586586061835166,0
10.988000000000339,RELAX,0.17945698941360627,0.11970635266712885,0.5497488683100888,0.5824536188017294,0.14480171371096257,1.0701208085555376,0.6586524247574904,0
10.99000000000034,RELAX,0.17945025174834572,0.11964513646479172,0.549764912578635,0.5824536188017294,0.14480171371096257,1.0701208085555376,0.6586462067855792,0
10.99200000000034,RELAX,0.17944347611768346,0.11958380335818364,0.5497810459419769,0.5824536188017294,0.14480171371096257,1.0701208085555376,0.6586399522239086,0
10.99400000000034,RELAX,0.17943666248713935,0.11952235451763454,0.5497972684736887,0.5824536188017294,0.14480171371096257,1.0701208085555376,0.6586336610298693,0
10.996000000000342,RELAX,0.1794298108235365,0.11946079111336842,0.5498135802443104,0.5824536188017294,0.14480171371096257,1.0701208085555376,0.6586273331621244,0
10.998000000000342,RELAX,0.17942292109501004,0.11939911431549155,0.5498299813213268,0.5824536188017294,0.14480171371096257,1.0701208085555376,0.6586209685806179,0
11.000000000000343,RELAX,0.17941599327101437,0.11933732529397986,0.5498464717691506,0.5824536188017294,0.14480171371096257,1.0701208085555376,0.6586145672465822,0
11.002000000000344,RELAX,0.17940902732233172,0.11927542521866703,0.5498630516491032,0.5824536188017294,0.14480171371096257,1.0701208085555376,0.6586081291225466,0
11.004000000000344,RELAX,0.17940202322107937,0.11921341525923185,0.5498797210193972,0.5824536188017294,0.14480171371096257,1.0701208085555376,0.6586016541723448,0
11.006000000000345,RELAX,0.179394980940718,0.119151296585186,0.5498964799351174,0.5824536188017294,0.14480171371096257,1.0701208085555376,0.6585951423611225,0
11.008000000000346,RELAX,0.17938790045605896,0.11908907036586147,0.5499133284482038,0.5824536188017294,0.14480171371096257,1.0701208085555376,0.6585885936553455,0
11.010000000000346,RELAX,0.17938078174327204,0.11902673777039806,0.549930266607434,0.5824536188017294,0.14480171371096257,1.0701208085555376,0.6585820080228065,0
11.012000000000347,RELAX,0.17937362477989297,0.11896429996773054,0.5499472944584051,0.5824536188017294,0.14480171371096257,1.0701208085555376,0.6585753854326339,0
11.014000000000348,RELAX,0.17936642954483087,0.11890175812657638,0.5499644120435172,0.5824536188017294,0.14480171371096257,1.0701208085555376,0.6585687258552976,0
11.016000000000348,RELAX,0.17935919601837552,0.11883911341542253,0.5499816194019556,0.5824536188017294,0.14480171371096257,1.0701208085555376,0.6585620292626178,0
11.018000000000349,RELAX,0.17935192418220472,0.11877636700251287,0.5499989165696744,0.5824536188017294,0.14480171371096257,1.0701208085555376,0.6585552956277715,0
11.02000000000035,RELAX,0.17934461401939164,0.11871352005583524,0.5500163035793799,0.5824536188017294,0.14480171371096257,1.0701208085555376,0.6585485249252999,0
11.02200000000035,RELAX,0.17933726551441162,0.11865057374310853,0.5500337804605132,0.5824536188017294,0.14480171371096257,1.0701208085555376,0.6585417171311159,0
11.02400000000035,RELAX,0.17932987865314948,0.11858752923176953,0.5500513472392355,0.5824536188017294,0.14480171371096257,1.0701208085555376,0.65853487222251,0
11.026000000000352,RELAX,0.17932245342290642,0.11852438768896006,0.55006900393841,0.5824536188017294,0.14480171371096257,1.0701208085555376,0.6585279901781591,0
11.028000000000352,RELAX,0.17931498981240684,0.11846115028151367,0.5500867505775872,0.5824536188017294,0.14480171371096257,1.0701208085555376,0.658521070978132,0
11.030000000000353,RELAX,0.17930748781180528,0.11839781817594248,0.550104587172989,0.5824536188017294,0.14480171371096257,1.0701208085555376,0.658514114603896,0
11.032000000000354,RELAX,0.1792999474126929,0.11833439253842398,0.5501225137374929,0.5824536188017294,0.14480171371096257,1.0701208085555376,0.6585071210383254,0
11.034000000000354,RELAX,0.17929236860810446,0.11827087453478759,0.5501405302806163,0.5824536188017294,0.14480171371096257,1.0701208085555376,0.6585000902657062,0
11.036000000000355,RELAX,0.17928475139252475,0.11820726533050138,0.5501586368085016,0.5824536188017294,0.14480171371096257,1.0701208085555376,0.6584930222717443,0
11.038000000000356,RELAX,0.17927709576189482,0.11814356609065871,0.5501768333239015,0.5824536188017294,0.14480171371096257,1.0701208085555376,0.6584859170435707,0
11.040000000000356,RELAX,0.17926940171361888,0.11807977797996454,0.5501951198261636,0.5824536188017294,0.14480171371096257,1.0701208085555376,0.6584787745697488,0
11.042000000000357,RELAX,0.17926166924657025,0.1180159021627221,0.5502134963112159,0.5824536188017294,0.14480171371096257,1.0701208085555376,0.6584715948402805,0
11.044000000000358,RELAX,0.1792538983610977,0.11795193980281918,0.5502319627715522,0.5824536188017294,0.14480171371096257,1.0701208085555376,0.6584643778466126,0
11.046000000000358,RELAX,0.17924608905903172,0.11788789206371449,0.5502505191962183,0.5824536188017294,0.14480171371096257,1.0701208085555376,0.6584571235816428,0
11.048000000000359,RELAX,0.17923824134369054,0.11782376010842395,0.5502691655707974,0.5824536188017294,0.14480171371096257,1.0701208085555376,0.6584498320397258,0
11.05000000000036,RELAX,0.1792303552198861,0.11775954509950712,0.5502879018773962,0.5824536188017294,0.14480171371096257,1.0701208085555376,0.6584425032166806,0
11.05200000000036,RELAX,0.17922243069392996,0.11769524819905312,0.5503067280946315,0.5824536188017294,0.14480171371096257,1.0701208085555376,0.658435137109794,0
11.05400000000036,RELAX,0.17921446777363936,0.117630870568667,0.5503256441976166,0.5824536188017294,0.14480171371096257,1.0701208085555376,0.6584277337178288,0
11.056000000000362,RELAX,0.1792064664683427,0.11756641336945571,0.5503446501579475,0.5824536188017294,0.14480171371096257,1.0701208085555376,0.6584202930410288,0
11.058000000000362,RELAX,0.17919842678888542,0.11750187776201441,0.5503637459436903,0.5824536188017294,0.14480171371096257,1.0701208085555376,0.6584128150811244,0
11.060000000000363,RELAX,0.17919034874763556,0.11743726490641204,0.5503829315193677,0.5824536188017294,0.14480171371096257,1.0701208085555376,0.6584052998413384,0
11.062000000000364,RELAX,0.1791822323584893,0.11737257596217784,0.5504022068459467,0.5824536188017294,0.14480171371096257,1.0701208085555376,0.6583977473263919,0
11.064000000000364,RELAX,0.17917407763687623,0.11730781208828675,0.5504215718808257,0.5824536188017294,0.14480171371096257,1.0701208085555376,0.6583901575425092,0
11.066000000000365,RELAX,0.17916588459976507,0.1172429744431458,0.5504410265778223,0.5824536188017294,0.14480171371096257,1.0701208085555376,0.658382530497424,0
11.068000000000366,RELAX,0.17915765326566865,0.11717806418457946,0.5504605708871607,0.5824536188017294,0.14480171371096257,1.0701208085555376,0.6583748662003842,0
11.070000000000366,RELAX,0.1791493836546493,0.11711308246981587,0.5504802047554599,0.5824536188017294,0.14480171371096257,1.0701208085555376,0.6583671646621578,0
11.072000000000367,RELAX,0.17914107578832378,0.1170480304554724,0.550499928125722,0.5824536188017294,0.14480171371096257,1.0701208085555376,0.6583594258950372,0
11.074000000000368,RELAX,0.1791327296898686,0.11698290929754136,0.55051974093732,0.5824536188017294,0.14480171371096257,1.0701208085555376,0.6583516499128453,0
11.076000000000368,RELAX,0.17912434538402466,0.11691772015137578,0.5505396431259871,0.5824536188017294,0.14480171371096257,1.0701208085555376,0.65834383673094,0
11.078000000000369,RELAX,0.17911592289710251,0.1168524641716751,0.5505596346238049,0.5824536188017294,0.14480171371096257,1.0701208085555376,0.6583359863662193,0
11.08000000000037,RELAX,0.17910746225698676,0.11678714251247066,0.5505797153591918,0.5824536188017294,0.14480171371096257,1.0701208085555376,0.6583280988371266,0
11.08200000000037,RELAX,0.17909896349314108,0.11672175632711136,0.5505998852568934,0.5824536188017294,0.14480171371096257,1.0701208085555376,0.6583201741636547,0
11.084000000000371,RELAX,0.1790904266366128,0.11665630676824923,0.5506201442379708,0.5824536188017294,0.14480171371096257,1.0701208085555376,0.6583122123673516,0
11.086000000000372,RELAX,0.1790818517200373,0.11659079498782501,0.5506404922197901,0.5824536188017294,0.14480171371096257,1.0701208085555376,0.6583042134713242,0
11.088000000000372,RELAX,0.17907323877764275,0.11652522213705357,0.5506609291160122,0.5824536188017294,0.14480171371096257,1.0701208085555376,0.6582961775002436,0
11.090000000000373,RELAX,0.17906458784525434,0.11645958936640932,0.5506814548365828,0.5824536188017294,0.14480171371096257,1.0701208085555376,0.6582881044803495,0
11.092000000000374,RELAX,0.1790558989602986,0.11639389782561184,0.5507020692877225,0.5824536188017294,0.14480171371096257,1.0701208085555376,0.6582799944394543,0
11.094000000000374,RELAX,0.17904717216180774,0.11632814866361113,0.5507227723719162,0.5824536188017294,0.14480171371096257,1.0701208085555376,0.658271847406948,0
11.096000000000375,RELAX,0.1790384074904237,0.11626234302857305,0.5507435639879047,0.5824536188017294,0.14480171371096257,1.0701208085555376,0.6582636634138019,0
11.098000000000376,RELAX,0.17902960498840234,0.11619648206786477,0.5507644440306741,0.5824536188017294,0.14480171371096257,1.0701208085555376,0.6582554424925734,0
11.100000000000376,RELAX,0.17902076469961734,0.1161305669280399,0.5507854123914477,0.5824536188017294,0.14480171371096257,1.0701208085555376,0.6582471846774098,0
11.102000000000377,RELAX,0.17901188666956425,0.11606459875482408,0.550806468957676,0.5824536188017294,0.14480171371096257,1.0701208085555376,0.6582388900040524,0
11.104000000000378,RELAX,0.17900297094536405,0.11599857869310012,0.5508276136130282,0.5824536188017294,0.14480171371096257,1.0701208085555376,0.6582305585098409,0
11.106000000000378,RELAX,0.17899401757576724,0.11593250788689331,0.5508488462373837,0.5824536188017294,0.14480171371096257,1.0701208085555376,0.6582221902337166,0
11.108000000000379,RELAX,0.17898502661115745,0.11586638747935661,0.5508701667068239,0.5824536188017294,0.14480171371096257,1.0701208085555376,0.6582137852162264,0
11.11000000000038,RELAX,0.17897599810355472,0.1158002186127561,0.5508915748936226,0.5824536188017294,0.14480171371096257,1.0701208085555376,0.6582053434995274,0
11.11200000000038,RELAX,0.1789669321066195,0.11573400242845597,0.5509130706662394,0.5824536188017294,0.14480171371096257,1.0701208085555376,0.6581968651273896,0
11.114000000000381,RELAX,0.17895782867565563,0.11566774006690397,0.5509346538893112,0.5824536188017294,0.14480171371096257,1.0701208085555376,0.6581883501451997,0
11.116000000000382,RELAX,0.17894868786761414,0.11560143266761638,0.5509563244236441,0.5824536188017294,0.14480171371096257,1.0701208085555376,0.6581797985999651,0
11.118000000000382,RELAX,0.17893950974109615,0.11553508136916336,0.5509780821262066,0.5824536188017294,0.14480171371096257,1.0701208085555376,0.6581712105403167,0
11.120000000000383,RELAX,0.17893029435635616,0.11546868730915415,0.5509999268501213,0.5824536188017294,0.14480171371096257,1.0701208085555376,0.658162586016513,0
11.122000000000384,RELAX,0.17892104177530546,0.11540225162422206,0.5510218584446589,0.5824536188017294,0.14480171371096257,1.0701208085555376,0.6581539250804427,0
11.124000000000384,RELAX,0.17891175206151466,0.11533577545000981,0.55104387675523,0.5824536188017294,0.14480171371096257,1.0701208085555376,0.6581452277856285,0
11.126000000000385,RELAX,0.17890242528021705,0.11526925992115462,0.5510659816233792,0.5824536188017294,0.14480171371096257,1.0701208085555376,0.6581364941872295,0
11.128000000000386,RELAX,0.1788930614983113,0.1152027061712734,0.5510881728867781,0.5824536188017294,0.14480171371096257,1.0701208085555376,0.6581277243420453,0
11.130000000000386,RELAX,0.1788836607843643,0.11513611533294772,0.551110450379219,0.5824536188017294,0.14480171371096257,1.0701208085555376,0.6581189183085182,0
11.132000000000387,RELAX,0.17887422320861388,0.1150694885377093,0.5511328139306084,0.5824536188017294,0.14480171371096257,1.0701208085555376,0.6581100761467362,0
11.134000000000388,RELAX,0.17886474884297143,0.11500282691602472,0.5511552633669614,0.5824536188017294,0.14480171371096257,1.0701208085555376,0.6581011979184362,0
11.136000000000388,RELAX,0.17885523776102447,0.1149361315972809,0.5511777985103954,0.5824536188017294,0.14480171371096257,1.0701208085555376,0.6580922836870067,0
11.138000000000389,RELAX,0.1788456900380391,0.11486940370977011,0.5512004191791247,0.5824536188017294,0.14480171371096257,1.0701208085555376,0.6580833335174897,0
11.14000000000039,RELAX,0.17883610575096234,0.11480264438067504,0.5512231251874546,0.5824536188017294,0.14480171371096257,1.0701208085555376,0.6580743474765848,0
11.14200000000039,RELAX,0.17882648497842474,0.11473585473605405,0.5512459163457769,0.5824536188017294,0.14480171371096257,1.0701208085555376,0.6580653256326501,0
11.144000000000391,RELAX,0.1788168278007422,0.11466903590082628,0.5512687924605637,0.5824536188017294,0.14480171371096257,1.0701208085555376,0.6580562680557059,0
11.146000000000392,RELAX,0.1788071342999184,0.11460218899875683,0.5512917533343636,0.5824536188017294,0.14480171371096257,1.0701208085555376,0.6580471748174366,0
11.148000000000392,RELAX,0.17879740455964682,0.1145353151524418,0.5513147987657959,0.5824536188017294,0.14480171371096257,1.0701208085555376,0.6580380459911925,0
11.150000000000393,RELAX,0.17878763866531275,0.11446841548329365,0.5513379285495466,0.5824536188017294,0.14480171371096257,1.0701208085555376,0.6580288816519935,0
11.152000000000394,RELAX,0.1787778367039951,0.11440149111152619,0.5513611424763639,0.5824536188017294,0.14480171371096257,1.0701208085555376,0.6580196818765291,0
11.154000000000394,RELAX,0.17876799876446844,0.1143345431561399,0.5513844403330539,0.5824536188017294,0.14480171371096257,1.0701208085555376,0.6580104467431628,0
11.156000000000395,RELAX,0.17875812493720467,0.11426757273490702,0.551407821902477,0.5824536188017294,0.14480171371096257,1.0701208085555376,0.6580011763319321,0
11.158000000000396,RELAX,0.17874821531437451,0.11420058096435688,0.5514312869635433,0.5824536188017294,0.14480171371096257,1.0701208085555376,0.6579918707245519,0
11.160000000000396,RELAX,0.17873826998984954,0.11413356895976097,0.5514548352912094,0.5824536188017294,0.14480171371096257,1.0701208085555376,0.6579825300044153,0
11.162000000000397,RELAX,0.1787282890592033,0.11406653783511835,0.5514784666564754,0.5824536188017294,0.14480171371096257,1.0701208085555376,0.657973154256596,0
11.164000000000398,RELAX,0.17871827261971296,0.1139994887031408,0.5515021808263806,0.5824536188017294,0.14480171371096257,1.0701208085555376,0.6579637435678497,0
11.166000000000398,RELAX,0.1787082207703607,0.11393242267523815,0.551525977564001,0.5824536188017294,0.14480171371096257,1.0701208085555376,0.657954298026616,0
11.168000000000399,RELAX,0.17869813361183484,0.1138653408615034,0.5515498566284465,0.5824536188017294,0.14480171371096257,1.0701208085555376,0.6579448177230196,0
11.1700000000004,RELAX,0.17868801124653122,0.11379824437069845,0.5515738177748577,0.5824536188017294,0.14480171371096257,1.0701208085555376,0.6579353027488718,0
11.1720000000004,RELAX,0.17867785377855425,0.11373113431023896,0.5515978607544035,0.5824536188017294,0.14480171371096257,1.0701208085555376,0.6579257531976724,0
11.174000000000401,RELAX,0.178667661313718,0.11366401178617998,0.5516219853142793,0.5824536188017294,0.14480171371096257,1.0701208085555376,0.6579161691646105,0
11.176000000000402,RELAX,0.17865743395954722,0.11359687790320133,0.5516461911977039,0.5824536188017294,0.14480171371096257,1.0701208085555376,0.6579065507465655,0
11.178000000000402,RELAX,0.17864717182527814,0.11352973376459288,0.5516704781439178,0.5824536188017294,0.14480171371096257,1.0701208085555376,0.6578968980421093,0
11.180000000000403,RELAX,0.17863687502185932,0.11346258047224014,0.5516948458881816,0.5824536188017294,0.14480171371096257,1.0701208085555376,0.6578872111515062,0
11.182000000000404,RELAX,0.17862654366195244,0.11339541912660962,0.5517192941617746,0.5824536188017294,0.14480171371096257,1.0701208085555376,0.6578774901767146,0
11.184000000000404,RELAX,0.17861617785993297,0.11332825082673442,0.5517438226919923,0.5824536188017294,0.14480171371096257,1.0701208085555376,0.6578677352213879,0
11.186000000000405,RELAX,0.1786057777318907,0.11326107667019966,0.5517684312021459,0.5824536188017294,0.14480171371096257,1.0701208085555376,0.6578579463908754,0
11.188000000000406,RELAX,0.17859534339563038,0.11319389775312816,0.5517931194115613,0.5824536188017294,0.14480171371096257,1.0701208085555376,0.6578481237922226,0
11.190000000000406,RELAX,0.178584874970672,0.11312671517016584,0.5518178870355777,0.5824536188017294,0.14480171371096257,1.0701208085555376,0.6578382675341725,0
11.192000000000407,RELAX,0.17857437257825115,0.11305953001446767,0.5518427337855468,0.5824536188017294,0.14480171371096257,1.0701208085555376,0.6578283777271662,0
11.194000000000408,RELAX,0.17856383634131953,0.11299234337768294,0.551867659368833,0.5824536188017294,0.14480171371096257,1.0701208085555376,0.6578184544833428,0
11.196000000000408,RELAX,0.17855326638454494,0.11292515634994131,0.5518926634888119,0.5824536188017294,0.14480171371096257,1.0701208085555376,0.6578084979165407,0
11.198000000000409,RELAX,0.17854266283431142,0.11285797001983844,0.5519177458448712,0.5824536188017294,0.14480171371096257,1.0701208085555376,0.6577985081422978,0
11.20000000000041,RELAX,0.1785320258187195,0.11279078547442162,0.5519429061324093,0.5824536188017294,0.14480171371096257,1.0701208085555376,0.6577884852778516,0
11.20200000000041,RELAX,0.17852135546758582,0.11272360379917587,0.5519681440428368,0.5824536188017294,0.14480171371096257,1.0701208085555376,0.6577784294421398,0
11.204000000000411,RELAX,0.17851065191244347,0.11265642607800963,0.5519934592635761,0.5824536188017294,0.14480171371096257,1.0701208085555376,0.6577683407558,0
11.206000000000412,RELAX,0.1784999152865414,0.11258925339324063,0.5520188514780621,0.5824536188017294,0.14480171371096257,1.0701208085555376,0.6577582193411706,0
11.208000000000412,RELAX,0.1784891457248445,0.11252208682558212,0.5520443203657426,0.5824536188017294,0.14480171371096257,1.0701208085555376,0.65774806532229,0
11.210000000000413,RELAX,0.17847834336403312,0.11245492745412852,0.5520698656020793,0.5824536188017294,0.14480171371096257,1.0701208085555376,0.6577378788248973,0
11.212000000000414,RELAX,0.17846750834250263,0.11238777635634178,0.5520954868585489,0.5824536188017294,0.14480171371096257,1.0701208085555376,0.6577276599764316,0
11.214000000000414,RELAX,0.17845664080036308,0.11232063460803726,0.5521211838026443,0.5824536188017294,0.14480171371096257,1.0701208085555376,0.6577174089060326,0
11.216000000000415,RELAX,0.17844574087943849,0.11225350328337005,0.5521469560978758,0.5824536188017294,0.14480171371096257,1.0701208085555376,0.6577071257445393,0
11.218000000000416,RELAX,0.1784348087232664,0.11218638345482114,0.5521728034037724,0.5824536188017294,0.14480171371096257,1.0701208085555376,0.6576968106244908,0
11.220000000000416,RELAX,0.17842384447709694,0.11211927619318356,0.5521987253758844,0.5824536188017294,0.14480171371096257,1.0701208085555376,0.6576864636801252,0
11.222000000000417,RELAX,0.1784128482878924,0.1120521825675489,0.5522247216657843,0.5824536188017294,0.14480171371096257,1.0701208085555376,0.6576760850473792,0
11.224000000000418,RELAX,0.178401820304326,0.11198510364529352,0.5522507919210693,0.5824536188017294,0.14480171371096257,1.0701208085555376,0.6576656748638877,0
11.226000000000418,RELAX,0.17839076067678125,0.11191804049206507,0.5522769357853635,0.5824536188017294,0.14480171371096257,1.0701208085555376,0.6576552332689838,0
11.228000000000419,RELAX,0.17837966955735074,0.11185099417176893,0.5523031528983203,0.5824536188017294,0.14480171371096257,1.0701208085555376,0.6576447604036968,0
11.23000000000042,RELAX,0.1783685470998353,0.11178396574655482,0.5523294428956249,0.5824536188017294,0.14480171371096257,1.0701208085555376,0.6576342564107526,0
11.23200000000042,RELAX,0.17835739345974266,0.11171695627680338,0.5523558054089973,0.5824536188017294,0.14480171371096257,1.0701208085555376,0.6576237214345722,0
11.234000000000421,RELAX,0.17834620879428628,0.11164996682111278,0.5523822400661946,0.5824536188017294,0.14480171371096257,1.0701208085555376,0.6576131556212714,0
11.236000000000422,RELAX,0.17833499326238417,0.11158299843628558,0.5524087464910149,0.5824536188017294,0.14480171371096257,1.0701208085555376,0.6576025591186593,0
11.238000000000422,RELAX,0.1783237470246574,0.11151605217731544,0.5524353243032998,0.5824536188017294,0.14480171371096257,1.0701208085555376,0.6575919320762377,0
11.240000000000423,RELAX,0.17831247024342864,0.11144912909737412,0.5524619731189383,0.5824536188017294,0.14480171371096257,1.0701208085555376,0.6575812746451994,0
11.242000000000424,RELAX,0.17830116308272084,0.11138223024779818,0.5524886925498703,0.5824536188017294,0.14480171371096257,1.0701208085555376,0.6575705869784282,0
11.244000000000424,RELAX,0.17828982570825547,0.11131535667807627,0.5525154822040902,0.5824536188017294,0.14480171371096257,1.0701208085555376,0.6575598692304958,0
11.246000000000425,RELAX,0.17827845828745087,0.11124850943583599,0.5525423416856509,0.5824536188017294,0.14480171371096257,1.0701208085555376,0.6575491215576625,0
11.248000000000426,RELAX,0.1782670609894207,0.11118168956683118,0.5525692705946679,0.5824536188017294,0.14480171371096257,1.0701208085555376,0.6575383441178745,0
11.250000000000426,RELAX,0.17825563398497185,0.11111489811492907,0.5525962685273237,0.5824536188017294,0.14480171371096257,1.0701208085555376,0.6575275370707627,0
11.252000000000427,RELAX,0.17824417744660292,0.11104813612209762,0.5526233350758721,0.5824536188017294,0.14480171371096257,1.0701208085555376,0.6575167005776416,0
11.254000000000428,RELAX,0.17823269154850205,0.11098140462839287,0.5526504698286425,0.5824536188017294,0.14480171371096257,1.0701208085555376,0.6575058348015073,0
11.256000000000428,RELAX,0.1782211764665449,0.11091470467194642,0.5526776723700454,0.5824536188017294,0.14480171371096257,1.0701208085555376,0.6574949399070357,0
11.258000000000429,RELAX,0.17820963237829268,0.11084803728895289,0.5527049422805763,0.5824536188017294,0.14480171371096257,1.0701208085555376,0.6574840160605814,0
11.26000000000043,RELAX,0.17819805946299,0.11078140351365763,0.5527322791368218,0.5824536188017294,0.14480171371096257,1.0701208085555376,0.6574730634301752,0
11.26200000000043,RELAX,0.1781864579015625,0.11071480437834433,0.5527596825114641,0.5824536188017294,0.14480171371096257,1.0701208085555376,0.6574620821855228,0
11.264000000000431,RELAX,0.17817482787661476,0.11064824091332284,0.5527871519732869,0.5824536188017294,0.14480171371096257,1.0701208085555376,0.6574510724980025,0
11.266000000000432,RELAX,0.17816316957242778,0.11058171414691705,0.5528146870871804,0.5824536188017294,0.14480171371096257,1.0701208085555376,0.6574400345406632,0
11.268000000000432,RELAX,0.17815148317495666,0.11051522510545274,0.552842287414148,0.5824536188017294,0.14480171371096257,1.0701208085555376,0.6574289684882224,0
11.270000000000433,RELAX,0.17813976887182792,0.11044877481324569,0.552869952511311,0.5824536188017294,0.14480171371096257,1.0701208085555376,0.6574178745170642,0
11.272000000000434,RELAX,0.17812802685233717,0.11038236429258974,0.5528976819319155,0.5824536188017294,0.14480171371096257,1.0701208085555376,0.657406752805237,0
11.274000000000434,RELAX,0.17811625730744635,0.11031599456374505,0.5529254752253383,0.5824536188017294,0.14480171371096257,1.0701208085555376,0.6573956035324509,0
11.276000000000435,RELAX,0.17810446042978098,0.11024966664492637,0.5529533319370934,0.5824536188017294,0.14480171371096257,1.0701208085555376,0.6573844268800757,0
11.278000000000436,RELAX,0.17809263641362746,0.1101833815522914,0.5529812516088383,0.5824536188017294,0.14480171371096257,1.0701208085555376,0.6573732230311389,0
11.280000000000436,RELAX,0.17808078545493022,0.11011714029992928,0.5530092337783812,0.5824536188017294,0.14480171371096257,1.0701208085555376,0.6573619921703219,0
11.282000000000437,RELAX,0.17806890775128878,0.11005094389984917,0.5530372779796868,0.5824536188017294,0.14480171371096257,1.0701208085555376,0.6573507344839589,0
11.284000000000438,RELAX,0.1780570035019547,0.10998479336196891,0.5530653837428848,0.5824536188017294,0.14480171371096257,1.0701208085555376,0.6573394501600334,0
11.286000000000438,RELAX,0.1780450729078287,0.10991868969410377,0.5530935505942758,0.5824536188017294,0.14480171371096257,1.0701208085555376,0.6573281393881758,0
11.288000000000439,RELAX,0.17803311617145748,0.10985263390195539,0.5531217780563391,0.5824536188017294,0.14480171371096257,1.0701208085555376,0.6573168023596608,0
11.29000000000044,RELAX,0.1780211334970304,0.10978662698910056,0.5531500656477403,0.5824536188017294,0.14480171371096257,1.0701208085555376,0.657305439267404,0
11.29200000000044,RELAX,0.17800912509037642,0.10972066995698039,0.5531784128833388,0.5824536188017294,0.14480171371096257,1.0701208085555376,0.6572940503059598,0
11.294000000000441,RELAX,0.17799709115896076,0.1096547638048896,0.5532068192741951,0.5824536188017294,0.14480171371096257,1.0701208085555376,0.657282635671518,0
11.296000000000442,RELAX,0.1779850319118814,0.10958890952996544,0.55323528432758,0.5824536188017294,0.14480171371096257,1.0701208085555376,0.6572711955619007,0
11.298000000000442,RELAX,0.1779729475598657,0.10952310812717739,0.553263807546981,0.5824536188017294,0.14480171371096257,1.0701208085555376,0.6572597301765596,0
11.300000000000443,RELAX,0.17796083831526702,0.10945736058931643,0.5532923884321123,0.5824536188017294,0.14480171371096257,1.0701208085555376,0.6572482397165723,0
11.302000000000444,RELAX,0.1779487043920609,0.1093916679069847,0.5533210264789212,0.5824536188017294,0.14480171371096257,1.0701208085555376,0.65723672438464,0
11.304000000000444,RELAX,0.17793654600584155,0.1093260310685851,0.5533497211795989,0.5824536188017294,0.14480171371096257,1.0701208085555376,0.657225184385083,0
11.306000000000445,RELAX,0.17792436337381817,0.10926045106031121,0.5533784720225874,0.5824536188017294,0.14480171371096257,1.0701208085555376,0.6572136199238384,0
11.308000000000446,RELAX,0.1779121567148112,0.10919492886613703,0.5534072784925889,0.5824536188017294,0.14480171371096257,1.0701208085555376,0.6572020312084564,0
11.310000000000446,RELAX,0.17789992624924827,0.10912946546780711,0.5534361400705752,0.5824536188017294,0.14480171371096257,1.0701208085555376,0.6571904184480966,0
11.312000000000447,RELAX,0.17788767219916063,0.10906406184482663,0.5534650562337962,0.5824536188017294,0.14480171371096257,1.0701208085555376,0.6571787818535245,0
11.314000000000448,RELAX,0.17787539478817896,0.1089987189744516,0.5534940264557895,0.5824536188017294,0.14480171371096257,1.0701208085555376,0.6571671216371083,0
11.316000000000448,RELAX,0.1778630942415294,0.10893343783167925,0.5535230502063901,0.5824536188017294,0.14480171371096257,1.0701208085555376,0.6571554380128146,0
11.318000000000449,RELAX,0.1778507707860294,0.10886821938923844,0.5535521269517396,0.5824536188017294,0.14480171371096257,1.0701208085555376,0.6571437311962057,0
11.32000000000045,RELAX,0.17783842465008376,0.10880306461758035,0.5535812561542955,0.5824536188017294,0.14480171371096257,1.0701208085555376,0.6571320014044346,0
11.32200000000045,RELAX,0.17782605606368024,0.10873797448486905,0.5536104372728423,0.5824536188017294,0.14480171371096257,1.0701208085555376,0.6571202488562419,0
11.324000000000451,RELAX,0.17781366525838535,0.10867294995697237,0.5536396697625003,0.5824536188017294,0.14480171371096257,1.0701208085555376,0.6571084737719518,0
11.326000000000452,RELAX,0.1778012524673399,0.10860799199745283,0.5536689530747365,0.5824536188017294,0.14480171371096257,1.0701208085555376,0.657096676373468,0
11.328000000000452,RELAX,0.17778881792525492,0.1085431015675587,0.5536982866573744,0.5824536188017294,0.14480171371096257,1.0701208085555376,0.6570848568842698,0
11.330000000000453,RELAX,0.17777636186840676,0.1084782796262152,0.5537276699546048,0.5824536188017294,0.14480171371096257,1.0701208085555376,0.657073015529408,0
11.332000000000454,RELAX,0.17776388453463296,0.10841352713001576,0.553757102406996,0.5824536188017294,0.14480171371096257,1.0701208085555376,0.6570611525355006,0
11.334000000000454,RELAX,0.17775138616332736,0.1083488450332134,0.5537865834515052,0.5824536188017294,0.14480171371096257,1.0701208085555376,0.6570492681307286,0
11.336000000000455,RELAX,0.17773886699543576,0.10828423428771242,0.5538161125214888,0.5824536188017294,0.14480171371096257,1.0701208085555376,0.6570373625448319,0
11.338000000000456,RELAX,0.1777263272734509,0.10821969584306004,0.553845689046713,0.5824536188017294,0.14480171371096257,1.0701208085555376,0.6570254360091051,0
11.340000000000456,RELAX,0.177713767241408,0.10815523064643798,0.5538753124533663,0.5824536188017294,0.14480171371096257,1.0701208085555376,0.6570134887563926,0
11.342000000000457,RELAX,0.1777011871448797,0.10809083964265478,0.5539049821640691,0.5824536188017294,0.14480171371096257,1.0701208085555376,0.6570015210210846,0
11.344000000000458,RELAX,0.17768858723097136,0.10802652377413755,0.5539346975978865,0.5824536188017294,0.14480171371096257,1.0701208085555376,0.6569895330391123,0
11.346000000000458,RELAX,0.17767596774831593,0.10796228398092435,0.5539644581703392,0.5824536188017294,0.14480171371096257,1.0701208085555376,0.6569775250479434,0
11.348000000000459,RELAX,0.1776633289470692,0.10789812120065631,0.5539942632934148,0.5824536188017294,0.14480171371096257,1.0701208085555376,0.6569654972865779,0
11.35000000000046,RELAX,0.17765067107890448,0.10783403636857042,0.5540241123755807,0.5824536188017294,0.14480171371096257,1.0701208085555376,0.6569534499955427,0
11.35200000000046,RELAX,0.1776379943970078,0.10777003041749172,0.554054004821795,0.5824536188017294,0.14480171371096257,1.0701208085555376,0.6569413834168873,0
11.354000000000461,RELAX,0.17762529915607236,0.10770610427782644,0.5540839400335194,0.5824536188017294,0.14480171371096257,1.0701208085555376,0.6569292977941787,0
11.356000000000462,RELAX,0.17761258561229365,0.10764225887755449,0.5541139174087304,0.5824536188017294,0.14480171371096257,1.0701208085555376,0.6569171933724972,0
11.358000000000462,RELAX,0.17759985402336395,0.10757849514222276,0.5541439363419328,0.5824536188017294,0.14480171371096257,1.0701208085555376,0.6569050703984305,0
11.360000000000463,RELAX,0.17758710464846703,0.10751481399493809,0.5541739962241716,0.5824536188017294,0.14480171371096257,1.0701208085555376,0.6568929291200694,0
11.362000000000464,RELAX,0.1775743377482729,0.10745121635636062,0.5542040964430442,0.5824536188017294,0.14480171371096257,1.0701208085555376,0.6568807697870027,0
11.364000000000464,RELAX,0.1775615535849321,0.10738770314469712,0.5542342363827141,0.5824536188017294,0.14480171371096257,1.0701208085555376,0.6568685926503122,0
11.366000000000465,RELAX,0.1775487524220705,0.10732427527569477,0.554264415423923,0.5824536188017294,0.14480171371096257,1.0701208085555376,0.6568563979625666,0
11.368000000000466,RELAX,0.1775359345247834,0.10726093366263459,0.5542946329440042,0.5824536188017294,0.14480171371096257,1.0701208085555376,0.6568441859778178,0
11.370000000000466,RELAX,0.1775231001596302,0.10719767921632549,0.5543248883168953,0.5824536188017294,0.14480171371096257,1.0701208085555376,0.6568319569515944,0
11.372000000000467,RELAX,0.17751024959462855,0.10713451284509819,0.5543551809131517,0.5824536188017294,0.14480171371096257,1.0701208085555376,0.6568197111408974,0
11.374000000000468,RELAX,0.1774973830992488,0.1070714354547993,0.5543855100999603,0.5824536188017294,0.14480171371096257,1.0701208085555376,0.6568074488041941,0
11.376000000000468,RELAX,0.17748450094440796,0.10700844794878579,0.5544158752411525,0.5824536188017294,0.14480171371096257,1.0701208085555376,0.6567951702014122,0
11.378000000000469,RELAX,0.17747160340246407,0.10694555122791922,0.5544462756972178,0.5824536188017294,0.14480171371096257,1.0701208085555376,0.6567828755939361,0
11.38000000000047,RELAX,0.17745869074721027,0.10688274619056043,0.554476710825318,0.5824536188017294,0.14480171371096257,1.0701208085555376,0.6567705652445994,0
11.38200000000047,RELAX,0.17744576325386888,0.10682003373256424,0.5545071799793007,0.5824536188017294,0.14480171371096257,1.0701208085555376,0.6567582394176809,0
11.384000000000471,RELAX,0.17743282119908527,0.10675741474727435,0.554537682509713,0.5824536188017294,0.14480171371096257,1.0701208085555376,0.6567458983788975,0
11.386000000000472,RELAX,0.17741986486092207,0.10669489012551833,0.5545682177638168,0.5824536188017294,0.14480171371096257,1.0701208085555376,0.6567335423953996,0
11.388000000000472,RELAX,0.17740689451885278,0.10663246075560295,0.5545987850856015,0.5824536188017294,0.14480171371096257,1.0701208085555376,0.6567211717357652,0
11.390000000000473,RELAX,0.17739391045375585,0.10657012752330924,0.5546293838157993,0.5824536188017294,0.14480171371096257,1.0701208085555376,0.6567087866699931,0
11.392000000000474,RELAX,0.1773809129479084,0.10650789131188836,0.5546600132918993,0.5824536188017294,0.14480171371096257,1.0701208085555376,0.6566963874694991,0
11.394000000000474,RELAX,0.1773679022849799,0.10644575300205679,0.5546906728481623,0.5824536188017294,0.14480171371096257,1.0701208085555376,0.6566839744071076,0
11.396000000000475,RELAX,0.177354878750026,0.10638371347199263,0.5547213618156355,0.5824536188017294,0.14480171371096257,1.0701208085555376,0.6566715477570475,0
11.398000000000476,RELAX,0.17734184262948213,0.10632177359733111,0.554752079522167,0.5824536188017294,0.14480171371096257,1.0701208085555376,0.6566591077949452,0
11.400000000000476,RELAX,0.17732879421115705,0.10625993425116109,0.5547828252924211,0.5824536188017294,0.14480171371096257,1.0701208085555376,0.656646654797819,0
11.402000000000477,RELAX,0.1773157337842264,0.10619819630402101,0.554813598447893,0.5824536188017294,0.14480171371096257,1.0701208085555376,0.6566341890440732,0
11.404000000000478,RELAX,0.1773026616392264,0.10613656062389555,0.5548443983069242,0.5824536188017294,0.14480171371096257,1.0701208085555376,0.6566217108134912,0
11.406000000000478,RELAX,0.17728957806804693,0.1060750280762122,0.5548752241847178,0.5824536188017294,0.14480171371096257,1.0701208085555376,0.6566092203872296,0
11.408000000000479,RELAX,0.17727648336392526,0.10601359952383789,0.5549060753933538,0.5824536188017294,0.14480171371096257,1.0701208085555376,0.6565967180478124,0
11.41000000000048,RELAX,0.1772633778214393,0.10595227582707606,0.5549369512418043,0.5824536188017294,0.14480171371096257,1.0701208085555376,0.6565842040791239,0
11.41200000000048,RELAX,0.1772502617365009,0.1058910578436636,0.5549678510359496,0.5824536188017294,0.14480171371096257,1.0701208085555376,0.6565716787664031,0
11.414000000000481,RELAX,0.17723713540634906,0.10582994642876828,0.5549987740785937,0.5824536188017294,0.14480171371096257,1.0701208085555376,0.6565591423962368,0
11.416000000000482,RELAX,0.17722399912954323,0.10576894243498598,0.55502971966948,0.5824536188017294,0.14480171371096257,1.0701208085555376,0.6565465952565529,0
11.418000000000482,RELAX,0.17721085320595645,0.1057080467123384,0.5550606871053074,0.5824536188017294,0.14480171371096257,1.0701208085555376,0.6565340376366147,0
11.420000000000483,RELAX,0.1771976979367684,0.10564726010827072,0.5550916756797465,0.5824536188017294,0.14480171371096257,1.0701208085555376,0.6565214698270134,0
11.422000000000484,RELAX,0.17718453362445863,0.10558658346764957,0.5551226846834549,0.5824536188017294,0.14480171371096257,1.0701208085555376,0.6565088921196628,0
11.424000000000484,RELAX,0.1771713605727994,0.10552601763276108,0.5551537134040948,0.5824536188017294,0.14480171371096257,1.0701208085555376,0.6564963048077906,0
11.426000000000485,RELAX,0.1771581790868489,0.1054655634433091,0.5551847611263481,0.5824536188017294,0.14480171371096257,1.0701208085555376,0.6564837081859338,0
11.428000000000486,RELAX,0.17714498947294385,0.10540522173641373,0.5552158271319334,0.5824536188017294,0.14480171371096257,1.0701208085555376,0.6564711025499308,0
11.430000000000486,RELAX,0.1771317920386927,0.10534499334660971,0.555246910699623,0.5824536188017294,0.14480171371096257,1.0701208085555376,0.6564584881969147,0
11.432000000000487,RELAX,0.1771185870929684,0.1052848791058454,0.5552780111052584,0.5824536188017294,0.14480171371096257,1.0701208085555376,0.6564458654253066,0
11.434000000000488,RELAX,0.17710537494590115,0.10522487984348165,0.5553091276217684,0.5824536188017294,0.14480171371096257,1.0701208085555376,0.6564332345348086,0
11.436000000000488,RELAX,0.1770921559088711,0.10516499638629068,0.5553402595191849,0.5824536188017294,0.14480171371096257,1.0701208085555376,0.6564205958263977,0
11.438000000000489,RELAX,0.17707893029450125,0.1051052295584557,0.5553714060646604,0.5824536188017294,0.14480171371096257,1.0701208085555376,0.6564079496023167,0
11.44000000000049,RELAX,0.17706569841665004,0.1050455801815702,0.555402566522485,0.5824536188017294,0.14480171371096257,1.0701208085555376,0.6563952961660697,0
11.44200000000049,RELAX,0.17705246059040394,0.10498604907463749,0.5554337401541035,0.5824536188017294,0.14480171371096257,1.0701208085555376,0.6563826358224133,0
11.444000000000491,RELAX,0.17703921713207002,0.10492663705407063,0.5554649262181325,0.5824536188017294,0.14480171371096257,1.0701208085555376,0.6563699688773503,0
11.446000000000492,RELAX,0.17702596835916862,0.10486734493369243,0.5554961239703782,0.5824536188017294,0.14480171371096257,1.0701208085555376,0.6563572956381221,0
11.448000000000492,RELAX,0.17701271459042578,0.10480817352473545,0.5555273326638532,0.5824536188017294,0.14480171371096257,1.0701208085555376,0.6563446164132013,0
11.450000000000493,RELAX,0.17699945614576568,0.10474912363584246,0.555558551548795,0.5824536188017294,0.14480171371096257,1.0701208085555376,0.6563319315122854,0
11.452000000000494,RELAX,0.1769861933463031,0.10469019607306697,0.5555897798726823,0.5824536188017294,0.14480171371096257,1.0701208085555376,0.6563192412462887,0
11.454000000000494,RELAX,0.17697292651433594,0.10463139163987373,0.5556210168802539,0.5824536188017294,0.14480171371096257,1.0701208085555376,0.6563065459273351,0
11.456000000000495,RELAX,0.17695965597333715,0.10457271113713992,0.5556522618135263,0.5824536188017294,0.14480171371096257,1.0701208085555376,0.6562938458687505,0
11.458000000000496,RELAX,0.1769463820479476,0.10451415536315586,0.555683513911811,0.5824536188017294,0.14480171371096257,1.0701208085555376,0.6562811413850561,0
11.460000000000496,RELAX,0.17693310506396787,0.10445572511362643,0.5557147724117335,0.5824536188017294,0.14480171371096257,1.0701208085555376,0.6562684327919598,0
11.462000000000497,RELAX,0.17691982534835068,0.10439742118167254,0.5557460365472501,0.5824536188017294,0.14480171371096257,1.0701208085555376,0.6562557204063503,0
11.464000000000498,RELAX,0.17690654322919316,0.10433924435783254,0.5557773055496673,0.5824536188017294,0.14480171371096257,1.0701208085555376,0.6562430045462878,0
11.466000000000498,RELAX,0.1768932590357288,0.104281195430064,0.5558085786476598,0.5824536188017294,0.14480171371096257,1.0701208085555376,0.6562302855309973,0
11.4680000000005,RELAX,0.17687997309831968,0.10422327518374601,0.5558398550672881,0.5824536188017294,0.14480171371096257,1.0701208085555376,0.6562175636808611,0
11.4700000000005,RELAX,0.17686668574844855,0.10416548440168083,0.555871134032018,0.5824536188017294,0.14480171371096257,1.0701208085555376,0.6562048393174107,0
11.4720000000005,RELAX,0.17685339731871072,0.10410782386409659,0.5559024147627385,0.5824536188017294,0.14480171371096257,1.0701208085555376,0.6561921127633193,0
11.474000000000501,RELAX,0.17684010814280635,0.10405029434864962,0.5559336964777806,0.5824536188017294,0.14480171371096257,1.0701208085555376,0.656179384342394,0
11.476000000000502,RELAX,0.17682681855553203,0.10399289663042725,0.5559649783929358,0.5824536188017294,0.14480171371096257,1.0701208085555376,0.6561666543795679,0
11.478000000000502,RELAX,0.17681352889277302,0.10393563148195059,0.5559962597214756,0.5824536188017294,0.14480171371096257,1.0701208085555376,0.6561539232008922,0
11.480000000000503,RELAX,0.17680023949149504,0.10387849967317775,0.5560275396741693,0.5824536188017294,0.14480171371096257,1.0701208085555376,0.6561411911335289,0
11.482000000000504,RELAX,0.17678695068973596,0.10382150197150691,0.5560588174593039,0.5824536188017294,0.14480171371096257,1.0701208085555376,0.656128458505742,0
11.484000000000504,RELAX,0.1767736628265979,0.10376463914178,0.5560900922827027,0.5824536188017294,0.14480171371096257,1.0701208085555376,0.65611572564689,0
11.486000000000505,RELAX,0.17676037624223878,0.10370791194628606,0.5561213633477442,0.5824536188017294,0.14480171371096257,1.0701208085555376,0.6561029928874182,0
11.488000000000506,RELAX,0.17674709127786423,0.1036513211447653,0.5561526298553823,0.5824536188017294,0.14480171371096257,1.0701208085555376,0.65609026055885,0
11.490000000000506,RELAX,0.1767338082757191,0.10359486749441309,0.5561838910041641,0.5824536188017294,0.14480171371096257,1.0701208085555376,0.6560775289937794,0
11.492000000000507,RELAX,0.1767205275790794,0.10353855174988391,0.5562151459902505,0.5824536188017294,0.14480171371096257,1.0701208085555376,0.6560647985258622,0
11.494000000000508,RELAX,0.1767072495322437,0.10348237466329621,0.5562463940074349,0.5824536188017294,0.14480171371096257,1.0701208085555376,0.656052069489809,0
11.496000000000508,RELAX,0.1766939744805249,0.10342633698423648,0.5562776342471634,0.5824536188017294,0.14480171371096257,1.0701208085555376,0.6560393422213755,0
11.49800000000051,RELAX,0.17668070277024167,0.1033704394597644,0.5563088658985536,0.5824536188017294,0.14480171371096257,1.0701208085555376,0.6560266170573559,0
11.50000000000051,RELAX,0.17666743474871016,0.10331468283441768,0.5563400881484146,0.5824536188017294,0.14480171371096257,1.0701208085555376,0.6560138943355731,0
11.50200000000051,RELAX,0.17665417076423534,0.10325906785021721,0.5563713001812673,0.5824536188017294,0.14480171371096257,1.0701208085555376,0.6560011743948715,0
11.504000000000511,RELAX,0.17664091116610264,0.10320359524667246,0.5564025011793633,0.5824536188017294,0.14480171371096257,1.0701208085555376,0.655988457575108,0
11.506000000000512,RELAX,0.17662765630456928,0.10314826576078694,0.5564336903227053,0.5824536188017294,0.14480171371096257,1.0701208085555376,0.6559757442171442,0
11.508000000000512,RELAX,0.17661440653085564,0.103093080127064,0.556464866789067,0.5824536188017294,0.14480171371096257,1.0701208085555376,0.6559630346628376,0
11.510000000000513,RELAX,0.17660116219713687,0.10303803907751292,0.5564960297540132,0.5824536188017294,0.14480171371096257,1.0701208085555376,0.655950329255033,0
11.512000000000514,RELAX,0.17658792365653395,0.1029831433416547,0.5565271783909195,0.5824536188017294,0.14480171371096257,1.0701208085555376,0.6559376283375546,0
11.514000000000514,RELAX,0.1765746912631052,0.10292839364652864,0.5565583118709931,0.5824536188017294,0.14480171371096257,1.0701208085555376,0.6559249322551972,0
11.516000000000515,RELAX,0.17656146537183762,0.10287379071669883,0.5565894293632926,0.5824536188017294,0.14480171371096257,1.0701208085555376,0.6559122413537173,0
11.518000000000516,RELAX,0.17654824633863786,0.1028193352742608,0.5566205300347487,0.5824536188017294,0.14480171371096257,1.0701208085555376,0.6558995559798249,0
11.520000000000516,RELAX,0.17653503452032385,0.10276502803884847,0.5566516130501841,0.5824536188017294,0.14480171371096257,1.0701208085555376,0.6558868764811746,0
11.522000000000517,RELAX,0.1765218302746156,0.10271086972764122,0.556682677572334,0.5824536188017294,0.14480171371096257,1.0701208085555376,0.655874203206358,0
11.524000000000518,RELAX,0.17650863396012667,0.1026568610553713,0.5567137227618675,0.5824536188017294,0.14480171371096257,1.0701208085555376,0.6558615365048933,0
11.526000000000518,RELAX,0.17649544593635522,0.10260300273433108,0.5567447477774067,0.5824536188017294,0.14480171371096257,1.0701208085555376,0.6558488767272179,0
11.52800000000052,RELAX,0.17648226656367502,0.10254929547438119,0.5567757517755487,0.5824536188017294,0.14480171371096257,1.0701208085555376,0.655836224224679,0
11.53000000000052,RELAX,0.1764690962033267,0.10249573998295791,0.5568067339108856,0.5824536188017294,0.14480171371096257,1.0701208085555376,0.6558235793495251,0
11.53200000000052,RELAX,0.1764559352174087,0.10244233696508168,0.5568376933360258,0.5824536188017294,0.14480171371096257,1.0701208085555376,0.655810942454897,0
11.534000000000521,RELAX,0.1764427839688684,0.10238908712336506,0.5568686292016138,0.5824536188017294,0.14480171371096257,1.0701208085555376,0.6557983138948194,0
11.536000000000522,RELAX,0.17642964282149284,0.1023359911580215,0.5568995406563524,0.5824536188017294,0.14480171371096257,1.0701208085555376,0.6557856940241913,0
11.538000000000523,RELAX,0.17641651213990012,0.10228304976687388,0.5569304268470231,0.5824536188017294,0.14480171371096257,1.0701208085555376,0.6557730831987776,0
11.540000000000523,RELAX,0.17640339228953006,0.10223026364536335,0.5569612869185065,0.5824536188017294,0.14480171371096257,1.0701208085555376,0.6557604817752003,0
11.542000000000524,RELAX,0.17639028363663511,0.10217763348655864,0.5569921200138049,0.5824536188017294,0.14480171371096257,1.0701208085555376,0.6557478901109287,0
11.544000000000525,RELAX,0.17637718654827148,0.1021251599811651,0.557022925274062,0.5824536188017294,0.14480171371096257,1.0701208085555376,0.6557353085642714,0
11.546000000000525,RELAX,0.1763641013922897,0.10207284381753423,0.5570537018385849,0.5824536188017294,0.14480171371096257,1.0701208085555376,0.6557227374943667,0
11.548000000000526,RELAX,0.17635102853732565,0.10202068568167363,0.5570844488448653,0.5824536188017294,0.14480171371096257,1.0701208085555376,0.6557101772611733,0
11.550000000000527,RELAX,0.17633796835279136,0.10196868625725651,0.5571151654286003,0.5824536188017294,0.14480171371096257,1.0701208085555376,0.6556976282254623,0
11.552000000000527,RELAX,0.17632492120886578,0.10191684622563196,0.5571458507237145,0.5824536188017294,0.14480171371096257,1.0701208085555376,0.6556850907488065,0
11.554000000000528,RELAX,0.17631188747648552,0.10186516626583536,0.5571765038623813,0.5824536188017294,0.14480171371096257,1.0701208085555376,0.6556725651935728,0
11.556000000000529,RELAX,0.17629886752733553,0.10181364705459857,0.5572071239750438,0.5824536188017294,0.14480171371096257,1.0701208085555376,0.6556600519229115,0
11.55800000000053,RELAX,0.1762858617338401,0.10176228926636094,0.5572377101904372,0.5824536188017294,0.14480171371096257,1.0701208085555376,0.6556475513007486,0
11.56000000000053,RELAX,0.1762728704691531,0.10171109357328,0.55726826163561,0.5824536188017294,0.14480171371096257,1.0701208085555376,0.6556350636917753,0
11.56200000000053,RELAX,0.17625989410714907,0.10166006064524254,0.5572987774359457,0.5824536188017294,0.14480171371096257,1.0701208085555376,0.6556225894614395,0
11.564000000000531,RELAX,0.17624693302241362,0.10160919114987606,0.5573292567151843,0.5824536188017294,0.14480171371096257,1.0701208085555376,0.6556101289759361,0
11.566000000000532,RELAX,0.17623398759023404,0.10155848575256009,0.5573596985954447,0.5824536188017294,0.14480171371096257,1.0701208085555376,0.6555976826021979,0
11.568000000000533,RELAX,0.17622105818659015,0.1015079451164381,0.5573901021972458,0.5824536188017294,0.14480171371096257,1.0701208085555376,0.655585250707886,0
11.570000000000533,RELAX,0.17620814518814445,0.10145756990242909,0.5574204666395292,0.5824536188017294,0.14480171371096257,1.0701208085555376,0.6555728336613811,0
11.572000000000534,RELAX,0.17619524897223313,0.10140736076924006,0.5574507910396802,0.5824536188017294,0.14480171371096257,1.0701208085555376,0.6555604318317725,0
11.574000000000535,RELAX,0.17618236991685624,0.10135731837337797,0.5574810745135508,0.5824536188017294,0.14480171371096257,1.0701208085555376,0.6555480455888507,0
11.576000000000535,RELAX,0.17616950840066833,0.10130744336916245,0.5575113161754808,0.5824536188017294,0.14480171371096257,1.0701208085555376,0.6555356753030964,0
11.578000000000536,RELAX,0.17615666480296904,0.10125773640873856,0.5575415151383204,0.5824536188017294,0.14480171371096257,1.0701208085555376,0.6555233213456719,0
11.580000000000537,RELAX,0.17614383950369328,0.10120819814208942,0.5575716705134527,0.5824536188017294,0.14480171371096257,1.0701208085555376,0.6555109840884107,0
11.582000000000537,RELAX,0.17613103288340198,0.10115882921704959,0.5576017814108148,0.5824536188017294,0.14480171371096257,1.0701208085555376,0.655498663903809,0
11.584000000000538,RELAX,0.17611824532327228,0.10110963027931838,0.5576318469389214,0.5824536188017294,0.14480171371096257,1.0701208085555376,0.655486361165015,0
11.586000000000539,RELAX,0.1761054772050881,0.10106060197247306,0.5576618662048861,0.5824536188017294,0.14480171371096257,1.0701208085555376,0.6554740762458203,0
11.58800000000054,RELAX,0.17609272891123026,0.10101174493798296,0.5576918383144439,0.5824536188017294,0.14480171371096257,1.0701208085555376,0.6554618095206498,0
11.59000000000054,RELAX,0.17608000082466713,0.10096305981522323,0.5577217623719738,0.5824536188017294,0.14480171371096257,1.0701208085555376,0.6554495613645521,0
11.59200000000054,RELAX,0.17606729332894477,0.10091454724148889,0.5577516374805215,0.5824536188017294,0.14480171371096257,1.0701208085555376,0.6554373321531896,0
11.594000000000541,RELAX,0.17605460680817733,0.10086620785200932,0.5577814627418213,0.5824536188017294,0.14480171371096257,1.0701208085555376,0.6554251222628289,0
11.596000000000542,RELAX,0.17604194164703724,0.10081804227996255,0.5578112372563189,0.5824536188017294,0.14480171371096257,1.0701208085555376,0.6554129320703317,0
11.598000000000543,RELAX,0.1760292982307456,0.10077005115649029,0.5578409601231942,0.5824536188017294,0.14480171371096257,1.0701208085555376,0.6554007619531438,0
11.600000000000543,RELAX,0.17601667694506226,0.10072223511071263,0.5578706304403832,0.5824536188017294,0.14480171371096257,1.0701208085555376,0.6553886122892868,0
11.602000000000544,RELAX,0.17600407817627636,0.10067459476974329,0.5579002473046017,0.5824536188017294,0.14480171371096257,1.0701208085555376,0.6553764834573469,0
11.604000000000545,RELAX,0.17599150231119617,0.10062713075870493,0.5579298098113675,0.5824536188017294,0.14480171371096257,1.0701208085555376,0.6553643758364656,0
11.606000000000545,RELAX,0.17597894973713954,0.10057984370074463,0.5579593170550227,0.5824536188017294,0.14480171371096257,1.0701208085555376,0.6553522898063304,0
11.608000000000546,RELAX,0.17596642084192402,0.1005327342170498,0.5579887681287571,0.5824536188017294,0.14480171371096257,1.0701208085555376,0.6553402257471641,0
11.610000000000547,RELAX,0.17595391601385674,0.10048580292686388,0.558018162124631,0.5824536188017294,0.14480171371096257,1.0701208085555376,0.6553281840397155,0
11.612000000000547,RELAX,0.17594143564172512,0.10043905044750269,0.5580474981335979,0.5824536188017294,0.14480171371096257,1.0701208085555376,0.6553161650652487,0
11.614000000000548,RELAX,0.17592898011478642,0.10039247739437072,0.5580767752455277,0.5824536188017294,0.14480171371096257,1.0701208085555376,0.6553041692055339,0
11.616000000000549,RELAX,0.1759165498227581,0.10034608438097767,0.5581059925492291,0.5824536188017294,0.14480171371096257,1.0701208085555376,0.6552921968428373,0
11.61800000000055,RELAX,0.1759041451558079,0.10029987201895514,0.5581351491324732,0.5824536188017294,0.14480171371096257,1.0701208085555376,0.6552802483599108,0
11.62000000000055,RELAX,0.17589176650454383,0.10025384091807367,0.5581642440820165,0.5824536188017294,0.14480171371096257,1.0701208085555376,0.655268324139982,0
11.62200000000055,RELAX,0.1758794142600042,0.10020799168625995,0.5581932764836235,0.5824536188017294,0.14480171371096257,1.0701208085555376,0.6552564245667445,0
11.624000000000551,RELAX,0.17586708881364768,0.10016232492961394,0.5582222454220904,0.5824536188017294,0.14480171371096257,1.0701208085555376,0.6552445500243474,0
11.626000000000552,RELAX,0.17585479055734338,0.10011684125242672,0.558251149981268,0.5824536188017294,0.14480171371096257,1.0701208085555376,0.6552327008973855,0
11.628000000000553,RELAX,0.1758425198833607,0.10007154125719801,0.5582799892440852,0.5824536188017294,0.14480171371096257,1.0701208085555376,0.655220877570889,0
11.630000000000553,RELAX,0.1758302771843593,0.10002642554465427,0.5583087622925718,0.5824536188017294,0.14480171371096257,1.0701208085555376,0.6552090804303132,0
11.632000000000554,RELAX,0.1758180628533792,0.0999814947137668,0.5583374682078819,0.5824536188017294,0.14480171371096257,1.0701208085555376,0.6551973098615294,0
11.634000000000555,RELAX,0.17580587728383051,0.09993674936177016,0.5583661060703178,0.5824536188017294,0.14480171371096257,1.0701208085555376,0.6551855662508127,0
11.636000000000555,RELAX,0.1757937208694836,0.0998921900841806,0.5583946749593527,0.5824536188017294,0.14480171371096257,1.0701208085555376,0.6551738499848339,0
11.638000000000556,RELAX,0.17578159400445872,0.09984781747481494,0.5584231739536546,0.5824536188017294,0.14480171371096257,1.0701208085555376,0.6551621614506477,0
11.640000000000557,RELAX,0.17576949708321604,0.09980363212580953,0.5584516021311093,0.5824536188017294,0.14480171371096257,1.0701208085555376,0.6551505010356833,0
11.642000000000557,RELAX,0.1757574305005455,0.09975963462763932,0.5584799585688444,0.5824536188017294,0.14480171371096257,1.0701208085555376,0.6551388691277341,0
11.644000000000558,RELAX,0.17574539465155664,0.09971582556913727,0.5585082423432522,0.5824536188017294,0.14480171371096257,1.0701208085555376,0.6551272661149469,0
11.646000000000559,RELAX,0.17573338993166848,0.09967220553751394,0.558536452530014,0.5824536188017294,0.14480171371096257,1.0701208085555376,0.6551156923858119,0
11.64800000000056,RELAX,0.17572141673659916,0.09962877511837709,0.5585645882041236,0.5824536188017294,0.14480171371096257,1.0701208085555376,0.6551041483291523,0
11.65000000000056,RELAX,0.17570947546235602,0.09958553489575198,0.5585926484399099,0.5824536188017294,0.14480171371096257,1.0701208085555376,0.6550926343341139,0
11.65200000000056,RELAX,0.17569756650522506,0.09954248545210101,0.5586206323110621,0.5824536188017294,0.14480171371096257,1.0701208085555376,0.655081150790155,0
11.654000000000561,RELAX,0.175685690261761,0.09949962736834456,0.5586485388906526,0.5824536188017294,0.14480171371096257,1.0701208085555376,0.6550696980870354,0
11.656000000000562,RELAX,0.17567384712877684,0.0994569612238813,0.5586763672511605,0.5824536188017294,0.14480171371096257,1.0701208085555376,0.6550582766148065,0
11.658000000000563,RELAX,0.17566203750333356,0.09941448759660881,0.5587041164644966,0.5824536188017294,0.14480171371096257,1.0701208085555376,0.6550468867638007,0
11.660000000000563,RELAX,0.17565026178273008,0.09937220706294483,0.5587317856020256,0.5824536188017294,0.14480171371096257,1.0701208085555376,0.6550355289246205,0
11.662000000000564,RELAX,0.1756385203644926,0.09933012019784818,0.5587593737345913,0.5824536188017294,0.14480171371096257,1.0701208085555376,0.6550242034881288,0
11.664000000000565,RELAX,0.17562681364636465,0.09928822757484014,0.5587868799325398,0.5824536188017294,0.14480171371096257,1.0701208085555376,0.6550129108454376,0
11.666000000000565,RELAX,0.17561514202629644,0.09924652976602602,0.5588143032657438,0.5824536188017294,0.14480171371096257,1.0701208085555376,0.655001651387898,0
11.668000000000566,RELAX,0.1756035059024347,0.09920502734211681,0.5588416428036261,0.5824536188017294,0.14480171371096257,1.0701208085555376,0.6549904255070896,0
11.670000000000567,RELAX,0.17559190567311228,0.09916372087245118,0.5588688976151847,0.5824536188017294,0.14480171371096257,1.0701208085555376,0.6549792335948094,0
11.672000000000567,RELAX,0.1755803417368377,0.09912261092501752,0.5588960667690154,0.5824536188017294,0.14480171371096257,1.0701208085555376,0.6549680760430614,0
11.674000000000568,RELAX,0.1755688144922848,0.09908169806647632,0.5589231493333366,0.5824536188017294,0.14480171371096257,1.0701208085555376,0.6549569532440469,0
11.676000000000569,RELAX,0.17555732433828236,0.09904098286218257,0.5589501443760144,0.5824536188017294,0.14480171371096257,1.0701208085555376,0.6549458655901521,0
11.67800000000057,RELAX,0.17554587167380353,0.09900046587620862,0.5589770509645849,0.5824536188017294,0.14480171371096257,1.0701208085555376,0.654934813473939,0
11.68000000000057,RELAX,0.17553445689795552,0.09896014767136688,0.5590038681662793,0.5824536188017294,0.14480171371096257,1.0701208085555376,0.6549237972881341,0
11.68200000000057,RELAX,0.17552308040996914,0.09892002880923301,0.5590305950480491,0.5824536188017294,0.14480171371096257,1.0701208085555376,0.6549128174256171,0
11.684000000000571,RELAX,0.1755117426091882,0.09888010985016919,0.5590572306765881,0.5824536188017294,0.14480171371096257,1.0701208085555376,0.6549018742794116,0
11.686000000000572,RELAX,0.17550044389505912,0.09884039135334753,0.5590837741183593,0.5824536188017294,0.14480171371096257,1.0701208085555376,0.6548909682426727,0
11.688000000000573,RELAX,0.17548918466712027,0.09880087387677375,0.5591102244396172,0.5824536188017294,0.14480171371096257,1.0701208085555376,0.6548800997086776,0
11.690000000000573,RELAX,0.1754779653249917,0.09876155797731112,0.5591365807064334,0.5824536188017294,0.14480171371096257,1.0701208085555376,0.6548692690708138,0
11.692000000000574,RELAX,0.17546678626836437,0.09872244421070431,0.5591628419847203,0.5824536188017294,0.14480171371096257,1.0701208085555376,0.6548584767225688,0
11.694000000000575,RELAX,0.17545564789698964,0.09868353313160375,0.5591890073402563,0.5824536188017294,0.14480171371096257,1.0701208085555376,0.6548477230575193,0
11.696000000000575,RELAX,0.17544455061066871,0.09864482529359003,0.5592150758387097,0.5824536188017294,0.14480171371096257,1.0701208085555376,0.6548370084693198,0
11.698000000000576,RELAX,0.17543349480924209,0.09860632124919845,0.5592410465456631,0.5824536188017294,0.14480171371096257,1.0701208085555376,0.6548263333516927,0
11.700000000000577,RELAX,0.1754224808925788,0.09856802154994389,0.5592669185266387,0.5824536188017294,0.14480171371096257,1.0701208085555376,0.6548156980984162,0
11.702000000000577,RELAX,0.17541150926056595,0.09852992674634568,0.5592926908471223,0.5824536188017294,0.14480171371096257,1.0701208085555376,0.6548051031033143,0
11.704000000000578,RELAX,0.1754005803130981,0.09849203738795291,0.5593183625725882,0.5824536188017294,0.14480171371096257,1.0701208085555376,0.6547945487602451,0
11.706000000000579,RELAX,0.17538969445006625,0.09845435402336962,0.5593439327685237,0.5824536188017294,0.14480171371096257,1.0701208085555376,0.6547840354630909,0
11.70800000000058,RELAX,0.17537885207134765,0.09841687720028049,0.5593694005004543,0.5824536188017294,0.14480171371096257,1.0701208085555376,0.6547735636057459,0
11.71000000000058,RELAX,0.17536805357679483,0.09837960746547644,0.5593947648339676,0.5824536188017294,0.14480171371096257,1.0701208085555376,0.6547631335821059,0
11.71200000000058,RELAX,0.17535729936622482,0.09834254536488062,0.5594200248347386,0.5824536188017294,0.14480171371096257,1.0701208085555376,0.654752745786058,0
11.714000000000581,RELAX,0.1753465898394087,0.0983056914435745,0.5594451795685554,0.5824536188017294,0.14480171371096257,1.0701208085555376,0.6547424006114673,0
11.716000000000582,RELAX,0.17533592539606066,0.09826904624582405,0.5594702281013423,0.5824536188017294,0.14480171371096257,1.0701208085555376,0.6547320984521683,0
11.718000000000583,RELAX,0.17532530643582714,0.09823261031510637,0.5594951694991858,0.5824536188017294,0.14480171371096257,1.0701208085555376,0.6547218397019526,0
11.720000000000583,RELAX,0.17531473335827635,0.09819638419413615,0.5595200028283593,0.5824536188017294,0.14480171371096257,1.0701208085555376,0.6547116247545577,0
11.722000000000584,RELAX,0.17530420656288714,0.09816036842489259,0.559544727155349,0.5824536188017294,0.14480171371096257,1.0701208085555376,0.6547014540036559,0
11.724000000000585,RELAX,0.17529372644903854,0.09812456354864642,0.559569341546877,0.5824536188017294,0.14480171371096257,1.0701208085555376,0.6546913278428436,0
11.726000000000585,RELAX,0.1752832934159986,0.098088970105987,0.5595938450699279,0.5824536188017294,0.14480171371096257,1.0701208085555376,0.6546812466656298,0
11.728000000000586,RELAX,0.1752729078629137,0.09805358863684983,0.5596182367917737,0.5824536188017294,0.14480171371096257,1.0701208085555376,0.6546712108654246,0
11.730000000000587,RELAX,0.1752625701887977,0.0980184196805439,0.5596425157799984,0.5824536188017294,0.14480171371096257,1.0701208085555376,0.6546612208355285,0
11.732000000000587,RELAX,0.17525228079252106,0.09798346377577954,0.5596666811025237,0.5824536188017294,0.14480171371096257,1.0701208085555376,0.6546512769691207,0
11.734000000000588,RELAX,0.17524204007279973,0.09794872146069634,0.559690731827634,0.5824536188017294,0.14480171371096257,1.0701208085555376,0.6546413796592485,0
11.736000000000589,RELAX,0.17523184842818457,0.0979141932728911,0.5597146670240017,0.5824536188017294,0.14480171371096257,1.0701208085555376,0.6546315292988146,0
11.73800000000059,RELAX,0.17522170625705016,0.09787987974944617,0.5597384857607126,0.5824536188017294,0.14480171371096257,1.0701208085555376,0.6546217262805676,0
11.74000000000059,RELAX,0.17521161395758392,0.09784578142695795,0.5597621871072913,0.5824536188017294,0.14480171371096257,1.0701208085555376,0.6546119709970888,0
11.74200000000059,RELAX,0.17520157192777513,0.09781189884156526,0.5597857701337263,0.5824536188017294,0.14480171371096257,1.0701208085555376,0.6546022638407825,0
11.744000000000591,RELAX,0.17519158056540393,0.09777823252897841,0.5598092339104958,0.5824536188017294,0.14480171371096257,1.0701208085555376,0.6545926052038632,0
11.746000000000592,RELAX,0.17518164026803026,0.09774478302450786,0.559832577508593,0.5824536188017294,0.14480171371096257,1.0701208085555376,0.6545829954783454,0
11.748000000000593,RELAX,0.17517175143298302,0.09771155086309356,0.5598557999995516,0.5824536188017294,0.14480171371096257,1.0701208085555376,0.6545734350560313,0
11.750000000000593,RELAX,0.17516191445734872,0.09767853657933417,0.5598789004554716,0.5824536188017294,0.14480171371096257,1.0701208085555376,0.6545639243284993,0
11.752000000000594,RELAX,0.17515212973796054,0.0976457407075165,0.5599018779490448,0.5824536188017294,0.14480171371096257,1.0701208085555376,0.6545544636870932,0
11.754000000000595,RELAX,0.1751423976713874,0.09761316378164514,0.55992473155358,0.5824536188017294,0.14480171371096257,1.0701208085555376,0.6545450535229103,0
11.756000000000595,RELAX,0.17513271865392258,0.09758080633547231,0.5599474603430299,0.5824536188017294,0.14480171371096257,1.0701208085555376,0.6545356942267891,0
11.758000000000596,RELAX,0.17512309308157273,0.09754866890252775,0.5599700633920154,0.5824536188017294,0.14480171371096257,1.0701208085555376,0.6545263861892997,0
11.760000000000597,RELAX,0.17511352135004668,0.09751675201614901,0.5599925397758526,0.5824536188017294,0.14480171371096257,1.0701208085555376,0.6545171298007294,0
11.762000000000597,RELAX,0.17510400385474426,0.09748505620951159,0.560014888570578,0.5824536188017294,0.14480171371096257,1.0701208085555376,0.6545079254510741,0
11.764000000000598,RELAX,0.17509454099074517,0.09745358201565947,0.5600371088529746,0.5824536188017294,0.14480171371096257,1.0701208085555376,0.6544987735300241,0
11.766000000000599,RELAX,0.17508513315279764,0.09742232996753578,0.5600591997005976,0.5824536188017294,0.14480171371096257,1.0701208085555376,0.6544896744269543,0
11.7680000000006,RELAX,0.17507578073530733,0.09739130059801357,0.5600811601918011,0.5824536188017294,0.14480171371096257,1.0701208085555376,0.6544806285309112,0
11.7700000000006,RELAX,0.17506648413232587,0.09736049443992681,0.5601029894057632,0.5824536188017294,0.14480171371096257,1.0701208085555376,0.6544716362306019,0
11.7720000000006,RELAX,0.17505724373753984,0.09732991202610144,0.560124686422513,0.5824536188017294,0.14480171371096257,1.0701208085555376,0.6544626979143819,0
11.774000000000601,RELAX,0.17504805994425923,0.0972995538893867,0.5601462503229561,0.5824536188017294,0.14480171371096257,1.0701208085555376,0.654453813970244,0
11.776000000000602,RELAX,0.1750389331454063,0.09726942056268661,0.560167680188901,0.5824536188017294,0.14480171371096257,1.0701208085555376,0.6544449847858058,0
11.778000000000603,RELAX,0.175029863733504,0.09723951257899155,0.5601889751030855,0.5824536188017294,0.14480171371096257,1.0701208085555376,0.654436210748298,0
11.780000000000603,RELAX,0.17502085210066481,0.09720983047140998,0.5602101341492028,0.5824536188017294,0.14480171371096257,1.0701208085555376,0.654427492244553,0
11.782000000000604,RELAX,0.17501189863857933,0.0971803747732004,0.5602311564119282,0.5824536188017294,0.14480171371096257,1.0701208085555376,0.6544188296609923,0
11.784000000000605,RELAX,0.1750030037385046,0.0971511460178035,0.5602520409769451,0.5824536188017294,0.14480171371096257,1.0701208085555376,0.6544102233836152,0
11.786000000000605,RELAX,0.17499416779125304,0.09712214473887432,0.5602727869309717,0.5824536188017294,0.14480171371096257,1.0701208085555376,0.6544016737979867,0
11.788000000000606,RELAX,0.17498539118718062,0.09709337147031459,0.5602933933617874,0.5824536188017294,0.14480171371096257,1.0701208085555376,0.6543931812892254,0
11.790000000000607,RELAX,0.17497667431617567,0.09706482674630536,0.5603138593582598,0.5824536188017294,0.14480171371096257,1.0701208085555376,0.6543847462419912,0
11.792000000000607,RELAX,0.17496801756764704,0.09703651110133973,0.5603341840103706,0.5824536188017294,0.14480171371096257,1.0701208085555376,0.6543763690404742,0
11.794000000000608,RELAX,0.1749594213305129,0.09700842507025552,0.560354366409243,0.5824536188017294,0.14480171371096257,1.0701208085555376,0.6543680500683818,0
11.796000000000609,RELAX,0.17495088599318886,0.0969805691882685,0.5603744056471681,0.5824536188017294,0.14480171371096257,1.0701208085555376,0.6543597897089268,0
11.79800000000061,RELAX,0.17494241194357657,0.0969529439910054,0.5603943008176319,0.5824536188017294,0.14480171371096257,1.0701208085555376,0.6543515883448155,0
11.80000000000061,RELAX,0.17493399956905203,0.09692555001453723,0.560414051015342,0.5824536188017294,0.14480171371096257,1.0701208085555376,0.6543434463582355,0
11.80200000000061,RELAX,0.1749256492564539,0.09689838779541268,0.5604336553362548,0.5824536188017294,0.14480171371096257,1.0701208085555376,0.6543353641308431,0
11.804000000000611,RELAX,0.1749173613920719,0.09687145787069185,0.5604531128776022,0.5824536188017294,0.14480171371096257,1.0701208085555376,0.6543273420437518,0
11.806000000000612,RELAX,0.17490913636163496,0.09684476077797986,0.560472422737919,0.5824536188017294,0.14480171371096257,1.0701208085555376,0.6543193804775196,0
11.808000000000613,RELAX,0.17490097455029974,0.09681829705546073,0.5604915840170696,0.5824536188017294,0.14480171371096257,1.0701208085555376,0.6543114798121368,0
11.810000000000613,RELAX,0.1748928763426386,0.0967920672419315,0.5605105958162756,0.5824536188017294,0.14480171371096257,1.0701208085555376,0.6543036404270135,0
11.812000000000614,RELAX,0.17488484212262792,0.09676607187683632,0.5605294572381432,0.5824536188017294,0.14480171371096257,1.0701208085555376,0.654295862700968,0
11.814000000000615,RELAX,0.1748768722736363,0.09674031150030071,0.5605481673866899,0.5824536188017294,0.14480171371096257,1.0701208085555376,0.6542881470122134,0
11.816000000000615,RELAX,0.17486896717841266,0.09671478665316623,0.5605667253673726,0.5824536188017294,0.14480171371096257,1.0701208085555376,0.6542804937383458,0
11.818000000000616,RELAX,0.17486112721907443,0.09668949787702473,0.5605851302871144,0.5824536188017294,0.14480171371096257,1.0701208085555376,0.6542729032563325,0
11.820000000000617,RELAX,0.17485335277709554,0.09666444571425335,0.5606033812543328,0.5824536188017294,0.14480171371096257,1.0701208085555376,0.6542653759424977,0
11.822000000000617,RELAX,0.1748456442332945,0.09663963070804923,0.560621477378967,0.5824536188017294,0.14480171371096257,1.0701208085555376,0.6542579121725118,0
11.824000000000618,RELAX,0.17483800196782248,0.09661505340246465,0.5606394177725055,0.5824536188017294,0.14480171371096257,1.0701208085555376,0.654250512321378,0
11.826000000000619,RELAX,0.1748304263601513,0.0965907143424419,0.560657201548014,0.5824536188017294,0.14480171371096257,1.0701208085555376,0.65424317676342,0
11.82800000000062,RELAX,0.17482291778906134,0.09656661407384882,0.5606748278201632,0.5824536188017294,0.14480171371096257,1.0701208085555376,0.6542359058722694,0
11.83000000000062,RELAX,0.17481547663262942,0.09654275314351402,0.5606922957052568,0.5824536188017294,0.14480171371096257,1.0701208085555376,0.6542287000208525,0
11.83200000000062,RELAX,0.17480810326821683,0.0965191320992625,0.5607096043212596,0.5824536188017294,0.14480171371096257,1.0701208085555376,0.6542215595813784,0
11.834000000000621,RELAX,0.1748007980724571,0.09649575148995115,0.5607267527878248,0.5824536188017294,0.14480171371096257,1.0701208085555376,0.6542144849253261,0
11.836000000000622,RELAX,0.17479356142124391,0.09647261186550475,0.5607437402263235,0.5824536188017294,0.14480171371096257,1.0701208085555376,0.6542074764234311,0
11.838000000000623,RELAX,0.1747863936897187,0.09644971377695166,0.5607605657598713,0.5824536188017294,0.14480171371096257,1.0701208085555376,0.6542005344456739,0
11.840000000000623,RELAX,0.17477929525225866,0.09642705777646002,0.5607772285133584,0.5824536188017294,0.14480171371096257,1.0701208085555376,0.6541936593612658,0
11.842000000000624,RELAX,0.17477226648246422,0.09640464441737374,0.5607937276134763,0.5824536188017294,0.14480171371096257,1.0701208085555376,0.6541868515386366,0
11.844000000000625,RELAX,0.174765307753147,0.09638247425424891,0.5608100621887476,0.5824536188017294,0.14480171371096257,1.0701208085555376,0.6541801113454221,0
11.846000000000625,RELAX,0.17475841943631715,0.09636054784289018,0.5608262313695536,0.5824536188017294,0.14480171371096257,1.0701208085555376,0.6541734391484506,0
11.848000000000626,RELAX,0.17475160190317118,0.0963388657403872,0.5608422342881635,0.5824536188017294,0.14480171371096257,1.0701208085555376,0.6541668353137299,0
11.850000000000627,RELAX,0.17474485552407953,0.09631742850515126,0.560858070078763,0.5824536188017294,0.14480171371096257,1.0701208085555376,0.6541603002064348,0
11.852000000000627,RELAX,0.17473818066857397,0.0962962366969522,0.5608737378774831,0.5824536188017294,0.14480171371096257,1.0701208085555376,0.6541538341908936,0
11.854000000000628,RELAX,0.17473157770533515,0.09627529087695501,0.560889236822429,0.5824536188017294,0.14480171371096257,1.0701208085555376,0.6541474376305749,0
11.856000000000629,RELAX,0.17472504700218008,0.09625459160775707,0.5609045660537093,0.5824536188017294,0.14480171371096257,1.0701208085555376,0.6541411108880748,0
11.85800000000063,RELAX,0.17471858892604958,0.09623413945342507,0.5609197247134645,0.5824536188017294,0.14480171371096257,1.0701208085555376,0.6541348543251039,0
11.86000000000063,RELAX,0.1747122038429956,0.0962139349795323,0.5609347119458971,0.5824536188017294,0.14480171371096257,1.0701208085555376,0.6541286683024732,0
11.86200000000063,RELAX,0.17470589211816853,0.09619397875319591,0.5609495268973002,0.5824536188017294,0.14480171371096257,1.0701208085555376,0.6541225531800814,0
11.864000000000631,RELAX,0.17469965411580451,0.09617427134311443,0.5609641687160869,0.5824536188017294,0.14480171371096257,1.0701208085555376,0.6541165093169022,0
11.866000000000632,RELAX,0.17469349019921268,0.09615481331960521,0.5609786365528204,0.5824536188017294,0.14480171371096257,1.0701208085555376,0.6541105370709694,0
11.868000000000633,RELAX,0.1746874007307625,0.09613560525464204,0.5609929295602428,0.5824536188017294,0.14480171371096257,1.0701208085555376,0.6541046367993649,0
11.870000000000633,RELAX,0.17468138607187067,0.09611664772189296,0.5610070468933054,0.5824536188017294,0.14480171371096257,1.0701208085555376,0.6540988088582048,0
11.872000000000634,RELAX,0.1746754465829885,0.09609794129675811,0.561020987709198,0.5824536188017294,0.14480171371096257,1.0701208085555376,0.6540930536026254,0
11.874000000000635,RELAX,0.17466958262358875,0.09607948655640758,0.561034751167379,0.5824536188017294,0.14480171371096257,1.0701208085555376,0.6540873713867702,0
11.876000000000635,RELAX,0.1746637945521529,0.09606128407981956,0.5610483364296058,0.5824536188017294,0.14480171371096257,1.0701208085555376,0.6540817625637765,0
11.878000000000636,RELAX,0.17465808272615785,0.09604333444781843,0.5610617426599642,0.5824536188017294,0.14480171371096257,1.0701208085555376,0.6540762274857611,0
11.880000000000637,RELAX,0.17465244750206316,0.09602563824311297,0.5610749690248988,0.5824536188017294,0.14480171371096257,1.0701208085555376,0.6540707665038072,0
11.882000000000637,RELAX,0.17464688923529773,0.09600819605033473,0.5610880146932439,0.5824536188017294,0.14480171371096257,1.0701208085555376,0.6540653799679502,0
11.884000000000638,RELAX,0.1746414082802466,0.0959910084560765,0.5611008788362531,0.5824536188017294,0.14480171371096257,1.0701208085555376,0.6540600682271643,0
11.886000000000639,RELAX,0.17463600499023801,0.0959740760489307,0.5611135606276303,0.5824536188017294,0.14480171371096257,1.0701208085555376,0.6540548316293485,0
11.88800000000064,RELAX,0.1746306797175298,0.0959573994195281,0.5611260592435605,0.5824536188017294,0.14480171371096257,1.0701208085555376,0.6540496705213126,0
11.89000000000064,RELAX,0.17462543281329634,0.09594097916057653,0.5611383738627401,0.5824536188017294,0.14480171371096257,1.0701208085555376,0.6540445852487635,0
11.89200000000064,RELAX,0.1746202646276151,0.09592481586689952,0.5611505036664083,0.5824536188017294,0.14480171371096257,1.0701208085555376,0.654039576156291,0
11.894000000000641,RELAX,0.17461517550945313,0.0959089101354753,0.5611624478383778,0.5824536188017294,0.14480171371096257,1.0701208085555376,0.6540346435873539,0
11.896000000000642,RELAX,0.17461016580665384,0.09589326256547574,0.5611742055650657,0.5824536188017294,0.14480171371096257,1.0701208085555376,0.6540297878842659,0
11.898000000000643,RELAX,0.1746052358659232,0.09587787375830528,0.5611857760355257,0.5824536188017294,0.14480171371096257,1.0701208085555376,0.6540250093881814,0
11.900000000000643,RELAX,0.1746003860328164,0.09586274431764018,0.5611971584414782,0.5824536188017294,0.14480171371096257,1.0701208085555376,0.6540203084390814,0
11.902000000000644,RELAX,0.17459561665172413,0.09584787484946758,0.561208351977343,0.5824536188017294,0.14480171371096257,1.0701208085555376,0.6540156853757589,0
11.904000000000645,RELAX,0.17459092806585882,0.09583326596212488,0.56121935584027,0.5824536188017294,0.14480171371096257,1.0701208085555376,0.6540111405358051,0
11.906000000000645,RELAX,0.17458632061724103,0.09581891826633897,0.5612301692301718,0.5824536188017294,0.14480171371096257,1.0701208085555376,0.6540066742555949,0
11.908000000000646,RELAX,0.17458179464668563,0.09580483237526577,0.5612407913497546,0.5824536188017294,0.14480171371096257,1.0701208085555376,0.6540022868702718,0
11.910000000000647,RELAX,0.1745773504937879,0.09579100890452959,0.5612512214045513,0.5824536188017294,0.14480171371096257,1.0701208085555376,0.6539979787137346,0
11.912000000000647,RELAX,0.17457298849690964,0.09577744847226276,0.5612614586029528,0.5824536188017294,0.14480171371096257,1.0701208085555376,0.6539937501186219,0
11.914000000000648,RELAX,0.17456870899316526,0.09576415169914526,0.561271502156241,0.5824536188017294,0.14480171371096257,1.0701208085555376,0.6539896014162982,0
11.916000000000649,RELAX,0.17456451231840764,0.0957511192084443,0.5612813512786204,0.5824536188017294,0.14480171371096257,1.0701208085555376,0.6539855329368385,0
11.91800000000065,RELAX,0.1745603988072142,0.09573835162605424,0.561291005187252,0.5824536188017294,0.14480171371096257,1.0701208085555376,0.6539815450090141,0
11.92000000000065,RELAX,0.17455636879287253,0.09572584958053622,0.5613004631022842,0.5824536188017294,0.14480171371096257,1.0701208085555376,0.6539776379602777,0
11.92200000000065,RELAX,0.17455242260736653,0.0957136137031582,0.5613097242468874,0.5824536188017294,0.14480171371096257,1.0701208085555376,0.6539738121167488,0
11.924000000000651,RELAX,0.1745485605813617,0.09570164462793475,0.5613187878472861,0.5824536188017294,0.14480171371096257,1.0701208085555376,0.6539700678031982,0
11.926000000000652,RELAX,0.1745447830441911,0.09568994299166717,0.5613276531327921,0.5824536188017294,0.14480171371096257,1.0701208085555376,0.6539664053430337,0
11.928000000000653,RELAX,0.1745410903238409,0.09567850943398334,0.5613363193358379,0.5824536188017294,0.14480171371096257,1.0701208085555376,0.6539628250582847,0
11.930000000000653,RELAX,0.1745374827469359,0.09566734459737804,0.5613447856920107,0.5824536188017294,0.14480171371096257,1.0701208085555376,0.6539593272695869,0
11.932000000000654,RELAX,0.17453396063872495,0.09565644912725295,0.5613530514400848,0.5824536188017294,0.14480171371096257,1.0701208085555376,0.6539559122961681,0
11.934000000000655,RELAX,0.17453052432306634,0.09564582367195681,0.5613611158220568,0.5824536188017294,0.14480171371096257,1.0701208085555376,0.6539525804558316,0
11.936000000000655,RELAX,0.17452717412241328,0.09563546888282586,0.5613689780831783,0.5824536188017294,0.14480171371096257,1.0701208085555376,0.6539493320649419,0
11.938000000000656,RELAX,0.17452391035779904,0.09562538541422376,0.5613766374719907,0.5824536188017294,0.14480171371096257,1.0701208085555376,0.6539461674384092,0
11.940000000000657,RELAX,0.17452073334882212,0.09561557392358233,0.5613840932403592,0.5824536188017294,0.14480171371096257,1.0701208085555376,0.6539430868896737,0
11.942000000000657,RELAX,0.17451764341363146,0.09560603507144158,0.5613913446435075,0.5824536188017294,0.14480171371096257,1.0701208085555376,0.6539400907306903,0
11.944000000000658,RELAX,0.17451464086891152,0.09559676952149039,0.5613983909400517,0.5824536188017294,0.14480171371096257,1.0701208085555376,0.6539371792719129,0
11.946000000000659,RELAX,0.1745117260298671,0.09558777794060658,0.561405231392036,0.5824536188017294,0.14480171371096257,1.0701208085555376,0.653934352822279,0
11.94800000000066,RELAX,0.1745088992102084,0.09557906099889774,0.5614118652649663,0.5824536188017294,0.14480171371096257,1.0701208085555376,0.6539316116891941,0
11.95000000000066,RELAX,0.1745061607221359,0.09557061936974157,0.5614182918278472,0.5824536188017294,0.14480171371096257,1.0701208085555376,0.6539289561785149,0
11.95200000000066,RELAX,0.1745035108763249,0.09556245372982637,0.5614245103532152,0.5824536188017294,0.14480171371096257,1.0701208085555376,0.6539263865945351,0
11.954000000000661,RELAX,0.17450094998191046,0.09555456475919172,0.5614305201171752,0.5824536188017294,0.14480171371096257,1.0701208085555376,0.6539239032399681,0
11.956000000000662,RELAX,0.17449847834647178,0.09554695314126893,0.5614363203994366,0.5824536188017294,0.14480171371096257,1.0701208085555376,0.6539215064159316,0
11.958000000000663,RELAX,0.17449609627601695,0.09553961956292169,0.5614419104833476,0.5824536188017294,0.14480171371096257,1.0701208085555376,0.6539191964219319,0
11.960000000000663,RELAX,0.17449380407496723,0.09553256471448678,0.5614472896559325,0.5824536188017294,0.14480171371096257,1.0701208085555376,0.6539169735558468,0
11.962000000000664,RELAX,0.17449160204614156,0.09552578928981452,0.5614524572079275,0.5824536188017294,0.14480171371096257,1.0701208085555376,0.6539148381139098,0
11.964000000000665,RELAX,0.1744894904907407,0.09551929398630966,0.5614574124338165,0.5824536188017294,0.14480171371096257,1.0701208085555376,0.6539127903906947,0
11.966000000000665,RELAX,0.17448746970833165,0.09551307950497184,0.5614621546318685,0.5824536188017294,0.14480171371096257,1.0701208085555376,0.6539108306790975,0
11.968000000000666,RELAX,0.1744855399968316,0.09550714655043639,0.5614666831041738,0.5824536188017294,0.14480171371096257,1.0701208085555376,0.6539089592703213,0
11.970000000000667,RELAX,0.17448370165249205,0.09550149583101501,0.5614709971566805,0.5824536188017294,0.14480171371096257,1.0701208085555376,0.6539071764538594,0
11.972000000000667,RELAX,0.17448195496988278,0.0954961280587364,0.5614750960992327,0.5824536188017294,0.14480171371096257,1.0701208085555376,0.6539054825174784,0
11.974000000000668,RELAX,0.1744803002418758,0.09549104394938707,0.5614789792456071,0.5824536188017294,0.14480171371096257,1.0701208085555376,0.6539038777472018,0
11.976000000000669,RELAX,0.17447873775962894,0.09548624422255185,0.5614826459135502,0.5824536188017294,0.14480171371096257,1.0701208085555376,0.6539023624272933,0
11.97800000000067,RELAX,0.17447726781256992,0.09548172960165485,0.561486095424817,0.5824536188017294,0.14480171371096257,1.0701208085555376,0.6539009368402394,0
11.98000000000067,RELAX,0.17447589068837946,0.09547750081399992,0.5614893271052078,0.5824536188017294,0.14480171371096257,1.0701208085555376,0.6538996012667331,0
11.98200000000067,RELAX,0.1744746066729753,0.09547355859081147,0.5614923402846073,0.5824536188017294,0.14480171371096257,1.0701208085555376,0.6538983559856566,0
11.984000000000671,RELAX,0.17447341605049535,0.09546990366727509,0.5614951342970219,0.5824536188017294,0.14480171371096257,1.0701208085555376,0.6538972012740643,0
11.986000000000672,RELAX,0.17447231910328123,0.09546653678257824,0.5614977084806196,0.5824536188017294,0.14480171371096257,1.0701208085555376,0.653896137407165,0
11.988000000000673,RELAX,0.1744713161118614,0.09546345867995096,0.5615000621777674,0.5824536188017294,0.14480171371096257,1.0701208085555376,0.6538951646583053,0
11.990000000000673,RELAX,0.1744704073549343,0.09546067010670636,0.5615021947350708,0.5824536188017294,0.14480171371096257,1.0701208085555376,0.6538942832989524,0
11.992000000000674,RELAX,0.17446959310935156,0.09545817181428144,0.5615041055034132,0.5824536188017294,0.14480171371096257,1.0701208085555376,0.6538934935986757,0
11.994000000000675,RELAX,0.17446887365010094,0.09545596455827743,0.5615057938379951,0.5824536188017294,0.14480171371096257,1.0701208085555376,0.6538927958251297,0
11.996000000000675,RELAX,0.17446824925028911,0.09545404909850062,0.5615072590983737,0.5824536188017294,0.14480171371096257,1.0701208085555376,0.6538921902440372,0
11.998000000000676,RELAX,0.1744677201811246,0.0954524261990028,0.5615085006485029,0.5824536188017294,0.14480171371096257,1.0701208085555376,0.65389167711917,0
12.000000000000677,RELAX,0.17446728671190034,0.09545109662812168,0.561509517856773,0.5824536188017294,0.14480171371096257,1.0701208085555376,0.6538912567123318,0
12.002000000000677,RELAX,0.1744669491099764,0.0954500611585215,0.5615103100960516,0.5824536188017294,0.14480171371096257,1.0701208085555376,0.653890929283341,0
12.004000000000678,RELAX,0.17446670764076233,0.09544932056723349,0.5615108767437237,0.5824536188017294,0.14480171371096257,1.0701208085555376,0.6538906950900112,0
12.006000000000679,RELAX,0.17446656256769966,0.09544887563569615,0.5615112171817325,0.5824536188017294,0.14480171371096257,1.0701208085555376,0.6538905543881345,0
