time,phase,hand_x,hand_y,hand_z,target_x,target_y,target_z,distance,touched
0.002,REST,0.2797742832165005,0.14864609221500147,0.895228386186597,0.4536021272185362,0.1715255499465722,1.0427605190160067,0.2291403917987429,0
0.004,REST,0.2797742832165005,0.14864609221500147,0.895228386186597,0.4536021272185362,0.1715255499465722,1.0427605190160067,0.2291403917987429,0
0.006,REST,0.2797742832165005,0.14864609221500147,0.895228386186597,0.4536021272185362,0.1715255499465722,1.0427605190160067,0.2291403917987429,0
0.008,REST,0.2797742832165005,0.14864609221500147,0.895228386186597,0.4536021272185362,0.1715255499465722,1.0427605190160067,0.2291403917987429,0
0.01,REST,0.2797742832165005,0.14864609221500147,0.895228386186597,0.4536021272185362,0.1715255499465722,1.0427605190160067,0.2291403917987429,0
0.012,REST,0.2797742832165005,0.14864609221500147,0.895228386186597,0.4536021272185362,0.1715255499465722,1.0427605190160067,0.2291403917987429,0
0.014,REST,0.2797742832165005,0.14864609221500147,0.895228386186597,0.4536021272185362,0.1715255499465722,1.0427605190160067,0.2291403917987429,0
0.016,REST,0.2797742832165005,0.14864609221500147,0.895228386186597,0.4536021272185362,0.1715255499465722,1.0427605190160067,0.2291403917987429,0
0.018000000000000002,REST,0.2797742832165005,0.14864609221500147,0.895228386186597,0.4536021272185362,0.1715255499465722,1.0427605190160067,0.2291403917987429,0
0.020000000000000004,REST,0.2797742832165005,0.14864609221500147,0.895228386186597,0.4536021272185362,0.1715255499465722,1.0427605190160067,0.2291403917987429,0
0.022000000000000006,REST,0.2797742832165005,0.14864609221500147,0.895228386186597,0.4536021272185362,0.1715255499465722,1.0427605190160067,0.2291403917987429,0
0.024000000000000007,REST,0.2797742832165005,0.14864609221500147,0.895228386186597,0.4536021272185362,0.1715255499465722,1.0427605190160067,0.2291403917987429,0
0.02600000000000001,REST,0.2797742832165005,0.14864609221500147,0.895228386186597,0.4536021272185362,0.1715255499465722,1.0427605190160067,0.2291403917987429,0
0.02800000000000001,REST,0.2797742832165005,0.14864609221500147,0.895228386186597,0.4536021272185362,0.1715255499465722,1.0427605190160067,0.2291403917987429,0
0.030000000000000013,REST,0.2797742832165005,0.14864609221500147,0.895228386186597,0.4536021272185362,0.1715255499465722,1.0427605190160067,0.2291403917987429,0
0.032000000000000015,REST,0.2797742832165005,0.14864609221500147,0.895228386186597,0.4536021272185362,0.1715255499465722,1.0427605190160067,0.2291403917987429,0
0.034000000000000016,REST,0.2797742832165005,0.14864609221500147,0.895228386186597,0.4536021272185362,0.1715255499465722,1.0427605190160067,0.2291403917987429,0
0.03600000000000002,REST,0.2797742832165005,0.14864609221500147,0.895228386186597,0.4536021272185362,0.1715255499465722,1.0427605190160067,0.2291403917987429,0
0.03800000000000002,REST,0.2797742832165005,0.14864609221500147,0.895228386186597,0.4536021272185362,0.1715255499465722,1.0427605190160067,0.2291403917987429,0
0.04000000000000002,REST,0.2797742832165005,0.14864609221500147,0.895228386186597,0.4536021272185362,0.1715255499465722,1.0427605190160067,0.2291403917987429,0
0.04200000000000002,REST,0.2797742832165005,0.14864609221500147,0.895228386186597,0.4536021272185362,0.1715255499465722,1.0427605190160067,0.2291403917987429,0
0.044000000000000025,REST,0.2797742832165005,0.14864609221500147,0.895228386186597,0.4536021272185362,0.1715255499465722,1.0427605190160067,0.2291403917987429,0
0.04600000000000003,REST,0.2797742832165005,0.14864609221500147,0.895228386186597,0.4536021272185362,0.1715255499465722,1.0427605190160067,0.2291403917987429,0
0.04800000000000003,REST,0.2797742832165005,0.14864609221500147,0.895228386186597,0.4536021272185362,0.1715255499465722,1.0427605190160067,0.2291403917987429,0
0.05000000000000003,REST,0.2797742832165005,0.14864609221500147,0.895228386186597,0.4536021272185362,0.1715255499465722,1.0427605190160067,0.2291403917987429,0
0.05200000000000003,REST,0.2797742832165005,0.14864609221500147,0.895228386186597,0.4536021272185362,0.1715255499465722,1.0427605190160067,0.2291403917987429,0
0.054000000000000034,REST,0.2797742832165005,0.14864609221500147,0.895228386186597,0.4536021272185362,0.1715255499465722,1.0427605190160067,0.2291403917987429,0
0.056000000000000036,REST,0.2797742832165005,0.14864609221500147,0.895228386186597,0.4536021272185362,0.1715255499465722,1.0427605190160067,0.2291403917987429,0
0.05800000000000004,REST,0.2797742832165005,0.14864609221500147,0.895228386186597,0.4536021272185362,0.1715255499465722,1.0427605190160067,0.2291403917987429,0
0.06000000000000004,REST,0.2797742832165005,0.14864609221500147,0.895228386186597,0.4536021272185362,0.1715255499465722,1.0427605190160067,0.2291403917987429,0
0.06200000000000004,REST,0.2797742832165005,0.14864609221500147,0.895228386186597,0.4536021272185362,0.1715255499465722,1.0427605190160067,0.2291403917987429,0
0.06400000000000004,REST,0.2797742832165005,0.14864609221500147,0.895228386186597,0.4536021272185362,0.1715255499465722,1.0427605190160067,0.2291403917987429,0
0.06600000000000004,REST,0.2797742832165005,0.14864609221500147,0.895228386186597,0.4536021272185362,0.1715255499465722,1.0427605190160067,0.2291403917987429,0
0.06800000000000005,REST,0.2797742832165005,0.14864609221500147,0.895228386186597,0.4536021272185362,0.1715255499465722,1.0427605190160067,0.2291403917987429,0
0.07000000000000005,REST,0.2797742832165005,0.14864609221500147,0.895228386186597,0.4536021272185362,0.1715255499465722,1.0427605190160067,0.2291403917987429,0
0.07200000000000005,REST,0.2797742832165005,0.14864609221500147,0.895228386186597,0.4536021272185362,0.1715255499465722,1.0427605190160067,0.2291403917987429,0
0.07400000000000005,REST,0.2797742832165005,0.14864609221500147,0.895228386186597,0.4536021272185362,0.1715255499465722,1.0427605190160067,0.2291403917987429,0
0.07600000000000005,REST,0.2797742832165005,0.14864609221500147,0.895228386186597,0.4536021272185362,0.1715255499465722,1.0427605190160067,0.2291403917987429,0
0.07800000000000006,REST,0.2797742832165005,0.14864609221500147,0.895228386186597,0.4536021272185362,0.1715255499465722,1.0427605190160067,0.2291403917987429,0
0.08000000000000006,REST,0.2797742832165005,0.14864609221500147,0.895228386186597,0.4536021272185362,0.1715255499465722,1.0427605190160067,0.2291403917987429,0
0.08200000000000006,REST,0.2797742832165005,0.14864609221500147,0.895228386186597,0.4536021272185362,0.1715255499465722,1.0427605190160067,0.2291403917987429,0
0.08400000000000006,REST,0.2797742832165005,0.14864609221500147,0.895228386186597,0.4536021272185362,0.1715255499465722,1.0427605190160067,0.2291403917987429,0
0.08600000000000006,REST,0.2797742832165005,0.14864609221500147,0.895228386186597,0.4536021272185362,0.1715255499465722,1.0427605190160067,0.2291403917987429,0
0.08800000000000006,REST,0.2797742832165005,0.14864609221500147,0.895228386186597,0.4536021272185362,0.1715255499465722,1.0427605190160067,0.2291403917987429,0
0.09000000000000007,REST,0.2797742832165005,0.14864609221500147,0.895228386186597,0.4536021272185362,0.1715255499465722,1.0427605190160067,0.2291403917987429,0
0.09200000000000007,REST,0.2797742832165005,0.14864609221500147,0.895228386186597,0.4536021272185362,0.1715255499465722,1.0427605190160067,0.2291403917987429,0
0.09400000000000007,REST,0.2797742832165005,0.14864609221500147,0.895228386186597,0.4536021272185362,0.1715255499465722,1.0427605190160067,0.2291403917987429,0
0.09600000000000007,REST,0.2797742832165005,0.14864609221500147,0.895228386186597,0.4536021272185362,0.1715255499465722,1.0427605190160067,0.2291403917987429,0
0.09800000000000007,REST,0.2797742832165005,0.14864609221500147,0.895228386186597,0.4536021272185362,0.1715255499465722,1.0427605190160067,0.2291403917987429,0
0.10000000000000007,REST,0.2797742832165005,0.14864609221500147,0.895228386186597,0.4536021272185362,0.1715255499465722,1.0427605190160067,0.2291403917987429,0
0.10200000000000008,REST,0.2797742832165005,0.14864609221500147,0.895228386186597,0.4536021272185362,0.1715255499465722,1.0427605190160067,0.2291403917987429,0
0.10400000000000008,REST,0.2797742832165005,0.14864609221500147,0.895228386186597,0.4536021272185362,0.1715255499465722,1.0427605190160067,0.2291403917987429,0
0.10600000000000008,REST,0.2797742832165005,0.14864609221500147,0.895228386186597,0.4536021272185362,0.1715255499465722,1.0427605190160067,0.2291403917987429,0
0.10800000000000008,REST,0.2797742832165005,0.14864609221500147,0.895228386186597,0.4536021272185362,0.1715255499465722,1.0427605190160067,0.2291403917987429,0
0.11000000000000008,REST,0.2797742832165005,0.14864609221500147,0.895228386186597,0.4536021272185362,0.1715255499465722,1.0427605190160067,0.2291403917987429,0
0.11200000000000009,REST,0.2797742832165005,0.14864609221500147,0.895228386186597,0.4536021272185362,0.1715255499465722,1.0427605190160067,0.2291403917987429,0
0.11400000000000009,REST,0.2797742832165005,0.14864609221500147,0.895228386186597,0.4536021272185362,0.1715255499465722,1.0427605190160067,0.2291403917987429,0
0.11600000000000009,REST,0.2797742832165005,0.14864609221500147,0.895228386186597,0.4536021272185362,0.1715255499465722,1.0427605190160067,0.2291403917987429,0
0.11800000000000009,REST,0.2797742832165005,0.14864609221500147,0.895228386186597,0.4536021272185362,0.1715255499465722,1.0427605190160067,0.2291403917987429,0
0.12000000000000009,REST,0.2797742832165005,0.14864609221500147,0.895228386186597,0.4536021272185362,0.1715255499465722,1.0427605190160067,0.2291403917987429,0
0.1220000000000001,REST,0.2797742832165005,0.14864609221500147,0.895228386186597,0.4536021272185362,0.1715255499465722,1.0427605190160067,0.2291403917987429,0
0.1240000000000001,REST,0.2797742832165005,0.14864609221500147,0.895228386186597,0.4536021272185362,0.1715255499465722,1.0427605190160067,0.2291403917987429,0
0.12600000000000008,REST,0.2797742832165005,0.14864609221500147,0.895228386186597,0.4536021272185362,0.1715255499465722,1.0427605190160067,0.2291403917987429,0
0.12800000000000009,REST,0.2797742832165005,0.14864609221500147,0.895228386186597,0.4536021272185362,0.1715255499465722,1.0427605190160067,0.2291403917987429,0
0.1300000000000001,REST,0.2797742832165005,0.14864609221500147,0.895228386186597,0.4536021272185362,0.1715255499465722,1.0427605190160067,0.2291403917987429,0
0.1320000000000001,REST,0.2797742832165005,0.14864609221500147,0.895228386186597,0.4536021272185362,0.1715255499465722,1.0427605190160067,0.2291403917987429,0
0.1340000000000001,REST,0.2797742832165005,0.14864609221500147,0.895228386186597,0.4536021272185362,0.1715255499465722,1.0427605190160067,0.2291403917987429,0
0.1360000000000001,REST,0.2797742832165005,0.14864609221500147,0.895228386186597,0.4536021272185362,0.1715255499465722,1.0427605190160067,0.2291403917987429,0
0.1380000000000001,REST,0.2797742832165005,0.14864609221500147,0.895228386186597,0.4536021272185362,0.1715255499465722,1.0427605190160067,0.2291403917987429,0
0.1400000000000001,REST,0.2797742832165005,0.14864609221500147,0.895228386186597,0.4536021272185362,0.1715255499465722,1.0427605190160067,0.2291403917987429,0
0.1420000000000001,REST,0.2797742832165005,0.14864609221500147,0.895228386186597,0.4536021272185362,0.1715255499465722,1.0427605190160067,0.2291403917987429,0
0.1440000000000001,REST,0.2797742832165005,0.14864609221500147,0.895228386186597,0.4536021272185362,0.1715255499465722,1.0427605190160067,0.2291403917987429,0
0.1460000000000001,REST,0.2797742832165005,0.14864609221500147,0.895228386186597,0.4536021272185362,0.1715255499465722,1.0427605190160067,0.2291403917987429,0
0.1480000000000001,REST,0.2797742832165005,0.14864609221500147,0.895228386186597,0.4536021272185362,0.1715255499465722,1.0427605190160067,0.2291403917987429,0
0.1500000000000001,REST,0.2797742832165005,0.14864609221500147,0.895228386186597,0.4536021272185362,0.1715255499465722,1.0427605190160067,0.2291403917987429,0
0.1520000000000001,REST,0.2797742832165005,0.14864609221500147,0.895228386186597,0.4536021272185362,0.1715255499465722,1.0427605190160067,0.2291403917987429,0
0.1540000000000001,REST,0.2797742832165005,0.14864609221500147,0.895228386186597,0.4536021272185362,0.1715255499465722,1.0427605190160067,0.2291403917987429,0
0.1560000000000001,REST,0.2797742832165005,0.14864609221500147,0.895228386186597,0.4536021272185362,0.1715255499465722,1.0427605190160067,0.2291403917987429,0
0.1580000000000001,REST,0.2797742832165005,0.14864609221500147,0.895228386186597,0.4536021272185362,0.1715255499465722,1.0427605190160067,0.2291403917987429,0
0.16000000000000011,REST,0.2797742832165005,0.14864609221500147,0.895228386186597,0.4536021272185362,0.1715255499465722,1.0427605190160067,0.2291403917987429,0
0.16200000000000012,REST,0.2797742832165005,0.14864609221500147,0.895228386186597,0.4536021272185362,0.1715255499465722,1.0427605190160067,0.2291403917987429,0
0.16400000000000012,REST,0.2797742832165005,0.14864609221500147,0.895228386186597,0.4536021272185362,0.1715255499465722,1.0427605190160067,0.2291403917987429,0
0.16600000000000012,REST,0.2797742832165005,0.14864609221500147,0.895228386186597,0.4536021272185362,0.1715255499465722,1.0427605190160067,0.2291403917987429,0
0.16800000000000012,REST,0.2797742832165005,0.14864609221500147,0.895228386186597,0.4536021272185362,0.1715255499465722,1.0427605190160067,0.2291403917987429,0
0.17000000000000012,REST,0.2797742832165005,0.14864609221500147,0.895228386186597,0.4536021272185362,0.1715255499465722,1.0427605190160067,0.2291403917987429,0
0.17200000000000013,REST,0.2797742832165005,0.14864609221500147,0.895228386186597,0.4536021272185362,0.1715255499465722,1.0427605190160067,0.2291403917987429,0
0.17400000000000013,REST,0.2797742832165005,0.14864609221500147,0.895228386186597,0.4536021272185362,0.1715255499465722,1.0427605190160067,0.2291403917987429,0
0.17600000000000013,REST,0.2797742832165005,0.14864609221500147,0.895228386186597,0.4536021272185362,0.1715255499465722,1.0427605190160067,0.2291403917987429,0
0.17800000000000013,REST,0.2797742832165005,0.14864609221500147,0.895228386186597,0.4536021272185362,0.1715255499465722,1.0427605190160067,0.2291403917987429,0
0.18000000000000013,REST,0.2797742832165005,0.14864609221500147,0.895228386186597,0.4536021272185362,0.1715255499465722,1.0427605190160067,0.2291403917987429,0
0.18200000000000013,REST,0.2797742832165005,0.14864609221500147,0.895228386186597,0.4536021272185362,0.1715255499465722,1.0427605190160067,0.2291403917987429,0
0.18400000000000014,REST,0.2797742832165005,0.14864609221500147,0.895228386186597,0.4536021272185362,0.1715255499465722,1.0427605190160067,0.2291403917987429,0
0.18600000000000014,REST,0.2797742832165005,0.14864609221500147,0.895228386186597,0.4536021272185362,0.1715255499465722,1.0427605190160067,0.2291403917987429,0
0.18800000000000014,REST,0.2797742832165005,0.14864609221500147,0.895228386186597,0.4536021272185362,0.1715255499465722,1.0427605190160067,0.2291403917987429,0
0.19000000000000014,REST,0.2797742832165005,0.14864609221500147,0.895228386186597,0.4536021272185362,0.1715255499465722,1.0427605190160067,0.2291403917987429,0
0.19200000000000014,REST,0.2797742832165005,0.14864609221500147,0.895228386186597,0.4536021272185362,0.1715255499465722,1.0427605190160067,0.2291403917987429,0
0.19400000000000014,REST,0.2797742832165005,0.14864609221500147,0.895228386186597,0.4536021272185362,0.1715255499465722,1.0427605190160067,0.2291403917987429,0
0.19600000000000015,REST,0.2797742832165005,0.14864609221500147,0.895228386186597,0.4536021272185362,0.1715255499465722,1.0427605190160067,0.2291403917987429,0
0.19800000000000015,REST,0.2797742832165005,0.14864609221500147,0.895228386186597,0.4536021272185362,0.1715255499465722,1.0427605190160067,0.2291403917987429,0
0.20000000000000015,REST,0.2797742832165005,0.14864609221500147,0.895228386186597,0.4536021272185362,0.1715255499465722,1.0427605190160067,0.2291403917987429,0
0.20200000000000015,REST,0.2797742832165005,0.14864609221500147,0.895228386186597,0.4536021272185362,0.1715255499465722,1.0427605190160067,0.2291403917987429,0
0.20400000000000015,REST,0.2797742832165005,0.14864609221500147,0.895228386186597,0.4536021272185362,0.1715255499465722,1.0427605190160067,0.2291403917987429,0
0.20600000000000016,REST,0.2797742832165005,0.14864609221500147,0.895228386186597,0.4536021272185362,0.1715255499465722,1.0427605190160067,0.2291403917987429,0
0.20800000000000016,REST,0.2797742832165005,0.14864609221500147,0.895228386186597,0.4536021272185362,0.1715255499465722,1.0427605190160067,0.2291403917987429,0
0.21000000000000016,REST,0.2797742832165005,0.14864609221500147,0.895228386186597,0.4536021272185362,0.1715255499465722,1.0427605190160067,0.2291403917987429,0
0.21200000000000016,REST,0.2797742832165005,0.14864609221500147,0.895228386186597,0.4536021272185362,0.1715255499465722,1.0427605190160067,0.2291403917987429,0
0.21400000000000016,REST,0.2797742832165005,0.14864609221500147,0.895228386186597,0.4536021272185362,0.1715255499465722,1.0427605190160067,0.2291403917987429,0
0.21600000000000016,REST,0.2797742832165005,0.14864609221500147,0.895228386186597,0.4536021272185362,0.1715255499465722,1.0427605190160067,0.2291403917987429,0
0.21800000000000017,REST,0.2797742832165005,0.14864609221500147,0.895228386186597,0.4536021272185362,0.1715255499465722,1.0427605190160067,0.2291403917987429,0
0.22000000000000017,REST,0.2797742832165005,0.14864609221500147,0.895228386186597,0.4536021272185362,0.1715255499465722,1.0427605190160067,0.2291403917987429,0
0.22200000000000017,REST,0.2797742832165005,0.14864609221500147,0.895228386186597,0.4536021272185362,0.1715255499465722,1.0427605190160067,0.2291403917987429,0
0.22400000000000017,REST,0.2797742832165005,0.14864609221500147,0.895228386186597,0.4536021272185362,0.1715255499465722,1.0427605190160067,0.2291403917987429,0
0.22600000000000017,REST,0.2797742832165005,0.14864609221500147,0.895228386186597,0.4536021272185362,0.1715255499465722,1.0427605190160067,0.2291403917987429,0
0.22800000000000017,REST,0.2797742832165005,0.14864609221500147,0.895228386186597,0.4536021272185362,0.1715255499465722,1.0427605190160067,0.2291403917987429,0
0.23000000000000018,REST,0.2797742832165005,0.14864609221500147,0.895228386186597,0.4536021272185362,0.1715255499465722,1.0427605190160067,0.2291403917987429,0
0.23200000000000018,REST,0.2797742832165005,0.14864609221500147,0.895228386186597,0.4536021272185362,0.1715255499465722,1.0427605190160067,0.2291403917987429,0
0.23400000000000018,REST,0.2797742832165005,0.14864609221500147,0.895228386186597,0.4536021272185362,0.1715255499465722,1.0427605190160067,0.2291403917987429,0
0.23600000000000018,REST,0.2797742832165005,0.14864609221500147,0.895228386186597,0.4536021272185362,0.1715255499465722,1.0427605190160067,0.2291403917987429,0
0.23800000000000018,REST,0.2797742832165005,0.14864609221500147,0.895228386186597,0.4536021272185362,0.1715255499465722,1.0427605190160067,0.2291403917987429,0
0.24000000000000019,REST,0.2797742832165005,0.14864609221500147,0.895228386186597,0.4536021272185362,0.1715255499465722,1.0427605190160067,0.2291403917987429,0
0.2420000000000002,REST,0.2797742832165005,0.14864609221500147,0.895228386186597,0.4536021272185362,0.1715255499465722,1.0427605190160067,0.2291403917987429,0
0.2440000000000002,REST,0.2797742832165005,0.14864609221500147,0.895228386186597,0.4536021272185362,0.1715255499465722,1.0427605190160067,0.2291403917987429,0
0.2460000000000002,REST,0.2797742832165005,0.14864609221500147,0.895228386186597,0.4536021272185362,0.1715255499465722,1.0427605190160067,0.2291403917987429,0
0.2480000000000002,REST,0.2797742832165005,0.14864609221500147,0.895228386186597,0.4536021272185362,0.1715255499465722,1.0427605190160067,0.2291403917987429,0
0.25000000000000017,REST,0.2797742832165005,0.14864609221500147,0.895228386186597,0.4536021272185362,0.1715255499465722,1.0427605190160067,0.2291403917987429,0
0.25200000000000017,REST,0.2797742832165005,0.14864609221500147,0.895228386186597,0.4536021272185362,0.1715255499465722,1.0427605190160067,0.2291403917987429,0
0.25400000000000017,REST,0.2797742832165005,0.14864609221500147,0.895228386186597,0.4536021272185362,0.1715255499465722,1.0427605190160067,0.2291403917987429,0
0.25600000000000017,REST,0.2797742832165005,0.14864609221500147,0.895228386186597,0.4536021272185362,0.1715255499465722,1.0427605190160067,0.2291403917987429,0
0.2580000000000002,REST,0.2797742832165005,0.14864609221500147,0.895228386186597,0.4536021272185362,0.1715255499465722,1.0427605190160067,0.2291403917987429,0
0.2600000000000002,REST,0.2797742832165005,0.14864609221500147,0.895228386186597,0.4536021272185362,0.1715255499465722,1.0427605190160067,0.2291403917987429,0
0.2620000000000002,REST,0.2797742832165005,0.14864609221500147,0.895228386186597,0.4536021272185362,0.1715255499465722,1.0427605190160067,0.2291403917987429,0
0.2640000000000002,REST,0.2797742832165005,0.14864609221500147,0.895228386186597,0.4536021272185362,0.1715255499465722,1.0427605190160067,0.2291403917987429,0
0.2660000000000002,REST,0.2797742832165005,0.14864609221500147,0.895228386186597,0.4536021272185362,0.1715255499465722,1.0427605190160067,0.2291403917987429,0
0.2680000000000002,REST,0.2797742832165005,0.14864609221500147,0.895228386186597,0.4536021272185362,0.1715255499465722,1.0427605190160067,0.2291403917987429,0
0.2700000000000002,REST,0.2797742832165005,0.14864609221500147,0.895228386186597,0.4536021272185362,0.1715255499465722,1.0427605190160067,0.2291403917987429,0
0.2720000000000002,REST,0.2797742832165005,0.14864609221500147,0.895228386186597,0.4536021272185362,0.1715255499465722,1.0427605190160067,0.2291403917987429,0
0.2740000000000002,REST,0.2797742832165005,0.14864609221500147,0.895228386186597,0.4536021272185362,0.1715255499465722,1.0427605190160067,0.2291403917987429,0
0.2760000000000002,REST,0.2797742832165005,0.14864609221500147,0.895228386186597,0.4536021272185362,0.1715255499465722,1.0427605190160067,0.2291403917987429,0
0.2780000000000002,REST,0.2797742832165005,0.14864609221500147,0.895228386186597,0.4536021272185362,0.1715255499465722,1.0427605190160067,0.2291403917987429,0
0.2800000000000002,REST,0.2797742832165005,0.14864609221500147,0.895228386186597,0.4536021272185362,0.1715255499465722,1.0427605190160067,0.2291403917987429,0
0.2820000000000002,REST,0.2797742832165005,0.14864609221500147,0.895228386186597,0.4536021272185362,0.1715255499465722,1.0427605190160067,0.2291403917987429,0
0.2840000000000002,REST,0.2797742832165005,0.14864609221500147,0.895228386186597,0.4536021272185362,0.1715255499465722,1.0427605190160067,0.2291403917987429,0
0.2860000000000002,REST,0.2797742832165005,0.14864609221500147,0.895228386186597,0.4536021272185362,0.1715255499465722,1.0427605190160067,0.2291403917987429,0
0.2880000000000002,REST,0.2797742832165005,0.14864609221500147,0.895228386186597,0.4536021272185362,0.1715255499465722,1.0427605190160067,0.2291403917987429,0
0.2900000000000002,REST,0.2797742832165005,0.14864609221500147,0.895228386186597,0.4536021272185362,0.1715255499465722,1.0427605190160067,0.2291403917987429,0
0.2920000000000002,REST,0.2797742832165005,0.14864609221500147,0.895228386186597,0.4536021272185362,0.1715255499465722,1.0427605190160067,0.2291403917987429,0
0.2940000000000002,REST,0.2797742832165005,0.14864609221500147,0.895228386186597,0.4536021272185362,0.1715255499465722,1.0427605190160067,0.2291403917987429,0
0.2960000000000002,REST,0.2797742832165005,0.14864609221500147,0.895228386186597,0.4536021272185362,0.1715255499465722,1.0427605190160067,0.2291403917987429,0
0.2980000000000002,REST,0.2797742832165005,0.14864609221500147,0.895228386186597,0.4536021272185362,0.1715255499465722,1.0427605190160067,0.2291403917987429,0
0.3000000000000002,REST,0.2797742832165005,0.14864609221500147,0.895228386186597,0.4536021272185362,0.1715255499465722,1.0427605190160067,0.2291403917987429,0
0.3020000000000002,REST,0.2797742832165005,0.14864609221500147,0.895228386186597,0.4536021272185362,0.1715255499465722,1.0427605190160067,0.2291403917987429,0
0.3040000000000002,REST,0.2797742832165005,0.14864609221500147,0.895228386186597,0.4536021272185362,0.1715255499465722,1.0427605190160067,0.2291403917987429,0
0.3060000000000002,REST,0.2797742832165005,0.14864609221500147,0.895228386186597,0.4536021272185362,0.1715255499465722,1.0427605190160067,0.2291403917987429,0
0.3080000000000002,REST,0.2797742832165005,0.14864609221500147,0.895228386186597,0.4536021272185362,0.1715255499465722,1.0427605190160067,0.2291403917987429,0
0.3100000000000002,REST,0.2797742832165005,0.14864609221500147,0.895228386186597,0.4536021272185362,0.1715255499465722,1.0427605190160067,0.2291403917987429,0
0.3120000000000002,REST,0.2797742832165005,0.14864609221500147,0.895228386186597,0.4536021272185362,0.1715255499465722,1.0427605190160067,0.2291403917987429,0
0.3140000000000002,REST,0.2797742832165005,0.14864609221500147,0.895228386186597,0.4536021272185362,0.1715255499465722,1.0427605190160067,0.2291403917987429,0
0.3160000000000002,REST,0.2797742832165005,0.14864609221500147,0.895228386186597,0.4536021272185362,0.1715255499465722,1.0427605190160067,0.2291403917987429,0
0.3180000000000002,REST,0.2797742832165005,0.14864609221500147,0.895228386186597,0.4536021272185362,0.1715255499465722,1.0427605190160067,0.2291403917987429,0
0.32000000000000023,REST,0.2797742832165005,0.14864609221500147,0.895228386186597,0.4536021272185362,0.1715255499465722,1.0427605190160067,0.2291403917987429,0
0.32200000000000023,REST,0.2797742832165005,0.14864609221500147,0.895228386186597,0.4536021272185362,0.1715255499465722,1.0427605190160067,0.2291403917987429,0
0.32400000000000023,REST,0.2797742832165005,0.14864609221500147,0.895228386186597,0.4536021272185362,0.1715255499465722,1.0427605190160067,0.2291403917987429,0
0.32600000000000023,REST,0.2797742832165005,0.14864609221500147,0.895228386186597,0.4536021272185362,0.1715255499465722,1.0427605190160067,0.2291403917987429,0
0.32800000000000024,REST,0.2797742832165005,0.14864609221500147,0.895228386186597,0.4536021272185362,0.1715255499465722,1.0427605190160067,0.2291403917987429,0
0.33000000000000024,REST,0.2797742832165005,0.14864609221500147,0.895228386186597,0.4536021272185362,0.1715255499465722,1.0427605190160067,0.2291403917987429,0
0.33200000000000024,REST,0.2797742832165005,0.14864609221500147,0.895228386186597,0.4536021272185362,0.1715255499465722,1.0427605190160067,0.2291403917987429,0
0.33400000000000024,REST,0.2797742832165005,0.14864609221500147,0.895228386186597,0.4536021272185362,0.1715255499465722,1.0427605190160067,0.2291403917987429,0
0.33600000000000024,REST,0.2797742832165005,0.14864609221500147,0.895228386186597,0.4536021272185362,0.1715255499465722,1.0427605190160067,0.2291403917987429,0
0.33800000000000024,REST,0.2797742832165005,0.14864609221500147,0.895228386186597,0.4536021272185362,0.1715255499465722,1.0427605190160067,0.2291403917987429,0
0.34000000000000025,REST,0.2797742832165005,0.14864609221500147,0.895228386186597,0.4536021272185362,0.1715255499465722,1.0427605190160067,0.2291403917987429,0
0.34200000000000025,REST,0.2797742832165005,0.14864609221500147,0.895228386186597,0.4536021272185362,0.1715255499465722,1.0427605190160067,0.2291403917987429,0
0.34400000000000025,REST,0.2797742832165005,0.14864609221500147,0.895228386186597,0.4536021272185362,0.1715255499465722,1.0427605190160067,0.2291403917987429,0
0.34600000000000025,REST,0.2797742832165005,0.14864609221500147,0.895228386186597,0.4536021272185362,0.1715255499465722,1.0427605190160067,0.2291403917987429,0
0.34800000000000025,REST,0.2797742832165005,0.14864609221500147,0.895228386186597,0.4536021272185362,0.1715255499465722,1.0427605190160067,0.2291403917987429,0
0.35000000000000026,REST,0.2797742832165005,0.14864609221500147,0.895228386186597,0.4536021272185362,0.1715255499465722,1.0427605190160067,0.2291403917987429,0
0.35200000000000026,REST,0.2797742832165005,0.14864609221500147,0.895228386186597,0.4536021272185362,0.1715255499465722,1.0427605190160067,0.2291403917987429,0
0.35400000000000026,REST,0.2797742832165005,0.14864609221500147,0.895228386186597,0.4536021272185362,0.1715255499465722,1.0427605190160067,0.2291403917987429,0
0.35600000000000026,REST,0.2797742832165005,0.14864609221500147,0.895228386186597,0.4536021272185362,0.1715255499465722,1.0427605190160067,0.2291403917987429,0
0.35800000000000026,REST,0.2797742832165005,0.14864609221500147,0.895228386186597,0.4536021272185362,0.1715255499465722,1.0427605190160067,0.2291403917987429,0
0.36000000000000026,REST,0.2797742832165005,0.14864609221500147,0.895228386186597,0.4536021272185362,0.1715255499465722,1.0427605190160067,0.2291403917987429,0
0.36200000000000027,REST,0.2797742832165005,0.14864609221500147,0.895228386186597,0.4536021272185362,0.1715255499465722,1.0427605190160067,0.2291403917987429,0
0.36400000000000027,REST,0.2797742832165005,0.14864609221500147,0.895228386186597,0.4536021272185362,0.1715255499465722,1.0427605190160067,0.2291403917987429,0
0.36600000000000027,REST,0.2797742832165005,0.14864609221500147,0.895228386186597,0.4536021272185362,0.1715255499465722,1.0427605190160067,0.2291403917987429,0
0.36800000000000027,REST,0.2797742832165005,0.14864609221500147,0.895228386186597,0.4536021272185362,0.1715255499465722,1.0427605190160067,0.2291403917987429,0
0.3700000000000003,REST,0.2797742832165005,0.14864609221500147,0.895228386186597,0.4536021272185362,0.1715255499465722,1.0427605190160067,0.2291403917987429,0
0.3720000000000003,REST,0.2797742832165005,0.14864609221500147,0.895228386186597,0.4536021272185362,0.1715255499465722,1.0427605190160067,0.2291403917987429,0
0.3740000000000003,REST,0.2797742832165005,0.14864609221500147,0.895228386186597,0.4536021272185362,0.1715255499465722,1.0427605190160067,0.2291403917987429,0
0.3760000000000003,REST,0.2797742832165005,0.14864609221500147,0.895228386186597,0.4536021272185362,0.1715255499465722,1.0427605190160067,0.2291403917987429,0
0.3780000000000003,REST,0.2797742832165005,0.14864609221500147,0.895228386186597,0.4536021272185362,0.1715255499465722,1.0427605190160067,0.2291403917987429,0
0.3800000000000003,REST,0.2797742832165005,0.14864609221500147,0.895228386186597,0.4536021272185362,0.1715255499465722,1.0427605190160067,0.2291403917987429,0
0.3820000000000003,REST,0.2797742832165005,0.14864609221500147,0.895228386186597,0.4536021272185362,0.1715255499465722,1.0427605190160067,0.2291403917987429,0
0.3840000000000003,REST,0.2797742832165005,0.14864609221500147,0.895228386186597,0.4536021272185362,0.1715255499465722,1.0427605190160067,0.2291403917987429,0
0.3860000000000003,REST,0.2797742832165005,0.14864609221500147,0.895228386186597,0.4536021272185362,0.1715255499465722,1.0427605190160067,0.2291403917987429,0
0.3880000000000003,REST,0.2797742832165005,0.14864609221500147,0.895228386186597,0.4536021272185362,0.1715255499465722,1.0427605190160067,0.2291403917987429,0
0.3900000000000003,REST,0.2797742832165005,0.14864609221500147,0.895228386186597,0.4536021272185362,0.1715255499465722,1.0427605190160067,0.2291403917987429,0
0.3920000000000003,REST,0.2797742832165005,0.14864609221500147,0.895228386186597,0.4536021272185362,0.1715255499465722,1.0427605190160067,0.2291403917987429,0
0.3940000000000003,REST,0.2797742832165005,0.14864609221500147,0.895228386186597,0.4536021272185362,0.1715255499465722,1.0427605190160067,0.2291403917987429,0
0.3960000000000003,REST,0.2797742832165005,0.14864609221500147,0.895228386186597,0.4536021272185362,0.1715255499465722,1.0427605190160067,0.2291403917987429,0
0.3980000000000003,REST,0.2797742832165005,0.14864609221500147,0.895228386186597,0.4536021272185362,0.1715255499465722,1.0427605190160067,0.2291403917987429,0
0.4000000000000003,REST,0.2797742832165005,0.14864609221500147,0.895228386186597,0.4536021272185362,0.1715255499465722,1.0427605190160067,0.2291403917987429,0
0.4020000000000003,REST,0.2797742832165005,0.14864609221500147,0.895228386186597,0.4536021272185362,0.1715255499465722,1.0427605190160067,0.2291403917987429,0
0.4040000000000003,REST,0.2797742832165005,0.14864609221500147,0.895228386186597,0.4536021272185362,0.1715255499465722,1.0427605190160067,0.2291403917987429,0
0.4060000000000003,REST,0.2797742832165005,0.14864609221500147,0.895228386186597,0.4536021272185362,0.1715255499465722,1.0427605190160067,0.2291403917987429,0
0.4080000000000003,REST,0.2797742832165005,0.14864609221500147,0.895228386186597,0.4536021272185362,0.1715255499465722,1.0427605190160067,0.2291403917987429,0
0.4100000000000003,REST,0.2797742832165005,0.14864609221500147,0.895228386186597,0.4536021272185362,0.1715255499465722,1.0427605190160067,0.2291403917987429,0
0.4120000000000003,REST,0.2797742832165005,0.14864609221500147,0.895228386186597,0.4536021272185362,0.1715255499465722,1.0427605190160067,0.2291403917987429,0
0.4140000000000003,REST,0.2797742832165005,0.14864609221500147,0.895228386186597,0.4536021272185362,0.1715255499465722,1.0427605190160067,0.2291403917987429,0
0.4160000000000003,REST,0.2797742832165005,0.14864609221500147,0.895228386186597,0.4536021272185362,0.1715255499465722,1.0427605190160067,0.2291403917987429,0
0.4180000000000003,REST,0.2797742832165005,0.14864609221500147,0.895228386186597,0.4536021272185362,0.1715255499465722,1.0427605190160067,0.2291403917987429,0
0.4200000000000003,REST,0.2797742832165005,0.14864609221500147,0.895228386186597,0.4536021272185362,0.1715255499465722,1.0427605190160067,0.2291403917987429,0
0.4220000000000003,REST,0.2797742832165005,0.14864609221500147,0.895228386186597,0.4536021272185362,0.1715255499465722,1.0427605190160067,0.2291403917987429,0
0.4240000000000003,REST,0.2797742832165005,0.14864609221500147,0.895228386186597,0.4536021272185362,0.1715255499465722,1.0427605190160067,0.2291403917987429,0
0.4260000000000003,REST,0.2797742832165005,0.14864609221500147,0.895228386186597,0.4536021272185362,0.1715255499465722,1.0427605190160067,0.2291403917987429,0
0.4280000000000003,REST,0.2797742832165005,0.14864609221500147,0.895228386186597,0.4536021272185362,0.1715255499465722,1.0427605190160067,0.2291403917987429,0
0.4300000000000003,REST,0.2797742832165005,0.14864609221500147,0.895228386186597,0.4536021272185362,0.1715255499465722,1.0427605190160067,0.2291403917987429,0
0.43200000000000033,REST,0.2797742832165005,0.14864609221500147,0.895228386186597,0.4536021272185362,0.1715255499465722,1.0427605190160067,0.2291403917987429,0
0.43400000000000033,REST,0.2797742832165005,0.14864609221500147,0.895228386186597,0.4536021272185362,0.1715255499465722,1.0427605190160067,0.2291403917987429,0
0.43600000000000033,REST,0.2797742832165005,0.14864609221500147,0.895228386186597,0.4536021272185362,0.1715255499465722,1.0427605190160067,0.2291403917987429,0
0.43800000000000033,REST,0.2797742832165005,0.14864609221500147,0.895228386186597,0.4536021272185362,0.1715255499465722,1.0427605190160067,0.2291403917987429,0
0.44000000000000034,REST,0.2797742832165005,0.14864609221500147,0.895228386186597,0.4536021272185362,0.1715255499465722,1.0427605190160067,0.2291403917987429,0
0.44200000000000034,REST,0.2797742832165005,0.14864609221500147,0.895228386186597,0.4536021272185362,0.1715255499465722,1.0427605190160067,0.2291403917987429,0
0.44400000000000034,REST,0.2797742832165005,0.14864609221500147,0.895228386186597,0.4536021272185362,0.1715255499465722,1.0427605190160067,0.2291403917987429,0
0.44600000000000034,REST,0.2797742832165005,0.14864609221500147,0.895228386186597,0.4536021272185362,0.1715255499465722,1.0427605190160067,0.2291403917987429,0
0.44800000000000034,REST,0.2797742832165005,0.14864609221500147,0.895228386186597,0.4536021272185362,0.1715255499465722,1.0427605190160067,0.2291403917987429,0
0.45000000000000034,REST,0.2797742832165005,0.14864609221500147,0.895228386186597,0.4536021272185362,0.1715255499465722,1.0427605190160067,0.2291403917987429,0
0.45200000000000035,REST,0.2797742832165005,0.14864609221500147,0.895228386186597,0.4536021272185362,0.1715255499465722,1.0427605190160067,0.2291403917987429,0
0.45400000000000035,REST,0.2797742832165005,0.14864609221500147,0.895228386186597,0.4536021272185362,0.1715255499465722,1.0427605190160067,0.2291403917987429,0
0.45600000000000035,REST,0.2797742832165005,0.14864609221500147,0.895228386186597,0.4536021272185362,0.1715255499465722,1.0427605190160067,0.2291403917987429,0
0.45800000000000035,REST,0.2797742832165005,0.14864609221500147,0.895228386186597,0.4536021272185362,0.1715255499465722,1.0427605190160067,0.2291403917987429,0
0.46000000000000035,REST,0.2797742832165005,0.14864609221500147,0.895228386186597,0.4536021272185362,0.1715255499465722,1.0427605190160067,0.2291403917987429,0
0.46200000000000035,REST,0.2797742832165005,0.14864609221500147,0.895228386186597,0.4536021272185362,0.1715255499465722,1.0427605190160067,0.2291403917987429,0
0.46400000000000036,REST,0.2797742832165005,0.14864609221500147,0.895228386186597,0.4536021272185362,0.1715255499465722,1.0427605190160067,0.2291403917987429,0
0.46600000000000036,REST,0.2797742832165005,0.14864609221500147,0.895228386186597,0.4536021272185362,0.1715255499465722,1.0427605190160067,0.2291403917987429,0
0.46800000000000036,REST,0.2797742832165005,0.14864609221500147,0.895228386186597,0.4536021272185362,0.1715255499465722,1.0427605190160067,0.2291403917987429,0
0.47000000000000036,REST,0.2797742832165005,0.14864609221500147,0.895228386186597,0.4536021272185362,0.1715255499465722,1.0427605190160067,0.2291403917987429,0
0.47200000000000036,REST,0.2797742832165005,0.14864609221500147,0.895228386186597,0.4536021272185362,0.1715255499465722,1.0427605190160067,0.2291403917987429,0
0.47400000000000037,REST,0.2797742832165005,0.14864609221500147,0.895228386186597,0.4536021272185362,0.1715255499465722,1.0427605190160067,0.2291403917987429,0
0.47600000000000037,REST,0.2797742832165005,0.14864609221500147,0.895228386186597,0.4536021272185362,0.1715255499465722,1.0427605190160067,0.2291403917987429,0
0.47800000000000037,REST,0.2797742832165005,0.14864609221500147,0.895228386186597,0.4536021272185362,0.1715255499465722,1.0427605190160067,0.2291403917987429,0
0.48000000000000037,REST,0.2797742832165005,0.14864609221500147,0.895228386186597,0.4536021272185362,0.1715255499465722,1.0427605190160067,0.2291403917987429,0
0.4820000000000004,REST,0.2797742832165005,0.14864609221500147,0.895228386186597,0.4536021272185362,0.1715255499465722,1.0427605190160067,0.2291403917987429,0
0.4840000000000004,REST,0.2797742832165005,0.14864609221500147,0.895228386186597,0.4536021272185362,0.1715255499465722,1.0427605190160067,0.2291403917987429,0
0.4860000000000004,REST,0.2797742832165005,0.14864609221500147,0.895228386186597,0.4536021272185362,0.1715255499465722,1.0427605190160067,0.2291403917987429,0
0.4880000000000004,REST,0.2797742832165005,0.14864609221500147,0.895228386186597,0.4536021272185362,0.1715255499465722,1.0427605190160067,0.2291403917987429,0
0.4900000000000004,REST,0.2797742832165005,0.14864609221500147,0.895228386186597,0.4536021272185362,0.1715255499465722,1.0427605190160067,0.2291403917987429,0
0.4920000000000004,REST,0.2797742832165005,0.14864609221500147,0.895228386186597,0.4536021272185362,0.1715255499465722,1.0427605190160067,0.2291403917987429,0
0.4940000000000004,REST,0.2797742832165005,0.14864609221500147,0.895228386186597,0.4536021272185362,0.1715255499465722,1.0427605190160067,0.2291403917987429,0
0.4960000000000004,REST,0.2797742832165005,0.14864609221500147,0.895228386186597,0.4536021272185362,0.1715255499465722,1.0427605190160067,0.2291403917987429,0
0.4980000000000004,REST,0.2797742832165005,0.14864609221500147,0.895228386186597,0.4536021272185362,0.1715255499465722,1.0427605190160067,0.2291403917987429,0
0.5000000000000003,REST,0.2797742832165005,0.14864609221500147,0.895228386186597,0.4536021272185362,0.1715255499465722,1.0427605190160067,0.2291403917987429,0
0.5020000000000003,REST,0.2797742832165005,0.14864609221500147,0.895228386186597,0.4536021272185362,0.1715255499465722,1.0427605190160067,0.2291403917987429,0
0.5040000000000003,REST,0.2797742832165005,0.14864609221500147,0.895228386186597,0.4536021272185362,0.1715255499465722,1.0427605190160067,0.2291403917987429,0
0.5060000000000003,REST,0.2797742832165005,0.14864609221500147,0.895228386186597,0.4536021272185362,0.1715255499465722,1.0427605190160067,0.2291403917987429,0
0.5080000000000003,REST,0.2797742832165005,0.14864609221500147,0.895228386186597,0.4536021272185362,0.1715255499465722,1.0427605190160067,0.2291403917987429,0
0.5100000000000003,REST,0.2797742832165005,0.14864609221500147,0.895228386186597,0.4536021272185362,0.1715255499465722,1.0427605190160067,0.2291403917987429,0
0.5120000000000003,REST,0.2797742832165005,0.14864609221500147,0.895228386186597,0.4536021272185362,0.1715255499465722,1.0427605190160067,0.2291403917987429,0
0.5140000000000003,REST,0.2797742832165005,0.14864609221500147,0.895228386186597,0.4536021272185362,0.1715255499465722,1.0427605190160067,0.2291403917987429,0
0.5160000000000003,REST,0.2797742832165005,0.14864609221500147,0.895228386186597,0.4536021272185362,0.1715255499465722,1.0427605190160067,0.2291403917987429,0
0.5180000000000003,REST,0.2797742832165005,0.14864609221500147,0.895228386186597,0.4536021272185362,0.1715255499465722,1.0427605190160067,0.2291403917987429,0
0.5200000000000004,REST,0.2797742832165005,0.14864609221500147,0.895228386186597,0.4536021272185362,0.1715255499465722,1.0427605190160067,0.2291403917987429,0
0.5220000000000004,REST,0.2797742832165005,0.14864609221500147,0.895228386186597,0.4536021272185362,0.1715255499465722,1.0427605190160067,0.2291403917987429,0
0.5240000000000004,REST,0.2797742832165005,0.14864609221500147,0.895228386186597,0.4536021272185362,0.1715255499465722,1.0427605190160067,0.2291403917987429,0
0.5260000000000004,REST,0.2797742832165005,0.14864609221500147,0.895228386186597,0.4536021272185362,0.1715255499465722,1.0427605190160067,0.2291403917987429,0
0.5280000000000004,REST,0.2797742832165005,0.14864609221500147,0.895228386186597,0.4536021272185362,0.1715255499465722,1.0427605190160067,0.2291403917987429,0
0.5300000000000004,REST,0.2797742832165005,0.14864609221500147,0.895228386186597,0.4536021272185362,0.1715255499465722,1.0427605190160067,0.2291403917987429,0
0.5320000000000004,REST,0.2797742832165005,0.14864609221500147,0.895228386186597,0.4536021272185362,0.1715255499465722,1.0427605190160067,0.2291403917987429,0
0.5340000000000004,REST,0.2797742832165005,0.14864609221500147,0.895228386186597,0.4536021272185362,0.1715255499465722,1.0427605190160067,0.2291403917987429,0
0.5360000000000004,REST,0.2797742832165005,0.14864609221500147,0.895228386186597,0.4536021272185362,0.1715255499465722,1.0427605190160067,0.2291403917987429,0
0.5380000000000004,REST,0.2797742832165005,0.14864609221500147,0.895228386186597,0.4536021272185362,0.1715255499465722,1.0427605190160067,0.2291403917987429,0
0.5400000000000004,REST,0.2797742832165005,0.14864609221500147,0.895228386186597,0.4536021272185362,0.1715255499465722,1.0427605190160067,0.2291403917987429,0
0.5420000000000004,REST,0.2797742832165005,0.14864609221500147,0.895228386186597,0.4536021272185362,0.1715255499465722,1.0427605190160067,0.2291403917987429,0
0.5440000000000004,REST,0.2797742832165005,0.14864609221500147,0.895228386186597,0.4536021272185362,0.1715255499465722,1.0427605190160067,0.2291403917987429,0
0.5460000000000004,REST,0.2797742832165005,0.14864609221500147,0.895228386186597,0.4536021272185362,0.1715255499465722,1.0427605190160067,0.2291403917987429,0
0.5480000000000004,REST,0.2797742832165005,0.14864609221500147,0.895228386186597,0.4536021272185362,0.1715255499465722,1.0427605190160067,0.2291403917987429,0
0.5500000000000004,REST,0.2797742832165005,0.14864609221500147,0.895228386186597,0.4536021272185362,0.1715255499465722,1.0427605190160067,0.2291403917987429,0
0.5520000000000004,REST,0.2797742832165005,0.14864609221500147,0.895228386186597,0.4536021272185362,0.1715255499465722,1.0427605190160067,0.2291403917987429,0
0.5540000000000004,REST,0.2797742832165005,0.14864609221500147,0.895228386186597,0.4536021272185362,0.1715255499465722,1.0427605190160067,0.2291403917987429,0
0.5560000000000004,REST,0.2797742832165005,0.14864609221500147,0.895228386186597,0.4536021272185362,0.1715255499465722,1.0427605190160067,0.2291403917987429,0
0.5580000000000004,REST,0.2797742832165005,0.14864609221500147,0.895228386186597,0.4536021272185362,0.1715255499465722,1.0427605190160067,0.2291403917987429,0
0.5600000000000004,REST,0.2797742832165005,0.14864609221500147,0.895228386186597,0.4536021272185362,0.1715255499465722,1.0427605190160067,0.2291403917987429,0
0.5620000000000004,REST,0.2797742832165005,0.14864609221500147,0.895228386186597,0.4536021272185362,0.1715255499465722,1.0427605190160067,0.2291403917987429,0
0.5640000000000004,REST,0.2797742832165005,0.14864609221500147,0.895228386186597,0.4536021272185362,0.1715255499465722,1.0427605190160067,0.2291403917987429,0
0.5660000000000004,REST,0.2797742832165005,0.14864609221500147,0.895228386186597,0.4536021272185362,0.1715255499465722,1.0427605190160067,0.2291403917987429,0
0.5680000000000004,REST,0.2797742832165005,0.14864609221500147,0.895228386186597,0.4536021272185362,0.1715255499465722,1.0427605190160067,0.2291403917987429,0
0.5700000000000004,REST,0.2797742832165005,0.14864609221500147,0.895228386186597,0.4536021272185362,0.1715255499465722,1.0427605190160067,0.2291403917987429,0
0.5720000000000004,REST,0.2797742832165005,0.14864609221500147,0.895228386186597,0.4536021272185362,0.1715255499465722,1.0427605190160067,0.2291403917987429,0
0.5740000000000004,REST,0.2797742832165005,0.14864609221500147,0.895228386186597,0.4536021272185362,0.1715255499465722,1.0427605190160067,0.2291403917987429,0
0.5760000000000004,REST,0.2797742832165005,0.14864609221500147,0.895228386186597,0.4536021272185362,0.1715255499465722,1.0427605190160067,0.2291403917987429,0
0.5780000000000004,REST,0.2797742832165005,0.14864609221500147,0.895228386186597,0.4536021272185362,0.1715255499465722,1.0427605190160067,0.2291403917987429,0
0.5800000000000004,REST,0.2797742832165005,0.14864609221500147,0.895228386186597,0.4536021272185362,0.1715255499465722,1.0427605190160067,0.2291403917987429,0
0.5820000000000004,REST,0.2797742832165005,0.14864609221500147,0.895228386186597,0.4536021272185362,0.1715255499465722,1.0427605190160067,0.2291403917987429,0
0.5840000000000004,REST,0.2797742832165005,0.14864609221500147,0.895228386186597,0.4536021272185362,0.1715255499465722,1.0427605190160067,0.2291403917987429,0
0.5860000000000004,REST,0.2797742832165005,0.14864609221500147,0.895228386186597,0.4536021272185362,0.1715255499465722,1.0427605190160067,0.2291403917987429,0
0.5880000000000004,REST,0.2797742832165005,0.14864609221500147,0.895228386186597,0.4536021272185362,0.1715255499465722,1.0427605190160067,0.2291403917987429,0
0.5900000000000004,REST,0.2797742832165005,0.14864609221500147,0.895228386186597,0.4536021272185362,0.1715255499465722,1.0427605190160067,0.2291403917987429,0
0.5920000000000004,REST,0.2797742832165005,0.14864609221500147,0.895228386186597,0.4536021272185362,0.1715255499465722,1.0427605190160067,0.2291403917987429,0
0.5940000000000004,REST,0.2797742832165005,0.14864609221500147,0.895228386186597,0.4536021272185362,0.1715255499465722,1.0427605190160067,0.2291403917987429,0
0.5960000000000004,REST,0.2797742832165005,0.14864609221500147,0.895228386186597,0.4536021272185362,0.1715255499465722,1.0427605190160067,0.2291403917987429,0
0.5980000000000004,REST,0.2797742832165005,0.14864609221500147,0.895228386186597,0.4536021272185362,0.1715255499465722,1.0427605190160067,0.2291403917987429,0
0.6000000000000004,REST,0.2797742832165005,0.14864609221500147,0.895228386186597,0.4536021272185362,0.1715255499465722,1.0427605190160067,0.2291403917987429,0
0.6020000000000004,REST,0.2797742832165005,0.14864609221500147,0.895228386186597,0.4536021272185362,0.1715255499465722,1.0427605190160067,0.2291403917987429,0
0.6040000000000004,REST,0.2797742832165005,0.14864609221500147,0.895228386186597,0.4536021272185362,0.1715255499465722,1.0427605190160067,0.2291403917987429,0
0.6060000000000004,REST,0.2797742832165005,0.14864609221500147,0.895228386186597,0.4536021272185362,0.1715255499465722,1.0427605190160067,0.2291403917987429,0
0.6080000000000004,REST,0.2797742832165005,0.14864609221500147,0.895228386186597,0.4536021272185362,0.1715255499465722,1.0427605190160067,0.2291403917987429,0
0.6100000000000004,REST,0.2797742832165005,0.14864609221500147,0.895228386186597,0.4536021272185362,0.1715255499465722,1.0427605190160067,0.2291403917987429,0
0.6120000000000004,REST,0.2797742832165005,0.14864609221500147,0.895228386186597,0.4536021272185362,0.1715255499465722,1.0427605190160067,0.2291403917987429,0
0.6140000000000004,REST,0.2797742832165005,0.14864609221500147,0.895228386186597,0.4536021272185362,0.1715255499465722,1.0427605190160067,0.2291403917987429,0
0.6160000000000004,REST,0.2797742832165005,0.14864609221500147,0.895228386186597,0.4536021272185362,0.1715255499465722,1.0427605190160067,0.2291403917987429,0
0.6180000000000004,REST,0.2797742832165005,0.14864609221500147,0.895228386186597,0.4536021272185362,0.1715255499465722,1.0427605190160067,0.2291403917987429,0
0.6200000000000004,REST,0.2797742832165005,0.14864609221500147,0.895228386186597,0.4536021272185362,0.1715255499465722,1.0427605190160067,0.2291403917987429,0
0.6220000000000004,REST,0.2797742832165005,0.14864609221500147,0.895228386186597,0.4536021272185362,0.1715255499465722,1.0427605190160067,0.2291403917987429,0
0.6240000000000004,REST,0.2797742832165005,0.14864609221500147,0.895228386186597,0.4536021272185362,0.1715255499465722,1.0427605190160067,0.2291403917987429,0
0.6260000000000004,REST,0.2797742832165005,0.14864609221500147,0.895228386186597,0.4536021272185362,0.1715255499465722,1.0427605190160067,0.2291403917987429,0
0.6280000000000004,REST,0.2797742832165005,0.14864609221500147,0.895228386186597,0.4536021272185362,0.1715255499465722,1.0427605190160067,0.2291403917987429,0
0.6300000000000004,REST,0.2797742832165005,0.14864609221500147,0.895228386186597,0.4536021272185362,0.1715255499465722,1.0427605190160067,0.2291403917987429,0
0.6320000000000005,REST,0.2797742832165005,0.14864609221500147,0.895228386186597,0.4536021272185362,0.1715255499465722,1.0427605190160067,0.2291403917987429,0
0.6340000000000005,REST,0.2797742832165005,0.14864609221500147,0.895228386186597,0.4536021272185362,0.1715255499465722,1.0427605190160067,0.2291403917987429,0
0.6360000000000005,REST,0.2797742832165005,0.14864609221500147,0.895228386186597,0.4536021272185362,0.1715255499465722,1.0427605190160067,0.2291403917987429,0
0.6380000000000005,REST,0.2797742832165005,0.14864609221500147,0.895228386186597,0.4536021272185362,0.1715255499465722,1.0427605190160067,0.2291403917987429,0
0.6400000000000005,REST,0.2797742832165005,0.14864609221500147,0.895228386186597,0.4536021272185362,0.1715255499465722,1.0427605190160067,0.2291403917987429,0
0.6420000000000005,REST,0.2797742832165005,0.14864609221500147,0.895228386186597,0.4536021272185362,0.1715255499465722,1.0427605190160067,0.2291403917987429,0
0.6440000000000005,REST,0.2797742832165005,0.14864609221500147,0.895228386186597,0.4536021272185362,0.1715255499465722,1.0427605190160067,0.2291403917987429,0
0.6460000000000005,REST,0.2797742832165005,0.14864609221500147,0.895228386186597,0.4536021272185362,0.1715255499465722,1.0427605190160067,0.2291403917987429,0
0.6480000000000005,REST,0.2797742832165005,0.14864609221500147,0.895228386186597,0.4536021272185362,0.1715255499465722,1.0427605190160067,0.2291403917987429,0
0.6500000000000005,REST,0.2797742832165005,0.14864609221500147,0.895228386186597,0.4536021272185362,0.1715255499465722,1.0427605190160067,0.2291403917987429,0
0.6520000000000005,REST,0.2797742832165005,0.14864609221500147,0.895228386186597,0.4536021272185362,0.1715255499465722,1.0427605190160067,0.2291403917987429,0
0.6540000000000005,REST,0.2797742832165005,0.14864609221500147,0.895228386186597,0.4536021272185362,0.1715255499465722,1.0427605190160067,0.2291403917987429,0
0.6560000000000005,REST,0.2797742832165005,0.14864609221500147,0.895228386186597,0.4536021272185362,0.1715255499465722,1.0427605190160067,0.2291403917987429,0
0.6580000000000005,REST,0.2797742832165005,0.14864609221500147,0.895228386186597,0.4536021272185362,0.1715255499465722,1.0427605190160067,0.2291403917987429,0
0.6600000000000005,REST,0.2797742832165005,0.14864609221500147,0.895228386186597,0.4536021272185362,0.1715255499465722,1.0427605190160067,0.2291403917987429,0
0.6620000000000005,REST,0.2797742832165005,0.14864609221500147,0.895228386186597,0.4536021272185362,0.1715255499465722,1.0427605190160067,0.2291403917987429,0
0.6640000000000005,REST,0.2797742832165005,0.14864609221500147,0.895228386186597,0.4536021272185362,0.1715255499465722,1.0427605190160067,0.2291403917987429,0
0.6660000000000005,REST,0.2797742832165005,0.14864609221500147,0.895228386186597,0.4536021272185362,0.1715255499465722,1.0427605190160067,0.2291403917987429,0
0.6680000000000005,REST,0.2797742832165005,0.14864609221500147,0.895228386186597,0.4536021272185362,0.1715255499465722,1.0427605190160067,0.2291403917987429,0
0.6700000000000005,REST,0.2797742832165005,0.14864609221500147,0.895228386186597,0.4536021272185362,0.1715255499465722,1.0427605190160067,0.2291403917987429,0
0.6720000000000005,REST,0.2797742832165005,0.14864609221500147,0.895228386186597,0.4536021272185362,0.1715255499465722,1.0427605190160067,0.2291403917987429,0
0.6740000000000005,REST,0.2797742832165005,0.14864609221500147,0.895228386186597,0.4536021272185362,0.1715255499465722,1.0427605190160067,0.2291403917987429,0
0.6760000000000005,REST,0.2797742832165005,0.14864609221500147,0.895228386186597,0.4536021272185362,0.1715255499465722,1.0427605190160067,0.2291403917987429,0
0.6780000000000005,REST,0.2797742832165005,0.14864609221500147,0.895228386186597,0.4536021272185362,0.1715255499465722,1.0427605190160067,0.2291403917987429,0
0.6800000000000005,REST,0.2797742832165005,0.14864609221500147,0.895228386186597,0.4536021272185362,0.1715255499465722,1.0427605190160067,0.2291403917987429,0
0.6820000000000005,REST,0.2797742832165005,0.14864609221500147,0.895228386186597,0.4536021272185362,0.1715255499465722,1.0427605190160067,0.2291403917987429,0
0.6840000000000005,REST,0.2797742832165005,0.14864609221500147,0.895228386186597,0.4536021272185362,0.1715255499465722,1.0427605190160067,0.2291403917987429,0
0.6860000000000005,REST,0.2797742832165005,0.14864609221500147,0.895228386186597,0.4536021272185362,0.1715255499465722,1.0427605190160067,0.2291403917987429,0
0.6880000000000005,REST,0.2797742832165005,0.14864609221500147,0.895228386186597,0.4536021272185362,0.1715255499465722,1.0427605190160067,0.2291403917987429,0
0.6900000000000005,REST,0.2797742832165005,0.14864609221500147,0.895228386186597,0.4536021272185362,0.1715255499465722,1.0427605190160067,0.2291403917987429,0
0.6920000000000005,REST,0.2797742832165005,0.14864609221500147,0.895228386186597,0.4536021272185362,0.1715255499465722,1.0427605190160067,0.2291403917987429,0
0.6940000000000005,REST,0.2797742832165005,0.14864609221500147,0.895228386186597,0.4536021272185362,0.1715255499465722,1.0427605190160067,0.2291403917987429,0
0.6960000000000005,REST,0.2797742832165005,0.14864609221500147,0.895228386186597,0.4536021272185362,0.1715255499465722,1.0427605190160067,0.2291403917987429,0
0.6980000000000005,REST,0.2797742832165005,0.14864609221500147,0.895228386186597,0.4536021272185362,0.1715255499465722,1.0427605190160067,0.2291403917987429,0
0.7000000000000005,REST,0.2797742832165005,0.14864609221500147,0.895228386186597,0.4536021272185362,0.1715255499465722,1.0427605190160067,0.2291403917987429,0
0.7020000000000005,REST,0.2797742832165005,0.14864609221500147,0.895228386186597,0.4536021272185362,0.1715255499465722,1.0427605190160067,0.2291403917987429,0
0.7040000000000005,REST,0.2797742832165005,0.14864609221500147,0.895228386186597,0.4536021272185362,0.1715255499465722,1.0427605190160067,0.2291403917987429,0
0.7060000000000005,REST,0.2797742832165005,0.14864609221500147,0.895228386186597,0.4536021272185362,0.1715255499465722,1.0427605190160067,0.2291403917987429,0
0.7080000000000005,REST,0.2797742832165005,0.14864609221500147,0.895228386186597,0.4536021272185362,0.1715255499465722,1.0427605190160067,0.2291403917987429,0
0.7100000000000005,REST,0.2797742832165005,0.14864609221500147,0.895228386186597,0.4536021272185362,0.1715255499465722,1.0427605190160067,0.2291403917987429,0
0.7120000000000005,REST,0.2797742832165005,0.14864609221500147,0.895228386186597,0.4536021272185362,0.1715255499465722,1.0427605190160067,0.2291403917987429,0
0.7140000000000005,REST,0.2797742832165005,0.14864609221500147,0.895228386186597,0.4536021272185362,0.1715255499465722,1.0427605190160067,0.2291403917987429,0
0.7160000000000005,REST,0.2797742832165005,0.14864609221500147,0.895228386186597,0.4536021272185362,0.1715255499465722,1.0427605190160067,0.2291403917987429,0
0.7180000000000005,REST,0.2797742832165005,0.14864609221500147,0.895228386186597,0.4536021272185362,0.1715255499465722,1.0427605190160067,0.2291403917987429,0
0.7200000000000005,REST,0.2797742832165005,0.14864609221500147,0.895228386186597,0.4536021272185362,0.1715255499465722,1.0427605190160067,0.2291403917987429,0
0.7220000000000005,REST,0.2797742832165005,0.14864609221500147,0.895228386186597,0.4536021272185362,0.1715255499465722,1.0427605190160067,0.2291403917987429,0
0.7240000000000005,REST,0.2797742832165005,0.14864609221500147,0.895228386186597,0.4536021272185362,0.1715255499465722,1.0427605190160067,0.2291403917987429,0
0.7260000000000005,REST,0.2797742832165005,0.14864609221500147,0.895228386186597,0.4536021272185362,0.1715255499465722,1.0427605190160067,0.2291403917987429,0
0.7280000000000005,REST,0.2797742832165005,0.14864609221500147,0.895228386186597,0.4536021272185362,0.1715255499465722,1.0427605190160067,0.2291403917987429,0
0.7300000000000005,REST,0.2797742832165005,0.14864609221500147,0.895228386186597,0.4536021272185362,0.1715255499465722,1.0427605190160067,0.2291403917987429,0
0.7320000000000005,REST,0.2797742832165005,0.14864609221500147,0.895228386186597,0.4536021272185362,0.1715255499465722,1.0427605190160067,0.2291403917987429,0
0.7340000000000005,REST,0.2797742832165005,0.14864609221500147,0.895228386186597,0.4536021272185362,0.1715255499465722,1.0427605190160067,0.2291403917987429,0
0.7360000000000005,REST,0.2797742832165005,0.14864609221500147,0.895228386186597,0.4536021272185362,0.1715255499465722,1.0427605190160067,0.2291403917987429,0
0.7380000000000005,REST,0.2797742832165005,0.14864609221500147,0.895228386186597,0.4536021272185362,0.1715255499465722,1.0427605190160067,0.2291403917987429,0
0.7400000000000005,REST,0.2797742832165005,0.14864609221500147,0.895228386186597,0.4536021272185362,0.1715255499465722,1.0427605190160067,0.2291403917987429,0
0.7420000000000005,REST,0.2797742832165005,0.14864609221500147,0.895228386186597,0.4536021272185362,0.1715255499465722,1.0427605190160067,0.2291403917987429,0
0.7440000000000005,REST,0.2797742832165005,0.14864609221500147,0.895228386186597,0.4536021272185362,0.1715255499465722,1.0427605190160067,0.2291403917987429,0
0.7460000000000006,REST,0.2797742832165005,0.14864609221500147,0.895228386186597,0.4536021272185362,0.1715255499465722,1.0427605190160067,0.2291403917987429,0
0.7480000000000006,REST,0.2797742832165005,0.14864609221500147,0.895228386186597,0.4536021272185362,0.1715255499465722,1.0427605190160067,0.2291403917987429,0
0.7500000000000006,REST,0.2797742832165005,0.14864609221500147,0.895228386186597,0.4536021272185362,0.1715255499465722,1.0427605190160067,0.2291403917987429,0
0.7520000000000006,REST,0.2797742832165005,0.14864609221500147,0.895228386186597,0.4536021272185362,0.1715255499465722,1.0427605190160067,0.2291403917987429,0
0.7540000000000006,REST,0.2797742832165005,0.14864609221500147,0.895228386186597,0.4536021272185362,0.1715255499465722,1.0427605190160067,0.2291403917987429,0
0.7560000000000006,REST,0.2797742832165005,0.14864609221500147,0.895228386186597,0.4536021272185362,0.1715255499465722,1.0427605190160067,0.2291403917987429,0
0.7580000000000006,REST,0.2797742832165005,0.14864609221500147,0.895228386186597,0.4536021272185362,0.1715255499465722,1.0427605190160067,0.2291403917987429,0
0.7600000000000006,REST,0.2797742832165005,0.14864609221500147,0.895228386186597,0.4536021272185362,0.1715255499465722,1.0427605190160067,0.2291403917987429,0
0.7620000000000006,REST,0.2797742832165005,0.14864609221500147,0.895228386186597,0.4536021272185362,0.1715255499465722,1.0427605190160067,0.2291403917987429,0
0.7640000000000006,REST,0.2797742832165005,0.14864609221500147,0.895228386186597,0.4536021272185362,0.1715255499465722,1.0427605190160067,0.2291403917987429,0
0.7660000000000006,REST,0.2797742832165005,0.14864609221500147,0.895228386186597,0.4536021272185362,0.1715255499465722,1.0427605190160067,0.2291403917987429,0
0.7680000000000006,REST,0.2797742832165005,0.14864609221500147,0.895228386186597,0.4536021272185362,0.1715255499465722,1.0427605190160067,0.2291403917987429,0
0.7700000000000006,REST,0.2797742832165005,0.14864609221500147,0.895228386186597,0.4536021272185362,0.1715255499465722,1.0427605190160067,0.2291403917987429,0
0.7720000000000006,REST,0.2797742832165005,0.14864609221500147,0.895228386186597,0.4536021272185362,0.1715255499465722,1.0427605190160067,0.2291403917987429,0
0.7740000000000006,REST,0.2797742832165005,0.14864609221500147,0.895228386186597,0.4536021272185362,0.1715255499465722,1.0427605190160067,0.2291403917987429,0
0.7760000000000006,REST,0.2797742832165005,0.14864609221500147,0.895228386186597,0.4536021272185362,0.1715255499465722,1.0427605190160067,0.2291403917987429,0
0.7780000000000006,REST,0.2797742832165005,0.14864609221500147,0.895228386186597,0.4536021272185362,0.1715255499465722,1.0427605190160067,0.2291403917987429,0
0.7800000000000006,REST,0.2797742832165005,0.14864609221500147,0.895228386186597,0.4536021272185362,0.1715255499465722,1.0427605190160067,0.2291403917987429,0
0.7820000000000006,REST,0.2797742832165005,0.14864609221500147,0.895228386186597,0.4536021272185362,0.1715255499465722,1.0427605190160067,0.2291403917987429,0
0.7840000000000006,REST,0.2797742832165005,0.14864609221500147,0.895228386186597,0.4536021272185362,0.1715255499465722,1.0427605190160067,0.2291403917987429,0
0.7860000000000006,REST,0.2797742832165005,0.14864609221500147,0.895228386186597,0.4536021272185362,0.1715255499465722,1.0427605190160067,0.2291403917987429,0
0.7880000000000006,REST,0.2797742832165005,0.14864609221500147,0.895228386186597,0.4536021272185362,0.1715255499465722,1.0427605190160067,0.2291403917987429,0
0.7900000000000006,REST,0.2797742832165005,0.14864609221500147,0.895228386186597,0.4536021272185362,0.1715255499465722,1.0427605190160067,0.2291403917987429,0
0.7920000000000006,REST,0.2797742832165005,0.14864609221500147,0.895228386186597,0.4536021272185362,0.1715255499465722,1.0427605190160067,0.2291403917987429,0
0.7940000000000006,REST,0.2797742832165005,0.14864609221500147,0.895228386186597,0.4536021272185362,0.1715255499465722,1.0427605190160067,0.2291403917987429,0
0.7960000000000006,REST,0.2797742832165005,0.14864609221500147,0.895228386186597,0.4536021272185362,0.1715255499465722,1.0427605190160067,0.2291403917987429,0
0.7980000000000006,REST,0.2797742832165005,0.14864609221500147,0.895228386186597,0.4536021272185362,0.1715255499465722,1.0427605190160067,0.2291403917987429,0
0.8000000000000006,REST,0.2797742832165005,0.14864609221500147,0.895228386186597,0.4536021272185362,0.1715255499465722,1.0427605190160067,0.2291403917987429,0
0.8020000000000006,REST,0.2797742832165005,0.14864609221500147,0.895228386186597,0.4536021272185362,0.1715255499465722,1.0427605190160067,0.2291403917987429,0
0.8040000000000006,REST,0.2797742832165005,0.14864609221500147,0.895228386186597,0.4536021272185362,0.1715255499465722,1.0427605190160067,0.2291403917987429,0
0.8060000000000006,REST,0.2797742832165005,0.14864609221500147,0.895228386186597,0.4536021272185362,0.1715255499465722,1.0427605190160067,0.2291403917987429,0
0.8080000000000006,REST,0.2797742832165005,0.14864609221500147,0.895228386186597,0.4536021272185362,0.1715255499465722,1.0427605190160067,0.2291403917987429,0
0.8100000000000006,REST,0.2797742832165005,0.14864609221500147,0.895228386186597,0.4536021272185362,0.1715255499465722,1.0427605190160067,0.2291403917987429,0
0.8120000000000006,REST,0.2797742832165005,0.14864609221500147,0.895228386186597,0.4536021272185362,0.1715255499465722,1.0427605190160067,0.2291403917987429,0
0.8140000000000006,REST,0.2797742832165005,0.14864609221500147,0.895228386186597,0.4536021272185362,0.1715255499465722,1.0427605190160067,0.2291403917987429,0
0.8160000000000006,REST,0.2797742832165005,0.14864609221500147,0.895228386186597,0.4536021272185362,0.1715255499465722,1.0427605190160067,0.2291403917987429,0
0.8180000000000006,REST,0.2797742832165005,0.14864609221500147,0.895228386186597,0.4536021272185362,0.1715255499465722,1.0427605190160067,0.2291403917987429,0
0.8200000000000006,REST,0.2797742832165005,0.14864609221500147,0.895228386186597,0.4536021272185362,0.1715255499465722,1.0427605190160067,0.2291403917987429,0
0.8220000000000006,REST,0.2797742832165005,0.14864609221500147,0.895228386186597,0.4536021272185362,0.1715255499465722,1.0427605190160067,0.2291403917987429,0
0.8240000000000006,REST,0.2797742832165005,0.14864609221500147,0.895228386186597,0.4536021272185362,0.1715255499465722,1.0427605190160067,0.2291403917987429,0
0.8260000000000006,REST,0.2797742832165005,0.14864609221500147,0.895228386186597,0.4536021272185362,0.1715255499465722,1.0427605190160067,0.2291403917987429,0
0.8280000000000006,REST,0.2797742832165005,0.14864609221500147,0.895228386186597,0.4536021272185362,0.1715255499465722,1.0427605190160067,0.2291403917987429,0
0.8300000000000006,REST,0.2797742832165005,0.14864609221500147,0.895228386186597,0.4536021272185362,0.1715255499465722,1.0427605190160067,0.2291403917987429,0
0.8320000000000006,REST,0.2797742832165005,0.14864609221500147,0.895228386186597,0.4536021272185362,0.1715255499465722,1.0427605190160067,0.2291403917987429,0
0.8340000000000006,REST,0.2797742832165005,0.14864609221500147,0.895228386186597,0.4536021272185362,0.1715255499465722,1.0427605190160067,0.2291403917987429,0
0.8360000000000006,REST,0.2797742832165005,0.14864609221500147,0.895228386186597,0.4536021272185362,0.1715255499465722,1.0427605190160067,0.2291403917987429,0
0.8380000000000006,REST,0.2797742832165005,0.14864609221500147,0.895228386186597,0.4536021272185362,0.1715255499465722,1.0427605190160067,0.2291403917987429,0
0.8400000000000006,REST,0.2797742832165005,0.14864609221500147,0.895228386186597,0.4536021272185362,0.1715255499465722,1.0427605190160067,0.2291403917987429,0
0.8420000000000006,REST,0.2797742832165005,0.14864609221500147,0.895228386186597,0.4536021272185362,0.1715255499465722,1.0427605190160067,0.2291403917987429,0
0.8440000000000006,REST,0.2797742832165005,0.14864609221500147,0.895228386186597,0.4536021272185362,0.1715255499465722,1.0427605190160067,0.2291403917987429,0
0.8460000000000006,REST,0.2797742832165005,0.14864609221500147,0.895228386186597,0.4536021272185362,0.1715255499465722,1.0427605190160067,0.2291403917987429,0
0.8480000000000006,REST,0.2797742832165005,0.14864609221500147,0.895228386186597,0.4536021272185362,0.1715255499465722,1.0427605190160067,0.2291403917987429,0
0.8500000000000006,REST,0.2797742832165005,0.14864609221500147,0.895228386186597,0.4536021272185362,0.1715255499465722,1.0427605190160067,0.2291403917987429,0
0.8520000000000006,REST,0.2797742832165005,0.14864609221500147,0.895228386186597,0.4536021272185362,0.1715255499465722,1.0427605190160067,0.2291403917987429,0
0.8540000000000006,REST,0.2797742832165005,0.14864609221500147,0.895228386186597,0.4536021272185362,0.1715255499465722,1.0427605190160067,0.2291403917987429,0
0.8560000000000006,REST,0.2797742832165005,0.14864609221500147,0.895228386186597,0.4536021272185362,0.1715255499465722,1.0427605190160067,0.2291403917987429,0
0.8580000000000007,REST,0.2797742832165005,0.14864609221500147,0.895228386186597,0.4536021272185362,0.1715255499465722,1.0427605190160067,0.2291403917987429,0
0.8600000000000007,REST,0.2797742832165005,0.14864609221500147,0.895228386186597,0.4536021272185362,0.1715255499465722,1.0427605190160067,0.2291403917987429,0
0.8620000000000007,REST,0.2797742832165005,0.14864609221500147,0.895228386186597,0.4536021272185362,0.1715255499465722,1.0427605190160067,0.2291403917987429,0
0.8640000000000007,REST,0.2797742832165005,0.14864609221500147,0.895228386186597,0.4536021272185362,0.1715255499465722,1.0427605190160067,0.2291403917987429,0
0.8660000000000007,REST,0.2797742832165005,0.14864609221500147,0.895228386186597,0.4536021272185362,0.1715255499465722,1.0427605190160067,0.2291403917987429,0
0.8680000000000007,REST,0.2797742832165005,0.14864609221500147,0.895228386186597,0.4536021272185362,0.1715255499465722,1.0427605190160067,0.2291403917987429,0
0.8700000000000007,REST,0.2797742832165005,0.14864609221500147,0.895228386186597,0.4536021272185362,0.1715255499465722,1.0427605190160067,0.2291403917987429,0
0.8720000000000007,REST,0.2797742832165005,0.14864609221500147,0.895228386186597,0.4536021272185362,0.1715255499465722,1.0427605190160067,0.2291403917987429,0
0.8740000000000007,REST,0.2797742832165005,0.14864609221500147,0.895228386186597,0.4536021272185362,0.1715255499465722,1.0427605190160067,0.2291403917987429,0
0.8760000000000007,REST,0.2797742832165005,0.14864609221500147,0.895228386186597,0.4536021272185362,0.1715255499465722,1.0427605190160067,0.2291403917987429,0
0.8780000000000007,REST,0.2797742832165005,0.14864609221500147,0.895228386186597,0.4536021272185362,0.1715255499465722,1.0427605190160067,0.2291403917987429,0
0.8800000000000007,REST,0.2797742832165005,0.14864609221500147,0.895228386186597,0.4536021272185362,0.1715255499465722,1.0427605190160067,0.2291403917987429,0
0.8820000000000007,REST,0.2797742832165005,0.14864609221500147,0.895228386186597,0.4536021272185362,0.1715255499465722,1.0427605190160067,0.2291403917987429,0
0.8840000000000007,REST,0.2797742832165005,0.14864609221500147,0.895228386186597,0.4536021272185362,0.1715255499465722,1.0427605190160067,0.2291403917987429,0
0.8860000000000007,REST,0.2797742832165005,0.14864609221500147,0.895228386186597,0.4536021272185362,0.1715255499465722,1.0427605190160067,0.2291403917987429,0
0.8880000000000007,REST,0.2797742832165005,0.14864609221500147,0.895228386186597,0.4536021272185362,0.1715255499465722,1.0427605190160067,0.2291403917987429,0
0.8900000000000007,REST,0.2797742832165005,0.14864609221500147,0.895228386186597,0.4536021272185362,0.1715255499465722,1.0427605190160067,0.2291403917987429,0
0.8920000000000007,REST,0.2797742832165005,0.14864609221500147,0.895228386186597,0.4536021272185362,0.1715255499465722,1.0427605190160067,0.2291403917987429,0
0.8940000000000007,REST,0.2797742832165005,0.14864609221500147,0.895228386186597,0.4536021272185362,0.1715255499465722,1.0427605190160067,0.2291403917987429,0
0.8960000000000007,REST,0.2797742832165005,0.14864609221500147,0.895228386186597,0.4536021272185362,0.1715255499465722,1.0427605190160067,0.2291403917987429,0
0.8980000000000007,REST,0.2797742832165005,0.14864609221500147,0.895228386186597,0.4536021272185362,0.1715255499465722,1.0427605190160067,0.2291403917987429,0
0.9000000000000007,REST,0.2797742832165005,0.14864609221500147,0.895228386186597,0.4536021272185362,0.1715255499465722,1.0427605190160067,0.2291403917987429,0
0.9020000000000007,REST,0.2797742832165005,0.14864609221500147,0.895228386186597,0.4536021272185362,0.1715255499465722,1.0427605190160067,0.2291403917987429,0
0.9040000000000007,REST,0.2797742832165005,0.14864609221500147,0.895228386186597,0.4536021272185362,0.1715255499465722,1.0427605190160067,0.2291403917987429,0
0.9060000000000007,REST,0.2797742832165005,0.14864609221500147,0.895228386186597,0.4536021272185362,0.1715255499465722,1.0427605190160067,0.2291403917987429,0
0.9080000000000007,REST,0.2797742832165005,0.14864609221500147,0.895228386186597,0.4536021272185362,0.1715255499465722,1.0427605190160067,0.2291403917987429,0
0.9100000000000007,REST,0.2797742832165005,0.14864609221500147,0.895228386186597,0.4536021272185362,0.1715255499465722,1.0427605190160067,0.2291403917987429,0
0.9120000000000007,REST,0.2797742832165005,0.14864609221500147,0.895228386186597,0.4536021272185362,0.1715255499465722,1.0427605190160067,0.2291403917987429,0
0.9140000000000007,REST,0.2797742832165005,0.14864609221500147,0.895228386186597,0.4536021272185362,0.1715255499465722,1.0427605190160067,0.2291403917987429,0
0.9160000000000007,REST,0.2797742832165005,0.14864609221500147,0.895228386186597,0.4536021272185362,0.1715255499465722,1.0427605190160067,0.2291403917987429,0
0.9180000000000007,REST,0.2797742832165005,0.14864609221500147,0.895228386186597,0.4536021272185362,0.1715255499465722,1.0427605190160067,0.2291403917987429,0
0.9200000000000007,REST,0.2797742832165005,0.14864609221500147,0.895228386186597,0.4536021272185362,0.1715255499465722,1.0427605190160067,0.2291403917987429,0
0.9220000000000007,REST,0.2797742832165005,0.14864609221500147,0.895228386186597,0.4536021272185362,0.1715255499465722,1.0427605190160067,0.2291403917987429,0
0.9240000000000007,REST,0.2797742832165005,0.14864609221500147,0.895228386186597,0.4536021272185362,0.1715255499465722,1.0427605190160067,0.2291403917987429,0
0.9260000000000007,REST,0.2797742832165005,0.14864609221500147,0.895228386186597,0.4536021272185362,0.1715255499465722,1.0427605190160067,0.2291403917987429,0
0.9280000000000007,REST,0.2797742832165005,0.14864609221500147,0.895228386186597,0.4536021272185362,0.1715255499465722,1.0427605190160067,0.2291403917987429,0
0.9300000000000007,REST,0.2797742832165005,0.14864609221500147,0.895228386186597,0.4536021272185362,0.1715255499465722,1.0427605190160067,0.2291403917987429,0
0.9320000000000007,REST,0.2797742832165005,0.14864609221500147,0.895228386186597,0.4536021272185362,0.1715255499465722,1.0427605190160067,0.2291403917987429,0
0.9340000000000007,REST,0.2797742832165005,0.14864609221500147,0.895228386186597,0.4536021272185362,0.1715255499465722,1.0427605190160067,0.2291403917987429,0
0.9360000000000007,REST,0.2797742832165005,0.14864609221500147,0.895228386186597,0.4536021272185362,0.1715255499465722,1.0427605190160067,0.2291403917987429,0
0.9380000000000007,REST,0.2797742832165005,0.14864609221500147,0.895228386186597,0.4536021272185362,0.1715255499465722,1.0427605190160067,0.2291403917987429,0
0.9400000000000007,REST,0.2797742832165005,0.14864609221500147,0.895228386186597,0.4536021272185362,0.1715255499465722,1.0427605190160067,0.2291403917987429,0
0.9420000000000007,REST,0.2797742832165005,0.14864609221500147,0.895228386186597,0.4536021272185362,0.1715255499465722,1.0427605190160067,0.2291403917987429,0
0.9440000000000007,REST,0.2797742832165005,0.14864609221500147,0.895228386186597,0.4536021272185362,0.1715255499465722,1.0427605190160067,0.2291403917987429,0
0.9460000000000007,REST,0.2797742832165005,0.14864609221500147,0.895228386186597,0.4536021272185362,0.1715255499465722,1.0427605190160067,0.2291403917987429,0
0.9480000000000007,REST,0.2797742832165005,0.14864609221500147,0.895228386186597,0.4536021272185362,0.1715255499465722,1.0427605190160067,0.2291403917987429,0
0.9500000000000007,REST,0.2797742832165005,0.14864609221500147,0.895228386186597,0.4536021272185362,0.1715255499465722,1.0427605190160067,0.2291403917987429,0
0.9520000000000007,REST,0.2797742832165005,0.14864609221500147,0.895228386186597,0.4536021272185362,0.1715255499465722,1.0427605190160067,0.2291403917987429,0
0.9540000000000007,REST,0.2797742832165005,0.14864609221500147,0.895228386186597,0.4536021272185362,0.1715255499465722,1.0427605190160067,0.2291403917987429,0
0.9560000000000007,REST,0.2797742832165005,0.14864609221500147,0.895228386186597,0.4536021272185362,0.1715255499465722,1.0427605190160067,0.2291403917987429,0
0.9580000000000007,REST,0.2797742832165005,0.14864609221500147,0.895228386186597,0.4536021272185362,0.1715255499465722,1.0427605190160067,0.2291403917987429,0
0.9600000000000007,REST,0.2797742832165005,0.14864609221500147,0.895228386186597,0.4536021272185362,0.1715255499465722,1.0427605190160067,0.2291403917987429,0
0.9620000000000007,REST,0.2797742832165005,0.14864609221500147,0.895228386186597,0.4536021272185362,0.1715255499465722,1.0427605190160067,0.2291403917987429,0
0.9640000000000007,REST,0.2797742832165005,0.14864609221500147,0.895228386186597,0.4536021272185362,0.1715255499465722,1.0427605190160067,0.2291403917987429,0
0.9660000000000007,REST,0.2797742832165005,0.14864609221500147,0.895228386186597,0.4536021272185362,0.1715255499465722,1.0427605190160067,0.2291403917987429,0
0.9680000000000007,REST,0.2797742832165005,0.14864609221500147,0.895228386186597,0.4536021272185362,0.1715255499465722,1.0427605190160067,0.2291403917987429,0
0.9700000000000008,REST,0.2797742832165005,0.14864609221500147,0.895228386186597,0.4536021272185362,0.1715255499465722,1.0427605190160067,0.2291403917987429,0
0.9720000000000008,REST,0.2797742832165005,0.14864609221500147,0.895228386186597,0.4536021272185362,0.1715255499465722,1.0427605190160067,0.2291403917987429,0
0.9740000000000008,REST,0.2797742832165005,0.14864609221500147,0.895228386186597,0.4536021272185362,0.1715255499465722,1.0427605190160067,0.2291403917987429,0
0.9760000000000008,REST,0.2797742832165005,0.14864609221500147,0.895228386186597,0.4536021272185362,0.1715255499465722,1.0427605190160067,0.2291403917987429,0
0.9780000000000008,REST,0.2797742832165005,0.14864609221500147,0.895228386186597,0.4536021272185362,0.1715255499465722,1.0427605190160067,0.2291403917987429,0
0.9800000000000008,REST,0.2797742832165005,0.14864609221500147,0.895228386186597,0.4536021272185362,0.1715255499465722,1.0427605190160067,0.2291403917987429,0
0.9820000000000008,REST,0.2797742832165005,0.14864609221500147,0.895228386186597,0.4536021272185362,0.1715255499465722,1.0427605190160067,0.2291403917987429,0
0.9840000000000008,REST,0.2797742832165005,0.14864609221500147,0.895228386186597,0.4536021272185362,0.1715255499465722,1.0427605190160067,0.2291403917987429,0
0.9860000000000008,REST,0.2797742832165005,0.14864609221500147,0.895228386186597,0.4536021272185362,0.1715255499465722,1.0427605190160067,0.2291403917987429,0
0.9880000000000008,REST,0.2797742832165005,0.14864609221500147,0.895228386186597,0.4536021272185362,0.1715255499465722,1.0427605190160067,0.2291403917987429,0
0.9900000000000008,REST,0.2797742832165005,0.14864609221500147,0.895228386186597,0.4536021272185362,0.1715255499465722,1.0427605190160067,0.2291403917987429,0
0.9920000000000008,REST,0.2797742832165005,0.14864609221500147,0.895228386186597,0.4536021272185362,0.1715255499465722,1.0427605190160067,0.2291403917987429,0
0.9940000000000008,REST,0.2797742832165005,0.14864609221500147,0.895228386186597,0.4536021272185362,0.1715255499465722,1.0427605190160067,0.2291403917987429,0
0.9960000000000008,REST,0.2797742832165005,0.14864609221500147,0.895228386186597,0.4536021272185362,0.1715255499465722,1.0427605190160067,0.2291403917987429,0
0.9980000000000008,REST,0.2797742832165005,0.14864609221500147,0.895228386186597,0.4536021272185362,0.1715255499465722,1.0427605190160067,0.2291403917987429,0
1.0000000000000007,REST,0.2797742832165005,0.14864609221500147,0.895228386186597,0.4536021272185362,0.1715255499465722,1.0427605190160067,0.2291403917987429,0
1.0020000000000007,REACH,0.2797742832165005,0.14864609221500147,0.895228386186597,0.4536021272185362,0.1715255499465722,1.0427605190160067,0.2291403917987429,0
1.0040000000000007,REACH,0.2797742832165005,0.14864609221500147,0.895228386186597,0.4536021272185362,0.1715255499465722,1.0427605190160067,0.2291403917987429,0
1.0060000000000007,REACH,0.2797742832645548,0.1486460922133437,0.8952283860775819,0.4536021272185362,0.1715255499465722,1.0427605190160067,0.22914039183264343,0
1.0080000000000007,REACH,0.27977428349513705,0.14864609220510183,0.8952283855546318,0.4536021272185362,0.1715255499465722,1.0427605190160067,0.22914039199524636,0
1.0100000000000007,REACH,0.2797742841117449,0.1486460921821984,0.8952283841567057,0.4536021272185362,0.1715255499465722,1.0427605190160067,0.22914039242982462,0
1.0120000000000007,REACH,0.2797742853729899,0.14864609213356272,0.895228381298558,0.4536021272185362,0.1715255499465722,1.0427605190160067,0.2291403933181093,0
1.0140000000000007,REACH,0.27977428758147005,0.1486460920453156,0.8952283762963422,0.4536021272185362,0.1715255499465722,1.0427605190160067,0.22914039487222768,0
1.0160000000000007,REACH,0.2797742910748654,0.14864609190096884,0.8952283683881415,0.4536021272185362,0.1715255499465722,1.0427605190160067,0.22914039732821997,0
1.0180000000000007,REACH,0.27977429621881056,0.14864609168163134,0.8952283567504328,0.4536021272185362,0.1715255499465722,1.0427605190160067,0.22914040094082494,0
1.0200000000000007,REACH,0.27977430340118753,0.148646091366215,0.8952283405112837,0.4536021272185362,0.1715255499465722,1.0427605190160067,0.2291404059792924,0
1.0220000000000007,REACH,0.2797743130275538,0.14864609093163625,0.8952283187609288,0.4536021272185362,0.1715255499465722,1.0427605190160067,0.22914041272402227,0
1.0240000000000007,REACH,0.2797743255174785,0.1486460903530086,0.8952282905602476,0.4536021272185362,0.1715255499465722,1.0427605190160067,0.22914042146386585,0
1.0260000000000007,REACH,0.2797743413016056,0.14864608960382575,0.895228254947552,0.4536021272185362,0.1715255499465722,1.0427605190160067,0.2291404324939661,0
1.0280000000000007,REACH,0.2797743608192979,0.14864608865613183,0.895228210944028,0.4536021272185362,0.1715255499465722,1.0427605190160067,0.22914044611402445,0
1.0300000000000007,REACH,0.2797743845167465,0.1486460874806805,0.895228157558088,0.4536021272185362,0.1715255499465722,1.0427605190160067,0.22914046262691737,0
1.0320000000000007,REACH,0.27977441284545396,0.1486460860470796,0.8952280937888613,0.4536021272185362,0.1715255499465722,1.0427605190160067,0.2291404823375855,0
1.0340000000000007,REACH,0.2797744462610147,0.14864608432392454,0.8952280186289799,0.4536021272185362,0.1715255499465722,1.0427605190160067,0.22914050555215212,0
1.0360000000000007,REACH,0.2797744852221351,0.14864608227891898,0.8952279310668145,0.4536021272185362,0.1715255499465722,1.0427605190160067,0.22914053257721628,0
1.0380000000000007,REACH,0.2797745301898469,0.14864607987898337,0.8952278300882592,0.4536021272185362,0.1715255499465722,1.0427605190160067,0.22914056371928915,0
1.0400000000000007,REACH,0.2797745816268722,0.14864607709035346,0.8952277146781572,0.4536021272185362,0.1715255499465722,1.0427605190160067,0.22914059928434918,0
1.0420000000000007,REACH,0.27977463999711405,0.148646073878668,0.8952275838214427,0.4536021272185362,0.1715255499465722,1.0427605190160067,0.22914063957748507,0
1.0440000000000007,REACH,0.2797747057652447,0.14864607020904683,0.895227436504051,0.4536021272185362,0.1715255499465722,1.0427605190160067,0.22914068490261524,0
1.0460000000000007,REACH,0.2797747793963742,0.14864606604616123,0.8952272717136439,0.4536021272185362,0.1715255499465722,1.0427605190160067,0.22914073556226577,0
1.0480000000000007,REACH,0.2797748613557831,0.14864606135429537,0.8952270884401894,0.4536021272185362,0.1715255499465722,1.0427605190160067,0.22914079185739475,0
1.0500000000000007,REACH,0.2797749521087066,0.14864605609740175,0.8952268856764221,0.4536021272185362,0.1715255499465722,1.0427605190160067,0.22914085408725482,0
1.0520000000000007,REACH,0.27977505212015985,0.14864605023914937,0.8952266624182091,0.4536021272185362,0.1715255499465722,1.0427605190160067,0.22914092254928636,0
1.0540000000000007,REACH,0.2797751618547961,0.1486460437429664,0.8952264176648422,0.4536021272185362,0.1715255499465722,1.0427605190160067,0.22914099753903364,0
1.0560000000000007,REACH,0.27977528177679345,0.1486460365720786,0.8952261504192661,0.4536021272185362,0.1715255499465722,1.0427605190160067,0.22914107935008093,0
1.0580000000000007,REACH,0.27977541234976144,0.14864602868954158,0.8952258596882608,0.4536021272185362,0.1715255499465722,1.0427605190160067,0.2291411682740037,0
1.0600000000000007,REACH,0.27977555403666626,0.1486460200582709,0.8952255444825844,0.4536021272185362,0.1715255499465722,1.0427605190160067,0.22914126460033174,0
1.0620000000000007,REACH,0.27977570729976825,0.14864601064106692,0.8952252038170863,0.4536021272185362,0.1715255499465722,1.0427605190160067,0.22914136861652204,0
1.0640000000000007,REACH,0.2797758726005739,0.14864600040063763,0.8952248367107911,0.4536021272185362,0.1715255499465722,1.0427605190160067,0.22914148060794023,0
1.0660000000000007,REACH,0.2797760503997946,0.1486459892996185,0.8952244421869687,0.4536021272185362,0.1715255499465722,1.0427605190160067,0.2291416008578462,0
1.0680000000000007,REACH,0.2797762411573125,0.14864597730058937,0.8952240192731843,0.4536021272185362,0.1715255499465722,1.0427605190160067,0.229141729647387,0
1.0700000000000007,REACH,0.2797764453321552,0.14864596436608996,0.8952235670013374,0.4536021272185362,0.1715255499465722,1.0427605190160067,0.2291418672555908,0
1.0720000000000007,REACH,0.27977666338247154,0.1486459504586329,0.8952230844076903,0.4536021272185362,0.1715255499465722,1.0427605190160067,0.22914201395936715,0
1.0740000000000007,REACH,0.2797768957655149,0.14864593554071556,0.8952225705328881,0.4536021272185362,0.1715255499465722,1.0427605190160067,0.22914217003350668,0
1.0760000000000007,REACH,0.27977714293762695,0.14864591957483017,0.8952220244219743,0.4536021272185362,0.1715255499465722,1.0427605190160067,0.2291423357506841,0
1.0780000000000007,REACH,0.2797774053542258,0.148645902523473,0.8952214451243973,0.4536021272185362,0.1715255499465722,1.0427605190160067,0.22914251138146324,0
1.0800000000000007,REACH,0.2797776834697949,0.14864588434915224,0.8952208316940174,0.4536021272185362,0.1715255499465722,1.0427605190160067,0.22914269719430172,0
1.0820000000000007,REACH,0.279777977737876,0.14864586501439492,0.8952201831891069,0.4536021272185362,0.1715255499465722,1.0427605190160067,0.22914289345555755,0
1.0840000000000007,REACH,0.2797782886110591,0.14864584448175308,0.8952194986723495,0.4536021272185362,0.1715255499465722,1.0427605190160067,0.22914310042949715,0
1.0860000000000007,REACH,0.27977861654097913,0.1486458227138097,0.8952187772108376,0.4536021272185362,0.1715255499465722,1.0427605190160067,0.2291433183783014,0
1.0880000000000007,REACH,0.27977896197830815,0.1486457996731829,0.8952180178760666,0.4536021272185362,0.1715255499465722,1.0427605190160067,0.22914354756207633,0
1.0900000000000007,REACH,0.2797793253727534,0.1486457753225309,0.8952172197439286,0.4536021272185362,0.1715255499465722,1.0427605190160067,0.2291437882388593,0
1.0920000000000007,REACH,0.27977970717305106,0.14864574962455582,0.8952163818947082,0.4536021272185362,0.1715255499465722,1.0427605190160067,0.2291440406646286,0
1.0940000000000007,REACH,0.2797801078269644,0.14864572254200695,0.8952155034130694,0.4536021272185362,0.1715255499465722,1.0427605190160067,0.22914430509331382,0
1.0960000000000008,REACH,0.27978052778128026,0.14864569403768438,0.8952145833880524,0.4536021272185362,0.1715255499465722,1.0427605190160067,0.2291445817768026,0
1.0980000000000008,REACH,0.27978096748180614,0.1486456640744415,0.8952136209130606,0.4536021272185362,0.1715255499465722,1.0427605190160067,0.2291448709649525,0
1.1000000000000008,REACH,0.27978142737336814,0.14864563261518804,0.8952126150858534,0.4536021272185362,0.1715255499465722,1.0427605190160067,0.22914517290559877,0
1.1020000000000008,REACH,0.27978190789980856,0.14864559962289242,0.8952115650085363,0.4536021272185362,0.1715255499465722,1.0427605190160067,0.22914548784456412,0
1.1040000000000008,REACH,0.2797824095039847,0.14864556506058396,0.895210469787549,0.4536021272185362,0.1715255499465722,1.0427605190160067,0.22914581602566897,0
1.1060000000000008,REACH,0.27978293262776555,0.14864552889135518,0.8952093285336581,0.4536021272185362,0.1715255499465722,1.0427605190160067,0.22914615769074048,0
1.1080000000000008,REACH,0.2797834777120307,0.14864549107836367,0.8952081403619438,0.4536021272185362,0.1715255499465722,1.0427605190160067,0.22914651307962347,0
1.1100000000000008,REACH,0.2797840451966694,0.148645451584834,0.895206904391793,0.4536021272185362,0.1715255499465722,1.0427605190160067,0.22914688243018763,0
1.1120000000000008,REACH,0.27978463552057775,0.14864541037405987,0.8952056197468853,0.4536021272185362,0.1715255499465722,1.0427605190160067,0.22914726597833998,0
1.1140000000000008,REACH,0.279785249121658,0.1486453674094053,0.8952042855551858,0.4536021272185362,0.1715255499465722,1.0427605190160067,0.22914766395803252,0
1.1160000000000008,REACH,0.27978588643681657,0.1486453226543068,0.8952029009489318,0.4536021272185362,0.1715255499465722,1.0427605190160067,0.22914807660127373,0
1.1180000000000008,REACH,0.279786547901963,0.14864527607227462,0.8952014650646237,0.4536021272185362,0.1715255499465722,1.0427605190160067,0.22914850413813742,0
1.1200000000000008,REACH,0.27978723395200766,0.1486452276268947,0.8951999770430147,0.4536021272185362,0.1715255499465722,1.0427605190160067,0.22914894679677275,0
1.1220000000000008,REACH,0.27978794502086196,0.14864517728182985,0.8951984360290999,0.4536021272185362,0.1715255499465722,1.0427605190160067,0.2291494048034133,0
1.1240000000000008,REACH,0.27978868154143516,0.14864512500082164,0.8951968411721052,0.4536021272185362,0.1715255499465722,1.0427605190160067,0.2291498783823885,0
1.1260000000000008,REACH,0.27978944394563393,0.14864507074769148,0.8951951916254781,0.4536021272185362,0.1715255499465722,1.0427605190160067,0.22915036775613204,0
1.1280000000000008,REACH,0.279790232664361,0.14864501448634243,0.8951934865468761,0.4536021272185362,0.1715255499465722,1.0427605190160067,0.2291508731451923,0
1.1300000000000008,REACH,0.27979104812751315,0.1486449561807605,0.8951917250981568,0.4536021272185362,0.1715255499465722,1.0427605190160067,0.22915139476824234,0
1.1320000000000008,REACH,0.2797918907639802,0.14864489579501633,0.8951899064453673,0.4536021272185362,0.1715255499465722,1.0427605190160067,0.2291519328420896,0
1.1340000000000008,REACH,0.27979276100164385,0.14864483329326614,0.8951880297587345,0.4536021272185362,0.1715255499465722,1.0427605190160067,0.2291524875816853,0
1.1360000000000008,REACH,0.2797936592673761,0.14864476863975384,0.8951860942126532,0.4536021272185362,0.1715255499465722,1.0427605190160067,0.22915305920013498,0
1.1380000000000008,REACH,0.27979458598703716,0.14864470179881176,0.8951840989856781,0.4536021272185362,0.1715255499465722,1.0427605190160067,0.22915364790870799,0
1.1400000000000008,REACH,0.27979555368340575,0.1486446296950488,0.8951820573909162,0.4536021272185362,0.1715255499465722,1.0427605190160067,0.2291542359442819,0
1.1420000000000008,REACH,0.2797965969908617,0.14864454344435465,0.8951800089899214,0.4536021272185362,0.1715255499465722,1.0427605190160067,0.22915477244831073,0
1.1440000000000008,REACH,0.2797977491229185,0.1486444338453743,0.8951779927823511,0.4536021272185362,0.1715255499465722,1.0427605190160067,0.22915520803322056,0
1.1460000000000008,REACH,0.2797990660853482,0.14864428400444762,0.895175950049173,0.4536021272185362,0.1715255499465722,1.0427605190160067,0.2291555397268567,0
1.1480000000000008,REACH,0.27980060865891426,0.14864407436638866,0.8951737892140016,0.4536021272185362,0.1715255499465722,1.0427605190160067,0.22915578236650985,0
1.1500000000000008,REACH,0.279802428342609,0.14864378709590573,0.8951714405652926,0.4536021272185362,0.1715255499465722,1.0427605190160067,0.22915594358089025,0
1.1520000000000008,REACH,0.27980456907830764,0.1486434059484909,0.8951688520167639,0.4536021272185362,0.1715255499465722,1.0427605190160067,0.22915602522532647,0
1.1540000000000008,REACH,0.2798070686309915,0.14864291614093367,0.8951659856900774,0.4536021272185362,0.1715255499465722,1.0427605190160067,0.22915602454884296,0
1.1560000000000008,REACH,0.27980995969557454,0.14864230422514038,0.8951628151556129,0.4536021272185362,0.1715255499465722,1.0427605190160067,0.22915593514447127,0
1.1580000000000008,REACH,0.2798132707864907,0.1486415579676117,0.8951593232007589,0.4536021272185362,0.1715255499465722,1.0427605190160067,0.2291557477239932,0
1.1600000000000008,REACH,0.2798170269543305,0.14864066623606448,0.8951555000218624,0.4536021272185362,0.1715255499465722,1.0427605190160067,0.22915545075023896,0
1.1620000000000008,REACH,0.2798212503645149,0.14863961889403274,0.8951513417570881,0.4536021272185362,0.1715255499465722,1.0427605190160067,0.22915503095360787,0
1.1640000000000008,REACH,0.27982596076569743,0.14863840670381426,0.8951468492941356,0.4536021272185362,0.1715255499465722,1.0427605190160067,0.22915447375431472,0
1.1660000000000008,REACH,0.27983117586986256,0.1486370212377887,0.8951420272999733,0.4536021272185362,0.1715255499465722,1.0427605190160067,0.22915376360774123,0
1.1680000000000008,REACH,0.27983691166156405,0.14863545479789858,0.8951368834302686,0.4536021272185362,0.1715255499465722,1.0427605190160067,0.22915288428694747,0
1.1700000000000008,REACH,0.27984318265019437,0.14863370034292656,0.8951314276845176,0.4536021272185362,0.1715255499465722,1.0427605190160067,0.22915181911375085,0
1.1720000000000008,REACH,0.27985000207636346,0.1486317514231023,0.8951256718795418,0.4536021272185362,0.1715255499465722,1.0427605190160067,0.2291505511476284,0
1.1740000000000008,REACH,0.2798573820812353,0.14862960212151508,0.8951196292193216,0.4536021272185362,0.1715255499465722,1.0427605190160067,0.2291490633399803,0
1.1760000000000008,REACH,0.27986533384591117,0.14862724700178426,0.8951133139433749,0.4536021272185362,0.1715255499465722,1.0427605190160067,0.2291473386598965,0
1.1780000000000008,REACH,0.27987386770654127,0.14862468106143725,0.8951067410392923,0.4536021272185362,0.1715255499465722,1.0427605190160067,0.22914536019644405,0
1.1800000000000008,REACH,0.2798829932497347,0.148621899690456,0.8950999260077614,0.4536021272185362,0.1715255499465722,1.0427605190160067,0.229143111241581,0
1.1820000000000008,REACH,0.279892719391942,0.1486188986344807,0.8950928846706098,0.4536021272185362,0.1715255499465722,1.0427605190160067,0.2291405753570625,0
1.1840000000000008,REACH,0.2799030544457807,0.14861567396218514,0.89508563301416,0.4536021272185362,0.1715255499465722,1.0427605190160067,0.22913773642810006,0
1.1860000000000008,REACH,0.2799140061756975,0.14861222203637778,0.8950781870616158,0.4536021272185362,0.1715255499465722,1.0427605190160067,0.22913457870604953,0
1.1880000000000008,REACH,0.27992558184491323,0.14860853948841363,0.8950705627693468,0.4536021272185362,0.1715255499465722,1.0427605190160067,0.22913108684199923,0
1.1900000000000008,REACH,0.27993778825521887,0.14860462319554346,0.8950627759428811,0.4536021272185362,0.1715255499465722,1.0427605190160067,0.2291272459128051,0
1.1920000000000008,REACH,0.2799506317809065,0.14860047026085704,0.8950548421691602,0.4536021272185362,0.1715255499465722,1.0427605190160067,0.22912304144085244,0
1.1940000000000008,REACH,0.2799641183978734,0.14859607799551655,0.8950467767622448,0.4536021272185362,0.1715255499465722,1.0427605190160067,0.22911845940859862,0
1.1960000000000008,REACH,0.2799782537087499,0.14859144390300322,0.8950385947201357,0.4536021272185362,0.1715255499465722,1.0427605190160067,0.22911348626878122,0
1.1980000000000008,REACH,0.2799930429647433,0.14858656566513384,0.8950303106908098,0.4536021272185362,0.1715255499465722,1.0427605190160067,0.22910810895101621,0
1.2000000000000008,REACH,0.2800084910847638,0.14858144112962843,0.895021938945888,0.4536021272185362,0.1715255499465722,1.0427605190160067,0.2291023148653964,0
1.2020000000000008,REACH,0.28002460267229834,0.14857606829903655,0.8950134933606342,0.4536021272185362,0.1715255499465722,1.0427605190160067,0.22909609190359337,0
1.2040000000000008,REACH,0.2800413820304113,0.14857044532085265,0.8950049873992069,0.4536021272185362,0.1715255499465722,1.0427605190160067,0.2290894284378878,0
1.2060000000000008,REACH,0.28005883317518593,0.14856457047866947,0.8949964341042622,0.4536021272185362,0.1715255499465722,1.0427605190160067,0.2290823133184826,0
1.2080000000000009,REACH,0.28007695984786507,0.14855844218423822,0.8949878460901827,0.4536021272185362,0.1715255499465722,1.0427605190160067,0.22907473586938537,0
1.2100000000000009,REACH,0.2800957655258984,0.1485520589703207,0.8949792355392939,0.4536021272185362,0.1715255499465722,1.0427605190160067,0.2290666858831221,0
1.2120000000000009,REACH,0.28011525343307586,0.14854541948423125,0.8949706142005719,0.4536021272185362,0.1715255499465722,1.0427605190160067,0.2290581536144779,0
1.2140000000000009,REACH,0.2801354265488901,0.14853852248198074,0.8949619933904076,0.4536021272185362,0.1715255499465722,1.0427605190160067,0.22904912977344263,0
1.2160000000000009,REACH,0.2801562876172435,0.14853136682294613,0.8949533839950676,0.4536021272185362,0.1715255499465722,1.0427605190160067,0.22903960551751382,0
1.2180000000000009,REACH,0.2801778391546029,0.14852395146499744,0.8949447964745605,0.4536021272185362,0.1715255499465722,1.0427605190160067,0.22902957244347183,0
1.2200000000000009,REACH,0.2802000834576803,0.14851627546002494,0.8949362408676498,0.4536021272185362,0.1715255499465722,1.0427605190160067,0.22901902257874096,0
1.2220000000000009,REACH,0.2802230226107094,0.1485083379498157,0.8949277267978132,0.4536021272185362,0.1715255499465722,1.0427605190160067,0.2290079483724156,0
1.2240000000000009,REACH,0.28024665849237085,0.14850013816223506,0.8949192634799666,0.4536021272185362,0.1715255499465722,1.0427605190160067,0.22899634268603394,0
1.2260000000000009,REACH,0.28027099278241424,0.14849167540767524,0.8949108597278103,0.4536021272185362,0.1715255499465722,1.0427605190160067,0.22898419878415718,0
1.2280000000000009,REACH,0.2802960269680177,0.1484829490757392,0.8949025239616657,0.4536021272185362,0.1715255499465722,1.0427605190160067,0.22897151032481056,0
1.2300000000000009,REACH,0.2803217623499105,0.14847395863212953,0.8948942642167098,0.4536021272185362,0.1715255499465722,1.0427605190160067,0.2289582713498308,0
1.2320000000000009,REACH,0.28034820004829253,0.14846470361571865,0.8948860881515104,0.4536021272185362,0.1715255499465722,1.0427605190160067,0.2289444762751573,0
1.2340000000000009,REACH,0.2803753410085664,0.1484551836357803,0.8948780030567928,0.4536021272185362,0.1715255499465722,1.0427605190160067,0.22893011988110232,0
1.2360000000000009,REACH,0.28040318600690495,0.1484453983693611,0.8948700158643752,0.4536021272185362,0.1715255499465722,1.0427605190160067,0.22891519730262533,0
1.2380000000000009,REACH,0.28043173565566676,0.14843534755877966,0.8948621331562171,0.4536021272185362,0.1715255499465722,1.0427605190160067,0.2288997040196382,0
1.2400000000000009,REACH,0.2804609904086721,0.1484250310092372,0.8948543611735437,0.4536021272185362,0.1715255499465722,1.0427605190160067,0.2288836358473577,0
1.2420000000000009,REACH,0.28049095056635215,0.14841444858652944,0.8948467058260002,0.4536021272185362,0.1715255499465722,1.0427605190160067,0.22886698892672572,0
1.2440000000000009,REACH,0.2805216162807762,0.14840360021484886,0.8948391727008106,0.4536021272185362,0.1715255499465722,1.0427605190160067,0.2288497597149112,0
1.2460000000000009,REACH,0.2805529875605689,0.14839248587466944,0.8948317670719123,0.4536021272185362,0.1715255499465722,1.0427605190160067,0.22883194497590337,0
1.2480000000000009,REACH,0.2805850642757182,0.14838110560070525,0.8948244939090436,0.4536021272185362,0.1715255499465722,1.0427605190160067,0.2288135417712116,0
1.2500000000000009,REACH,0.2806178461622839,0.14836945947993851,0.8948173578867651,0.4536021272185362,0.1715255499465722,1.0427605190160067,0.22879454745067718,0
1.252000000000001,REACH,0.28065133282700716,0.14835754764970904,0.8948103633934013,0.4536021272185362,0.1715255499465722,1.0427605190160067,0.22877495964340502,0
1.254000000000001,REACH,0.28068552375182604,0.1483453702958625,0.8948035145398846,0.4536021272185362,0.1715255499465722,1.0427605190160067,0.2287547762488248,0
1.256000000000001,REACH,0.2807204182983006,0.14833292765095263,0.8947968151684963,0.4536021272185362,0.1715255499465722,1.0427605190160067,0.22873399542788153,0
1.258000000000001,REACH,0.2807560157119476,0.1483202199924937,0.8947902688614889,0.4536021272185362,0.1715255499465722,1.0427605190160067,0.22871261559436618,0
1.260000000000001,REACH,0.28079231512648994,0.1483072476412602,0.8947838789495864,0.4536021272185362,0.1715255499465722,1.0427605190160067,0.22869063540638498,0
1.262000000000001,REACH,0.2808293155680194,0.1482940109596322,0.8947776485203541,0.4536021272185362,0.1715255499465722,1.0427605190160067,0.2286680537579742,0
1.264000000000001,REACH,0.280867015959076,0.14828051034998274,0.8947715804264338,0.4536021272185362,0.1715255499465722,1.0427605190160067,0.22864486977085996,0
1.266000000000001,REACH,0.2809054151226454,0.1482667462531058,0.894765677293638,0.4536021272185362,0.1715255499465722,1.0427605190160067,0.2286210827863677,0
1.268000000000001,REACH,0.28094451178607277,0.14825271914668406,0.894759941528901,0.4536021272185362,0.1715255499465722,1.0427605190160067,0.22859669235748237,0
1.270000000000001,REACH,0.28098430458489954,0.1482384295437935,0.8947543753280847,0.4536021272185362,0.1715255499465722,1.0427605190160067,0.22857169824105739,0
1.272000000000001,REACH,0.2810247920666147,0.14822387799144474,0.8947489806836356,0.4536021272185362,0.1715255499465722,1.0427605190160067,0.22854610039017947,0
1.274000000000001,REACH,0.28106597269433453,0.1482090650691598,0.8947437593920899,0.4536021272185362,0.1715255499465722,1.0427605190160067,0.22851989894668293,0
1.276000000000001,REACH,0.28110784485039564,0.1481939913875822,0.8947387130614322,0.4536021272185362,0.1715255499465722,1.0427605190160067,0.2284930942338195,0
1.278000000000001,REACH,0.2811504068398778,0.14817865758712181,0.8947338431182961,0.4536021272185362,0.1715255499465722,1.0427605190160067,0.22846568674907974,0
1.280000000000001,REACH,0.28119365761033827,0.14816306993762898,0.894729150879908,0.4536021272185362,0.1715255499465722,1.0427605190160067,0.22843767600169282,0
1.282000000000001,REACH,0.28123759748405963,0.14814724673750493,0.8947246377723885,0.4536021272185362,0.1715255499465722,1.0427605190160067,0.22840905916162124,0
1.284000000000001,REACH,0.28128222639529193,0.14813120588293965,0.8947203054568276,0.4536021272185362,0.1715255499465722,1.0427605190160067,0.22837983357675812,0
1.286000000000001,REACH,0.2813275439343058,0.1481149647558902,0.8947161557332458,0.4536021272185362,0.1715255499465722,1.0427605190160067,0.22834999681305782,0
1.288000000000001,REACH,0.28137354938513076,0.14809854014113757,0.8947121904621497,0.4536021272185362,0.1715255499465722,1.0427605190160067,0.22831954668519328,0
1.290000000000001,REACH,0.2814202417586997,0.14808194816942413,0.8947084115017615,0.4536021272185362,0.1715255499465722,1.0427605190160067,0.22828848127796417,0
1.292000000000001,REACH,0.28146761982203716,0.14806520428088976,0.8947048206582664,0.4536021272185362,0.1715255499465722,1.0427605190160067,0.2282567989602651,0
1.294000000000001,REACH,0.2815156821240357,0.1480483232042483,0.8947014196468569,0.4536021272185362,0.1715255499465722,1.0427605190160067,0.2282244983930884,0
1.296000000000001,REACH,0.2815644270182779,0.1480313189481022,0.894698210061732,0.4536021272185362,0.1715255499465722,1.0427605190160067,0.22819157853276387,0
1.298000000000001,REACH,0.28161385268330663,0.14801420480155972,0.8946951933535034,0.4536021272185362,0.1715255499465722,1.0427605190160067,0.22815803863041198,0
1.300000000000001,REACH,0.2816639571406797,0.14799699334191718,0.8946923708127181,0.4536021272185362,0.1715255499465722,1.0427605190160067,0.22812387822841212,0
1.302000000000001,REACH,0.2817147382711008,0.1479796964476465,0.8946897435584231,0.4536021272185362,0.1715255499465722,1.0427605190160067,0.22808909715453296,0
1.304000000000001,REACH,0.28176619382887447,0.14796232531530293,0.8946873125308663,0.4536021272185362,0.1715255499465722,1.0427605190160067,0.22805369551426033,0
1.306000000000001,REACH,0.2818183214549042,0.1479448904792682,0.8946850784875784,0.4536021272185362,0.1715255499465722,1.0427605190160067,0.22801767368175285,0
1.308000000000001,REACH,0.2818711186884105,0.14792740183347633,0.8946830420022144,0.4536021272185362,0.1715255499465722,1.0427605190160067,0.22798103228977606,0
1.310000000000001,REACH,0.2819245829775344,0.14790986865445663,0.894681203465614,0.4536021272185362,0.1715255499465722,1.0427605190160067,0.22794377221890644,0
1.312000000000001,REACH,0.2819787116889561,0.1478922996251781,0.8946795630886522,0.4536021272185362,0.1715255499465722,1.0427605190160067,0.22790589458623425,0
1.314000000000001,REACH,0.28203350211665157,0.14787470285929083,0.8946781209065071,0.4536021272185362,0.1715255499465722,1.0427605190160067,0.22786740073375425,0
1.316000000000001,REACH,0.2820889514898831,0.14785708592545535,0.8946768767840404,0.4536021272185362,0.1715255499465722,1.0427605190160067,0.2278282922165984,0
1.318000000000001,REACH,0.2821450569805145,0.14783945587152292,0.8946758304220347,0.4536021272185362,0.1715255499465722,1.0427605190160067,0.22778857079123102,0
1.320000000000001,REACH,0.2822018157097232,0.14782181924838586,0.8946749813640764,0.4536021272185362,0.1715255499465722,1.0427605190160067,0.22774823840370656,0
1.322000000000001,REACH,0.2822592247541786,0.14780418213336294,0.8946743290039053,0.4536021272185362,0.1715255499465722,1.0427605190160067,0.22770729717806618,0
1.324000000000001,REACH,0.2823172811517348,0.14778655015301945,0.8946738725930924,0.4536021272185362,0.1715255499465722,1.0427605190160067,0.22766574940493664,0
1.326000000000001,REACH,0.28237598190669727,0.14776892850535273,0.8946736112489152,0.4536021272185362,0.1715255499465722,1.0427605190160067,0.22762359753037792,0
1.328000000000001,REACH,0.2824353239946959,0.1477513219812903,0.8946735439623427,0.4536021272185362,0.1715255499465722,1.0427605190160067,0.22758084414501714,0
1.330000000000001,REACH,0.2824953043672074,0.1477337349854704,0.8946736696060418,0.4536021272185362,0.1715255499465722,1.0427605190160067,0.2275374919734965,0
1.332000000000001,REACH,0.2825559199557569,0.14771617155628453,0.8946739869423407,0.4536021272185362,0.1715255499465722,1.0427605190160067,0.2274935438642567,0
1.334000000000001,REACH,0.2826171676758271,0.14769863538517453,0.8946744946310999,0.4536021272185362,0.1715255499465722,1.0427605190160067,0.22744900277966756,0
1.336000000000001,REACH,0.28267904443050046,0.14768112983518197,0.8946751912374443,0.4536021272185362,0.1715255499465722,1.0427605190160067,0.22740387178651658,0
1.338000000000001,REACH,0.2827415471138538,0.14766365795875747,0.8946760752393224,0.4536021272185362,0.1715255499465722,1.0427605190160067,0.22735815404686222,0
1.340000000000001,REACH,0.282804672614128,0.14764622251483833,0.8946771450348705,0.4536021272185362,0.1715255499465722,1.0427605190160067,0.22731185280924948,0
1.342000000000001,REACH,0.28286841781668637,0.1476288259852098,0.8946783989495576,0.4536021272185362,0.1715255499465722,1.0427605190160067,0.2272649714002911,0
1.344000000000001,REACH,0.2829327796067788,0.14761147059016583,0.8946798352430967,0.4536021272185362,0.1715255499465722,1.0427605190160067,0.22721751321660918,0
1.346000000000001,REACH,0.2829977548721253,0.14759415830348768,0.8946814521161133,0.4536021272185362,0.1715255499465722,1.0427605190160067,0.22716948171713258,0
1.348000000000001,REACH,0.2830633405053276,0.14757689086676037,0.8946832477165645,0.4536021272185362,0.1715255499465722,1.0427605190160067,0.22712088041574455,0
1.350000000000001,REACH,0.2831295334061255,0.14755966980304772,0.8946852201458991,0.4536021272185362,0.1715255499465722,1.0427605190160067,0.2270717128742738,0
1.352000000000001,REACH,0.2831963304835023,0.1475424964299466,0.8946873674649654,0.4536021272185362,0.1715255499465722,1.0427605190160067,0.2270219826958189,0
1.354000000000001,REACH,0.2832637286576506,0.14752537187204195,0.8946896876996557,0.4536021272185362,0.1715255499465722,1.0427605190160067,0.22697169351840232,0
1.356000000000001,REACH,0.2833317248618077,0.1475082970727851,0.894692178846304,0.4536021272185362,0.1715255499465722,1.0427605190160067,0.22692084900893628,0
1.358000000000001,REACH,0.2834003160439646,0.14749127280581392,0.8946948388768236,0.4536021272185362,0.1715255499465722,1.0427605190160067,0.22686945285750176,0
1.360000000000001,REACH,0.2834694991684585,0.14747429968573908,0.8946976657435997,0.4536021272185362,0.1715255499465722,1.0427605190160067,0.22681750877192366,0
1.362000000000001,REACH,0.2835392712174548,0.14745737817841503,0.8947006573841416,0.4536021272185362,0.1715255499465722,1.0427605190160067,0.22676502047263178,0
1.364000000000001,REACH,0.28360962919232147,0.14744050861071614,0.8947038117254906,0.4536021272185362,0.1715255499465722,1.0427605190160067,0.22671199168780662,0
1.366000000000001,REACH,0.2836805701149058,0.14742369117983853,0.8947071266884028,0.4536021272185362,0.1715255499465722,1.0427605190160067,0.22665842614878745,0
1.368000000000001,REACH,0.28375209102871346,0.14740692596214539,0.8947106001913014,0.4536021272185362,0.1715255499465722,1.0427605190160067,0.22660432758574603,0
1.370000000000001,REACH,0.2838241889999999,0.14739021292157667,0.894714230154015,0.4536021272185362,0.1715255499465722,1.0427605190160067,0.22654969972360495,0
1.372000000000001,REACH,0.2838968611187739,0.14737355191763873,0.8947180145012995,0.4536021272185362,0.1715255499465722,1.0427605190160067,0.2264945462782004,0
1.374000000000001,REACH,0.2839701044997206,0.14735694271299316,0.8947219511661604,0.4536021272185362,0.1715255499465722,1.0427605190160067,0.22643887095267312,0
1.376000000000001,REACH,0.2840439162830454,0.14734038498066065,0.894726038092973,0.4536021272185362,0.1715255499465722,1.0427605190160067,0.2263826774340846,0
1.378000000000001,REACH,0.28411829363524577,0.1473238783108578,0.8947302732404141,0.4536021272185362,0.1715255499465722,1.0427605190160067,0.22632596939024427,0
1.380000000000001,REACH,0.28419323374981026,0.14730742221748036,0.8947346545842104,0.4536021272185362,0.1715255499465722,1.0427605190160067,0.2262687504667432,0
1.382000000000001,REACH,0.2842687338478528,0.1472910161442506,0.8947391801197104,0.4536021272185362,0.1715255499465722,1.0427605190160067,0.22621102428418177,0
1.384000000000001,REACH,0.2843447911786806,0.14727465947054097,0.8947438478642842,0.4536021272185362,0.1715255499465722,1.0427605190160067,0.22615279443559003,0
1.386000000000001,REACH,0.28442140302030416,0.14725835151689096,0.8947486558595624,0.4536021272185362,0.1715255499465722,1.0427605190160067,0.2260940644840235,0
1.388000000000001,REACH,0.28449856667988555,0.1472420915502279,0.8947536021735201,0.4536021272185362,0.1715255499465722,1.0427605190160067,0.22603483796033488,0
1.390000000000001,REACH,0.284576279494135,0.1472258787888073,0.8947586849024054,0.4536021272185362,0.1715255499465722,1.0427605190160067,0.22597511836111062,0
1.392000000000001,REACH,0.28465453882965275,0.14720971240688324,0.8947639021725314,0.4536021272185362,0.1715255499465722,1.0427605190160067,0.22591490914676388,0
1.394000000000001,REACH,0.284733342083223,0.14719359153912256,0.8947692521419246,0.4536021272185362,0.1715255499465722,1.0427605190160067,0.22585421373978004,0
1.396000000000001,REACH,0.2848126866820577,0.14717751528477335,0.8947747330018448,0.4536021272185362,0.1715255499465722,1.0427605190160067,0.22579303552310662,0
1.398000000000001,REACH,0.28489257008399743,0.1471614827115995,0.8947803429781785,0.4536021272185362,0.1715255499465722,1.0427605190160067,0.2257313778386804,0
1.400000000000001,REACH,0.2849729897776686,0.14714549285959175,0.8947860803327123,0.4536021272185362,0.1715255499465722,1.0427605190160067,0.22566924398608576,0
1.402000000000001,REACH,0.28505394328260003,0.1471295447444657,0.8947919433642909,0.4536021272185362,0.1715255499465722,1.0427605190160067,0.22560663722133917,0
1.404000000000001,REACH,0.28513542814930104,0.14711363736095662,0.8947979304098664,0.4536021272185362,0.1715255499465722,1.0427605190160067,0.2255435607557926,0
1.406000000000001,REACH,0.2852174419593023,0.14709776968592037,0.8948040398454437,0.4536021272185362,0.1715255499465722,1.0427605190160067,0.22548001775515103,0
1.408000000000001,REACH,0.28529998232516285,0.14708194068124994,0.894810270086924,0.4536021272185362,0.1715255499465722,1.0427605190160067,0.22541601133859887,0
1.410000000000001,REACH,0.28538304689044386,0.1470661492966159,0.8948166195908569,0.4536021272185362,0.1715255499465722,1.0427605190160067,0.22535154457802842,0
1.412000000000001,REACH,0.285466633329651,0.1470503944720391,0.8948230868551001,0.4536021272185362,0.1715255499465722,1.0427605190160067,0.22528662049736722,0
1.414000000000001,REACH,0.28555073934814834,0.14703467514030436,0.8948296704193939,0.4536021272185362,0.1715255499465722,1.0427605190160067,0.2252212420719987,0
1.416000000000001,REACH,0.2856353626820436,0.14701899022922194,0.8948363688658556,0.4536021272185362,0.1715255499465722,1.0427605190160067,0.2251554122282697,0
1.418000000000001,REACH,0.2857205010980478,0.14700333866374454,0.8948431808193946,0.4536021272185362,0.1715255499465722,1.0427605190160067,0.22508913384308454,0
1.420000000000001,REACH,0.2858061523933102,0.14698771936794708,0.8948501049480551,0.4536021272185362,0.1715255499465722,1.0427605190160067,0.22502240974357668,0
1.422000000000001,REACH,0.2858923143952298,0.14697213126687553,0.8948571399632904,0.4536021272185362,0.1715255499465722,1.0427605190160067,0.2249552427068559,0
1.424000000000001,REACH,0.2859789849612452,0.1469565732882716,0.8948642846201691,0.4536021272185362,0.1715255499465722,1.0427605190160067,0.22488763545982846,0
1.426000000000001,REACH,0.28606616197860535,0.14694104436418018,0.8948715377175201,0.4536021272185362,0.1715255499465722,1.0427605190160067,0.2248195906790823,0
1.428000000000001,REACH,0.2861538433641179,0.14692554343244296,0.8948788980980211,0.4536021272185362,0.1715255499465722,1.0427605190160067,0.2247511109908377,0
1.430000000000001,REACH,0.286242027063884,0.1469100694380878,0.8948863646482247,0.4536021272185362,0.1715255499465722,1.0427605190160067,0.2246821989709586,0
1.432000000000001,REACH,0.286330711053012,0.14689462133461512,0.8948939362985409,0.4536021272185362,0.1715255499465722,1.0427605190160067,0.22461285714501855,0
1.434000000000001,REACH,0.2864198933353205,0.14687919808519054,0.8949016120231623,0.4536021272185362,0.1715255499465722,1.0427605190160067,0.2245430879884213,0
1.436000000000001,REACH,0.2865095719430213,0.14686379866374422,0.8949093908399485,0.4536021272185362,0.1715255499465722,1.0427605190160067,0.22447289392657255,0
1.438000000000001,REACH,0.2865997449363942,0.14684842205598664,0.8949172718102617,0.4536021272185362,0.1715255499465722,1.0427605190160067,0.22440227733509763,0
1.440000000000001,REACH,0.28669041040344634,0.14683306726034118,0.8949252540387649,0.4536021272185362,0.1715255499465722,1.0427605190160067,0.22433124054010375,0
1.442000000000001,REACH,0.2867815664595609,0.14681773328879996,0.8949333366731794,0.4536021272185362,0.1715255499465722,1.0427605190160067,0.2242597858184846,0
1.444000000000001,REACH,0.28687321124713555,0.14680241916770675,0.8949415189040069,0.4536021272185362,0.1715255499465722,1.0427605190160067,0.2241879153982629,0
1.446000000000001,REACH,0.28696534293521153,0.14678712393847046,0.8949497999642185,0.4536021272185362,0.1715255499465722,1.0427605190160067,0.22411563145896868,0
1.448000000000001,REACH,0.28705795971909376,0.14677184665821388,0.8949581791289094,0.4536021272185362,0.1715255499465722,1.0427605190160067,0.22404293613205364,0
1.450000000000001,REACH,0.287151059819962,0.1467565864003598,0.894966655714927,0.4536021272185362,0.1715255499465722,1.0427605190160067,0.22396983150133537,0
1.452000000000001,REACH,0.287244641484477,0.146741342255159,0.8949752290804703,0.4536021272185362,0.1715255499465722,1.0427605190160067,0.22389631960347045,0
1.454000000000001,REACH,0.2873387029843788,0.14672611333016433,0.8949838986246648,0.4536021272185362,0.1715255499465722,1.0427605190160067,0.22382240242845539,0
1.456000000000001,REACH,0.2874332426160792,0.14671089875065133,0.8949926637871121,0.4536021272185362,0.1715255499465722,1.0427605190160067,0.2237480819201529,0
1.458000000000001,REACH,0.2875282587002508,0.14669569765999085,0.8950015240474186,0.4536021272185362,0.1715255499465722,1.0427605190160067,0.2236733599768409,0
1.460000000000001,REACH,0.2876237495814098,0.14668050921997522,0.8950104789247066,0.4536021272185362,0.1715255499465722,1.0427605190160067,0.2235982384517812,0
1.462000000000001,REACH,0.28771971362749604,0.1466653326111013,0.8950195279771026,0.4536021272185362,0.1715255499465722,1.0427605190160067,0.22352271915381064,0
1.464000000000001,REACH,0.2878161492294505,0.14665016703281253,0.8950286708012116,0.4536021272185362,0.1715255499465722,1.0427605190160067,0.22344680384794735,0
1.466000000000001,REACH,0.2879130548007895,0.14663501170370283,0.8950379070315757,0.4536021272185362,0.1715255499465722,1.0427605190160067,0.22337049425601366,0
1.468000000000001,REACH,0.2880104287771759,0.14661986586168427,0.8950472363401197,0.4536021272185362,0.1715255499465722,1.0427605190160067,0.22329379205727407,0
1.470000000000001,REACH,0.28810826961599156,0.14660472876412137,0.8950566584355821,0.4536021272185362,0.1715255499465722,1.0427605190160067,0.22321669888908519,0
1.472000000000001,REACH,0.28820657579590603,0.14658959968793295,0.8950661730629362,0.4536021272185362,0.1715255499465722,1.0427605190160067,0.2231392163475585,0
1.474000000000001,REACH,0.2883053458164465,0.14657447792966544,0.8950757800028006,0.4536021272185362,0.1715255499465722,1.0427605190160067,0.22306134598823235,0
1.476000000000001,REACH,0.28840457819756615,0.14655936280553777,0.8950854790708433,0.4536021272185362,0.1715255499465722,1.0427605190160067,0.2229830893267527,0
1.478000000000001,REACH,0.2885042714792142,0.14654425365146037,0.8950952701171746,0.4536021272185362,0.1715255499465722,1.0427605190160067,0.2229044478395624,0
1.480000000000001,REACH,0.2886044242209065,0.14652914982303022,0.8951051530257353,0.4536021272185362,0.1715255499465722,1.0427605190160067,0.2228254229645963,0
1.482000000000001,REACH,0.2887050350012956,0.14651405069550322,0.8951151277136802,0.4536021272185362,0.1715255499465722,1.0427605190160067,0.2227460161019822,0
1.484000000000001,REACH,0.2888061024177447,0.1464989556637459,0.8951251941307539,0.4536021272185362,0.1715255499465722,1.0427605190160067,0.22266622861474628,0
1.486000000000001,REACH,0.28890762508590084,0.1464838641421672,0.8951353522586678,0.4536021272185362,0.1715255499465722,1.0427605190160067,0.22258606182952093,0
1.488000000000001,REACH,0.2890096016392734,0.1464687755646325,0.895145602110469,0.4536021272185362,0.1715255499465722,1.0427605190160067,0.22250551703725577,0
1.490000000000001,REACH,0.28911203072881037,0.1464536893843609,0.895155943729911,0.4536021272185362,0.1715255499465722,1.0427605190160067,0.22242459549393134,0
1.492000000000001,REACH,0.28921491102248276,0.1464386050738065,0.8951663771908215,0.4536021272185362,0.1715255499465722,1.0427605190160067,0.2223432984212704,0
1.494000000000001,REACH,0.2893182412048667,0.14642352212452625,0.8951769025964708,0.4536021272185362,0.1715255499465722,1.0427605190160067,0.2222616270074523,0
1.496000000000001,REACH,0.28942201997673317,0.14640844004703427,0.8951875200789375,0.4536021272185362,0.1715255499465722,1.0427605190160067,0.22217958240782534,0
1.498000000000001,REACH,0.28952624605463745,0.14639335837064338,0.8951982297984805,0.4536021272185362,0.1715255499465722,1.0427605190160067,0.22209716574561658,0
1.500000000000001,REACH,0.2896309181705158,0.146378276643297,0.8952090319429074,0.4536021272185362,0.1715255499465722,1.0427605190160067,0.22201437811263994,0
1.5020000000000011,REACH,0.2897360350712817,0.1463631944313894,0.8952199267269467,0.4536021272185362,0.1715255499465722,1.0427605190160067,0.2219312205700036,0
1.5040000000000011,REACH,0.28984159551843036,0.14634811131957795,0.8952309143916244,0.4536021272185362,0.1715255499465722,1.0427605190160067,0.22184769414881017,0
1.5060000000000011,REACH,0.28994759828764527,0.14633302691058644,0.8952419952036403,0.4536021272185362,0.1715255499465722,1.0427605190160067,0.2217637998508553,0
1.5080000000000011,REACH,0.29005404216840824,0.1463179408250007,0.8952531694547519,0.4536021272185362,0.1715255499465722,1.0427605190160067,0.22167953864932158,0
1.5100000000000011,REACH,0.29016092596361676,0.1463028527010582,0.8952644374611589,0.4536021272185362,0.1715255499465722,1.0427605190160067,0.221594911489466,0
1.5120000000000011,REACH,0.29026824848920313,0.14628776219443043,0.8952757995628935,0.4536021272185362,0.1715255499465722,1.0427605190160067,0.22150991928930444,0
1.5140000000000011,REACH,0.29037600857375956,0.14627266897800104,0.8952872561232185,0.4536021272185362,0.1715255499465722,1.0427605190160067,0.22142456294028667,0
1.5160000000000011,REACH,0.2904842050581693,0.14625757274163834,0.8952988075280244,0.4536021272185362,0.1715255499465722,1.0427605190160067,0.2213388433079687,0
1.5180000000000011,REACH,0.2905928367952407,0.14624247319196437,0.8953104541852376,0.4536021272185362,0.1715255499465722,1.0427605190160067,0.2212527612326764,0
1.5200000000000011,REACH,0.29070190264934814,0.1462273700521199,0.8953221965242336,0.4536021272185362,0.1715255499465722,1.0427605190160067,0.22116631753016117,0
1.5220000000000011,REACH,0.2908114014960761,0.14621226306152624,0.8953340349952539,0.4536021272185362,0.1715255499465722,1.0427605190160067,0.22107951299225168,0
1.5240000000000011,REACH,0.2909213322218709,0.14619715197564498,0.8953459700688328,0.4536021272185362,0.1715255499465722,1.0427605190160067,0.22099234838749388,0
1.5260000000000011,REACH,0.29103169372369686,0.1461820365657355,0.8953580022352273,0.4536021272185362,0.1715255499465722,1.0427605190160067,0.22090482446178625,0
1.5280000000000011,REACH,0.29114248490869693,0.14616691661861042,0.8953701320038585,0.4536021272185362,0.1715255499465722,1.0427605190160067,0.2208169419390047,0
1.5300000000000011,REACH,0.29125370469385925,0.14615179193639008,0.8953823599027562,0.4536021272185362,0.1715255499465722,1.0427605190160067,0.22072870152162116,0
1.5320000000000011,REACH,0.29136535200569036,0.14613666233625633,0.8953946864780132,0.4536021272185362,0.1715255499465722,1.0427605190160067,0.22064010389131136,0
1.5340000000000011,REACH,0.29147742577989266,0.1461215276502055,0.8954071122932469,0.4536021272185362,0.1715255499465722,1.0427605190160067,0.22055114970955536,0
1.5360000000000011,REACH,0.2915899249610474,0.14610638772480095,0.8954196379290674,0.4536021272185362,0.1715255499465722,1.0427605190160067,0.22046183961822913,0
1.5380000000000011,REACH,0.2917028485023044,0.14609124242092675,0.8954322639825554,0.4536021272185362,0.1715255499465722,1.0427605190160067,0.22037217424018601,0
1.5400000000000011,REACH,0.2918161953650765,0.1460760916135401,0.8954449910667466,0.4536021272185362,0.1715255499465722,1.0427605190160067,0.22028215417982977,0
1.5420000000000011,REACH,0.2919299645187393,0.14606093519142635,0.8954578198101262,0.4536021272185362,0.1715255499465722,1.0427605190160067,0.2201917800236778,0
1.5440000000000011,REACH,0.2920441549403382,0.14604577305695335,0.8954707508561283,0.4536021272185362,0.1715255499465722,1.0427605190160067,0.2201010523409157,0
1.5460000000000012,REACH,0.29215876561429827,0.1460306051258276,0.8954837848626471,0.4536021272185362,0.1715255499465722,1.0427605190160067,0.22000997168394187,0
1.5480000000000012,REACH,0.29227379553214294,0.14601543132685213,0.8954969225015561,0.4536021272185362,0.1715255499465722,1.0427605190160067,0.2199185385889012,0
1.5500000000000012,REACH,0.2923892436922163,0.146000251601685,0.8955101644582311,0.4536021272185362,0.1715255499465722,1.0427605190160067,0.21982675357621267,0
1.5520000000000012,REACH,0.2925051090994106,0.1459850659046003,0.8955235114310907,0.4536021272185362,0.1715255499465722,1.0427605190160067,0.2197346171510824,0
1.5540000000000012,REACH,0.2926213907649023,0.145969874202251,0.8955369641311345,0.4536021272185362,0.1715255499465722,1.0427605190160067,0.21964212980401146,0
1.5560000000000012,REACH,0.29273808770588927,0.14595467647343316,0.8955505232814998,0.4536021272185362,0.1715255499465722,1.0427605190160067,0.21954929201129136,0
1.5580000000000012,REACH,0.29285519894533796,0.14593947270885305,0.8955641896170209,0.4536021272185362,0.1715255499465722,1.0427605190160067,0.21945610423548947,0
1.5600000000000012,REACH,0.2929727235117325,0.14592426291089655,0.8955779638837976,0.4536021272185362,0.1715255499465722,1.0427605190160067,0.21936256692592782,0
1.5620000000000012,REACH,0.29309066043883125,0.14590904709340027,0.8955918468387757,0.4536021272185362,0.1715255499465722,1.0427605190160067,0.219268680519148,0
1.5640000000000012,REACH,0.2932090087654295,0.14589382528142608,0.8956058392493315,0.4536021272185362,0.1715255499465722,1.0427605190160067,0.219174445439369,0
1.5660000000000012,REACH,0.2933277675351246,0.1458785975110374,0.8956199418928686,0.4536021272185362,0.1715255499465722,1.0427605190160067,0.2190798620989349,0
1.5680000000000012,REACH,0.2934469357960893,0.14586336382907925,0.8956341555564212,0.4536021272185362,0.1715255499465722,1.0427605190160067,0.21898493089875276,0
1.5700000000000012,REACH,0.2935665126008501,0.14584812429295993,0.8956484810362665,0.4536021272185362,0.1715255499465722,1.0427605190160067,0.21888965222871976,0
1.5720000000000012,REACH,0.2936864970060682,0.14583287897043612,0.895662919137545,0.4536021272185362,0.1715255499465722,1.0427605190160067,0.21879402646814383,0
1.5740000000000012,REACH,0.29380688807232974,0.14581762793940078,0.8956774706738918,0.4536021272185362,0.1715255499465722,1.0427605190160067,0.21869805398615016,0
1.5760000000000012,REACH,0.29392768486393783,0.14580237128767415,0.8956921364670716,0.4536021272185362,0.1715255499465722,1.0427605190160067,0.2186017351420832,0
1.5780000000000012,REACH,0.29404888644871147,0.14578710911279755,0.8957069173466259,0.4536021272185362,0.1715255499465722,1.0427605190160067,0.2185050702858959,0
1.5800000000000012,REACH,0.2941704918977887,0.14577184152182987,0.8957218141495285,0.4536021272185362,0.1715255499465722,1.0427605190160067,0.21840805975853037,0
1.5820000000000012,REACH,0.29429250028543585,0.14575656863114775,0.8957368277198452,0.4536021272185362,0.1715255499465722,1.0427605190160067,0.21831070389229046,0
1.5840000000000012,REACH,0.2944149106888601,0.14574129056624824,0.8957519589084061,0.4536021272185362,0.1715255499465722,1.0427605190160067,0.21821300301120428,0
1.5860000000000012,REACH,0.2945377221880284,0.14572600746155503,0.8957672085724843,0.4536021272185362,0.1715255499465722,1.0427605190160067,0.21811495743137707,0
1.5880000000000012,REACH,0.2946609338654903,0.1457107194602275,0.8957825775754814,0.4536021272185362,0.1715255499465722,1.0427605190160067,0.21801656746133657,0
1.5900000000000012,REACH,0.2947845448062058,0.1456954267139723,0.8957980667866224,0.4536021272185362,0.1715255499465722,1.0427605190160067,0.21791783340236917,0
1.5920000000000012,REACH,0.2949085540973783,0.14568012938285935,0.8958136770806575,0.4536021272185362,0.1715255499465722,1.0427605190160067,0.21781875554884614,0
1.5940000000000012,REACH,0.29503296082829145,0.14566482763513963,0.8958294093375725,0.4536021272185362,0.1715255499465722,1.0427605190160067,0.21771933418854245,0
1.5960000000000012,REACH,0.2951577640901505,0.145649521647067,0.8958452644423064,0.4536021272185362,0.1715255499465722,1.0427605190160067,0.21761956960294665,0
1.5980000000000012,REACH,0.29528296297592965,0.14563421160272205,0.8958612432844737,0.4536021272185362,0.1715255499465722,1.0427605190160067,0.21751946206756337,0
1.6000000000000012,REACH,0.29540855658022247,0.14561889769384043,0.8958773467581015,0.4536021272185362,0.1715255499465722,1.0427605190160067,0.2174190118522035,0
1.6020000000000012,REACH,0.2955345439990945,0.14560358011964242,0.8958935757613639,0.4536021272185362,0.1715255499465722,1.0427605190160067,0.2173182192212744,0
1.6040000000000012,REACH,0.29566092432994695,0.14558825908666748,0.8959099311963329,0.4536021272185362,0.1715255499465722,1.0427605190160067,0.2172170844340508,0
1.6060000000000012,REACH,0.2957876966713764,0.14557293480861033,0.8959264139687295,0.4536021272185362,0.1715255499465722,1.0427605190160067,0.2171156077449485,0
1.6080000000000012,REACH,0.295914860123043,0.1455576075061602,0.895943024987686,0.4536021272185362,0.1715255499465722,1.0427605190160067,0.21701378940378413,0
1.6100000000000012,REACH,0.29604241378554474,0.14554227740684436,0.8959597651655123,0.4536021272185362,0.1715255499465722,1.0427605190160067,0.21691162965602748,0
1.6120000000000012,REACH,0.2961703567602898,0.1455269447448722,0.895976635417473,0.4536021272185362,0.1715255499465722,1.0427605190160067,0.21680912874304847,0
1.6140000000000012,REACH,0.29629868814937765,0.14551160976098457,0.8959936366615648,0.4536021272185362,0.1715255499465722,1.0427605190160067,0.21670628690235638,0
1.6160000000000012,REACH,0.2964274070554827,0.14549627270230442,0.8960107698183072,0.4536021272185362,0.1715255499465722,1.0427605190160067,0.21660310436782956,0
1.6180000000000012,REACH,0.2965565125817411,0.1454809338221911,0.8960280358105348,0.4536021272185362,0.1715255499465722,1.0427605190160067,0.2164995813699399,0
1.6200000000000012,REACH,0.2966860038316418,0.14546559338009665,0.8960454355631983,0.4536021272185362,0.1715255499465722,1.0427605190160067,0.2163957181359701,0
1.6220000000000012,REACH,0.29681587990892067,0.14545025164142592,0.8960629700031705,0.4536021272185362,0.1715255499465722,1.0427605190160067,0.21629151489022355,0
1.6240000000000012,REACH,0.296946139917459,0.1454349088773983,0.8960806400590599,0.4536021272185362,0.1715255499465722,1.0427605190160067,0.21618697185422697,0
1.6260000000000012,REACH,0.2970767829611848,0.14541956536491304,0.8960984466610279,0.4536021272185362,0.1715255499465722,1.0427605190160067,0.21608208924692776,0
1.6280000000000012,REACH,0.2972078081439785,0.14540422138641643,0.896116390740614,0.4536021272185362,0.1715255499465722,1.0427605190160067,0.2159768672848831,0
1.6300000000000012,REACH,0.29733921456958035,0.14538887722977226,0.8961344732305659,0.4536021272185362,0.1715255499465722,1.0427605190160067,0.21587130618244404,0
1.6320000000000012,REACH,0.2974710013415024,0.14537353318813417,0.8961526950646753,0.4536021272185362,0.1715255499465722,1.0427605190160067,0.2157654061519325,0
1.6340000000000012,REACH,0.2976031675629435,0.1453581895598216,0.8961710571776182,0.4536021272185362,0.1715255499465722,1.0427605190160067,0.2156591674038126,0
1.6360000000000012,REACH,0.2977357123367074,0.14534284664819647,0.8961895605048029,0.4536021272185362,0.1715255499465722,1.0427605190160067,0.21555259014685532,0
1.6380000000000012,REACH,0.29786863476512326,0.14532750476154419,0.8962082059822208,0.4536021272185362,0.1715255499465722,1.0427605190160067,0.21544567458829797,0
1.6400000000000012,REACH,0.29800193394997015,0.14531216421295579,0.8962269945463037,0.4536021272185362,0.1715255499465722,1.0427605190160067,0.21533842093399758,0
1.6420000000000012,REACH,0.2981356089924032,0.14529682532021293,0.8962459271337871,0.4536021272185362,0.1715255499465722,1.0427605190160067,0.2152308293885783,0
1.6440000000000012,REACH,0.29826965899288493,0.145281488405675,0.8962650046815747,0.4536021272185362,0.1715255499465722,1.0427605190160067,0.21512290015557423,0
1.6460000000000012,REACH,0.29840408305111665,0.14526615379616897,0.8962842281266123,0.4536021272185362,0.1715255499465722,1.0427605190160067,0.21501463343756538,0
1.6480000000000012,REACH,0.29853888026597386,0.14525082182288065,0.8963035984057645,0.4536021272185362,0.1715255499465722,1.0427605190160067,0.2149060294363098,0
1.6500000000000012,REACH,0.2986740497354449,0.1452354928212486,0.8963231164556945,0.4536021272185362,0.1715255499465722,1.0427605190160067,0.21479708835286956,0
1.6520000000000012,REACH,0.29880959055657136,0.14522016713086075,0.8963427832127498,0.4536021272185362,0.1715255499465722,1.0427605190160067,0.214687810387733,0
1.6540000000000012,REACH,0.2989455018253907,0.14520484509535192,0.8963625996128539,0.4536021272185362,0.1715255499465722,1.0427605190160067,0.21457819574092987,0
1.6560000000000012,REACH,0.2990817826368824,0.14518952706230429,0.896382566591399,0.4536021272185362,0.1715255499465722,1.0427605190160067,0.214468244612144,0
1.6580000000000013,REACH,0.29921843208491594,0.14517421338314965,0.896402685083145,0.4536021272185362,0.1715255499465722,1.0427605190160067,0.21435795720081985,0
1.6600000000000013,REACH,0.2993554492622017,0.14515890441307397,0.8964229560221221,0.4536021272185362,0.1715255499465722,1.0427605190160067,0.21424733370626453,0
1.6620000000000013,REACH,0.29949283326024184,0.1451436005109227,0.8964433803415371,0.4536021272185362,0.1715255499465722,1.0427605190160067,0.21413637432774735,0
1.6640000000000013,REACH,0.29963058316928765,0.14512830203910995,0.8964639589736844,0.4536021272185362,0.1715255499465722,1.0427605190160067,0.21402507926459122,0
1.6660000000000013,REACH,0.29976869807829476,0.14511300936352756,0.8964846928498594,0.4536021272185362,0.1715255499465722,1.0427605190160067,0.21391344871626378,0
1.6680000000000013,REACH,0.2999071770748827,0.1450977228534574,0.8965055829002773,0.4536021272185362,0.1715255499465722,1.0427605190160067,0.21380148288246234,0
1.6700000000000013,REACH,0.30004601924529695,0.14508244288148459,0.8965266300539928,0.4536021272185362,0.1715255499465722,1.0427605190160067,0.21368918196319492,0
1.6720000000000013,REACH,0.3001852236743713,0.14506716982341314,0.8965478352388253,0.4536021272185362,0.1715255499465722,1.0427605190160067,0.21357654615885904,0
1.6740000000000013,REACH,0.30032478944549357,0.14505190405818313,0.8965691993812891,0.4536021272185362,0.1715255499465722,1.0427605190160067,0.21346357567031293,0
1.6760000000000013,REACH,0.300464715640572,0.14503664596778876,0.8965907234065231,0.4536021272185362,0.1715255499465722,1.0427605190160067,0.21335027069894766,0
1.6780000000000013,REACH,0.3006050013400044,0.14502139593719934,0.8966124082382251,0.4536021272185362,0.1715255499465722,1.0427605190160067,0.21323663144675356,0
1.6800000000000013,REACH,0.3007456456226492,0.1450061543542811,0.8966342547985905,0.4536021272185362,0.1715255499465722,1.0427605190160067,0.21312265811638217,0
1.6820000000000013,REACH,0.30088664756579786,0.14499092160972052,0.8966562640082522,0.4536021272185362,0.1715255499465722,1.0427605190160067,0.2130083509112067,0
1.6840000000000013,REACH,0.3010280062451476,0.14497569809694982,0.8966784367862257,0.4536021272185362,0.1715255499465722,1.0427605190160067,0.21289371003537808,0
1.6860000000000013,REACH,0.30116972073477866,0.14496048421207325,0.8967007740498536,0.4536021272185362,0.1715255499465722,1.0427605190160067,0.2127787356938786,0
1.6880000000000013,REACH,0.3013117901071309,0.14494528035379511,0.896723276714756,0.4536021272185362,0.1715255499465722,1.0427605190160067,0.21266342809257166,0
1.6900000000000013,REACH,0.3014542134329821,0.14493008692334963,0.8967459456947819,0.4536021272185362,0.1715255499465722,1.0427605190160067,0.2125477874382496,0
1.6920000000000013,REACH,0.3015969897814291,0.14491490432443135,0.8967687819019641,0.4536021272185362,0.1715255499465722,1.0427605190160067,0.2124318139386771,0
1.6940000000000013,REACH,0.30174011821986857,0.14489973296312786,0.8967917862464752,0.4536021272185362,0.1715255499465722,1.0427605190160067,0.2123155078026337,0
1.6960000000000013,REACH,0.3018835978139806,0.14488457324785323,0.8968149596365872,0.4536021272185362,0.1715255499465722,1.0427605190160067,0.2121988692399523,0
1.6980000000000013,REACH,0.3020274276277125,0.1448694255892828,0.8968383029786339,0.4536021272185362,0.1715255499465722,1.0427605190160067,0.21208189846155528,0
1.7000000000000013,REACH,0.3021716067232657,0.14485429040028983,0.896861817176973,0.4536021272185362,0.1715255499465722,1.0427605190160067,0.21196459567948833,0
1.7020000000000013,REACH,0.3023161341610809,0.14483916809588251,0.8968855031339548,0.4536021272185362,0.1715255499465722,1.0427605190160067,0.21184696110695134,0
1.7040000000000013,REACH,0.30246100899982753,0.14482405909314314,0.8969093617498869,0.4536021272185362,0.1715255499465722,1.0427605190160067,0.21172899495832842,0
1.7060000000000013,REACH,0.30260623029639233,0.1448089638111673,0.896933393923007,0.4536021272185362,0.1715255499465722,1.0427605190160067,0.2116106974492136,0
1.7080000000000013,REACH,0.30275179710586986,0.14479388267100599,0.8969576005494544,0.4536021272185362,0.1715255499465722,1.0427605190160067,0.21149206879643526,0
1.7100000000000013,REACH,0.30289770848155423,0.14477881609560683,0.8969819825232429,0.4536021272185362,0.1715255499465722,1.0427605190160067,0.21137310921807925,0
1.7120000000000013,REACH,0.30304396347493134,0.14476376450975798,0.8970065407362371,0.4536021272185362,0.1715255499465722,1.0427605190160067,0.21125381893350895,0
1.7140000000000013,REACH,0.30319056113567244,0.14474872834003236,0.8970312760781307,0.4536021272185362,0.1715255499465722,1.0427605190160067,0.2111341981633829,0
1.7160000000000013,REACH,0.3033375005116285,0.1447337080147334,0.8970561894364254,0.4536021272185362,0.1715255499465722,1.0427605190160067,0.21101424712967184,0
1.7180000000000013,REACH,0.3034847806488262,0.14471870396384118,0.8970812816964104,0.4536021272185362,0.1715255499465722,1.0427605190160067,0.21089396605567343,0
1.7200000000000013,REACH,0.3036324005914629,0.14470371661896023,0.8971065537411468,0.4536021272185362,0.1715255499465722,1.0427605190160067,0.21077335516602522,0
1.7220000000000013,REACH,0.30378035938190556,0.14468874641326795,0.8971320064514491,0.4536021272185362,0.1715255499465722,1.0427605190160067,0.2106524146867155,0
1.7240000000000013,REACH,0.30392865606068714,0.14467379378146455,0.8971576407058728,0.4536021272185362,0.1715255499465722,1.0427605190160067,0.21053114484509308,0
1.7260000000000013,REACH,0.30407728966650643,0.14465885915972287,0.8971834573806996,0.4536021272185362,0.1715255499465722,1.0427605190160067,0.21040954586987512,0
1.7280000000000013,REACH,0.3042262592362273,0.1446439429856403,0.8972094573499261,0.4536021272185362,0.1715255499465722,1.0427605190160067,0.21028761799115378,0
1.7300000000000013,REACH,0.3043755638048783,0.14462904569819074,0.8972356414852518,0.4536021272185362,0.1715255499465722,1.0427605190160067,0.2101653614404022,0
1.7320000000000013,REACH,0.3045252024056544,0.14461416773767807,0.8972620106560713,0.4536021272185362,0.1715255499465722,1.0427605190160067,0.21004277645047692,0
1.7340000000000013,REACH,0.30467517406991856,0.1445993095456901,0.8972885657294649,0.4536021272185362,0.1715255499465722,1.0427605190160067,0.20991986325562062,0
1.7360000000000013,REACH,0.30482547782720326,0.14458447156505333,0.8973153075701908,0.4536021272185362,0.1715255499465722,1.0427605190160067,0.2097966220914647,0
1.7380000000000013,REACH,0.3049761127052148,0.14456965423978904,0.8973422370406797,0.4536021272185362,0.1715255499465722,1.0427605190160067,0.20967305319502724,0
1.7400000000000013,REACH,0.3051270777298346,0.14455485801506918,0.8973693550010289,0.4536021272185362,0.1715255499465722,1.0427605190160067,0.20954915680471403,0
1.7420000000000013,REACH,0.3052783719251254,0.14454008333717452,0.8973966623089984,0.4536021272185362,0.1715255499465722,1.0427605190160067,0.20942493316031446,0
1.7440000000000013,REACH,0.3054299943133342,0.14452533065345202,0.897424159820007,0.4536021272185362,0.1715255499465722,1.0427605190160067,0.20930038250299998,0
1.7460000000000013,REACH,0.30558194391489735,0.14451060041227407,0.8974518483871304,0.4536021272185362,0.1715255499465722,1.0427605190160067,0.20917550507531896,0
1.7480000000000013,REACH,0.3057342197484486,0.144495893062998,0.8974797288610986,0.4536021272185362,0.1715255499465722,1.0427605190160067,0.20905030112119088,0
1.7500000000000013,REACH,0.3058868208308202,0.14448120905592604,0.8975078020902961,0.4536021272185362,0.1715255499465722,1.0427605190160067,0.20892477088590264,0
1.7520000000000013,REACH,0.3060397461770538,0.14446654884226703,0.897536068920759,0.4536021272185362,0.1715255499465722,1.0427605190160067,0.20879891461610028,0
1.7540000000000013,REACH,0.3061929948004052,0.14445191287409737,0.8975645301961797,0.4536021272185362,0.1715255499465722,1.0427605190160067,0.20867273255978014,0
1.7560000000000013,REACH,0.30634656571235164,0.14443730160432375,0.8975931867579036,0.4536021272185362,0.1715255499465722,1.0427605190160067,0.20854622496628308,0
1.7580000000000013,REACH,0.30650045792259883,0.14442271548664604,0.897622039444933,0.4536021272185362,0.1715255499465722,1.0427605190160067,0.2084193920862847,0
1.7600000000000013,REACH,0.30665467043909056,0.1444081549755208,0.8976510890939299,0.4536021272185362,0.1715255499465722,1.0427605190160067,0.20829223417178372,0
1.7620000000000013,REACH,0.3068092022680149,0.14439362052612623,0.8976803365392174,0.4536021272185362,0.1715255499465722,1.0427605190160067,0.2081647514760939,0
1.7640000000000013,REACH,0.3069640524138136,0.14437911259432576,0.8977097826127827,0.4536021272185362,0.1715255499465722,1.0427605190160067,0.2080369442538331,0
1.7660000000000013,REACH,0.30711921987919155,0.14436463163663496,0.8977394281442828,0.4536021272185362,0.1715255499465722,1.0427605190160067,0.20790881276090956,0
1.7680000000000013,REACH,0.3072747036651236,0.14435017811018647,0.8977692739610463,0.4536021272185362,0.1715255499465722,1.0427605190160067,0.2077803572545134,0
1.7700000000000014,REACH,0.3074305027708663,0.14433575247269737,0.8977993208880803,0.4536021272185362,0.1715255499465722,1.0427605190160067,0.20765157799310102,0
1.7720000000000014,REACH,0.3075866161939661,0.14432135518243586,0.8978295697480732,0.4536021272185362,0.1715255499465722,1.0427605190160067,0.20752247523638434,0
1.7740000000000014,REACH,0.3077430429302692,0.14430698669818928,0.8978600213614013,0.4536021272185362,0.1715255499465722,1.0427605190160067,0.2073930492453166,0
1.7760000000000014,REACH,0.3078997819739316,0.14429264747923243,0.8978906765461335,0.4536021272185362,0.1715255499465722,1.0427605190160067,0.20726330028207957,0
1.7780000000000014,REACH,0.30805683231742886,0.1442783379852961,0.8979215361180388,0.4536021272185362,0.1715255499465722,1.0427605190160067,0.2071332286100684,0
1.7800000000000014,REACH,0.3082141929515664,0.14426405867653647,0.8979526008905903,0.4536021272185362,0.1715255499465722,1.0427605190160067,0.2070028344938791,0
1.7820000000000014,REACH,0.30837186286549045,0.14424981001350506,0.897983871674973,0.4536021272185362,0.1715255499465722,1.0427605190160067,0.20687211819929222,0
1.7840000000000014,REACH,0.3085298410466984,0.14423559245711867,0.8980153492800896,0.4536021272185362,0.1715255499465722,1.0427605190160067,0.2067410799932593,0
1.7860000000000014,REACH,0.30868812648104904,0.14422140646863088,0.8980470345125673,0.4536021272185362,0.1715255499465722,1.0427605190160067,0.20660972014388784,0
1.7880000000000014,REACH,0.30884671815277276,0.14420725250960204,0.8980789281767658,0.4536021272185362,0.1715255499465722,1.0427605190160067,0.20647803892042565,0
1.7900000000000014,REACH,0.30900561504448415,0.14419313104187206,0.8981110310747824,0.4536021272185362,0.1715255499465722,1.0427605190160067,0.20634603659324596,0
1.7920000000000014,REACH,0.30916481613719143,0.14417904252753233,0.8981433440064607,0.4536021272185362,0.1715255499465722,1.0427605190160067,0.20621371343383166,0
1.7940000000000014,REACH,0.3093243204103078,0.14416498742889777,0.8981758677693971,0.4536021272185362,0.1715255499465722,1.0427605190160067,0.2060810697147601,0
1.7960000000000014,REACH,0.30948412684166327,0.14415096620848034,0.8982086031589477,0.4536021272185362,0.1715255499465722,1.0427605190160067,0.20594810570968705,0
1.7980000000000014,REACH,0.3096442344075143,0.1441369793289622,0.8982415509682375,0.4536021272185362,0.1715255499465722,1.0427605190160067,0.20581482169333096,0
1.8000000000000014,REACH,0.30980464208255676,0.1441230272531698,0.8982747119881643,0.4536021272185362,0.1715255499465722,1.0427605190160067,0.2056812179414581,0
1.8020000000000014,REACH,0.30996534883993554,0.14410911044404764,0.8983080870074098,0.4536021272185362,0.1715255499465722,1.0427605190160067,0.20554729473086517,0
1.8040000000000014,REACH,0.3101263536512565,0.14409522936463356,0.8983416768124454,0.4536021272185362,0.1715255499465722,1.0427605190160067,0.20541305233936427,0
1.8060000000000014,REACH,0.31028765548659765,0.14408138447803293,0.898375482187538,0.4536021272185362,0.1715255499465722,1.0427605190160067,0.20527849104576798,0
1.8080000000000014,REACH,0.31044925331452045,0.14406757624739472,0.8984095039147597,0.4536021272185362,0.1715255499465722,1.0427605190160067,0.20514361112987217,0
1.8100000000000014,REACH,0.31061114610208035,0.14405380513588698,0.8984437427739944,0.4536021272185362,0.1715255499465722,1.0427605190160067,0.20500841287244068,0
1.8120000000000014,REACH,0.31077333281483943,0.1440400716066728,0.898478199542944,0.4536021272185362,0.1715255499465722,1.0427605190160067,0.20487289655518984,0
1.8140000000000014,REACH,0.3109358124168763,0.14402637612288718,0.8985128749971361,0.4536021272185362,0.1715255499465722,1.0427605190160067,0.2047370624607729,0
1.8160000000000014,REACH,0.3110985838707973,0.14401271914761327,0.8985477699099313,0.4536021272185362,0.1715255499465722,1.0427605190160067,0.20460091087276444,0
1.8180000000000014,REACH,0.31126164613774854,0.14399910114386003,0.8985828850525296,0.4536021272185362,0.1715255499465722,1.0427605190160067,0.20446444207564504,0
1.8200000000000014,REACH,0.311424998177426,0.14398552257453942,0.8986182211939782,0.4536021272185362,0.1715255499465722,1.0427605190160067,0.20432765635478523,0
1.8220000000000014,REACH,0.31158863894808725,0.14397198390244434,0.8986537791011763,0.4536021272185362,0.1715255499465722,1.0427605190160067,0.2041905539964316,0
1.8240000000000014,REACH,0.31175256740656254,0.14395848559022667,0.8986895595388836,0.4536021272185362,0.1715255499465722,1.0427605190160067,0.2040531352876903,0
1.8260000000000014,REACH,0.3119167825082646,0.14394502810037565,0.8987255632697241,0.4536021272185362,0.1715255499465722,1.0427605190160067,0.20391540051651474,0
1.8280000000000014,REACH,0.31208128320720085,0.14393161189519676,0.8987617910541952,0.4536021272185362,0.1715255499465722,1.0427605190160067,0.20377734997168764,0
1.8300000000000014,REACH,0.31224606845598374,0.1439182374367908,0.8987982436506723,0.4536021272185362,0.1715255499465722,1.0427605190160067,0.20363898394280822,0
1.8320000000000014,REACH,0.31241113720584074,0.14390490518703283,0.8988349218154139,0.4536021272185362,0.1715255499465722,1.0427605190160067,0.20350030272027864,0
1.8340000000000014,REACH,0.31257648840662633,0.14389161560755234,0.8988718263025682,0.4536021272185362,0.1715255499465722,1.0427605190160067,0.20336130659528834,0
1.8360000000000014,REACH,0.3127421210068316,0.14387836915971275,0.8989089578641788,0.4536021272185362,0.1715255499465722,1.0427605190160067,0.20322199585980072,0
1.8380000000000014,REACH,0.3129080339535945,0.14386516630459167,0.8989463172501888,0.4536021272185362,0.1715255499465722,1.0427605190160067,0.2030823708065401,0
1.8400000000000014,REACH,0.31307422619271175,0.14385200750296145,0.8989839052084465,0.4536021272185362,0.1715255499465722,1.0427605190160067,0.20294243172897716,0
1.8420000000000014,REACH,0.3132406966686473,0.14383889321526983,0.8990217224847107,0.4536021272185362,0.1715255499465722,1.0427605190160067,0.2028021789213163,0
1.8440000000000014,REACH,0.31340744432454326,0.1438258239016209,0.8990597698226543,0.4536021272185362,0.1715255499465722,1.0427605190160067,0.20266161267848276,0
1.8460000000000014,REACH,0.3135744681022309,0.14381280002175634,0.8990980479638679,0.4536021272185362,0.1715255499465722,1.0427605190160067,0.20252073329611023,0
1.8480000000000014,REACH,0.3137417669422393,0.14379982203503686,0.8991365576478672,0.4536021272185362,0.1715255499465722,1.0427605190160067,0.20237954107052647,0
1.8500000000000014,REACH,0.31390933978380564,0.14378689040042386,0.8991752996120934,0.4536021272185362,0.1715255499465722,1.0427605190160067,0.20223803629874346,0
1.8520000000000014,REACH,0.3140771855648854,0.14377400557646175,0.8992142745919179,0.4536021272185362,0.1715255499465722,1.0427605190160067,0.2020962192784445,0
1.8540000000000014,REACH,0.3142453032221624,0.14376116802125966,0.8992534833206466,0.4536021272185362,0.1715255499465722,1.0427605190160067,0.2019540903079715,0
1.8560000000000014,REACH,0.3144136916910566,0.14374837819247416,0.8992929265295214,0.4536021272185362,0.1715255499465722,1.0427605190160067,0.20181164968631576,0
1.8580000000000014,REACH,0.3145823499057356,0.14373563654729174,0.8993326049477242,0.4536021272185362,0.1715255499465722,1.0427605190160067,0.2016688977131051,0
1.8600000000000014,REACH,0.31475127679912296,0.14372294354241197,0.8993725193023803,0.4536021272185362,0.1715255499465722,1.0427605190160067,0.2015258346885924,0
1.8620000000000014,REACH,0.31492047130290773,0.1437102996340303,0.8994126703185576,0.4536021272185362,0.1715255499465722,1.0427605190160067,0.20138246091364784,0
1.8640000000000014,REACH,0.31508993234755306,0.14369770527782139,0.8994530587192725,0.4536021272185362,0.1715255499465722,1.0427605190160067,0.20123877668974585,0
1.8660000000000014,REACH,0.31525965886230656,0.14368516092892294,0.8994936852254888,0.4536021272185362,0.1715255499465722,1.0427605190160067,0.2010947823189561,0
1.8680000000000014,REACH,0.31542964977520754,0.14367266704191908,0.8995345505561206,0.4536021272185362,0.1715255499465722,1.0427605190160067,0.20095047810393432,0
1.8700000000000014,REACH,0.3155999040130967,0.14366022407082432,0.8995756554280333,0.4536021272185362,0.1715255499465722,1.0427605190160067,0.20080586434791228,0
1.8720000000000014,REACH,0.31577042050162535,0.14364783246906793,0.8996170005560443,0.4536021272185362,0.1715255499465722,1.0427605190160067,0.20066094135468834,0
1.8740000000000014,REACH,0.3159411981652619,0.1436354926894781,0.8996585866529244,0.4536021272185362,0.1715255499465722,1.0427605190160067,0.20051570942862007,0
1.8760000000000014,REACH,0.31611223592730286,0.14362320518426608,0.8997004144293977,0.4536021272185362,0.1715255499465722,1.0427605190160067,0.20037016887461384,0
1.8780000000000014,REACH,0.3162835327098793,0.14361097040501195,0.8997424845941415,0.4536021272185362,0.1715255499465722,1.0427605190160067,0.20022431999811827,0
1.8800000000000014,REACH,0.31645508743396605,0.14359878880264806,0.8997847978537864,0.4536021272185362,0.1715255499465722,1.0427605190160067,0.20007816310511561,0
1.8820000000000014,REACH,0.3166268990193894,0.14358666082744515,0.8998273549129168,0.4536021272185362,0.1715255499465722,1.0427605190160067,0.19993169850211365,0
1.8840000000000015,REACH,0.3167989663848345,0.14357458692899724,0.8998701564740685,0.4536021272185362,0.1715255499465722,1.0427605190160067,0.19978492649613994,0
1.8860000000000015,REACH,0.3169712884478548,0.14356256755620722,0.8999132032377294,0.4536021272185362,0.1715255499465722,1.0427605190160067,0.19963784739473295,0
1.8880000000000015,REACH,0.3171438641248781,0.14355060315727192,0.8999564959023371,0.4536021272185362,0.1715255499465722,1.0427605190160067,0.19949046150593694,0
1.8900000000000015,REACH,0.3173166923312147,0.14353869417966844,0.9000000351642786,0.4536021272185362,0.1715255499465722,1.0427605190160067,0.19934276913829446,0
1.8920000000000015,REACH,0.31748977198106554,0.1435268410701398,0.9000438217178871,0.4536021272185362,0.1715255499465722,1.0427605190160067,0.19919477060084118,0
1.8940000000000015,REACH,0.31766310198752834,0.14351504427468093,0.9000878562554411,0.4536021272185362,0.1715255499465722,1.0427605190160067,0.1990464662030998,0
1.8960000000000015,REACH,0.31783668126260667,0.1435033042385252,0.9001321394671611,0.4536021272185362,0.1715255499465722,1.0427605190160067,0.1988978562550742,0
1.8980000000000015,REACH,0.31801050871721503,0.1434916214061306,0.9001766720412088,0.4536021272185362,0.1715255499465722,1.0427605190160067,0.19874894106724447,0
1.9000000000000015,REACH,0.31818458326118765,0.143479996221166,0.9002214546636814,0.4536021272185362,0.1715255499465722,1.0427605190160067,0.1985997209505628,0
1.9020000000000015,REACH,0.31835890380328435,0.14346842912649865,0.9002664880186123,0.4536021272185362,0.1715255499465722,1.0427605190160067,0.19845019621644705,0
1.9040000000000015,REACH,0.3185334692511975,0.14345692056417997,0.9003117727879627,0.4536021272185362,0.1715255499465722,1.0427605190160067,0.19830036717677987,0
1.9060000000000015,REACH,0.3187082785115593,0.1434454709754335,0.9003573096516236,0.4536021272185362,0.1715255499465722,1.0427605190160067,0.19815023414390023,0
1.9080000000000015,REACH,0.3188833304899477,0.14343408080064127,0.9004030992874082,0.4536021272185362,0.1715255499465722,1.0427605190160067,0.1979997974306032,0
1.9100000000000015,REACH,0.3190586240908939,0.14342275047933156,0.9004491423710472,0.4536021272185362,0.1715255499465722,1.0427605190160067,0.1978490573501359,0
1.9120000000000015,REACH,0.3192341582178872,0.14341148045016613,0.9004954395761879,0.4536021272185362,0.1715255499465722,1.0427605190160067,0.19769801421619307,0
1.9140000000000015,REACH,0.31940993177338306,0.14340027115092763,0.9005419915743864,0.4536021272185362,0.1715255499465722,1.0427605190160067,0.19754666834291545,0
1.9160000000000015,REACH,0.31958594365880805,0.14338912301850734,0.9005887990351045,0.4536021272185362,0.1715255499465722,1.0427605190160067,0.19739502004488657,0
1.9180000000000015,REACH,0.3197621927745663,0.14337803648889325,0.900635862625702,0.4536021272185362,0.1715255499465722,1.0427605190160067,0.19724306963713215,0
1.9200000000000015,REACH,0.31993867802004594,0.1433670119971573,0.9006831830114355,0.4536021272185362,0.1715255499465722,1.0427605190160067,0.1970908174351151,0
1.9220000000000015,REACH,0.3201153982936243,0.1433560499774442,0.9007307608554483,0.4536021272185362,0.1715255499465722,1.0427605190160067,0.19693826375473691,0
1.9240000000000015,REACH,0.3202923524926745,0.1433451508629591,0.9007785968187678,0.4536021272185362,0.1715255499465722,1.0427605190160067,0.196785408912334,0
1.9260000000000015,REACH,0.3204695395135702,0.14333431508595593,0.9008266915602974,0.4536021272185362,0.1715255499465722,1.0427605190160067,0.1966322532246782,0
1.9280000000000015,REACH,0.3206469582516923,0.1433235430777261,0.9008750457368114,0.4536021272185362,0.1715255499465722,1.0427605190160067,0.19647879700897422,0
1.9300000000000015,REACH,0.32082460760143405,0.14331283526858668,0.9009236600029464,0.4536021272185362,0.1715255499465722,1.0427605190160067,0.19632504058286127,0
1.9320000000000015,REACH,0.3210024864562062,0.14330219208786898,0.9009725350111976,0.4536021272185362,0.1715255499465722,1.0427605190160067,0.19617098426441004,0
1.9340000000000015,REACH,0.3211805937084429,0.14329161396390788,0.9010216714119085,0.4536021272185362,0.1715255499465722,1.0427605190160067,0.196016628372125,0
1.9360000000000015,REACH,0.32135892824960643,0.14328110132402996,0.9010710698532665,0.4536021272185362,0.1715255499465722,1.0427605190160067,0.19586197322494264,0
1.9380000000000015,REACH,0.3215374889701934,0.14327065459454297,0.9011207309812923,0.4536021272185362,0.1715255499465722,1.0427605190160067,0.19570701914223365,0
1.9400000000000015,REACH,0.32171627475973885,0.14326027420072449,0.9011706554398354,0.4536021272185362,0.1715255499465722,1.0427605190160067,0.19555176644380198,0
1.9420000000000015,REACH,0.3218952845068215,0.14324996056681158,0.9012208438705646,0.4536021272185362,0.1715255499465722,1.0427605190160067,0.1953962154498866,0
1.9440000000000015,REACH,0.32207451709906926,0.14323971411598968,0.9012712969129586,0.4536021272185362,0.1715255499465722,1.0427605190160067,0.19524036648116305,0
1.9460000000000015,REACH,0.3222539714231642,0.14322953527038226,0.9013220152043,0.4536021272185362,0.1715255499465722,1.0427605190160067,0.19508421985874372,0
1.9480000000000015,REACH,0.3224336463648465,0.14321942445103986,0.9013729993796661,0.4536021272185362,0.1715255499465722,1.0427605190160067,0.19492777590417998,0
1.9500000000000015,REACH,0.3226135408089204,0.14320938207793027,0.9014242500719185,0.4536021272185362,0.1715255499465722,1.0427605190160067,0.1947710349394646,0
1.9520000000000015,REACH,0.3227936536392576,0.14319940856992766,0.901475767911697,0.4536021272185362,0.1715255499465722,1.0427605190160067,0.19461399728703285,0
1.9540000000000015,REACH,0.3229739837388033,0.14318950434480268,0.9015275535274073,0.4536021272185362,0.1715255499465722,1.0427605190160067,0.19445666326976602,0
1.9560000000000015,REACH,0.32315452998957994,0.14317966981921215,0.9015796075452147,0.4536021272185362,0.1715255499465722,1.0427605190160067,0.1942990332109923,0
1.9580000000000015,REACH,0.32333529127269167,0.14316990540868907,0.9016319305890329,0.4536021272185362,0.1715255499465722,1.0427605190160067,0.19414110743449087,0
1.9600000000000015,REACH,0.32351626646832987,0.1431602115276327,0.9016845232805133,0.4536021272185362,0.1715255499465722,1.0427605190160067,0.193982886264495,0
1.9620000000000015,REACH,0.3236974544557755,0.14315058858929847,0.901737386239039,0.4536021272185362,0.1715255499465722,1.0427605190160067,0.1938243700256936,0
1.9640000000000015,REACH,0.32387885411340633,0.1431410370057885,0.9017905200817098,0.4536021272185362,0.1715255499465722,1.0427605190160067,0.19366555904323648,0
1.9660000000000015,REACH,0.32406046431869845,0.14313155718804169,0.9018439254233358,0.4536021272185362,0.1715255499465722,1.0427605190160067,0.1935064536427369,0
1.9680000000000015,REACH,0.3242422839482323,0.143122149545824,0.9018976028764251,0.4536021272185362,0.1715255499465722,1.0427605190160067,0.1933470541502757,0
1.9700000000000015,REACH,0.3244243118776965,0.1431128144877193,0.9019515530511748,0.4536021272185362,0.1715255499465722,1.0427605190160067,0.19318736089240426,0
1.9720000000000015,REACH,0.3246065469818918,0.1431035524211194,0.9020057765554573,0.4536021272185362,0.1715255499465722,1.0427605190160067,0.1930273741961513,0
1.9740000000000015,REACH,0.32478898813473495,0.14309436375221513,0.9020602739948136,0.4536021272185362,0.1715255499465722,1.0427605190160067,0.19286709438902408,0
1.9760000000000015,REACH,0.32497163420926345,0.14308524888598667,0.9021150459724392,0.4536021272185362,0.1715255499465722,1.0427605190160067,0.1927065217990149,0
1.9780000000000015,REACH,0.3251544840776394,0.14307620822619455,0.9021700930891746,0.4536021272185362,0.1715255499465722,1.0427605190160067,0.19254565675460475,0
1.9800000000000015,REACH,0.3253375366111535,0.1430672421753704,0.9022254159434919,0.4536021272185362,0.1715255499465722,1.0427605190160067,0.19238449958476983,0
1.9820000000000015,REACH,0.3255207906802288,0.14305835113480792,0.9022810151314871,0.4536021272185362,0.1715255499465722,1.0427605190160067,0.1922230506189839,0
1.9840000000000015,REACH,0.32570424515442437,0.1430495355045538,0.9023368912468642,0.4536021272185362,0.1715255499465722,1.0427605190160067,0.1920613101872269,0
1.9860000000000015,REACH,0.3258878989024404,0.1430407956833988,0.9023930448809262,0.4536021272185362,0.1715255499465722,1.0427605190160067,0.19189927861998785,0
1.9880000000000015,REACH,0.32607175079212086,0.14303213206886908,0.9024494766225629,0.4536021272185362,0.1715255499465722,1.0427605190160067,0.19173695624827103,0
1.9900000000000015,REACH,0.3262557996904579,0.14302354505721707,0.902506187058239,0.4536021272185362,0.1715255499465722,1.0427605190160067,0.19157434340360172,0
1.9920000000000015,REACH,0.3264400444635962,0.14301503504341292,0.9025631767719804,0.4536021272185362,0.1715255499465722,1.0427605190160067,0.19141144041803285,0
1.9940000000000015,REACH,0.3266244839768351,0.14300660242113605,0.9026204463453642,0.4536021272185362,0.1715255499465722,1.0427605190160067,0.1912482476241502,0
1.9960000000000016,REACH,0.32680911709463434,0.14299824758276602,0.9026779963575048,0.4536021272185362,0.1715255499465722,1.0427605190160067,0.19108476535507904,0
1.9980000000000016,REACH,0.3269939426806164,0.14298997091937451,0.9027358273850435,0.4536021272185362,0.1715255499465722,1.0427605190160067,0.1909209939444894,0
2.0000000000000013,REACH,0.3271789595975716,0.14298177282071664,0.9027939400021325,0.4536021272185362,0.1715255499465722,1.0427605190160067,0.19075693372660435,0
2.002000000000001,REACH,0.3273641667074603,0.14297365367522255,0.9028523347804257,0.4536021272185362,0.1715255499465722,1.0427605190160067,0.19059258503620533,0
2.004000000000001,REACH,0.3275495628714178,0.14296561386998913,0.902911012289064,0.4536021272185362,0.1715255499465722,1.0427605190160067,0.19042794820863912,0
2.0060000000000007,REACH,0.3277351469497573,0.1429576537907717,0.9029699730946625,0.4536021272185362,0.1715255499465722,1.0427605190160067,0.19026302357982547,0
2.0080000000000005,REACH,0.32792091780197424,0.14294977382197588,0.9030292177612992,0.4536021272185362,0.1715255499465722,1.0427605190160067,0.19009781148626248,0
2.0100000000000002,REACH,0.3281068742867498,0.14294197434664913,0.9030887468504994,0.4536021272185362,0.1715255499465722,1.0427605190160067,0.18993231226503549,0
2.012,REACH,0.3282930152619542,0.14293425574647325,0.9031485609212243,0.4536021272185362,0.1715255499465722,1.0427605190160067,0.18976652625382354,0
2.014,REACH,0.3284793395846505,0.14292661840175555,0.9032086605298582,0.4536021272185362,0.1715255499465722,1.0427605190160067,0.18960045379090637,0
2.0159999999999996,REACH,0.3286658461110986,0.14291906269142163,0.9032690462301929,0.4536021272185362,0.1715255499465722,1.0427605190160067,0.18943409521517296,0
2.0179999999999993,REACH,0.32885253369675926,0.1429115889930068,0.9033297185734167,0.4536021272185362,0.1715255499465722,1.0427605190160067,0.1892674508661278,0
2.019999999999999,REACH,0.3290394011962962,0.14290419768264873,0.9033906781080987,0.4536021272185362,0.1715255499465722,1.0427605190160067,0.18910052108390082,0
2.021999999999999,REACH,0.32922644746358154,0.14289688913507934,0.9034519253801788,0.4536021272185362,0.1715255499465722,1.0427605190160067,0.1889333062092515,0
2.0239999999999987,REACH,0.32941367135169836,0.14288966372361686,0.9035134609329494,0.4536021272185362,0.1715255499465722,1.0427605190160067,0.18876580658358105,0
2.0259999999999985,REACH,0.32960107171294545,0.1428825218201588,0.9035752853070446,0.4536021272185362,0.1715255499465722,1.0427605190160067,0.18859802254893748,0
2.0279999999999982,REACH,0.3297886473988393,0.1428754637951735,0.9036373990404265,0.4536021272185362,0.1715255499465722,1.0427605190160067,0.18842995444802496,0
2.029999999999998,REACH,0.3299763972601196,0.14286849001769286,0.903699802668371,0.4536021272185362,0.1715255499465722,1.0427605190160067,0.18826160262421096,0
2.031999999999998,REACH,0.3301643201467516,0.14286160085530492,0.9037624967234519,0.4536021272185362,0.1715255499465722,1.0427605190160067,0.18809296742153722,0
2.0339999999999976,REACH,0.33035241490793077,0.1428547966741462,0.9038254817355309,0.4536021272185362,0.1715255499465722,1.0427605190160067,0.18792404918472394,0
2.0359999999999974,REACH,0.3305406803920864,0.14284807783889425,0.9038887582317392,0.4536021272185362,0.1715255499465722,1.0427605190160067,0.1877548482591824,0
2.037999999999997,REACH,0.3307291154468838,0.14284144471276003,0.9039523267364674,0.4536021272185362,0.1715255499465722,1.0427605190160067,0.18758536499102108,0
2.039999999999997,REACH,0.33091771891923083,0.1428348976574811,0.9040161877713485,0.4536021272185362,0.1715255499465722,1.0427605190160067,0.18741559972705488,0
2.0419999999999967,REACH,0.3311064896552793,0.14282843703331374,0.9040803418552452,0.4536021272185362,0.1715255499465722,1.0427605190160067,0.18724555281481403,0
2.0439999999999965,REACH,0.33129542650042954,0.14282206319902596,0.9041447895042359,0.4536021272185362,0.1715255499465722,1.0427605190160067,0.18707522460255258,0
2.0459999999999963,REACH,0.33148452829933484,0.1428157765118902,0.9042095312315989,0.4536021272185362,0.1715255499465722,1.0427605190160067,0.1869046154392578,0
2.047999999999996,REACH,0.33167379389590373,0.14280957732767632,0.9042745675477989,0.4536021272185362,0.1715255499465722,1.0427605190160067,0.18673372567465946,0
2.049999999999996,REACH,0.3318632221333063,0.14280346600064428,0.9043398989604745,0.4536021272185362,0.1715255499465722,1.0427605190160067,0.18656255565923607,0
2.0519999999999956,REACH,0.33205281185397517,0.1427974428835369,0.9044055259744201,0.4536021272185362,0.1715255499465722,1.0427605190160067,0.18639110574422862,0
2.0539999999999954,REACH,0.3322425618996111,0.1427915083275734,0.9044714490915753,0.4536021272185362,0.1715255499465722,1.0427605190160067,0.18621937628164556,0
2.055999999999995,REACH,0.332432471111187,0.14278566268244178,0.9045376688110075,0.4536021272185362,0.1715255499465722,1.0427605190160067,0.18604736762427426,0
2.057999999999995,REACH,0.3326225383289513,0.14277990629629214,0.9046041856288994,0.4536021272185362,0.1715255499465722,1.0427605190160067,0.1858750801256893,0
2.0599999999999947,REACH,0.3328127623924315,0.14277423951573004,0.9046710000385338,0.4536021272185362,0.1715255499465722,1.0427605190160067,0.1857025141402623,0
2.0619999999999945,REACH,0.3330031421404397,0.14276866268580904,0.9047381125302795,0.4536021272185362,0.1715255499465722,1.0427605190160067,0.18552967002317047,0
2.0639999999999943,REACH,0.33319367641107506,0.1427631761500244,0.9048055235915745,0.4536021272185362,0.1715255499465722,1.0427605190160067,0.18535654813040797,0
2.065999999999994,REACH,0.333384364041728,0.14275778025030592,0.9048732337069159,0.4536021272185362,0.1715255499465722,1.0427605190160067,0.1851831488187929,0
2.067999999999994,REACH,0.3335752038690861,0.14275247532701166,0.9049412433578407,0.4536021272185362,0.1715255499465722,1.0427605190160067,0.18500947244597812,0
2.0699999999999936,REACH,0.3337661947291356,0.14274726171892074,0.9050095530229144,0.4536021272185362,0.1715255499465722,1.0427605190160067,0.18483551937046094,0
2.0719999999999934,REACH,0.333957335457167,0.14274213976322692,0.9050781631777157,0.4536021272185362,0.1715255499465722,1.0427605190160067,0.18466128995159192,0
2.073999999999993,REACH,0.33414862488778035,0.14273710979553225,0.9051470742948193,0.4536021272185362,0.1715255499465722,1.0427605190160067,0.1844867845495856,0
2.075999999999993,REACH,0.334340061854886,0.1427321721498398,0.9052162868437861,0.4536021272185362,0.1715255499465722,1.0427605190160067,0.18431200352552918,0
2.0779999999999927,REACH,0.33453164519171374,0.14272732715854797,0.9052858012911439,0.4536021272185362,0.1715255499465722,1.0427605190160067,0.1841369472413922,0
2.0799999999999925,REACH,0.3347233737308114,0.1427225751524433,0.9053556181003765,0.4536021272185362,0.1715255499465722,1.0427605190160067,0.1839616160600375,0
2.0819999999999923,REACH,0.33491524630405456,0.14271791646069434,0.9054257377319058,0.4536021272185362,0.1715255499465722,1.0427605190160067,0.18378601034522965,0
2.083999999999992,REACH,0.335107261742648,0.14271335141084532,0.9054961606430796,0.4536021272185362,0.1715255499465722,1.0427605190160067,0.1836101304616452,0
2.085999999999992,REACH,0.33529941887713,0.14270888032880946,0.9055668872881562,0.4536021272185362,0.1715255499465722,1.0427605190160067,0.1834339767748827,0
2.0879999999999916,REACH,0.3354917165373784,0.14270450353886308,0.9056379181182886,0.4536021272185362,0.1715255499465722,1.0427605190160067,0.18325754965147265,0
2.0899999999999914,REACH,0.33568415355261355,0.14270022136363875,0.9057092535815128,0.4536021272185362,0.1715255499465722,1.0427605190160067,0.18308084945888642,0
2.091999999999991,REACH,0.3358767287514039,0.14269603412411955,0.905780894122729,0.4536021272185362,0.1715255499465722,1.0427605190160067,0.18290387656554796,0
2.093999999999991,REACH,0.3360694409616696,0.14269194213963207,0.9058528401836913,0.4536021272185362,0.1715255499465722,1.0427605190160067,0.18272663134084186,0
2.0959999999999908,REACH,0.33626228901068883,0.1426879457278417,0.9059250922029901,0.4536021272185362,0.1715255499465722,1.0427605190160067,0.18254911415512368,0
2.0979999999999905,REACH,0.3364552717251002,0.14268404520474476,0.905997650616038,0.4536021272185362,0.1715255499465722,1.0427605190160067,0.1823713253797318,0
2.0999999999999903,REACH,0.3366483879309092,0.1426802408846634,0.906070515855057,0.4536021272185362,0.1715255499465722,1.0427605190160067,0.18219326538699424,0
2.10199999999999,REACH,0.3368416364534926,0.1426765330802396,0.9061436883490613,0.4536021272185362,0.1715255499465722,1.0427605190160067,0.1820149345502413,0
2.10399999999999,REACH,0.33703501611760206,0.14267292210242832,0.9062171685238452,0.4536021272185362,0.1715255499465722,1.0427605190160067,0.1818363332438143,0
2.1059999999999897,REACH,0.3372285257473716,0.14266940826049246,0.9062909568019658,0.4536021272185362,0.1715255499465722,1.0427605190160067,0.1816574618430758,0
2.1079999999999894,REACH,0.3374221641663193,0.14266599186199613,0.906365053602732,0.4536021272185362,0.1715255499465722,1.0427605190160067,0.1814783207244197,0
2.109999999999989,REACH,0.33761593019735536,0.14266267321279916,0.9064394593421866,0.4536021272185362,0.1715255499465722,1.0427605190160067,0.18129891026528094,0
2.111999999999989,REACH,0.3378098226627841,0.14265945261705124,0.9065141744330938,0.4536021272185362,0.1715255499465722,1.0427605190160067,0.18111923084414666,0
2.1139999999999888,REACH,0.33800384038431164,0.14265633037718567,0.9065891992849238,0.4536021272185362,0.1715255499465722,1.0427605190160067,0.18093928284056487,0
2.1159999999999886,REACH,0.33819798218304986,0.14265330679391405,0.9066645343038394,0.4536021272185362,0.1715255499465722,1.0427605190160067,0.18075906663515462,0
2.1179999999999883,REACH,0.3383922468795207,0.14265038216622009,0.90674017989268,0.4536021272185362,0.1715255499465722,1.0427605190160067,0.18057858260961787,0
2.119999999999988,REACH,0.33858663329366356,0.14264755679135405,0.9068161364509497,0.4536021272185362,0.1715255499465722,1.0427605190160067,0.18039783114674585,0
2.121999999999988,REACH,0.33878114024483774,0.14264483096482686,0.9068924043747997,0.4536021272185362,0.1715255499465722,1.0427605190160067,0.18021681263043404,0
2.1239999999999877,REACH,0.3389757665518308,0.14264220498040492,0.9069689840570159,0.4536021272185362,0.1715255499465722,1.0427605190160067,0.18003552744568804,0
2.1259999999999875,REACH,0.3391705110328618,0.14263967913010386,0.9070458758870052,0.4536021272185362,0.1715255499465722,1.0427605190160067,0.17985397597863506,0
2.1279999999999872,REACH,0.33936537250558735,0.14263725370418331,0.9071230802507797,0.4536021272185362,0.1715255499465722,1.0427605190160067,0.17967215861653463,0
2.129999999999987,REACH,0.3395603497871068,0.1426349289911412,0.9072005975309426,0.4536021272185362,0.1715255499465722,1.0427605190160067,0.1794900757477884,0
2.131999999999987,REACH,0.3397554416939686,0.1426327052777082,0.9072784281066756,0.4536021272185362,0.1715255499465722,1.0427605190160067,0.1793077277619489,0
2.1339999999999866,REACH,0.33995064704217504,0.14263058284884245,0.9073565723537226,0.4536021272185362,0.1715255499465722,1.0427605190160067,0.17912511504973108,0
2.1359999999999864,REACH,0.34014596464718827,0.14262856198772375,0.9074350306443766,0.4536021272185362,0.1715255499465722,1.0427605190160067,0.17894223800302203,0
2.137999999999986,REACH,0.3403413933239358,0.14262664297574854,0.9075138033474661,0.4536021272185362,0.1715255499465722,1.0427605190160067,0.17875909701489007,0
2.139999999999986,REACH,0.34053693188681666,0.14262482609252414,0.9075928908283397,0.4536021272185362,0.1715255499465722,1.0427605190160067,0.17857569247959598,0
2.1419999999999857,REACH,0.34073257914970656,0.14262311161586344,0.9076722934488534,0.4536021272185362,0.1715255499465722,1.0427605190160067,0.1783920247926022,0
2.1439999999999855,REACH,0.34092833392596483,0.14262149982178007,0.9077520115673552,0.4536021272185362,0.1715255499465722,1.0427605190160067,0.17820809435058274,0
2.1459999999999853,REACH,0.3411241950284386,0.14261999098448241,0.9078320455386725,0.4536021272185362,0.1715255499465722,1.0427605190160067,0.17802390155143422,0
2.147999999999985,REACH,0.34132016126947073,0.14261858537636873,0.9079123957140979,0.4536021272185362,0.1715255499465722,1.0427605190160067,0.17783944679428385,0
2.149999999999985,REACH,0.3415162314609045,0.14261728326802214,0.907993062441374,0.4536021272185362,0.1715255499465722,1.0427605190160067,0.17765473047950164,0
2.1519999999999846,REACH,0.3417124044140903,0.14261608492820496,0.9080740460646816,0.4536021272185362,0.1715255499465722,1.0427605190160067,0.1774697530087085,0
2.1539999999999844,REACH,0.3419086789398913,0.14261499062385397,0.9081553469246239,0.4536021272185362,0.1715255499465722,1.0427605190160067,0.17728451478478752,0
2.155999999999984,REACH,0.34210505384869067,0.14261400062007504,0.9082369653582143,0.4536021272185362,0.1715255499465722,1.0427605190160067,0.1770990162118925,0
2.157999999999984,REACH,0.3423015279503966,0.14261311518013828,0.9083189016988621,0.4536021272185362,0.1715255499465722,1.0427605190160067,0.17691325769545896,0
2.1599999999999837,REACH,0.34249810005444925,0.14261233456547295,0.9084011562763586,0.4536021272185362,0.1715255499465722,1.0427605190160067,0.17672723964221346,0
2.1619999999999835,REACH,0.3426947689698275,0.14261165903566236,0.908483729416864,0.4536021272185362,0.1715255499465722,1.0427605190160067,0.1765409624601834,0
2.1639999999999833,REACH,0.34289153350505475,0.14261108884843898,0.9085666214428931,0.4536021272185362,0.1715255499465722,1.0427605190160067,0.17635442655870684,0
2.165999999999983,REACH,0.3430883924682052,0.14261062425967944,0.9086498326733032,0.4536021272185362,0.1715255499465722,1.0427605190160067,0.17616763234844263,0
2.167999999999983,REACH,0.3432853446669121,0.14261026552339984,0.9087333634232784,0.4536021272185362,0.1715255499465722,1.0427605190160067,0.17598058024137975,0
2.1699999999999826,REACH,0.34348238890837196,0.14261001289175065,0.9088172140043185,0.4536021272185362,0.1715255499465722,1.0427605190160067,0.17579327065084707,0
2.1719999999999824,REACH,0.34367952399935275,0.14260986661501213,0.908901384724224,0.4536021272185362,0.1715255499465722,1.0427605190160067,0.17560570399152367,0
2.173999999999982,REACH,0.3438767487462009,0.1426098269415894,0.9089858758870828,0.4536021272185362,0.1715255499465722,1.0427605190160067,0.17541788067944805,0
2.175999999999982,REACH,0.344074061954847,0.14260989411800762,0.9090706877932593,0.4536021272185362,0.1715255499465722,1.0427605190160067,0.1752298011320268,0
2.1779999999999817,REACH,0.3442714624308132,0.14261006838890758,0.9091558207393778,0.4536021272185362,0.1715255499465722,1.0427605190160067,0.17504146576804636,0
2.1799999999999815,REACH,0.34446894897922065,0.14261034999704048,0.9092412750183108,0.4536021272185362,0.1715255499465722,1.0427605190160067,0.1748528750076815,0
2.1819999999999813,REACH,0.3446665204047956,0.14261073918326414,0.9093270509191669,0.4536021272185362,0.1715255499465722,1.0427605190160067,0.17466402927250416,0
2.183999999999981,REACH,0.34486417551187687,0.14261123618653757,0.9094131487272764,0.4536021272185362,0.1715255499465722,1.0427605190160067,0.17447492898549427,0
2.185999999999981,REACH,0.345061913104423,0.14261184124391668,0.9094995687241785,0.4536021272185362,0.1715255499465722,1.0427605190160067,0.17428557457104898,0
2.1879999999999806,REACH,0.34525973198601956,0.14261255459055025,0.9095863111876089,0.4536021272185362,0.1715255499465722,1.0427605190160067,0.1740959664549914,0
2.1899999999999804,REACH,0.34545763095988596,0.14261337645967442,0.9096733763914862,0.4536021272185362,0.1715255499465722,1.0427605190160067,0.17390610506458126,0
2.19199999999998,REACH,0.34565560882888285,0.14261430708260947,0.9097607646058994,0.4536021272185362,0.1715255499465722,1.0427605190160067,0.17371599082852354,0
2.19399999999998,REACH,0.3458536643955197,0.14261534668875414,0.9098484760970956,0.4536021272185362,0.1715255499465722,1.0427605190160067,0.17352562417697798,0
2.1959999999999797,REACH,0.3460517964619625,0.14261649550558234,0.9099365111274667,0.4536021272185362,0.1715255499465722,1.0427605190160067,0.17333500554156822,0
2.1979999999999795,REACH,0.34625000383003995,0.142617753758638,0.9100248699555366,0.4536021272185362,0.1715255499465722,1.0427605190160067,0.1731441353553922,0
2.1999999999999793,REACH,0.3464482853012532,0.1426191216715316,0.9101135528359483,0.4536021272185362,0.1715255499465722,1.0427605190160067,0.17295301405303035,0
2.201999999999979,REACH,0.34664663967678083,0.14262059946593475,0.9102025600194532,0.4536021272185362,0.1715255499465722,1.0427605190160067,0.1727616420705553,0
2.203999999999979,REACH,0.34684506575748875,0.14262218736157722,0.9102918917528958,0.4536021272185362,0.1715255499465722,1.0427605190160067,0.17257001984554146,0
2.2059999999999786,REACH,0.3470435623439363,0.1426238855762417,0.9103815482792041,0.4536021272185362,0.1715255499465722,1.0427605190160067,0.17237814781707336,0
2.2079999999999784,REACH,0.3472421282363852,0.14262569432576042,0.910471529837375,0.4536021272185362,0.1715255499465722,1.0427605190160067,0.1721860264257558,0
2.209999999999978,REACH,0.34744076223480674,0.14262761382401062,0.9105618366624632,0.4536021272185362,0.1715255499465722,1.0427605190160067,0.1719936561137224,0
2.211999999999978,REACH,0.34763946313889,0.14262964428291042,0.9106524689855683,0.4536021272185362,0.1715255499465722,1.0427605190160067,0.17180103732464488,0
2.2139999999999778,REACH,0.3478382297480494,0.14263178591241513,0.910743427033823,0.4536021272185362,0.1715255499465722,1.0427605190160067,0.17160817050374247,0
2.2159999999999775,REACH,0.34803706086143327,0.142634038920513,0.9108347110303812,0.4536021272185362,0.1715255499465722,1.0427605190160067,0.1714150560977903,0
2.2179999999999773,REACH,0.34823595527793183,0.14263640351322107,0.9109263211944048,0.4536021272185362,0.1715255499465722,1.0427605190160067,0.171221694555129,0
2.219999999999977,REACH,0.3484349117961842,0.14263887989458185,0.9110182577410537,0.4536021272185362,0.1715255499465722,1.0427605190160067,0.17102808632567326,0
2.221999999999977,REACH,0.34863392921458924,0.14264146826665886,0.9111105208814716,0.4536021272185362,0.1715255499465722,1.0427605190160067,0.17083423186092075,0
2.2239999999999767,REACH,0.3488330063313105,0.14264416882953282,0.9112031108227757,0.4536021272185362,0.1715255499465722,1.0427605190160067,0.1706401316139618,0
2.2259999999999764,REACH,0.3490321419442873,0.14264698178129842,0.9112960277680442,0.4536021272185362,0.1715255499465722,1.0427605190160067,0.17044578603948715,0
2.227999999999976,REACH,0.34923133485124175,0.14264990731805982,0.9113892719163047,0.4536021272185362,0.1715255499465722,1.0427605190160067,0.1702511955937973,0
2.229999999999976,REACH,0.34943058384968734,0.14265294563392733,0.911482843462522,0.4536021272185362,0.1715255499465722,1.0427605190160067,0.1700563607348121,0
2.231999999999976,REACH,0.3496298877369377,0.14265609692101347,0.9115767425975886,0.4536021272185362,0.1715255499465722,1.0427605190160067,0.16986128192207706,0
2.2339999999999756,REACH,0.349829245310115,0.14265936136942978,0.9116709695083093,0.4536021272185362,0.1715255499465722,1.0427605190160067,0.16966595961677566,0
2.2359999999999753,REACH,0.35002865536615896,0.14266273916728267,0.9117655243773937,0.4536021272185362,0.1715255499465722,1.0427605190160067,0.16947039428173444,0
2.237999999999975,REACH,0.35022811670183496,0.14266623050067015,0.9118604073834417,0.4536021272185362,0.1715255499465722,1.0427605190160067,0.16927458638143436,0
2.239999999999975,REACH,0.35042762811374295,0.1426698355536782,0.9119556187009347,0.4536021272185362,0.1715255499465722,1.0427605190160067,0.16907853638201745,0
2.2419999999999747,REACH,0.3506271883983269,0.1426735545083774,0.9120511585002221,0.4536021272185362,0.1715255499465722,1.0427605190160067,0.1688822447512965,0
2.2439999999999745,REACH,0.3508267963518827,0.1426773875448192,0.9121470269475115,0.4536021272185362,0.1715255499465722,1.0427605190160067,0.16868571195876342,0
2.2459999999999742,REACH,0.35102645077056754,0.14268133484103274,0.9122432242048563,0.4536021272185362,0.1715255499465722,1.0427605190160067,0.1684889384755977,0
2.247999999999974,REACH,0.3512261504504093,0.1426853965730217,0.9123397504301466,0.4536021272185362,0.1715255499465722,1.0427605190160067,0.1682919247746738,0
2.249999999999974,REACH,0.35142589418731485,0.14268957291476025,0.9124366057770958,0.4536021272185362,0.1715255499465722,1.0427605190160067,0.16809467133057138,0
2.2519999999999736,REACH,0.3516256807770799,0.14269386403819043,0.9125337903952312,0.4536021272185362,0.1715255499465722,1.0427605190160067,0.16789717861958228,0
2.2539999999999734,REACH,0.351825509015397,0.14269827011321884,0.9126313044298822,0.4536021272185362,0.1715255499465722,1.0427605190160067,0.1676994471197198,0
2.255999999999973,REACH,0.3520253776978667,0.14270279130771296,0.9127291480221714,0.4536021272185362,0.1715255499465722,1.0427605190160067,0.16750147731072468,0
2.257999999999973,REACH,0.352225285620005,0.1427074277874984,0.912827321309,0.4536021272185362,0.1715255499465722,1.0427605190160067,0.16730326967407746,0
2.2599999999999727,REACH,0.35242523157725336,0.14271217971635558,0.9129258244230419,0.4536021272185362,0.1715255499465722,1.0427605190160067,0.16710482469300228,0
2.2619999999999725,REACH,0.35262521436498845,0.14271704725601705,0.9130246574927284,0.4536021272185362,0.1715255499465722,1.0427605190160067,0.16690614285247846,0
2.2639999999999723,REACH,0.3528252327785312,0.14272203056616362,0.9131238206422423,0.4536021272185362,0.1715255499465722,1.0427605190160067,0.16670722463924553,0
2.265999999999972,REACH,0.35302528561315644,0.14272712980442231,0.9132233139915031,0.4536021272185362,0.1715255499465722,1.0427605190160067,0.16650807054181405,0
2.267999999999972,REACH,0.3532253716641021,0.14273234512636251,0.9133231376561592,0.4536021272185362,0.1715255499465722,1.0427605190160067,0.16630868105047242,0
2.2699999999999716,REACH,0.3534254897265799,0.14273767668549378,0.9134232917475772,0.4536021272185362,0.1715255499465722,1.0427605190160067,0.1661090566572941,0
2.2719999999999714,REACH,0.3536256385957838,0.1427431246332627,0.9135237763728314,0.4536021272185362,0.1715255499465722,1.0427605190160067,0.16590919785614633,0
2.273999999999971,REACH,0.3538258170669006,0.14274868911904964,0.9136245916346925,0.4536021272185362,0.1715255499465722,1.0427605190160067,0.165709105142699,0
2.275999999999971,REACH,0.3540260239351192,0.1427543702901668,0.9137257376316192,0.4536021272185362,0.1715255499465722,1.0427605190160067,0.16550877901443042,0
2.2779999999999707,REACH,0.35422625799564134,0.14276016829185476,0.9138272144577477,0.4536021272185362,0.1715255499465722,1.0427605190160067,0.1653082199706362,0
2.2799999999999705,REACH,0.35442651804368985,0.14276608326727974,0.9139290222028811,0.4536021272185362,0.1715255499465722,1.0427605190160067,0.16510742851243737,0
2.2819999999999703,REACH,0.3546268028745206,0.1427721153575317,0.9140311609524802,0.4536021272185362,0.1715255499465722,1.0427605190160067,0.16490640514278684,0
2.28399999999997,REACH,0.3548271112834315,0.14277826470162097,0.9141336307876523,0.4536021272185362,0.1715255499465722,1.0427605190160067,0.16470515036647873,0
2.28599999999997,REACH,0.3550274420657724,0.14278453143647585,0.9142364317851438,0.4536021272185362,0.1715255499465722,1.0427605190160067,0.16450366469015418,0
2.2879999999999696,REACH,0.35522779401695515,0.1427909156969402,0.914339564017328,0.4536021272185362,0.1715255499465722,1.0427605190160067,0.16430194862231093,0
2.2899999999999694,REACH,0.35542816593246573,0.14279741761577086,0.9144430275521972,0.4536021272185362,0.1715255499465722,1.0427605190160067,0.16410000267330813,0
2.291999999999969,REACH,0.35562855660787124,0.1428040373236351,0.9145468224533523,0.4536021272185362,0.1715255499465722,1.0427605190160067,0.16389782735537686,0
2.293999999999969,REACH,0.3558289648388331,0.1428107749491086,0.9146509487799942,0.4536021272185362,0.1715255499465722,1.0427605190160067,0.16369542318262473,0
2.2959999999999687,REACH,0.3560293894211157,0.14281763061867264,0.9147554065869126,0.4536021272185362,0.1715255499465722,1.0427605190160067,0.1634927906710458,0
2.2979999999999685,REACH,0.356229829150598,0.14282460445671177,0.914860195924479,0.4536021272185362,0.1715255499465722,1.0427605190160067,0.1632899303385256,0
2.2999999999999683,REACH,0.3564302828232824,0.14283169658551204,0.9149653168386357,0.4536021272185362,0.1715255499465722,1.0427605190160067,0.16308684270485033,0
2.301999999999968,REACH,0.35663074923530735,0.14283890712525818,0.9150707693708872,0.4536021272185362,0.1715255499465722,1.0427605190160067,0.1628835282917128,0
2.303999999999968,REACH,0.3568312271829565,0.14284623619403178,0.9151765535582912,0.4536021272185362,0.1715255499465722,1.0427605190160067,0.16267998762272012,0
2.3059999999999676,REACH,0.3570317154626695,0.14285368390780898,0.9152826694334497,0.4536021272185362,0.1715255499465722,1.0427605190160067,0.16247622122340077,0
2.3079999999999674,REACH,0.3572322128710527,0.14286125038045835,0.9153891170244997,0.4536021272185362,0.1715255499465722,1.0427605190160067,0.16227222962121188,0
2.309999999999967,REACH,0.35743271820489153,0.1428689357237391,0.9154958963551034,0.4536021272185362,0.1715255499465722,1.0427605190160067,0.162068013345546,0
2.311999999999967,REACH,0.357633230261158,0.14287674004729853,0.915603007444442,0.4536021272185362,0.1715255499465722,1.0427605190160067,0.16186357292773818,0
2.3139999999999668,REACH,0.35783374783702476,0.1428846634586706,0.9157104503072048,0.4536021272185362,0.1715255499465722,1.0427605190160067,0.16165890890107254,0
2.3159999999999665,REACH,0.35803426972987396,0.1428927060632738,0.9158182249535802,0.4536021272185362,0.1715255499465722,1.0427605190160067,0.1614540218007906,0
2.3179999999999663,REACH,0.35823479473730946,0.14290086796440904,0.9159263313892497,0.4536021272185362,0.1715255499465722,1.0427605190160067,0.16124891216409562,0
2.319999999999966,REACH,0.35843532165716674,0.14290914926325826,0.9160347696153766,0.4536021272185362,0.1715255499465722,1.0427605190160067,0.16104358053016207,0
2.321999999999966,REACH,0.35863584928752534,0.1429175500588823,0.9161435396285985,0.4536021272185362,0.1715255499465722,1.0427605190160067,0.16083802744014064,0
2.3239999999999656,REACH,0.3588363764267184,0.14292607044821912,0.9162526414210197,0.4536021272185362,0.1715255499465722,1.0427605190160067,0.1606322534371658,0
2.3259999999999654,REACH,0.35903690187334514,0.14293471052608256,0.9163620749802026,0.4536021272185362,0.1715255499465722,1.0427605190160067,0.1604262590663614,0
2.327999999999965,REACH,0.35923742442628137,0.14294347038516017,0.9164718402891585,0.4536021272185362,0.1715255499465722,1.0427605190160067,0.1602200448748488,0
2.329999999999965,REACH,0.359437942884691,0.14295235011601157,0.9165819373263407,0.4536021272185362,0.1715255499465722,1.0427605190160067,0.16001361141175224,0
2.3319999999999648,REACH,0.3596384560480367,0.14296134980706734,0.9166923660656363,0.4536021272185362,0.1715255499465722,1.0427605190160067,0.15980695922820587,0
2.3339999999999645,REACH,0.3598389627160932,0.14297046954462717,0.9168031264763571,0.4536021272185362,0.1715255499465722,1.0427605190160067,0.1596000888773597,0
2.3359999999999643,REACH,0.36003946168895634,0.14297970941285865,0.9169142185232331,0.4536021272185362,0.1715255499465722,1.0427605190160067,0.15939300091438682,0
2.337999999999964,REACH,0.3602399517670555,0.14298906949379525,0.917025642166404,0.4536021272185362,0.1715255499465722,1.0427605190160067,0.15918569589648926,0
2.339999999999964,REACH,0.3604404317511661,0.14299854986733562,0.9171373973614118,0.4536021272185362,0.1715255499465722,1.0427605190160067,0.15897817438290374,0
2.3419999999999637,REACH,0.36064090044241914,0.14300815061124178,0.9172494840591925,0.4536021272185362,0.1715255499465722,1.0427605190160067,0.15877043693490933,0
2.3439999999999634,REACH,0.3608413566423152,0.1430178718011383,0.9173619022060691,0.4536021272185362,0.1715255499465722,1.0427605190160067,0.1585624841158322,0
2.3459999999999632,REACH,0.3610417991527336,0.14302771351051036,0.9174746517437442,0.4536021272185362,0.1715255499465722,1.0427605190160067,0.15835431649105283,0
2.347999999999963,REACH,0.3612422267759462,0.14303767581070326,0.9175877326092923,0.4536021272185362,0.1715255499465722,1.0427605190160067,0.15814593462801127,0
2.349999999999963,REACH,0.3614426383146282,0.1430477587709206,0.9177011447351521,0.4536021272185362,0.1715255499465722,1.0427605190160067,0.1579373390962139,0
2.3519999999999626,REACH,0.36164303257186975,0.14305796245822383,0.9178148880491204,0.4536021272185362,0.1715255499465722,1.0427605190160067,0.15772853046723884,0
2.3539999999999623,REACH,0.36184340835118844,0.14306828693753068,0.9179289624743431,0.4536021272185362,0.1715255499465722,1.0427605190160067,0.15751950931474265,0
2.355999999999962,REACH,0.3620437644565412,0.14307873227161436,0.9180433679293102,0.4536021272185362,0.1715255499465722,1.0427605190160067,0.157310276214465,0
2.357999999999962,REACH,0.3622440996923349,0.14308929852110244,0.9181581043278467,0.4536021272185362,0.1715255499465722,1.0427605190160067,0.15710083174423645,0
2.3599999999999617,REACH,0.3624444128634407,0.14309998574447624,0.9182731715791081,0.4536021272185362,0.1715255499465722,1.0427605190160067,0.1568911764839813,0
2.3619999999999615,REACH,0.362644702775204,0.14311079399806953,0.9183885695875705,0.4536021272185362,0.1715255499465722,1.0427605190160067,0.15668131101572694,0
2.3639999999999612,REACH,0.3628449682334572,0.14312172333606787,0.9185042982530272,0.4536021272185362,0.1715255499465722,1.0427605190160067,0.15647123592360618,0
2.365999999999961,REACH,0.3630452080445326,0.143132773810508,0.9186203574705786,0.4536021272185362,0.1715255499465722,1.0427605190160067,0.15626095179386526,0
2.367999999999961,REACH,0.3632454210152738,0.1431439454712768,0.9187367471306278,0.4536021272185362,0.1715255499465722,1.0427605190160067,0.15605045921486838,0
2.3699999999999606,REACH,0.36344560595304765,0.14315523836611066,0.918853467118875,0.4536021272185362,0.1715255499465722,1.0427605190160067,0.15583975877710243,0
2.3719999999999604,REACH,0.3636457616657574,0.14316665254059516,0.9189705173163064,0.4536021272185362,0.1715255499465722,1.0427605190160067,0.1556288510731854,0
2.37399999999996,REACH,0.36384588696185427,0.14317818803816384,0.9190878975991945,0.4536021272185362,0.1715255499465722,1.0427605190160067,0.15541773669786746,0
2.37599999999996,REACH,0.36404598065034993,0.14318984490009826,0.9192056078390858,0.4536021272185362,0.1715255499465722,1.0427605190160067,0.15520641624804066,0
2.3779999999999597,REACH,0.3642460415408294,0.14320162316552718,0.9193236479027983,0.4536021272185362,0.1715255499465722,1.0427605190160067,0.15499489032274102,0
2.3799999999999595,REACH,0.36444606844346333,0.14321352287142594,0.9194420176524134,0.4536021272185362,0.1715255499465722,1.0427605190160067,0.1547831595231556,0
2.3819999999999593,REACH,0.36464606016902,0.1432255440526165,0.9195607169452717,0.4536021272185362,0.1715255499465722,1.0427605190160067,0.15457122445262647,0
2.383999999999959,REACH,0.36484601552887774,0.14323768674176662,0.9196797456339652,0.4536021272185362,0.1715255499465722,1.0427605190160067,0.15435908571665743,0
2.385999999999959,REACH,0.3650459333350393,0.1432499509693898,0.9197991035663314,0.4536021272185362,0.1715255499465722,1.0427605190160067,0.15414674392291774,0
2.3879999999999586,REACH,0.36524581240014153,0.14326233676384487,0.9199187905854502,0.4536021272185362,0.1715255499465722,1.0427605190160067,0.15393419968124744,0
2.3899999999999584,REACH,0.36544565153747044,0.1432748441513357,0.9200388065296352,0.4536021272185362,0.1715255499465722,1.0427605190160067,0.1537214536036626,0
2.391999999999958,REACH,0.3656454495609729,0.14328747315591142,0.9201591512324295,0.4536021272185362,0.1715255499465722,1.0427605190160067,0.15350850630435997,0
2.393999999999958,REACH,0.36584520528527004,0.14330022379946566,0.9202798245225988,0.4536021272185362,0.1715255499465722,1.0427605190160067,0.15329535839972272,0
2.3959999999999577,REACH,0.3660449175256682,0.14331309610173684,0.9204008262241283,0.4536021272185362,0.1715255499465722,1.0427605190160067,0.15308201050832423,0
2.3979999999999575,REACH,0.36624458509817415,0.143326090080308,0.9205221561562158,0.4536021272185362,0.1715255499465722,1.0427605190160067,0.1528684632509328,0
2.3999999999999573,REACH,0.3664442068195074,0.1433392057506071,0.9206438141332658,0.4536021272185362,0.1715255499465722,1.0427605190160067,0.15265471725051705,0
2.401999999999957,REACH,0.36664378150711097,0.14335244312590648,0.9207657999648863,0.4536021272185362,0.1715255499465722,1.0427605190160067,0.1524407731322503,0
2.403999999999957,REACH,0.3668433079791667,0.14336580221732362,0.9208881134558812,0.4536021272185362,0.1715255499465722,1.0427605190160067,0.15222663152351576,0
2.4059999999999566,REACH,0.3670427850546083,0.14337928303382064,0.921010754406248,0.4536021272185362,0.1715255499465722,1.0427605190160067,0.15201229305390884,0
2.4079999999999564,REACH,0.3672422115531322,0.14339288558220487,0.9211337226111698,0.4536021272185362,0.1715255499465722,1.0427605190160067,0.1517977583552455,0
2.409999999999956,REACH,0.3674415862952127,0.14340660986712894,0.9212570178610134,0.4536021272185362,0.1715255499465722,1.0427605190160067,0.15158302806156265,0
2.411999999999956,REACH,0.36764090810211403,0.14342045589109154,0.9213806399413226,0.4536021272185362,0.1715255499465722,1.0427605190160067,0.15136810280912524,0
2.4139999999999557,REACH,0.36784017579590406,0.14343442365443673,0.9215045886328144,0.4536021272185362,0.1715255499465722,1.0427605190160067,0.15115298323642912,0
2.4159999999999555,REACH,0.36803938819946613,0.1434485131553552,0.9216288637113744,0.4536021272185362,0.1715255499465722,1.0427605190160067,0.1509376699842061,0
2.4179999999999553,REACH,0.3682385441365145,0.14346272438988433,0.9217534649480507,0.4536021272185362,0.1715255499465722,1.0427605190160067,0.15072216369542854,0
2.419999999999955,REACH,0.3684376424316059,0.14347705735190894,0.9218783921090519,0.4536021272185362,0.1715255499465722,1.0427605190160067,0.1505064650153119,0
2.421999999999955,REACH,0.36863668191015303,0.14349151203316127,0.9220036449557415,0.4536021272185362,0.1715255499465722,1.0427605190160067,0.1502905745913202,0
2.4239999999999546,REACH,0.3688356613984386,0.14350608842322196,0.9221292232446332,0.4536021272185362,0.1715255499465722,1.0427605190160067,0.1500744930731698,0
2.4259999999999544,REACH,0.3690345797236271,0.14352078650952044,0.9222551267273887,0.4536021272185362,0.1715255499465722,1.0427605190160067,0.14985822111283273,0
2.427999999999954,REACH,0.3692334357137807,0.1435356062773361,0.9223813551508102,0.4536021272185362,0.1715255499465722,1.0427605190160067,0.14964175936454188,0
2.429999999999954,REACH,0.36943222819787014,0.14355054770979805,0.92250790825684,0.4536021272185362,0.1715255499465722,1.0427605190160067,0.14942510848479348,0
2.4319999999999538,REACH,0.3696309560057896,0.14356561078788674,0.9226347857825545,0.4536021272185362,0.1715255499465722,1.0427605190160067,0.1492082691323518,0
2.4339999999999535,REACH,0.36982961796836966,0.14358079549043404,0.9227619874601607,0.4536021272185362,0.1715255499465722,1.0427605190160067,0.14899124196825286,0
2.4359999999999533,REACH,0.3700282129173915,0.14359610179412494,0.9228895130169935,0.4536021272185362,0.1715255499465722,1.0427605190160067,0.14877402765580686,0
2.437999999999953,REACH,0.37022673968559916,0.14361152967349752,0.9230173621755102,0.4536021272185362,0.1715255499465722,1.0427605190160067,0.14855662686060428,0
2.439999999999953,REACH,0.3704251971067145,0.1436270791009444,0.9231455346532891,0.4536021272185362,0.1715255499465722,1.0427605190160067,0.1483390402505167,0
2.4419999999999527,REACH,0.3706235840154499,0.14364275004671362,0.9232740301630241,0.4536021272185362,0.1715255499465722,1.0427605190160067,0.1481212684957024,0
2.4439999999999524,REACH,0.3708218992475223,0.14365854247890977,0.9234028484125223,0.4536021272185362,0.1715255499465722,1.0427605190160067,0.14790331226860906,0
2.445999999999952,REACH,0.37102014163966646,0.14367445636349455,0.9235319891047012,0.4536021272185362,0.1715255499465722,1.0427605190160067,0.1476851722439767,0
2.447999999999952,REACH,0.3712183100296495,0.14369049166428877,0.9236614519375848,0.4536021272185362,0.1715255499465722,1.0427605190160067,0.14746684909884147,0
2.4499999999999518,REACH,0.3714164032562839,0.14370664834297273,0.9237912366042996,0.4536021272185362,0.1715255499465722,1.0427605190160067,0.1472483435125394,0
2.4519999999999516,REACH,0.37161442015944113,0.14372292635908762,0.9239213427930745,0.4536021272185362,0.1715255499465722,1.0427605190160067,0.1470296561667084,0
2.4539999999999513,REACH,0.371812359580066,0.14373932567003708,0.9240517701872342,0.4536021272185362,0.1715255499465722,1.0427605190160067,0.14681078774529302,0
2.455999999999951,REACH,0.3720102203601907,0.14375584623108817,0.9241825184651989,0.4536021272185362,0.1715255499465722,1.0427605190160067,0.14659173893454594,0
2.457999999999951,REACH,0.3722080013429476,0.14377248799537282,0.9243135873004813,0.4536021272185362,0.1715255499465722,1.0427605190160067,0.14637251042303204,0
2.4599999999999507,REACH,0.372405701372584,0.1437892509138891,0.9244449763616824,0.4536021272185362,0.1715255499465722,1.0427605190160067,0.14615310290163144,0
2.4619999999999505,REACH,0.3726033192944761,0.14380613493550318,0.9245766853124914,0.4536021272185362,0.1715255499465722,1.0427605190160067,0.1459335170635411,0
2.4639999999999502,REACH,0.3728008539551416,0.14382314000694982,0.9247087138116807,0.4536021272185362,0.1715255499465722,1.0427605190160067,0.14571375360427988,0
2.46599999999995,REACH,0.3729983042022562,0.14384026607283507,0.9248410615131051,0.4536021272185362,0.1715255499465722,1.0427605190160067,0.14549381322168936,0
2.46799999999995,REACH,0.37319566888466443,0.14385751307563688,0.9249737280656999,0.4536021272185362,0.1715255499465722,1.0427605190160067,0.14527369661593728,0
2.4699999999999496,REACH,0.37339294685239666,0.14387488095570714,0.9251067131134759,0.4536021272185362,0.1715255499465722,1.0427605190160067,0.14505340448952134,0
2.4719999999999493,REACH,0.3735901369566809,0.14389236965127356,0.9252400162955223,0.4536021272185362,0.1715255499465722,1.0427605190160067,0.1448329375472689,0
2.473999999999949,REACH,0.3737872380499585,0.1439099790984407,0.925373637245999,0.4536021272185362,0.1715255499465722,1.0427605190160067,0.14461229649634327,0
2.475999999999949,REACH,0.3739842489858969,0.14392770923119252,0.9255075755941388,0.4536021272185362,0.1715255499465722,1.0427605190160067,0.14439148204624339,0
2.4779999999999487,REACH,0.3741811686194042,0.14394555998139358,0.9256418309642439,0.4536021272185362,0.1715255499465722,1.0427605190160067,0.14417049490880765,0
2.4799999999999485,REACH,0.3743779958066441,0.14396353127879133,0.9257764029756851,0.4536021272185362,0.1715255499465722,1.0427605190160067,0.14394933579821512,0
2.4819999999999482,REACH,0.37457472940504927,0.14398162305101758,0.9259112912428982,0.4536021272185362,0.1715255499465722,1.0427605190160067,0.14372800543098965,0
2.483999999999948,REACH,0.37477136827333485,0.1439998352235906,0.9260464953753843,0.4536021272185362,0.1715255499465722,1.0427605190160067,0.14350650452600114,0
2.485999999999948,REACH,0.3749679112715145,0.14401816771991732,0.9261820149777095,0.4536021272185362,0.1715255499465722,1.0427605190160067,0.14328483380446594,0
2.4879999999999476,REACH,0.37516435726091296,0.14403662046129512,0.9263178496494993,0.4536021272185362,0.1715255499465722,1.0427605190160067,0.14306299398995304,0
2.4899999999999474,REACH,0.3753607051041813,0.1440551933669138,0.9264539989854421,0.4536021272185362,0.1715255499465722,1.0427605190160067,0.14284098580838198,0
2.491999999999947,REACH,0.3755569536653105,0.144073886353858,0.9265904625752843,0.4536021272185362,0.1715255499465722,1.0427605190160067,0.14261880998802826,0
2.493999999999947,REACH,0.37575310180964683,0.14409269933710925,0.9267272400038326,0.4536021272185362,0.1715255499465722,1.0427605190160067,0.14239646725952185,0
2.4959999999999467,REACH,0.37594914840390387,0.14411163222954795,0.9268643308509491,0.4536021272185362,0.1715255499465722,1.0427605190160067,0.1421739583558535,0
2.4979999999999465,REACH,0.3761450923161802,0.14413068494195583,0.9270017346915538,0.4536021272185362,0.1715255499465722,1.0427605190160067,0.14195128401237225,0
2.4999999999999463,REACH,0.37634093241597066,0.14414985738301828,0.9271394510956227,0.4536021272185362,0.1715255499465722,1.0427605190160067,0.14172844496678946,0
2.501999999999946,REACH,0.3765366675741826,0.14416914945932657,0.9272774796281874,0.4536021272185362,0.1715255499465722,1.0427605190160067,0.14150544195917944,0
2.503999999999946,REACH,0.3767322966631496,0.1441885610753803,0.927415819849332,0.4536021272185362,0.1715255499465722,1.0427605190160067,0.14128227573198354,0
2.5059999999999456,REACH,0.376927818556646,0.14420809213358976,0.9275544713141973,0.4536021272185362,0.1715255499465722,1.0427605190160067,0.14105894703000757,0
2.5079999999999454,REACH,0.37712323212990084,0.1442277425342783,0.9276934335729758,0.4536021272185362,0.1715255499465722,1.0427605190160067,0.1408354566004277,0
2.509999999999945,REACH,0.3773185362596136,0.14424751217568524,0.9278327061709144,0.4536021272185362,0.1715255499465722,1.0427605190160067,0.1406118051927886,0
2.511999999999945,REACH,0.3775137298239669,0.14426740095396792,0.9279722886483129,0.4536021272185362,0.1715255499465722,1.0427605190160067,0.14038799355900652,0
2.5139999999999447,REACH,0.3777088117026424,0.14428740876320467,0.9281121805405242,0.4536021272185362,0.1715255499465722,1.0427605190160067,0.14016402245337023,0
2.5159999999999445,REACH,0.3779037807768348,0.14430753549539727,0.9282523813779541,0.4536021272185362,0.1715255499465722,1.0427605190160067,0.1399398926325422,0
2.5179999999999443,REACH,0.3780986359292661,0.14432778104047375,0.9283928906860616,0.4536021272185362,0.1715255499465722,1.0427605190160067,0.1397156048555597,0
2.519999999999944,REACH,0.37829337604420044,0.1443481452862908,0.928533707985358,0.4536021272185362,0.1715255499465722,1.0427605190160067,0.13949115988383728,0
2.521999999999944,REACH,0.3784880000074585,0.14436862811863704,0.9286748327914097,0.4536021272185362,0.1715255499465722,1.0427605190160067,0.139266558481165,0
2.5239999999999436,REACH,0.37868250670643255,0.14438922942123555,0.9288162646148366,0.4536021272185362,0.1715255499465722,1.0427605190160067,0.1390418014137116,0
2.5259999999999434,REACH,0.37887689503009986,0.1444099490757467,0.9289580029613118,0.4536021272185362,0.1715255499465722,1.0427605190160067,0.138816889450026,0
2.527999999999943,REACH,0.3790711638690384,0.14443078696177106,0.9291000473315644,0.4536021272185362,0.1715255499465722,1.0427605190160067,0.13859182336103623,0
2.529999999999943,REACH,0.3792653121154409,0.14445174295685245,0.9292423972213781,0.4536021272185362,0.1715255499465722,1.0427605190160067,0.13836660392005187,0
2.5319999999999427,REACH,0.37945933866312964,0.14447281693648098,0.9293850521215938,0.4536021272185362,0.1715255499465722,1.0427605190160067,0.13814123190276364,0
2.5339999999999425,REACH,0.37965324240757087,0.14449400877409566,0.9295280115181096,0.4536021272185362,0.1715255499465722,1.0427605190160067,0.13791570808724454,0
2.5359999999999423,REACH,0.37984702224588984,0.1445153183410881,0.9296712748918803,0.4536021272185362,0.1715255499465722,1.0427605190160067,0.13769003325395143,0
2.537999999999942,REACH,0.3800406770768848,0.1445367455068051,0.929814841718921,0.4536021272185362,0.1715255499465722,1.0427605190160067,0.13746420818572405,0
2.539999999999942,REACH,0.3802342058010419,0.14455829013855198,0.929958711470307,0.4536021272185362,0.1715255499465722,1.0427605190160067,0.13723823366778656,0
2.5419999999999416,REACH,0.3804276073205505,0.14457995210159588,0.9301028836121744,0.4536021272185362,0.1715255499465722,1.0427605190160067,0.13701211048774747,0
2.5439999999999414,REACH,0.3806208805393171,0.14460173125916895,0.9302473576057229,0.4536021272185362,0.1715255499465722,1.0427605190160067,0.1367858394356002,0
2.545999999999941,REACH,0.3808140243629791,0.1446236274724714,0.9303921329072157,0.4536021272185362,0.1715255499465722,1.0427605190160067,0.1365594213037242,0
2.547999999999941,REACH,0.3810070376989219,0.14464564060067506,0.9305372089679824,0.4536021272185362,0.1715255499465722,1.0427605190160067,0.1363328568868835,0
2.5499999999999408,REACH,0.38119991945629217,0.1446677705009268,0.9306825852344187,0.4536021272185362,0.1715255499465722,1.0427605190160067,0.13610614698222898,0
2.5519999999999405,REACH,0.38139266854601195,0.1446900170283518,0.9308282611479911,0.4536021272185362,0.1715255499465722,1.0427605190160067,0.13587929238929614,0
2.5539999999999403,REACH,0.3815852838807941,0.14471238003605674,0.9309742361452363,0.4536021272185362,0.1715255499465722,1.0427605190160067,0.13565229391000713,0
2.55599999999994,REACH,0.38177776437515765,0.144734859375134,0.9311205096577633,0.4536021272185362,0.1715255499465722,1.0427605190160067,0.13542515234867022,0
2.55799999999994,REACH,0.38197010894544026,0.14475745489466427,0.9312670811122563,0.4536021272185362,0.1715255499465722,1.0427605190160067,0.13519786851197982,0
2.5599999999999397,REACH,0.38216231650981614,0.14478016644172076,0.9314139499304773,0.4536021272185362,0.1715255499465722,1.0427605190160067,0.13497044320901488,0
2.5619999999999394,REACH,0.38235438598830823,0.14480299386137283,0.9315611155292662,0.4536021272185362,0.1715255499465722,1.0427605190160067,0.13474287725124126,0
2.563999999999939,REACH,0.38254631630280395,0.14482593699668914,0.931708577320545,0.4536021272185362,0.1715255499465722,1.0427605190160067,0.13451517145250974,0
2.565999999999939,REACH,0.3827381063770694,0.1448489956887416,0.9318563347113198,0.4536021272185362,0.1715255499465722,1.0427605190160067,0.13428732662905607,0
2.5679999999999388,REACH,0.38292975513676464,0.14487216977660936,0.9320043871036827,0.4536021272185362,0.1715255499465722,1.0427605190160067,0.13405934359950095,0
2.5699999999999386,REACH,0.3831212615094588,0.14489545909738213,0.9321527338948143,0.4536021272185362,0.1715255499465722,1.0427605190160067,0.1338312231848495,0
2.5719999999999383,REACH,0.3833126244246434,0.14491886348616434,0.9323013744769889,0.4536021272185362,0.1715255499465722,1.0427605190160067,0.13360296620848935,0
2.573999999999938,REACH,0.3835038428137481,0.14494238277607865,0.932450308237573,0.4536021272185362,0.1715255499465722,1.0427605190160067,0.1333745734961932,0
2.575999999999938,REACH,0.3836949156101556,0.14496601679827015,0.9325995345590324,0.4536021272185362,0.1715255499465722,1.0427605190160067,0.13314604587611453,0
2.5779999999999377,REACH,0.3838858417492156,0.14498976538191,0.9327490528189313,0.4536021272185362,0.1715255499465722,1.0427605190160067,0.13291738417879073,0
2.5799999999999375,REACH,0.38407662016826016,0.14501362835419968,0.9328988623899398,0.4536021272185362,0.1715255499465722,1.0427605190160067,0.132688589237138,0
2.5819999999999372,REACH,0.3842672498066185,0.14503760554037468,0.9330489626398324,0.4536021272185362,0.1715255499465722,1.0427605190160067,0.1324596618864549,0
2.583999999999937,REACH,0.3844577296056307,0.14506169676370878,0.9331993529314963,0.4536021272185362,0.1715255499465722,1.0427605190160067,0.13223060296441752,0
2.585999999999937,REACH,0.3846480585086641,0.14508590184551823,0.9333500326229289,0.4536021272185362,0.1715255499465722,1.0427605190160067,0.13200141331108237,0
2.5879999999999366,REACH,0.38483823546112633,0.14511022060516524,0.9335010010672479,0.4536021272185362,0.1715255499465722,1.0427605190160067,0.13177209376888166,0
2.5899999999999364,REACH,0.38502825941048113,0.14513465286006297,0.9336522576126883,0.4536021272185362,0.1715255499465722,1.0427605190160067,0.13154264518262584,0
2.591999999999936,REACH,0.38521812930626287,0.14515919842567915,0.9338038016026122,0.4536021272185362,0.1715255499465722,1.0427605190160067,0.13131306839949866,0
2.593999999999936,REACH,0.38540784410009066,0.14518385711554038,0.9339556323755078,0.4536021272185362,0.1715255499465722,1.0427605190160067,0.13108336426905956,0
2.5959999999999357,REACH,0.38559740274568444,0.14520862874123686,0.934107749264996,0.4536021272185362,0.1715255499465722,1.0427605190160067,0.13085353364323976,0
2.5979999999999355,REACH,0.38578680419887823,0.145233513112426,0.9342601515998337,0.4536021272185362,0.1715255499465722,1.0427605190160067,0.130623577376342,0
2.5999999999999353,REACH,0.38597604741763464,0.14525851003683699,0.9344128387039173,0.4536021272185362,0.1715255499465722,1.0427605190160067,0.13039349632504016,0
2.601999999999935,REACH,0.3861651313620619,0.14528361932027567,0.9345658098962882,0.4536021272185362,0.1715255499465722,1.0427605190160067,0.13016329134837515,0
2.603999999999935,REACH,0.38635405499442577,0.14530884076662837,0.9347190644911354,0.4536021272185362,0.1715255499465722,1.0427605190160067,0.1299329633077564,0
2.6059999999999346,REACH,0.38654281727916606,0.14533417417786632,0.9348726017978014,0.4536021272185362,0.1715255499465722,1.0427605190160067,0.12970251306695793,0
2.6079999999999344,REACH,0.3867314171829101,0.14535961935405067,0.9350264211207854,0.4536021272185362,0.1715255499465722,1.0427605190160067,0.1294719414921186,0
2.609999999999934,REACH,0.3869198536744883,0.1453851760933366,0.9351805217597494,0.4536021272185362,0.1715255499465722,1.0427605190160067,0.12924124945173848,0
2.611999999999934,REACH,0.38710812572494807,0.14541084419197792,0.9353349030095218,0.4536021272185362,0.1715255499465722,1.0427605190160067,0.12901043781667856,0
2.6139999999999337,REACH,0.3872962323075697,0.14543662344433192,0.9354895641601023,0.4536021272185362,0.1715255499465722,1.0427605190160067,0.1287795074601581,0
2.6159999999999335,REACH,0.38748417239787875,0.14546251364286356,0.9356445044966665,0.4536021272185362,0.1715255499465722,1.0427605190160067,0.12854845925775407,0
2.6179999999999333,REACH,0.38767194497366336,0.14548851457815046,0.9357997232995728,0.4536021272185362,0.1715255499465722,1.0427605190160067,0.12831729408739612,0
2.619999999999933,REACH,0.387859549014987,0.14551462603888765,0.9359552198443639,0.4536021272185362,0.1715255499465722,1.0427605190160067,0.12808601282936896,0
2.621999999999933,REACH,0.3880469835042035,0.14554084781189228,0.9361109934017762,0.4536021272185362,0.1715255499465722,1.0427605190160067,0.127854616366306,0
2.6239999999999326,REACH,0.38823424742597173,0.14556717968210786,0.9362670432377413,0.4536021272185362,0.1715255499465722,1.0427605190160067,0.12762310558319048,0
2.6259999999999324,REACH,0.38842133976727083,0.14559362143261004,0.9364233686133941,0.4536021272185362,0.1715255499465722,1.0427605190160067,0.12739148136735098,0
2.627999999999932,REACH,0.38860825951741323,0.14562017284461057,0.936579968785077,0.4536021272185362,0.1715255499465722,1.0427605190160067,0.12715974460846055,0
2.629999999999932,REACH,0.3887950056680607,0.1456468336974627,0.9367368430043457,0.4536021272185362,0.1715255499465722,1.0427605190160067,0.12692789619853356,0
2.6319999999999317,REACH,0.3889815772132377,0.1456736037686659,0.9368939905179744,0.4536021272185362,0.1715255499465722,1.0427605190160067,0.1266959370319244,0
2.6339999999999315,REACH,0.38916797314934726,0.14570048283387066,0.937051410567963,0.4536021272185362,0.1715255499465722,1.0427605190160067,0.12646386800532308,0
2.6359999999999313,REACH,0.389354192475184,0.145727470666884,0.9372091023915416,0.4536021272185362,0.1715255499465722,1.0427605190160067,0.12623169001775478,0
2.637999999999931,REACH,0.3895402341919496,0.14575456703967382,0.9373670652211771,0.4536021272185362,0.1715255499465722,1.0427605190160067,0.12599940397057588,0
2.639999999999931,REACH,0.3897260973032668,0.14578177172237425,0.9375252982845788,0.4536021272185362,0.1715255499465722,1.0427605190160067,0.12576701076747215,0
2.6419999999999306,REACH,0.38991178081519456,0.145809084483291,0.9376838008047053,0.4536021272185362,0.1715255499465722,1.0427605190160067,0.12553451131445506,0
2.6439999999999304,REACH,0.3900972837362406,0.1458365050889059,0.9378425719997706,0.4536021272185362,0.1715255499465722,1.0427605190160067,0.12530190651986023,0
2.64599999999993,REACH,0.39028260507737855,0.1458640333038825,0.9380016110832491,0.4536021272185362,0.1715255499465722,1.0427605190160067,0.12506919729434418,0
2.64799999999993,REACH,0.3904677438520607,0.14589166889107116,0.9381609172638847,0.4536021272185362,0.1715255499465722,1.0427605190160067,0.12483638455088006,0
2.6499999999999297,REACH,0.3906526990762314,0.1459194116115141,0.9383204897456953,0.4536021272185362,0.1715255499465722,1.0427605190160067,0.1246034692047571,0
2.6519999999999295,REACH,0.39083746976834377,0.14594726122445054,0.9384803277279791,0.4536021272185362,0.1715255499465722,1.0427605190160067,0.12437045217357641,0
2.6539999999999293,REACH,0.3910220549493729,0.1459752174873228,0.9386404304053241,0.4536021272185362,0.1715255499465722,1.0427605190160067,0.12413733437724642,0
2.655999999999929,REACH,0.3912064536428292,0.1460032801557802,0.9388007969676122,0.4536021272185362,0.1715255499465722,1.0427605190160067,0.12390411673798256,0
2.657999999999929,REACH,0.39139066487477453,0.14603144898368584,0.9389614266000269,0.4536021272185362,0.1715255499465722,1.0427605190160067,0.12367080018030226,0
2.6599999999999286,REACH,0.39157468767383496,0.1460597237231209,0.9391223184830619,0.4536021272185362,0.1715255499465722,1.0427605190160067,0.12343738563102133,0
2.6619999999999284,REACH,0.39175852107121584,0.1460881041243907,0.9392834717925248,0.4536021272185362,0.1715255499465722,1.0427605190160067,0.1232038740192532,0
2.663999999999928,REACH,0.3919421641007155,0.1461165899360297,0.9394448856995492,0.4536021272185362,0.1715255499465722,1.0427605190160067,0.12297026627640144,0
2.665999999999928,REACH,0.39212561579873995,0.14614518090480735,0.9396065593705971,0.4536021272185362,0.1715255499465722,1.0427605190160067,0.1227365633361604,0
2.6679999999999278,REACH,0.39230887520431673,0.1461738767757333,0.9397684919674696,0.4536021272185362,0.1715255499465722,1.0427605190160067,0.12250276613450924,0
2.6699999999999275,REACH,0.3924919413591088,0.14620267729206285,0.9399306826473139,0.4536021272185362,0.1715255499465722,1.0427605190160067,0.12226887560970862,0
2.6719999999999273,REACH,0.39267481330742965,0.14623158219530305,0.94009313056263,0.4536021272185362,0.1715255499465722,1.0427605190160067,0.12203489270229774,0
2.673999999999927,REACH,0.39285749009625565,0.14626059122521756,0.9402558348612787,0.4536021272185362,0.1715255499465722,1.0427605190160067,0.1218008183550909,0
2.675999999999927,REACH,0.3930399707752417,0.14628970411983275,0.9404187946864907,0.4536021272185362,0.1715255499465722,1.0427605190160067,0.12156665351317233,0
2.6779999999999267,REACH,0.39322225439673547,0.14631892061544335,0.9405820091768726,0.4536021272185362,0.1715255499465722,1.0427605190160067,0.12133239912389347,0
2.6799999999999264,REACH,0.39340434001578917,0.14634824044661765,0.940745477466416,0.4536021272185362,0.1715255499465722,1.0427605190160067,0.12109805613686968,0
2.681999999999926,REACH,0.3935862266901755,0.14637766334620375,0.9409091986845071,0.4536021272185362,0.1715255499465722,1.0427605190160067,0.12086362550397385,0
2.683999999999926,REACH,0.3937679134804018,0.14640718904533515,0.9410731719559297,0.4536021272185362,0.1715255499465722,1.0427605190160067,0.1206291081793367,0
2.685999999999926,REACH,0.3939493994497222,0.14643681727343624,0.9412373964008818,0.4536021272185362,0.1715255499465722,1.0427605190160067,0.1203945051193368,0
2.6879999999999256,REACH,0.3941306836641533,0.14646654775822832,0.9414018711349758,0.4536021272185362,0.1715255499465722,1.0427605190160067,0.12015981728260243,0
2.6899999999999253,REACH,0.39431176519248645,0.14649638022573555,0.9415665952692519,0.4536021272185362,0.1715255499465722,1.0427605190160067,0.11992504563000392,0
2.691999999999925,REACH,0.3944926431063036,0.14652631440029046,0.9417315679101859,0.4536021272185362,0.1715255499465722,1.0427605190160067,0.1196901911246494,0
2.693999999999925,REACH,0.39467331647998827,0.14655635000454004,0.9418967881596962,0.4536021272185362,0.1715255499465722,1.0427605190160067,0.11945525473188288,0
2.6959999999999247,REACH,0.394853784390742,0.14658648675945166,0.9420622551151555,0.4536021272185362,0.1715255499465722,1.0427605190160067,0.11922023741927675,0
2.6979999999999245,REACH,0.39503404591859703,0.14661672438431889,0.942227967869396,0.4536021272185362,0.1715255499465722,1.0427605190160067,0.1189851401566303,0
2.6999999999999242,REACH,0.3952141001464291,0.14664706259676752,0.942393925510722,0.4536021272185362,0.1715255499465722,1.0427605190160067,0.11874996391596325,0
2.701999999999924,REACH,0.39539394615997203,0.1466775011127614,0.9425601271229169,0.4536021272185362,0.1715255499465722,1.0427605190160067,0.11851470967151216,0
2.703999999999924,REACH,0.3955735830478318,0.1467080396466087,0.9427265717852524,0.4536021272185362,0.1715255499465722,1.0427605190160067,0.11827937839972583,0
2.7059999999999236,REACH,0.395753009901499,0.14673867791096787,0.9428932585724993,0.4536021272185362,0.1715255499465722,1.0427605190160067,0.11804397107925975,0
2.7079999999999234,REACH,0.39593222581536297,0.14676941561685355,0.9430601865549341,0.4536021272185362,0.1715255499465722,1.0427605190160067,0.11780848869097345,0
2.709999999999923,REACH,0.39611122988672526,0.14680025247364276,0.943227354798352,0.4536021272185362,0.1715255499465722,1.0427605190160067,0.117572932217923,0
2.711999999999923,REACH,0.39629002121581336,0.14683118818908117,0.9433947623640733,0.4536021272185362,0.1715255499465722,1.0427605190160067,0.11733730264535842,0
2.7139999999999227,REACH,0.3964685989057932,0.14686222246928887,0.943562408308955,0.4536021272185362,0.1715255499465722,1.0427605190160067,0.11710160096071796,0
2.7159999999999225,REACH,0.39664696206278327,0.14689335501876682,0.9437302916854003,0.4536021272185362,0.1715255499465722,1.0427605190160067,0.11686582815362273,0
2.7179999999999223,REACH,0.39682510979586855,0.1469245855404032,0.943898411541367,0.4536021272185362,0.1715255499465722,1.0427605190160067,0.11662998521587287,0
2.719999999999922,REACH,0.397003041217112,0.14695591373547895,0.9440667669203795,0.4536021272185362,0.1715255499465722,1.0427605190160067,0.11639407314144139,0
2.721999999999922,REACH,0.39718075544156983,0.14698733930367489,0.9442353568615373,0.4536021272185362,0.1715255499465722,1.0427605190160067,0.11615809292646968,0
2.7239999999999216,REACH,0.3973582515873033,0.14701886194307737,0.944404180399525,0.4536021272185362,0.1715255499465722,1.0427605190160067,0.11592204556926283,0
2.7259999999999214,REACH,0.39753552877539267,0.14705048135018475,0.9445732365646244,0.4536021272185362,0.1715255499465722,1.0427605190160067,0.11568593207028288,0
2.727999999999921,REACH,0.39771258612995014,0.14708219721991386,0.9447425243827224,0.4536021272185362,0.1715255499465722,1.0427605190160067,0.11544975343214528,0
2.729999999999921,REACH,0.39788942277813233,0.1471140092456059,0.9449120428753242,0.4536021272185362,0.1715255499465722,1.0427605190160067,0.11521351065961172,0
2.7319999999999207,REACH,0.3980660378501548,0.1471459171190333,0.9450817910595594,0.4536021272185362,0.1715255499465722,1.0427605190160067,0.11497720475958752,0
2.7339999999999205,REACH,0.39824243047930336,0.14717792053040593,0.9452517679481975,0.4536021272185362,0.1715255499465722,1.0427605190160067,0.11474083674111313,0
2.7359999999999203,REACH,0.39841859980194805,0.14721001916837728,0.9454219725496554,0.4536021272185362,0.1715255499465722,1.0427605190160067,0.11450440761536089,0
2.73799999999992,REACH,0.39859454495755625,0.14724221272005128,0.9455924038680092,0.4536021272185362,0.1715255499465722,1.0427605190160067,0.11426791839562807,0
2.73999999999992,REACH,0.3987702650887044,0.14727450087098848,0.9457630609030049,0.4536021272185362,0.1715255499465722,1.0427605190160067,0.11403137009733245,0
2.7419999999999196,REACH,0.3989457593410922,0.14730688330521258,0.9459339426500691,0.4536021272185362,0.1715255499465722,1.0427605190160067,0.11379476373800573,0
2.7439999999999194,REACH,0.39912102686355455,0.14733935970521708,0.946105048100321,0.4536021272185362,0.1715255499465722,1.0427605190160067,0.11355810033728801,0
2.745999999999919,REACH,0.3992960668080743,0.1473719297519715,0.9462763762405823,0.4536021272185362,0.1715255499465722,1.0427605190160067,0.11332138091692256,0
2.747999999999919,REACH,0.399470878329795,0.14740459312492804,0.9464479260533881,0.4536021272185362,0.1715255499465722,1.0427605190160067,0.11308460650075024,0
2.7499999999999187,REACH,0.39964546058703404,0.14743734950202864,0.9466196965170006,0.4536021272185362,0.1715255499465722,1.0427605190160067,0.11284777811470181,0
2.7519999999999185,REACH,0.39981981274129413,0.14747019855971055,0.9467916866054175,0.4536021272185362,0.1715255499465722,1.0427605190160067,0.11261089678679467,0
2.7539999999999183,REACH,0.3999939339572779,0.14750313997291378,0.946963895288385,0.4536021272185362,0.1715255499465722,1.0427605190160067,0.11237396354712462,0
2.755999999999918,REACH,0.40016782340289714,0.1475361734150876,0.9471363215314103,0.4536021272185362,0.1715255499465722,1.0427605190160067,0.1121369794278608,0
2.757999999999918,REACH,0.4003414802492884,0.14756929855819684,0.9473089642957699,0.4536021272185362,0.1715255499465722,1.0427605190160067,0.11189994546324071,0
2.7599999999999176,REACH,0.40051490367082393,0.1476025150727288,0.9474818225385259,0.4536021272185362,0.1715255499465722,1.0427605190160067,0.11166286268956135,0
2.7619999999999174,REACH,0.40068809284512386,0.14763582262770006,0.9476548952125338,0.4536021272185362,0.1715255499465722,1.0427605190160067,0.11142573214517577,0
2.763999999999917,REACH,0.4008610469530689,0.1476692208906628,0.9478281812664565,0.4536021272185362,0.1715255499465722,1.0427605190160067,0.11118855487048554,0
2.765999999999917,REACH,0.40103376517881145,0.14770270952771178,0.9480016796447766,0.4536021272185362,0.1715255499465722,1.0427605190160067,0.11095133190793463,0
2.7679999999999167,REACH,0.40120624670979055,0.14773628820349133,0.948175389287806,0.4536021272185362,0.1715255499465722,1.0427605190160067,0.11071406430200335,0
2.7699999999999165,REACH,0.40137849073674103,0.1477699565812015,0.9483493091317011,0.4536021272185362,0.1715255499465722,1.0427605190160067,0.11047675309920156,0
2.7719999999999163,REACH,0.4015504964537068,0.1478037143226055,0.9485234381084734,0.4536021272185362,0.1715255499465722,1.0427605190160067,0.1102393993480626,0
2.773999999999916,REACH,0.40172226305805275,0.14783756108803606,0.9486977751460024,0.4536021272185362,0.1715255499465722,1.0427605190160067,0.11000200409913626,0
2.775999999999916,REACH,0.40189378975047696,0.14787149653640236,0.9488723191680466,0.4536021272185362,0.1715255499465722,1.0427605190160067,0.10976456840498383,0
2.7779999999999156,REACH,0.40206507573502204,0.14790552032519702,0.9490470690942583,0.4536021272185362,0.1715255499465722,1.0427605190160067,0.10952709332016937,0
2.7799999999999154,REACH,0.4022361202190876,0.14793963211050273,0.949222023840195,0.4536021272185362,0.1715255499465722,1.0427605190160067,0.10928957990125394,0
2.781999999999915,REACH,0.40240692241344117,0.14797383154699925,0.9493971823173314,0.4536021272185362,0.1715255499465722,1.0427605190160067,0.10905202920679023,0
2.783999999999915,REACH,0.4025774815322313,0.14800811828797056,0.9495725434330722,0.4536021272185362,0.1715255499465722,1.0427605190160067,0.1088144422973144,0
2.7859999999999148,REACH,0.4027477967929966,0.1480424919853111,0.9497481060907679,0.4536021272185362,0.1715255499465722,1.0427605190160067,0.1085768202353387,0
2.7879999999999145,REACH,0.40291786741668156,0.14807695228953344,0.949923869189723,0.4536021272185362,0.1715255499465722,1.0427605190160067,0.10833916408534637,0
2.7899999999999143,REACH,0.4030876926276431,0.1481114988497747,0.9500998316252126,0.4536021272185362,0.1715255499465722,1.0427605190160067,0.10810147491378432,0
2.791999999999914,REACH,0.4032572716536664,0.14814613131380386,0.9502759922884938,0.4536021272185362,0.1715255499465722,1.0427605190160067,0.10786375378905508,0
2.793999999999914,REACH,0.4034266037259733,0.14818084932802839,0.9504523500668195,0.4536021272185362,0.1715255499465722,1.0427605190160067,0.1076260017815113,0
2.7959999999999137,REACH,0.40359568807923546,0.14821565253750177,0.9506289038434511,0.4536021272185362,0.1715255499465722,1.0427605190160067,0.10738821996344787,0
2.7979999999999134,REACH,0.4037645239515847,0.1482505405859298,0.9508056524976726,0.4536021272185362,0.1715255499465722,1.0427605190160067,0.10715040940909515,0
2.7999999999999132,REACH,0.4039331105846248,0.14828551311567817,0.9509825949048029,0.4536021272185362,0.1715255499465722,1.0427605190160067,0.10691257119461202,0
2.801999999999913,REACH,0.404101447223442,0.14832056976777955,0.9511597299362101,0.4536021272185362,0.1715255499465722,1.0427605190160067,0.1066747063980786,0
2.803999999999913,REACH,0.40426953311661645,0.14835571018194,0.951337056459326,0.4536021272185362,0.1715255499465722,1.0427605190160067,0.1064368160994884,0
2.8059999999999126,REACH,0.4044373675162334,0.14839093399654674,0.9515145733376569,0.4536021272185362,0.1715255499465722,1.0427605190160067,0.10619890138074277,0
2.8079999999999123,REACH,0.404604949677895,0.14842624084867512,0.9516922794307998,0.4536021272185362,0.1715255499465722,1.0427605190160067,0.10596096332564157,0
2.809999999999912,REACH,0.40477227886072853,0.14846163037409527,0.9518701735944548,0.4536021272185362,0.1715255499465722,1.0427605190160067,0.10572300301987834,0
2.811999999999912,REACH,0.4049393543274006,0.14849710220727969,0.9520482546804416,0.4536021272185362,0.1715255499465722,1.0427605190160067,0.1054850215510288,0
2.8139999999999117,REACH,0.4051061753441247,0.14853265598141005,0.9522265215367086,0.4536021272185362,0.1715255499465722,1.0427605190160067,0.10524702000854937,0
2.8159999999999115,REACH,0.4052727411806748,0.1485682913283847,0.9524049730073518,0.4536021272185362,0.1715255499465722,1.0427605190160067,0.10500899948376394,0
2.8179999999999112,REACH,0.40543905111039413,0.1486040078788257,0.9525836079326255,0.4536021272185362,0.1715255499465722,1.0427605190160067,0.10477096106986039,0
2.819999999999911,REACH,0.40560510441020625,0.14863980526208545,0.9527624251489587,0.4536021272185362,0.1715255499465722,1.0427605190160067,0.10453290586188088,0
2.821999999999911,REACH,0.40577090036062613,0.14867568310625495,0.952941423488968,0.4536021272185362,0.1715255499465722,1.0427605190160067,0.10429483495671488,0
2.8239999999999106,REACH,0.40593643824576914,0.14871164103816994,0.9531206017814732,0.4536021272185362,0.1715255499465722,1.0427605190160067,0.10405674945309157,0
2.8259999999999104,REACH,0.40610171735336337,0.14874767868341873,0.9532999588515088,0.4536021272185362,0.1715255499465722,1.0427605190160067,0.10381865045157333,0
2.82799999999991,REACH,0.40626673697475824,0.14878379566634922,0.9534794935203427,0.4536021272185362,0.1715255499465722,1.0427605190160067,0.10358053905454544,0
2.82999999999991,REACH,0.4064314964049352,0.1488199916100762,0.9536592046054881,0.4536021272185362,0.1715255499465722,1.0427605190160067,0.10334241636621024,0
2.8319999999999097,REACH,0.40659599494251897,0.14885626613648867,0.9538390909207181,0.4536021272185362,0.1715255499465722,1.0427605190160067,0.10310428349257922,0
2.8339999999999095,REACH,0.4067602318897852,0.1488926188662565,0.9540191512760807,0.4536021272185362,0.1715255499465722,1.0427605190160067,0.10286614154146528,0
2.8359999999999093,REACH,0.40692420655267403,0.14892904941883878,0.9541993844779143,0.4536021272185362,0.1715255499465722,1.0427605190160067,0.1026279916224735,0
2.837999999999909,REACH,0.40708791824079615,0.14896555741249032,0.9543797893288616,0.4536021272185362,0.1715255499465722,1.0427605190160067,0.10238983484699507,0
2.839999999999909,REACH,0.40725136626744507,0.14900214246426896,0.9545603646278857,0.4536021272185362,0.1715255499465722,1.0427605190160067,0.1021516723281976,0
2.8419999999999086,REACH,0.4074145499496068,0.14903880419004314,0.9547411091702833,0.4536021272185362,0.1715255499465722,1.0427605190160067,0.10191350518101876,0
2.8439999999999084,REACH,0.40757746860796834,0.14907554220449934,0.954922021747701,0.4536021272185362,0.1715255499465722,1.0427605190160067,0.10167533452215735,0
2.845999999999908,REACH,0.4077401215669285,0.14911235612114873,0.9551031011481502,0.4536021272185362,0.1715255499465722,1.0427605190160067,0.10143716147006535,0
2.847999999999908,REACH,0.40790250815460727,0.14914924555233522,0.9552843461560225,0.4536021272185362,0.1715255499465722,1.0427605190160067,0.10119898714493938,0
2.8499999999999077,REACH,0.40806462770285457,0.14918621010924266,0.955465755552104,0.4536021272185362,0.1715255499465722,1.0427605190160067,0.10096081266871387,0
2.8519999999999075,REACH,0.4082264795472604,0.14922324940190182,0.9556473281135917,0.4536021272185362,0.1715255499465722,1.0427605190160067,0.10072263916505157,0
2.8539999999999073,REACH,0.40838806302716346,0.14926036303919804,0.9558290626141086,0.4536021272185362,0.1715255499465722,1.0427605190160067,0.10048446775933581,0
2.855999999999907,REACH,0.4085493774856621,0.14929755062887873,0.9560109578237186,0.4536021272185362,0.1715255499465722,1.0427605190160067,0.10024629957866234,0
2.857999999999907,REACH,0.4087104222696208,0.1493348117775603,0.9561930125089428,0.4536021272185362,0.1715255499465722,1.0427605190160067,0.10000813575183107,0
2.8599999999999066,REACH,0.408871196729682,0.14937214609073615,0.9563752254327744,0.4536021272185362,0.1715255499465722,1.0427605190160067,0.09976997740933753,0
2.8619999999999064,REACH,0.4090317002202733,0.14940955317278357,0.9565575953546944,0.4536021272185362,0.1715255499465722,1.0427605190160067,0.099531825683365,0
2.863999999999906,REACH,0.40919193209961685,0.1494470326269711,0.9567401210306894,0.4536021272185362,0.1715255499465722,1.0427605190160067,0.09929368170777436,0
2.865999999999906,REACH,0.4093518917297389,0.14948458405546663,0.9569228012132632,0.4536021272185362,0.1715255499465722,1.0427605190160067,0.0990555466180987,0
2.8679999999999057,REACH,0.40951157847647757,0.14952220705934394,0.9571056346514564,0.4536021272185362,0.1715255499465722,1.0427605190160067,0.09881742155153253,0
2.8699999999999055,REACH,0.40967099170949184,0.1495599012385909,0.9572886200908602,0.4536021272185362,0.1715255499465722,1.0427605190160067,0.09857930764692416,0
2.8719999999999053,REACH,0.40983013080227154,0.14959766619211612,0.9574717562736342,0.4536021272185362,0.1715255499465722,1.0427605190160067,0.09834120604476608,0
2.873999999999905,REACH,0.4099889951321436,0.14963550151775726,0.95765504193852,0.4536021272185362,0.1715255499465722,1.0427605190160067,0.09810311788718853,0
2.875999999999905,REACH,0.41014758408028185,0.1496734068122877,0.9578384758208602,0.4536021272185362,0.1715255499465722,1.0427605190160067,0.09786504431794837,0
2.8779999999999046,REACH,0.4103058970317154,0.14971138167142442,0.9580220566526114,0.4536021272185362,0.1715255499465722,1.0427605190160067,0.097626986482423,0
2.8799999999999044,REACH,0.4104639333753368,0.14974942568983546,0.9582057831623633,0.4536021272185362,0.1715255499465722,1.0427605190160067,0.09738894552759932,0
2.881999999999904,REACH,0.41062169250391,0.14978753846114734,0.958389654075352,0.4536021272185362,0.1715255499465722,1.0427605190160067,0.09715092260206748,0
2.883999999999904,REACH,0.4107791738140786,0.1498257195779521,0.9585736681134809,0.4536021272185362,0.1715255499465722,1.0427605190160067,0.09691291885600886,0
2.8859999999999038,REACH,0.4109363767063743,0.14986396863181578,0.9587578239953317,0.4536021272185362,0.1715255499465722,1.0427605190160067,0.09667493544119071,0
2.8879999999999035,REACH,0.4110933005852243,0.14990228521328477,0.958942120436184,0.4536021272185362,0.1715255499465722,1.0427605190160067,0.09643697351095602,0
2.8899999999999033,REACH,0.41124994485895955,0.1499406689118942,0.9591265561480319,0.4536021272185362,0.1715255499465722,1.0427605190160067,0.09619903422021366,0
2.891999999999903,REACH,0.41140630893982216,0.14997911931617477,0.9593111298395998,0.4536021272185362,0.1715255499465722,1.0427605190160067,0.09596111872543077,0
2.893999999999903,REACH,0.41156239224397345,0.15001763601366067,0.9594958402163579,0.4536021272185362,0.1715255499465722,1.0427605190160067,0.09572322818462452,0
2.8959999999999027,REACH,0.41171819419150174,0.15005621859089704,0.9596806859805418,0.4536021272185362,0.1715255499465722,1.0427605190160067,0.0954853637573509,0
2.8979999999999024,REACH,0.41187371420642943,0.15009486663344715,0.9598656658311667,0.4536021272185362,0.1715255499465722,1.0427605190160067,0.09524752660469774,0
2.899999999999902,REACH,0.41202895171672055,0.15013357972590038,0.9600507784640441,0.4536021272185362,0.1715255499465722,1.0427605190160067,0.09500971788927623,0
2.901999999999902,REACH,0.41218390615428857,0.15017235745187943,0.9602360225718024,0.4536021272185362,0.1715255499465722,1.0427605190160067,0.09477193877520806,0
2.9039999999999018,REACH,0.4123385769550028,0.15021119939404784,0.9604213968438983,0.4536021272185362,0.1715255499465722,1.0427605190160067,0.09453419042812208,0
2.9059999999999016,REACH,0.4124929635586962,0.15025010513411774,0.9606068999666372,0.4536021272185362,0.1715255499465722,1.0427605190160067,0.09429647401514145,0
2.9079999999999013,REACH,0.4126470654091729,0.15028907425285698,0.9607925306231898,0.4536021272185362,0.1715255499465722,1.0427605190160067,0.0940587907048751,0
2.909999999999901,REACH,0.4128008819542143,0.15032810633009716,0.9609782874936094,0.4536021272185362,0.1715255499465722,1.0427605190160067,0.09382114166740882,0
2.911999999999901,REACH,0.412954412645586,0.15036720094474074,0.9611641692548473,0.4536021272185362,0.1715255499465722,1.0427605190160067,0.09358352807429736,0
2.9139999999999007,REACH,0.41310765693904566,0.1504063576747689,0.9613501745807714,0.4536021272185362,0.1715255499465722,1.0427605190160067,0.09334595109855376,0
2.9159999999999004,REACH,0.41326061429434907,0.15044557609724854,0.9615363021421839,0.4536021272185362,0.1715255499465722,1.0427605190160067,0.09310841191464034,0
2.9179999999999002,REACH,0.41341328417525636,0.1504848557883407,0.9617225506068371,0.4536021272185362,0.1715255499465722,1.0427605190160067,0.09287091169846025,0
2.9199999999999,REACH,0.41356566604953887,0.15052419632330702,0.9619089186394522,0.4536021272185362,0.1715255499465722,1.0427605190160067,0.0926334516273476,0
2.9219999999999,REACH,0.4137177593889864,0.15056359727651847,0.9620954049017346,0.4536021272185362,0.1715255499465722,1.0427605190160067,0.092396032880059,0
2.9239999999998996,REACH,0.41386956366941285,0.15060305822146164,0.962282008052394,0.4536021272185362,0.1715255499465722,1.0427605190160067,0.09215865663676306,0
2.9259999999998993,REACH,0.41402107837066204,0.1506425787307474,0.9624687267471597,0.4536021272185362,0.1715255499465722,1.0427605190160067,0.09192132407903218,0
2.927999999999899,REACH,0.41417230297661517,0.1506821583761176,0.9626555596387995,0.4536021272185362,0.1715255499465722,1.0427605190160067,0.09168403638983241,0
2.929999999999899,REACH,0.41432323697519496,0.15072179672845304,0.9628425053771359,0.4536021272185362,0.1715255499465722,1.0427605190160067,0.09144679475351555,0
2.9319999999998987,REACH,0.4144738798583749,0.1507614933577812,0.963029562609065,0.4536021272185362,0.1715255499465722,1.0427605190160067,0.09120960035580754,0
2.9339999999998985,REACH,0.4146242311221811,0.1508012478332832,0.9632167299785732,0.4536021272185362,0.1715255499465722,1.0427605190160067,0.09097245438380158,0
2.9359999999998982,REACH,0.41477429026670165,0.15084105972330175,0.9634040061267563,0.4536021272185362,0.1715255499465722,1.0427605190160067,0.09073535802594598,0
2.937999999999898,REACH,0.4149240567960898,0.15088092859534863,0.9635913896918346,0.4536021272185362,0.1715255499465722,1.0427605190160067,0.09049831247203796,0
2.939999999999898,REACH,0.41507353021857146,0.15092085401611222,0.9637788793091742,0.4536021272185362,0.1715255499465722,1.0427605190160067,0.09026131891321067,0
2.9419999999998976,REACH,0.4152227100464496,0.15096083555146514,0.9639664736113008,0.4536021272185362,0.1715255499465722,1.0427605190160067,0.0900243785419274,0
2.9439999999998974,REACH,0.4153715957961098,0.15100087276647145,0.9641541712279219,0.4536021272185362,0.1715255499465722,1.0427605190160067,0.08978749255196868,0
2.945999999999897,REACH,0.41552018698802595,0.1510409652253945,0.9643419707859412,0.4536021272185362,0.1715255499465722,1.0427605190160067,0.0895506621384252,0
2.947999999999897,REACH,0.41566848314676574,0.15108111249170447,0.9645298709094778,0.4536021272185362,0.1715255499465722,1.0427605190160067,0.0893138884976873,0
2.9499999999998967,REACH,0.41581648380099473,0.15112131412808574,0.9647178702198853,0.4536021272185362,0.1715255499465722,1.0427605190160067,0.08907717282743519,0
2.9519999999998965,REACH,0.4159641884834828,0.15116156969644473,0.9649059673357676,0.4536021272185362,0.1715255499465722,1.0427605190160067,0.08884051632663016,0
2.9539999999998963,REACH,0.4161115967311076,0.15120187875791682,0.9650941608729985,0.4536021272185362,0.1715255499465722,1.0427605190160067,0.08860392019550502,0
2.955999999999896,REACH,0.416258708084861,0.1512422408728745,0.9652824494447392,0.4536021272185362,0.1715255499465722,1.0427605190160067,0.08836738563555373,0
2.957999999999896,REACH,0.41640552208985215,0.1512826556009347,0.9654708316614586,0.4536021272185362,0.1715255499465722,1.0427605190160067,0.08813091384952094,0
2.9599999999998956,REACH,0.4165520382953141,0.1513231225009663,0.9656593061309466,0.4536021272185362,0.1715255499465722,1.0427605190160067,0.08789450604139598,0
2.9619999999998954,REACH,0.416698256254607,0.15136364113109757,0.965847871458337,0.4536021272185362,0.1715255499465722,1.0427605190160067,0.0876581634163994,0
2.963999999999895,REACH,0.4168441755252221,0.15140421104872367,0.966036526246124,0.4536021272185362,0.1715255499465722,1.0427605190160067,0.08742188718097489,0
2.965999999999895,REACH,0.41698979566878774,0.15144483181051435,0.9662252690941803,0.4536021272185362,0.1715255499465722,1.0427605190160067,0.08718567854277989,0
2.9679999999998947,REACH,0.4171351162510728,0.1514855029724215,0.9664140985997752,0.4536021272185362,0.1715255499465722,1.0427605190160067,0.08694953871067539,0
2.9699999999998945,REACH,0.41728013684199045,0.15152622408968638,0.9666030133575936,0.4536021272185362,0.1715255499465722,1.0427605190160067,0.0867134688947168,0
2.9719999999998943,REACH,0.4174248570156024,0.15156699471684693,0.9667920119597553,0.4536021272185362,0.1715255499465722,1.0427605190160067,0.08647747030614278,0
2.973999999999894,REACH,0.4175692763501241,0.15160781440774643,0.9669810929958307,0.4536021272185362,0.1715255499465722,1.0427605190160067,0.08624154415736751,0
2.975999999999894,REACH,0.41771339442792665,0.1516486827155393,0.9671702550528615,0.4536021272185362,0.1715255499465722,1.0427605190160067,0.08600569166197004,0
2.9779999999998936,REACH,0.41785721083554167,0.15168959919270006,0.9673594967153791,0.4536021272185362,0.1715255499465722,1.0427605190160067,0.08576991403468384,0
2.9799999999998934,REACH,0.4180007251636655,0.1517305633910298,0.9675488165654212,0.4536021272185362,0.1715255499465722,1.0427605190160067,0.08553421249138889,0
2.981999999999893,REACH,0.4181439370071609,0.1517715748616646,0.9677382131825533,0.4536021272185362,0.1715255499465722,1.0427605190160067,0.08529858824909971,0
2.983999999999893,REACH,0.41828684596506316,0.15181263315508187,0.9679276851438845,0.4536021272185362,0.1715255499465722,1.0427605190160067,0.08506304252595703,0
2.9859999999998927,REACH,0.41842945164058043,0.15185373782110875,0.9681172310240878,0.4536021272185362,0.1715255499465722,1.0427605190160067,0.0848275765412181,0
2.9879999999998925,REACH,0.4185717536411,0.15189488840892923,0.9683068493954181,0.4536021272185362,0.1715255499465722,1.0427605190160067,0.08459219151524566,0
2.9899999999998923,REACH,0.4187137515781889,0.15193608446709167,0.9684965388277306,0.4536021272185362,0.1715255499465722,1.0427605190160067,0.08435688866949999,0
2.991999999999892,REACH,0.41885544506759903,0.1519773255435161,0.9686862978885007,0.4536021272185362,0.1715255499465722,1.0427605190160067,0.08412166922652665,0
2.993999999999892,REACH,0.41899683372926855,0.1520186111855019,0.9688761251428412,0.4536021272185362,0.1715255499465722,1.0427605190160067,0.08388653440994906,0
2.9959999999998916,REACH,0.41913791718732485,0.15205994093973485,0.969066019153522,0.4536021272185362,0.1715255499465722,1.0427605190160067,0.08365148544445751,0
2.9979999999998914,REACH,0.4192786950700893,0.1521013143522954,0.9692559784809874,0.4536021272185362,0.1715255499465722,1.0427605190160067,0.08341652355579983,0
2.999999999999891,REACH,0.41941916701007687,0.15214273096866474,0.9694460016833785,0.4536021272185362,0.1715255499465722,1.0427605190160067,0.08318164997076999,0
3.001999999999891,REACH,0.41955933264400075,0.15218419033373368,0.9696360873165475,0.4536021272185362,0.1715255499465722,1.0427605190160067,0.08294686591720055,0
3.0039999999998908,REACH,0.41969919161277447,0.1522256919918089,0.969826233934079,0.4536021272185362,0.1715255499465722,1.0427605190160067,0.08271217262395168,0
3.0059999999998905,REACH,0.41983874356151407,0.1522672354866212,0.9700164400873084,0.4536021272185362,0.1715255499465722,1.0427605190160067,0.08247757132090111,0
3.0079999999998903,REACH,0.4199779881395394,0.1523088203613323,0.9702067043253416,0.4536021272185362,0.1715255499465722,1.0427605190160067,0.0822430632389342,0
3.00999999999989,REACH,0.42011692500037756,0.15235044615854254,0.9703970251950723,0.4536021272185362,0.1715255499465722,1.0427605190160067,0.08200864960993506,0
3.01199999999989,REACH,0.42025555380176505,0.15239211242029815,0.9705874012412018,0.4536021272185362,0.1715255499465722,1.0427605190160067,0.08177433166677553,0
3.0139999999998897,REACH,0.4203938742056478,0.15243381868809858,0.9707778310062586,0.4536021272185362,0.1715255499465722,1.0427605190160067,0.0815401106433057,0
3.0159999999998894,REACH,0.42053188587818574,0.152475564502904,0.9709683130306148,0.4536021272185362,0.1715255499465722,1.0427605190160067,0.08130598777434501,0
3.017999999999889,REACH,0.42066958848975167,0.15251734940514267,0.9711588458525088,0.4536021272185362,0.1715255499465722,1.0427605190160067,0.08107196429567055,0
3.019999999999889,REACH,0.42080698171493486,0.15255917293471785,0.9713494280080619,0.4536021272185362,0.1715255499465722,1.0427605190160067,0.08083804144400805,0
3.0219999999998888,REACH,0.4209440652325417,0.15260103463101596,0.9715400580312971,0.4536021272185362,0.1715255499465722,1.0427605190160067,0.08060422045702284,0
3.0239999999998886,REACH,0.42108083872559743,0.15264293403291293,0.9717307344541593,0.4536021272185362,0.1715255499465722,1.0427605190160067,0.08037050257330858,0
3.0259999999998883,REACH,0.4212173018813474,0.15268487067878228,0.9719214558065336,0.4536021272185362,0.1715255499465722,1.0427605190160067,0.0801368890323782,0
3.027999999999888,REACH,0.4213534543912577,0.15272684410650225,0.9721122206162646,0.4536021272185362,0.1715255499465722,1.0427605190160067,0.0799033810746538,0
3.029999999999888,REACH,0.4214892959510163,0.15276885385346256,0.9723030274091762,0.4536021272185362,0.1715255499465722,1.0427605190160067,0.07966997994145648,0
3.0319999999998877,REACH,0.42162482626053555,0.1528108994565727,0.9724938747090884,0.4536021272185362,0.1715255499465722,1.0427605190160067,0.07943668687499728,0
3.0339999999998875,REACH,0.42176004502395037,0.15285298045226817,0.9726847610378396,0.4536021272185362,0.1715255499465722,1.0427605190160067,0.07920350311836609,0
3.0359999999998872,REACH,0.42189495194962134,0.1528950963765184,0.9728756849153023,0.4536021272185362,0.1715255499465722,1.0427605190160067,0.07897042991552346,0
3.037999999999887,REACH,0.4220295467501342,0.15293724676483386,0.9730666448594057,0.4536021272185362,0.1715255499465722,1.0427605190160067,0.07873746851128807,0
3.039999999999887,REACH,0.4221638291423008,0.1529794311522731,0.973257639386152,0.4536021272185362,0.1715255499465722,1.0427605190160067,0.07850462015132974,0
3.0419999999998866,REACH,0.42229779884715857,0.1530216490734502,0.9734486670096366,0.4536021272185362,0.1715255499465722,1.0427605190160067,0.078271886082158,0
3.0439999999998864,REACH,0.4224314555899723,0.153063900062542,0.9736397262420674,0.4536021272185362,0.1715255499465722,1.0427605190160067,0.07803926755111261,0
3.045999999999886,REACH,0.42256479910023376,0.15310618365329517,0.9738308155937841,0.4536021272185362,0.1715255499465722,1.0427605190160067,0.07780676580635289,0
3.047999999999886,REACH,0.42269782911166137,0.15314849937903352,0.9740219335732764,0.4536021272185362,0.1715255499465722,1.0427605190160067,0.07757438209684951,0
3.0499999999998857,REACH,0.42283054536220005,0.15319084677266495,0.9742130786872046,0.4536021272185362,0.1715255499465722,1.0427605190160067,0.07734211767237284,0
3.0519999999998855,REACH,0.42296294759402203,0.15323322536668912,0.9744042494404173,0.4536021272185362,0.1715255499465722,1.0427605190160067,0.07710997378348472,0
3.0539999999998853,REACH,0.42309503555352623,0.1532756346932041,0.974595444335972,0.4536021272185362,0.1715255499465722,1.0427605190160067,0.0768779516815267,0
3.055999999999885,REACH,0.4232268089913376,0.1533180742839136,0.9747866618751522,0.4536021272185362,0.1715255499465722,1.0427605190160067,0.07664605261861303,0
3.057999999999885,REACH,0.4233582676623068,0.15336054367013452,0.9749779005574897,0.4536021272185362,0.1715255499465722,1.0427605190160067,0.07641427784761726,0
3.0599999999998846,REACH,0.4234894113255101,0.15340304238280353,0.9751691588807815,0.4536021272185362,0.1715255499465722,1.0427605190160067,0.07618262862216477,0
3.0619999999998844,REACH,0.42362023974424795,0.1534455699524846,0.9753604353411086,0.4536021272185362,0.1715255499465722,1.0427605190160067,0.07595110619662337,0
3.063999999999884,REACH,0.42375075268604445,0.15348812590937563,0.9755517284328574,0.4536021272185362,0.1715255499465722,1.0427605190160067,0.0757197118260916,0
3.065999999999884,REACH,0.4238809499226473,0.15353070978331618,0.9757430366487365,0.4536021272185362,0.1715255499465722,1.0427605190160067,0.0754884467663905,0
3.0679999999998837,REACH,0.42401083123002614,0.15357332110379407,0.9759343584797983,0.4536021272185362,0.1715255499465722,1.0427605190160067,0.07525731227405212,0
3.0699999999998835,REACH,0.4241403963883701,0.15361595939995237,0.9761256924154558,0.4536021272185362,0.1715255499465722,1.0427605190160067,0.07502630960631232,0
3.0719999999998833,REACH,0.4242696451820894,0.15365862420059678,0.9763170369435035,0.4536021272185362,0.1715255499465722,1.0427605190160067,0.07479544002109846,0
3.073999999999883,REACH,0.42439857739981235,0.15370131503420245,0.9765083905501367,0.4536021272185362,0.1715255499465722,1.0427605190160067,0.07456470477702017,0
3.075999999999883,REACH,0.424527192834383,0.15374403142892107,0.9766997517199689,0.4536021272185362,0.1715255499465722,1.0427605190160067,0.07433410513336154,0
3.0779999999998826,REACH,0.42465549128286223,0.15378677291258785,0.9768911189360521,0.4536021272185362,0.1715255499465722,1.0427605190160067,0.07410364235006937,0
3.0799999999998824,REACH,0.4247834725465236,0.15382953901272833,0.9770824906798976,0.4536021272185362,0.1715255499465722,1.0427605190160067,0.07387331768774291,0
3.081999999999882,REACH,0.4249111364308527,0.15387232925656574,0.9772738654314926,0.4536021272185362,0.1715255499465722,1.0427605190160067,0.07364313240762622,0
3.083999999999882,REACH,0.42503848274554545,0.1539151431710276,0.9774652416693199,0.4536021272185362,0.1715255499465722,1.0427605190160067,0.07341308777159776,0
3.0859999999998817,REACH,0.4251655113045054,0.15395798028275276,0.9776566178703789,0.4536021272185362,0.1715255499465722,1.0427605190160067,0.07318318504215936,0
3.0879999999998815,REACH,0.4252922219258427,0.15400084011809836,0.9778479925102026,0.4536021272185362,0.1715255499465722,1.0427605190160067,0.07295342548242824,0
3.0899999999998813,REACH,0.4254186144318706,0.15404372220314685,0.978039364062878,0.4536021272185362,0.1715255499465722,1.0427605190160067,0.07272381035612648,0
3.091999999999881,REACH,0.425544688649104,0.15408662606371257,0.9782307310010647,0.4536021272185362,0.1715255499465722,1.0427605190160067,0.07249434092757165,0
3.093999999999881,REACH,0.4256704444082571,0.154129551225349,0.978422091796015,0.4536021272185362,0.1715255499465722,1.0427605190160067,0.0722650184616666,0
3.0959999999998806,REACH,0.4257958815442396,0.15417249721335513,0.9786134449175916,0.4536021272185362,0.1715255499465722,1.0427605190160067,0.07203584422389116,0
3.0979999999998804,REACH,0.42592099989615645,0.15421546355278298,0.9788047888342876,0.4536021272185362,0.1715255499465722,1.0427605190160067,0.07180681948029109,0
3.09999999999988,REACH,0.4260457993073028,0.15425844976844383,0.9789961220132457,0.4536021272185362,0.1715255499465722,1.0427605190160067,0.07157794549746915,0
3.10199999999988,REACH,0.42617027962516196,0.15430145538491544,0.9791874429202772,0.4536021272185362,0.1715255499465722,1.0427605190160067,0.07134922354257567,0
3.1039999999998797,REACH,0.4262944407014028,0.15434447992654826,0.9793787500198812,0.4536021272185362,0.1715255499465722,1.0427605190160067,0.07112065488329827,0
3.1059999999998795,REACH,0.42641828239187585,0.15438752291747315,0.9795700417752632,0.4536021272185362,0.1715255499465722,1.0427605190160067,0.07089224078785357,0
3.1079999999998793,REACH,0.42654180455661145,0.15443058388160727,0.9797613166483543,0.4536021272185362,0.1715255499465722,1.0427605190160067,0.07066398252497666,0
3.109999999999879,REACH,0.4266650070598146,0.15447366234266116,0.9799525730998316,0.4536021272185362,0.1715255499465722,1.0427605190160067,0.07043588136391139,0
3.111999999999879,REACH,0.42678788976986254,0.15451675782414553,0.9801438095891352,0.4536021272185362,0.1715255499465722,1.0427605190160067,0.0702079385744023,0
3.1139999999998786,REACH,0.4269104525593025,0.15455986984937803,0.9803350245744884,0.4536021272185362,0.1715255499465722,1.0427605190160067,0.06998015542668327,0
3.1159999999998784,REACH,0.427032695304845,0.15460299794148954,0.9805262165129166,0.4536021272185362,0.1715255499465722,1.0427605190160067,0.06975253319147007,0
3.117999999999878,REACH,0.4271546178873627,0.15464614162343138,0.9807173838602665,0.4536021272185362,0.1715255499465722,1.0427605190160067,0.06952507313994911,0
3.119999999999878,REACH,0.4272762201918859,0.15468930041798146,0.9809085250712248,0.4536021272185362,0.1715255499465722,1.0427605190160067,0.06929777654376905,0
3.1219999999998778,REACH,0.42739750210759736,0.15473247384775132,0.9810996385993367,0.4536021272185362,0.1715255499465722,1.0427605190160067,0.06907064467503196,0
3.1239999999998775,REACH,0.4275184635278303,0.1547756614351926,0.981290722897026,0.4536021272185362,0.1715255499465722,1.0427605190160067,0.06884367880628225,0
3.1259999999998773,REACH,0.4276391043500621,0.15481886270260353,0.9814817764156138,0.4536021272185362,0.1715255499465722,1.0427605190160067,0.06861688021049853,0
3.127999999999877,REACH,0.42775942447591164,0.15486207717213568,0.9816727976053361,0.4536021272185362,0.1715255499465722,1.0427605190160067,0.06839025016108474,0
3.129999999999877,REACH,0.4278794238111342,0.15490530436580038,0.9818637849153646,0.4536021272185362,0.1715255499465722,1.0427605190160067,0.06816378993185931,0
3.1319999999998767,REACH,0.4279991022656161,0.1549485438054755,0.9820547367938242,0.4536021272185362,0.1715255499465722,1.0427605190160067,0.06793750079704777,0
3.1339999999998764,REACH,0.4281184597533717,0.1549917950129115,0.9822456516878126,0.4536021272185362,0.1715255499465722,1.0427605190160067,0.0677113840312718,0
3.135999999999876,REACH,0.42823749619253754,0.15503505750973867,0.982436528043418,0.4536021272185362,0.1715255499465722,1.0427605190160067,0.06748544090954205,0
3.137999999999876,REACH,0.4283562115053679,0.15507833081747283,0.9826273643057414,0.4536021272185362,0.1715255499465722,1.0427605190160067,0.06725967270724502,0
3.139999999999876,REACH,0.4284746056182298,0.1551216144575224,0.9828181589189094,0.4536021272185362,0.1715255499465722,1.0427605190160067,0.0670340807001398,0
3.1419999999998756,REACH,0.42859267846159693,0.1551649079511945,0.9830089103260988,0.4536021272185362,0.1715255499465722,1.0427605190160067,0.06680866616434404,0
3.1439999999998753,REACH,0.42871042997004694,0.15520821081970151,0.9831996169695522,0.4536021272185362,0.1715255499465722,1.0427605190160067,0.06658343037632646,0
3.145999999999875,REACH,0.42882786008225293,0.1552515225841674,0.9833902772905979,0.4536021272185362,0.1715255499465722,1.0427605190160067,0.06635837461289797,0
3.147999999999875,REACH,0.42894496874098026,0.15529484276563454,0.9835808897296673,0.4536021272185362,0.1715255499465722,1.0427605190160067,0.0661335001512034,0
3.1499999999998747,REACH,0.42906175589308004,0.15533817088506904,0.9837714527263154,0.4536021272185362,0.1715255499465722,1.0427605190160067,0.06590880826871066,0
3.1519999999998745,REACH,0.42917822148948487,0.1553815064633682,0.983961964719238,0.4536021272185362,0.1715255499465722,1.0427605190160067,0.06568430024320293,0
3.1539999999998742,REACH,0.4292943654852008,0.15542484902136644,0.984152424146292,0.4536021272185362,0.1715255499465722,1.0427605190160067,0.06545997735276886,0
3.155999999999874,REACH,0.4294101878393036,0.15546819807984147,0.9843428294445111,0.4536021272185362,0.1715255499465722,1.0427605190160067,0.06523584087579537,0
3.157999999999874,REACH,0.42952568851493095,0.15551155315952042,0.9845331790501272,0.4536021272185362,0.1715255499465722,1.0427605190160067,0.06501189209095737,0
3.1599999999998736,REACH,0.42964086747927843,0.15555491378108677,0.9847234713985881,0.4536021272185362,0.1715255499465722,1.0427605190160067,0.06478813227720807,0
3.1619999999998734,REACH,0.4297557247035912,0.15559827946518595,0.9849137049245754,0.4536021272185362,0.1715255499465722,1.0427605190160067,0.06456456271377227,0
3.163999999999873,REACH,0.4298702601631591,0.1556416497324317,0.9851038780620227,0.4536021272185362,0.1715255499465722,1.0427605190160067,0.064341184680137,0
3.165999999999873,REACH,0.42998447383731014,0.1556850241034127,0.9852939892441362,0.4536021272185362,0.1715255499465722,1.0427605190160067,0.06411799945604059,0
3.1679999999998727,REACH,0.43009836570940274,0.1557284020986979,0.9854840369034111,0.4536021272185362,0.1715255499465722,1.0427605190160067,0.06389500832146679,0
3.1699999999998725,REACH,0.4302119357668218,0.15577178323884389,0.9856740194716506,0.4536021272185362,0.1715255499465722,1.0427605190160067,0.06367221255663386,0
3.1719999999998723,REACH,0.43032518400096803,0.15581516704439957,0.9858639353799828,0.4536021272185362,0.1715255499465722,1.0427605190160067,0.06344961344198902,0
3.173999999999872,REACH,0.4304381104072546,0.15585855303591337,0.9860537830588822,0.4536021272185362,0.1715255499465722,1.0427605190160067,0.06322721225819597,0
3.175999999999872,REACH,0.4305507149850987,0.1559019407339392,0.9862435609381865,0.4536021272185362,0.1715255499465722,1.0427605190160067,0.06300501028612747,0
3.1779999999998716,REACH,0.4306629977379143,0.15594532965904212,0.9864332674471126,0.4536021272185362,0.1715255499465722,1.0427605190160067,0.06278300880685947,0
3.1799999999998714,REACH,0.43077495867310467,0.1559887193318043,0.9866229010142784,0.4536021272185362,0.1715255499465722,1.0427605190160067,0.06256120910165901,0
3.181999999999871,REACH,0.43088659780205685,0.15603210927283187,0.9868124600677194,0.4536021272185362,0.1715255499465722,1.0427605190160067,0.06233961245197702,0
3.183999999999871,REACH,0.4309979151401326,0.15607549900276,0.9870019430349058,0.4536021272185362,0.1715255499465722,1.0427605190160067,0.06211822013944092,0
3.1859999999998707,REACH,0.43110891070666113,0.15611888804225957,0.9871913483427622,0.4536021272185362,0.1715255499465722,1.0427605190160067,0.0618970334458451,0
3.1879999999998705,REACH,0.43121958452493225,0.1561622759120425,0.9873806744176855,0.4536021272185362,0.1715255499465722,1.0427605190160067,0.061676053653142146,0
3.1899999999998703,REACH,0.43132993662218716,0.15620566213286807,0.9875699196855616,0.4536021272185362,0.1715255499465722,1.0427605190160067,0.06145528204343634,0
3.19199999999987,REACH,0.4314399670296125,0.15624904622554908,0.9877590825717852,0.4536021272185362,0.1715255499465722,1.0427605190160067,0.06123471989897305,0
3.19399999999987,REACH,0.4315496757823311,0.15629242771095692,0.9879481615012766,0.4536021272185362,0.1715255499465722,1.0427605190160067,0.061014368502132134,0
3.1959999999998696,REACH,0.43165906291939415,0.15633580611002842,0.988137154898501,0.4536021272185362,0.1715255499465722,1.0427605190160067,0.06079422913541812,0
3.1979999999998694,REACH,0.4317681284837734,0.15637918094377096,0.988326061187483,0.4536021272185362,0.1715255499465722,1.0427605190160067,0.06057430308145503,0
3.199999999999869,REACH,0.43187687252235246,0.1564225517332684,0.9885148787918283,0.4536021272185362,0.1715255499465722,1.0427605190160067,0.060354591622975275,0
3.201999999999869,REACH,0.4319852950859189,0.15646591799968745,0.9887036061347405,0.4536021272185362,0.1715255499465722,1.0427605190160067,0.06013509604281178,0
3.2039999999998687,REACH,0.4320933962291552,0.15650927926428265,0.9888922416390366,0.4536021272185362,0.1715255499465722,1.0427605190160067,0.059915817623892496,0
3.2059999999998685,REACH,0.4322011760106306,0.1565526350484025,0.9890807837271681,0.4536021272185362,0.1715255499465722,1.0427605190160067,0.059696757649228945,0
3.2079999999998683,REACH,0.4323086344927921,0.15659598487349533,0.989269230821236,0.4536021272185362,0.1715255499465722,1.0427605190160067,0.05947791740191126,0
3.209999999999868,REACH,0.43241577174195556,0.15663932826111457,0.9894575813430097,0.4536021272185362,0.1715255499465722,1.0427605190160067,0.059259298165098465,0
3.211999999999868,REACH,0.4325225878282976,0.15668266473292497,0.989645833713944,0.4536021272185362,0.1715255499465722,1.0427605190160067,0.059040901222011256,0
3.2139999999998676,REACH,0.432629082825846,0.15672599381070781,0.9898339863551976,0.4536021272185362,0.1715255499465722,1.0427605190160067,0.05882272785592363,0
3.2159999999998674,REACH,0.4327352568124695,0.1567693150163666,0.9900220376876496,0.4536021272185362,0.1715255499465722,1.0427605190160067,0.05860477935015604,0
3.217999999999867,REACH,0.4328411098698707,0.1568126278719328,0.990209986131917,0.4536021272185362,0.1715255499465722,1.0427605190160067,0.05838705698806713,0
3.219999999999867,REACH,0.4329466420835748,0.15685593189957156,0.9903978301083729,0.4536021272185362,0.1715255499465722,1.0427605190160067,0.05816956205304574,0
3.2219999999998667,REACH,0.43305185354292225,0.15689922662158667,0.9905855680371629,0.4536021272185362,0.1715255499465722,1.0427605190160067,0.05795229582850368,0
3.2239999999998665,REACH,0.4331567443410561,0.15694251156042696,0.9907731983382226,0.4536021272185362,0.1715255499465722,1.0427605190160067,0.0577352595978688,0
3.2259999999998663,REACH,0.43326131457491524,0.15698578623869086,0.9909607194312965,0.4536021272185362,0.1715255499465722,1.0427605190160067,0.05751845464457528,0
3.227999999999866,REACH,0.43336556434522355,0.1570290501791327,0.9911481297359521,0.4536021272185362,0.1715255499465722,1.0427605190160067,0.05730188225205876,0
3.229999999999866,REACH,0.43346949375647986,0.15707230290466762,0.9913354276715997,0.4536021272185362,0.1715255499465722,1.0427605190160067,0.05708554370374735,0
3.2319999999998656,REACH,0.4335731029169473,0.15711554393837718,0.9915226116575082,0.4536021272185362,0.1715255499465722,1.0427605190160067,0.056869440283054795,0
3.2339999999998654,REACH,0.43367639193864504,0.15715877280351476,0.9917096801128235,0.4536021272185362,0.1715255499465722,1.0427605190160067,0.05665357327337218,0
3.235999999999865,REACH,0.43377936093733693,0.15720198902351104,0.9918966314565827,0.4536021272185362,0.1715255499465722,1.0427605190160067,0.05643794395806273,0
3.237999999999865,REACH,0.43388201003252097,0.1572451921219793,0.9920834641077346,0.4536021272185362,0.1715255499465722,1.0427605190160067,0.056222553620452115,0
3.2399999999998648,REACH,0.4339843393474191,0.15728838162272044,0.9922701764851541,0.4536021272185362,0.1715255499465722,1.0427605190160067,0.05600740354382322,0
3.2419999999998645,REACH,0.43408634900896764,0.15733155704972868,0.9924567670076606,0.4536021272185362,0.1715255499465722,1.0427605190160067,0.05579249501140726,0
3.2439999999998643,REACH,0.4341880391478048,0.1573747179271968,0.9926432340940327,0.4536021272185362,0.1715255499465722,1.0427605190160067,0.05557782930637925,0
3.245999999999864,REACH,0.4342894098982618,0.1574178637795211,0.9928295761630284,0.4536021272185362,0.1715255499465722,1.0427605190160067,0.05536340771184723,0
3.247999999999864,REACH,0.43439046139835136,0.15746099413130693,0.9930157916333973,0.4536021272185362,0.1715255499465722,1.0427605190160067,0.055149231510849814,0
3.2499999999998637,REACH,0.4344911937897563,0.15750410850737356,0.9932018789239018,0.4536021272185362,0.1715255499465722,1.0427605190160067,0.054935301986345074,0
3.2519999999998634,REACH,0.434591607217819,0.1575472064327598,0.9933878364533304,0.4536021272185362,0.1715255499465722,1.0427605190160067,0.05472162042120662,0
3.2539999999998632,REACH,0.43469170183152994,0.15759028743272868,0.9935736626405158,0.4536021272185362,0.1715255499465722,1.0427605190160067,0.05450818809821544,0
3.255999999999863,REACH,0.4347914777835171,0.15763335103277282,0.9937593559043504,0.4536021272185362,0.1715255499465722,1.0427605190160067,0.054295006300054016,0
3.257999999999863,REACH,0.4348909352300343,0.15767639675861964,0.9939449146638044,0.4536021272185362,0.1715255499465722,1.0427605190160067,0.0540820763092978,0
3.2599999999998626,REACH,0.43499007433094933,0.1577194241362359,0.9941303373379395,0.4536021272185362,0.1715255499465722,1.0427605190160067,0.05386939940841172,0
3.2619999999998623,REACH,0.43508889524973304,0.15776243269183368,0.9943156223459283,0.4536021272185362,0.1715255499465722,1.0427605190160067,0.05365697687974021,0
3.263999999999862,REACH,0.43518739815344676,0.15780542195187391,0.9945007681070687,0.4536021272185362,0.1715255499465722,1.0427605190160067,0.053444810005502906,0
3.265999999999862,REACH,0.4352855832127323,0.15784839144307314,0.9946857730407991,0.4536021272185362,0.1715255499465722,1.0427605190160067,0.05323290006778828,0
3.2679999999998617,REACH,0.4353834506017975,0.15789134069240718,0.9948706355667172,0.4536021272185362,0.1715255499465722,1.0427605190160067,0.05302124834854608,0
3.2699999999998615,REACH,0.43548100049840693,0.15793426922711637,0.995055354104595,0.4536021272185362,0.1715255499465722,1.0427605190160067,0.05280985612958083,0
3.2719999999998612,REACH,0.43557823308386856,0.15797717657471083,0.9952399270743926,0.4536021272185362,0.1715255499465722,1.0427605190160067,0.05259872469254816,0
3.273999999999861,REACH,0.4356751485430207,0.15802006226297483,0.9954243528962782,0.4536021272185362,0.1715255499465722,1.0427605190160067,0.05238785531894513,0
3.275999999999861,REACH,0.43577174706422217,0.15806292581997208,0.9956086299906408,0.4536021272185362,0.1715255499465722,1.0427605190160067,0.05217724929010628,0
3.2779999999998606,REACH,0.4358680288393371,0.15810576677405017,0.9957927567781069,0.4536021272185362,0.1715255499465722,1.0427605190160067,0.05196690788719791,0
3.2799999999998604,REACH,0.43596399406372527,0.15814858465384576,0.995976731679557,0.4536021272185362,0.1715255499465722,1.0427605190160067,0.05175683239120998,0
3.28199999999986,REACH,0.43605964293622684,0.15819137898828892,0.9961605531161412,0.4536021272185362,0.1715255499465722,1.0427605190160067,0.05154702408295199,0
3.28399999999986,REACH,0.4361549756591516,0.1582341493066081,0.996344219509294,0.4536021272185362,0.1715255499465722,1.0427605190160067,0.05133748424304642,0
3.2859999999998597,REACH,0.43624999243826623,0.15827689513833498,0.9965277292807495,0.4536021272185362,0.1715255499465722,1.0427605190160067,0.05112821415192388,0
3.2879999999998595,REACH,0.43634469348277943,0.15831961601330896,0.996711080852559,0.4536021272185362,0.1715255499465722,1.0427605190160067,0.05091921508981603,0
3.2899999999998593,REACH,0.436439079005331,0.15836231146168167,0.9968942726471046,0.4536021272185362,0.1715255499465722,1.0427605190160067,0.050710488336750785,0
3.291999999999859,REACH,0.43653314922197917,0.15840498101392195,0.997077303087115,0.4536021272185362,0.1715255499465722,1.0427605190160067,0.05050203517254655,0
3.293999999999859,REACH,0.43662690435218493,0.15844762420082026,0.9972601705956824,0.4536021272185362,0.1715255499465722,1.0427605190160067,0.05029385687680564,0
3.2959999999998586,REACH,0.4367203446188006,0.15849024055349317,0.9974428735962747,0.4536021272185362,0.1715255499465722,1.0427605190160067,0.05008595472891169,0
3.2979999999998584,REACH,0.43681347024805645,0.15853282960338824,0.997625410512753,0.4536021272185362,0.1715255499465722,1.0427605190160067,0.04987833000802166,0
3.299999999999858,REACH,0.43690628146954696,0.1585753908822879,0.997807779769387,0.4536021272185362,0.1715255499465722,1.0427605190160067,0.049670983993060774,0
3.301999999999858,REACH,0.43699877851621693,0.1586179239223148,0.9979899797908677,0.4536021272185362,0.1715255499465722,1.0427605190160067,0.04946391796271915,0
3.3039999999998577,REACH,0.43709096162434874,0.15866042825593568,0.998172009002325,0.4536021272185362,0.1715255499465722,1.0427605190160067,0.049257133195444586,0
3.3059999999998575,REACH,0.4371828310335467,0.15870290341596563,0.9983538658293422,0.4536021272185362,0.1715255499465722,1.0427605190160067,0.04905063096943806,0
3.3079999999998573,REACH,0.4372743869867258,0.1587453489355731,0.9985355486979685,0.4536021272185362,0.1715255499465722,1.0427605190160067,0.04884441256265029,0
3.309999999999857,REACH,0.4373656297300965,0.15878776434828398,0.9987170560347359,0.4536021272185362,0.1715255499465722,1.0427605190160067,0.04863847925277517,0
3.311999999999857,REACH,0.4374565595131496,0.15883014918798585,0.9988983862666759,0.4536021272185362,0.1715255499465722,1.0427605190160067,0.04843283231724382,0
3.3139999999998566,REACH,0.4375471765886439,0.15887250298893235,0.9990795378213293,0.4536021272185362,0.1715255499465722,1.0427605190160067,0.048227473033223334,0
3.3159999999998564,REACH,0.43763748121259155,0.1589148252857477,0.9992605091267636,0.4536021272185362,0.1715255499465722,1.0427605190160067,0.04802240267760982,0
3.317999999999856,REACH,0.43772747364424286,0.15895711561343057,0.9994412986115891,0.4536021272185362,0.1715255499465722,1.0427605190160067,0.0478176225270227,0
3.319999999999856,REACH,0.43781715414607314,0.1589993735073586,0.9996219047049696,0.4536021272185362,0.1715255499465722,1.0427605190160067,0.047613133857803504,0
3.3219999999998557,REACH,0.4379065229837666,0.1590415985032926,0.999802325836639,0.4536021272185362,0.1715255499465722,1.0427605190160067,0.047408937946009304,0
3.3239999999998555,REACH,0.43799558042620346,0.15908379013738055,0.9999825604369176,0.4536021272185362,0.1715255499465722,1.0427605190160067,0.04720503606740659,0
3.3259999999998553,REACH,0.4380843267454444,0.1591259479461619,1.0001626069367209,0.4536021272185362,0.1715255499465722,1.0427605190160067,0.04700142949747207,0
3.327999999999855,REACH,0.43817276221671564,0.1591680714665715,1.0003424637675786,0.4536021272185362,0.1715255499465722,1.0427605190160067,0.04679811951138407,0
3.329999999999855,REACH,0.43826088711839417,0.15921016023594417,1.0005221293616486,0.4536021272185362,0.1715255499465722,1.0427605190160067,0.046595107384018716,0
3.3319999999998546,REACH,0.4383487017319928,0.15925221379201798,1.0007016021517268,0.4536021272185362,0.1715255499465722,1.0427605190160067,0.04639239438994968,0
3.3339999999998544,REACH,0.43843620634214564,0.15929423167293907,1.0008808805712652,0.4536021272185362,0.1715255499465722,1.0427605190160067,0.04618998180344005,0
3.335999999999854,REACH,0.43852340123659184,0.15933621341726503,1.0010599630543855,0.4536021272185362,0.1715255499465722,1.0427605190160067,0.04598787089843987,0
3.337999999999854,REACH,0.4386102867061617,0.1593781585639695,1.0012388480358894,0.4536021272185362,0.1715255499465722,1.0427605190160067,0.04578606294858433,0
3.3399999999998538,REACH,0.43869686304475924,0.15942006665244532,1.0014175339512768,0.4536021272185362,0.1715255499465722,1.0427605190160067,0.045584559227187356,0
3.3419999999998535,REACH,0.4387831305493493,0.1594619372225092,1.0015960192367572,0.4536021272185362,0.1715255499465722,1.0427605190160067,0.045383361007239,0
3.3439999999998533,REACH,0.4388690895199411,0.1595037698144054,1.0017743023292631,0.4536021272185362,0.1715255499465722,1.0427605190160067,0.045182469561402774,0
3.345999999999853,REACH,0.43895474025957026,0.15954556396880906,1.0019523816664642,0.4536021272185362,0.1715255499465722,1.0427605190160067,0.044981886162012145,1
3.347999999999853,REACH,0.43904008307428755,0.1595873192268308,1.0021302556867804,0.4536021272185362,0.1715255499465722,1.0427605190160067,0.04478161208106628,1
3.3499999999998527,REACH,0.43912511827313905,0.15962903513002016,1.0023079228293965,0.4536021272185362,0.1715255499465722,1.0427605190160067,0.044581648590227174,1
3.3519999999998524,REACH,0.4392098461681523,0.15967071122036913,1.0024853815342736,0.4536021272185362,0.1715255499465722,1.0427605190160067,0.04438199696081771,1
3.353999999999852,REACH,0.4392942670743205,0.15971234704031645,1.002662630242163,0.4536021272185362,0.1715255499465722,1.0427605190160067,0.044182658463817505,1
3.355999999999852,REACH,0.4393783813095849,0.15975394213275101,1.0028396673946214,0.4536021272185362,0.1715255499465722,1.0427605190160067,0.043983634369859574,1
3.3579999999998518,REACH,0.4394621891948201,0.15979549604101517,1.0030164914340212,0.4536021272185362,0.1715255499465722,1.0427605190160067,0.04378492594922866,1
3.3599999999998515,REACH,0.4395456910538171,0.15983700830890918,1.0031931008035624,0.4536021272185362,0.1715255499465722,1.0427605190160067,0.04358653447186046,1
3.3619999999998513,REACH,0.4396288872132672,0.15987847848069434,1.0033694939472904,0.4536021272185362,0.1715255499465722,1.0427605190160067,0.04338846120733437,1
3.363999999999851,REACH,0.43971177800274525,0.15991990610109635,1.0035456693101057,0.4536021272185362,0.1715255499465722,1.0427605190160067,0.04319070742487398,1
3.365999999999851,REACH,0.439794363754694,0.1599612907153098,1.003721625337776,0.4536021272185362,0.1715255499465722,1.0427605190160067,0.04299327439334496,1
3.3679999999998507,REACH,0.43987664480440636,0.16000263186900052,1.0038973604769508,0.4536021272185362,0.1715255499465722,1.0427605190160067,0.042796163381252014,1
3.3699999999998504,REACH,0.439958621490009,0.16004392910830997,1.0040728731751736,0.4536021272185362,0.1715255499465722,1.0427605190160067,0.04259937565673596,1
3.3719999999998502,REACH,0.4400402941524466,0.16008518197985827,1.0042481618808925,0.4536021272185362,0.1715255499465722,1.0427605190160067,0.04240291248757426,1
3.37399999999985,REACH,0.44012166313546364,0.1601263900307479,1.0044232250434761,0.4536021272185362,0.1715255499465722,1.0427605190160067,0.042206775141175816,1
3.37599999999985,REACH,0.44020272878558797,0.160167552808567,1.0045980611132226,0.4536021272185362,0.1715255499465722,1.0427605190160067,0.04201096488458226,1
3.3779999999998496,REACH,0.44028349145211404,0.1602086698613927,1.004772668541375,0.4536021272185362,0.1715255499465722,1.0427605190160067,0.041815482984463276,1
3.3799999999998493,REACH,0.4403639514870854,0.16024974073779444,1.0049470457801306,0.4536021272185362,0.1715255499465722,1.0427605190160067,0.041620330707117785,1
3.381999999999849,REACH,0.44044410924527744,0.16029076498683767,1.0051211912826554,0.4536021272185362,0.1715255499465722,1.0427605190160067,0.04142550931847077,1
3.383999999999849,REACH,0.44052396508418135,0.1603317421580869,1.0052951035030948,0.4536021272185362,0.1715255499465722,1.0427605190160067,0.041231020084072256,1
3.3859999999998487,REACH,0.4406035193639843,0.16037267180160864,1.005468780896586,0.4536021272185362,0.1715255499465722,1.0427605190160067,0.04103686426909684,1
3.3879999999998485,REACH,0.4406827724475538,0.1604135534679752,1.0056422219192713,0.4536021272185362,0.1715255499465722,1.0427605190160067,0.04084304313834088,1
3.3899999999998482,REACH,0.4407617247004204,0.16045438670826748,1.0058154250283067,0.4536021272185362,0.1715255499465722,1.0427605190160067,0.04064955795622403,1
3.391999999999848,REACH,0.4408403764907587,0.16049517107407865,1.0059883886818763,0.4536021272185362,0.1715255499465722,1.0427605190160067,0.040456409986786464,1
3.393999999999848,REACH,0.44091872818937067,0.16053590611751675,1.0061611113392044,0.4536021272185362,0.1715255499465722,1.0427605190160067,0.04026360049368802,1
3.3959999999998476,REACH,0.44099678016966737,0.1605765913912079,1.0063335914605653,0.4536021272185362,0.1715255499465722,1.0427605190160067,0.04007113074020858,1
3.3979999999998474,REACH,0.441074532807651,0.16061722644829998,1.0065058275072953,0.4536021272185362,0.1715255499465722,1.0427605190160067,0.03987900198924781,1
3.399999999999847,REACH,0.44115198648189813,0.16065781084246494,1.006677817941805,0.4536021272185362,0.1715255499465722,1.0427605190160067,0.03968721550332345,1
3.401999999999847,REACH,0.44122914157353943,0.16069834412790227,1.0068495612275892,0.4536021272185362,0.1715255499465722,1.0427605190160067,0.03949577254457299,1
3.4039999999998467,REACH,0.44130599846624374,0.1607388258593416,1.0070210558292407,0.4536021272185362,0.1715255499465722,1.0427605190160067,0.039304674374750874,1
3.4059999999998465,REACH,0.4413825575461988,0.16077925559204648,1.0071923002124588,0.4536021272185362,0.1715255499465722,1.0427605190160067,0.03911392225523137,1
3.4079999999998463,REACH,0.44145881920209284,0.16081963288181644,1.0073632928440608,0.4536021272185362,0.1715255499465722,1.0427605190160067,0.03892351744700808,1
3.409999999999846,REACH,0.4415347838250967,0.1608599572849903,1.0075340321919954,0.4536021272185362,0.1715255499465722,1.0427605190160067,0.038733461210692495,1
3.411999999999846,REACH,0.44161045180884473,0.1609002283584491,1.007704516725352,0.4536021272185362,0.1715255499465722,1.0427605190160067,0.038543754806516006,1
3.4139999999998456,REACH,0.44168582354941854,0.16094044565961907,1.0078747449143706,0.4536021272185362,0.1715255499465722,1.0427605190160067,0.03835439949433038,1
3.4159999999998454,REACH,0.44176089944532404,0.16098060874647382,1.0080447152304546,0.4536021272185362,0.1715255499465722,1.0427605190160067,0.038165396533608585,1
3.417999999999845,REACH,0.441835679897477,0.16102071717753802,1.008214426146179,0.4536021272185362,0.1715255499465722,1.0427605190160067,0.037976747183446374,1
3.419999999999845,REACH,0.44191016530918226,0.1610607705118895,1.0083838761353054,0.4536021272185362,0.1715255499465722,1.0427605190160067,0.03778845270255999,1
3.4219999999998447,REACH,0.44198435608611497,0.1611007683091624,1.008553063672788,0.4536021272185362,0.1715255499465722,1.0427605190160067,0.03760051434929188,1
3.4239999999998445,REACH,0.44205825263630205,0.16114071012954942,1.0087219872347852,0.4536021272185362,0.1715255499465722,1.0427605190160067,0.037412933381610176,1
3.4259999999998443,REACH,0.44213185537010347,0.16118059553380515,1.0088906452986732,0.4536021272185362,0.1715255499465722,1.0427605190160067,0.03722571105710806,1
3.427999999999844,REACH,0.44220516470019267,0.1612204240832483,1.0090590363430512,0.4536021272185362,0.1715255499465722,1.0427605190160067,0.037038848633009644,1
3.429999999999844,REACH,0.44227818104153727,0.1612601953397639,1.0092271588477564,0.4536021272185362,0.1715255499465722,1.0427605190160067,0.036852347366167736,1
3.4319999999998436,REACH,0.4423509048113803,0.16129990886580714,1.0093950112938703,0.4536021272185362,0.1715255499465722,1.0427605190160067,0.03666620851306913,1
3.4339999999998434,REACH,0.44242333642922094,0.16133956422440454,1.009562592163732,0.4536021272185362,0.1715255499465722,1.0427605190160067,0.03648043332983416,1
3.435999999999843,REACH,0.44249547631679503,0.16137916097915753,1.0097298999409452,0.4536021272185362,0.1715255499465722,1.0427605190160067,0.03629502307222083,1
3.437999999999843,REACH,0.4425673248980549,0.16141869869424416,1.0098969331103909,0.4536021272185362,0.1715255499465722,1.0427605190160067,0.03610997899562641,1
3.4399999999998427,REACH,0.4426388825991512,0.16145817693442216,1.0100636901582358,0.4536021272185362,0.1715255499465722,1.0427605190160067,0.035925302355089554,1
3.4419999999998425,REACH,0.4427101498484122,0.1614975952650312,1.0102301695719407,0.4536021272185362,0.1715255499465722,1.0427605190160067,0.03574099440529576,1
3.4439999999998423,REACH,0.44278112707632516,0.16153695325199524,1.0103963698402738,0.4536021272185362,0.1715255499465722,1.0427605190160067,0.035557056400575965,1
3.445999999999842,REACH,0.44285181471551466,0.16157625046182483,1.0105622894533173,0.4536021272185362,0.1715255499465722,1.0427605190160067,0.03537348959491368,1
3.447999999999842,REACH,0.442922213200726,0.16161548646161983,1.010727926902476,0.4536021272185362,0.1715255499465722,1.0427605190160067,0.035190295241947535,1
3.4499999999998416,REACH,0.44299232296880137,0.16165466081907123,1.0108932806804918,0.4536021272185362,0.1715255499465722,1.0427605190160067,0.03500747459497219,1
3.4519999999998414,REACH,0.44306214445866327,0.1616937731024639,1.0110583492814473,0.4536021272185362,0.1715255499465722,1.0427605190160067,0.03482502890694533,1
3.453999999999841,REACH,0.44313167811129234,0.1617328228806786,1.0112231312007767,0.4536021272185362,0.1715255499465722,1.0427605190160067,0.03464295943049167,1
3.455999999999841,REACH,0.4432009243697086,0.16177180972319438,1.011387624935278,0.4536021272185362,0.1715255499465722,1.0427605190160067,0.034461267417902994,1
3.4579999999998408,REACH,0.4432698836789498,0.1618107332000906,1.0115518289831187,0.4536021272185362,0.1715255499465722,1.0427605190160067,0.03427995412114682,1
3.4599999999998405,REACH,0.4433385564860536,0.16184959288204925,1.0117157418438458,0.4536021272185362,0.1715255499465722,1.0427605190160067,0.034099020791868634,1
3.4619999999998403,REACH,0.4434069432400339,0.16188838834035713,1.011879362018395,0.4536021272185362,0.1715255499465722,1.0427605190160067,0.033918468681397765,1
3.46399999999984,REACH,0.4434750443918637,0.16192711914690794,1.0120426880090996,0.4536021272185362,0.1715255499465722,1.0427605190160067,0.03373829904075095,1
3.46599999999984,REACH,0.44354286039445234,0.1619657848742043,1.0122057183196977,0.4536021272185362,0.1715255499465722,1.0427605190160067,0.03355851312063967,1
3.4679999999998397,REACH,0.443610391702626,0.1620043850953598,1.0123684514553435,0.4536021272185362,0.1715255499465722,1.0427605190160067,0.0333791121714731,1
3.4699999999998394,REACH,0.4436776387731068,0.16204291938410129,1.0125308859226143,0.4536021272185362,0.1715255499465722,1.0427605190160067,0.03320009744336448,1
3.471999999999839,REACH,0.4437446020644932,0.1620813873147706,1.012693020229519,0.4536021272185362,0.1715255499465722,1.0427605190160067,0.033021470186137235,1
3.473999999999839,REACH,0.44381128203723647,0.16211978846232658,1.012854852885507,0.4536021272185362,0.1715255499465722,1.0427605190160067,0.03284323164933099,1
3.4759999999998388,REACH,0.44387767915362314,0.1621581224023472,1.013016382401475,0.4536021272185362,0.1715255499465722,1.0427605190160067,0.032665383082208316,1
3.4779999999998386,REACH,0.4439437938777524,0.16219638871103148,1.0131776072897798,0.4536021272185362,0.1715255499465722,1.0427605190160067,0.03248792573375758,1
3.4799999999998383,REACH,0.44400962667551525,0.1622345869652011,1.0133385260642394,0.4536021272185362,0.1715255499465722,1.0427605190160067,0.0323108608527058,1
3.481999999999838,REACH,0.44407517801457397,0.16227271674230245,1.0134991372401474,0.4536021272185362,0.1715255499465722,1.0427605190160067,0.03213418968751986,1
3.483999999999838,REACH,0.44414044836434063,0.16231077762040858,1.013659439334278,0.4536021272185362,0.1715255499465722,1.0427605190160067,0.03195791348641667,1
3.4859999999998377,REACH,0.44420543819595537,0.16234876917822072,1.013819430864894,0.4536021272185362,0.1715255499465722,1.0427605190160067,0.0317820334973701,1
3.4879999999998375,REACH,0.44427014798226694,0.16238669099507058,1.0139791103517548,0.4536021272185362,0.1715255499465722,1.0427605190160067,0.0316065509681186,1
3.4899999999998372,REACH,0.44433457819781025,0.16242454265092146,1.0141384763161265,0.4536021272185362,0.1715255499465722,1.0427605190160067,0.03143146714617079,1
3.491999999999837,REACH,0.4443987293187846,0.16246232372637046,1.0142975272807846,0.4536021272185362,0.1715255499465722,1.0427605190160067,0.03125678327881853,1
3.493999999999837,REACH,0.4444626018230329,0.1625000338026496,1.0144562617700275,0.4536021272185362,0.1715255499465722,1.0427605190160067,0.03108250061313969,1
3.4959999999998366,REACH,0.4445261961900204,0.16253767246162862,1.014614678309678,0.4536021272185362,0.1715255499465722,1.0427605190160067,0.030908620396011832,1
3.4979999999998364,REACH,0.444589512900813,0.16257523928581508,1.0147727754270972,0.4536021272185362,0.1715255499465722,1.0427605190160067,0.030735143874116473,1
3.499999999999836,REACH,0.4446525524380549,0.16261273385835742,1.014930551651185,0.4536021272185362,0.1715255499465722,1.0427605190160067,0.030562072293952965,1
3.501999999999836,REACH,0.4447153152859483,0.1626501557630455,1.015088005512394,0.4536021272185362,0.1715255499465722,1.0427605190160067,0.030389406901843136,1
3.5039999999998357,REACH,0.44477780193023064,0.16268750458431291,1.0152451355427303,0.4536021272185362,0.1715255499465722,1.0427605190160067,0.03021714894394631,1
3.5059999999998355,REACH,0.44484001285815267,0.1627247799072375,1.0154019402757668,0.4536021272185362,0.1715255499465722,1.0427605190160067,0.030045299666263944,1
3.5079999999998353,REACH,0.4449019485584573,0.16276198131754416,1.015558418246645,0.4536021272185362,0.1715255499465722,1.0427605190160067,0.029873860314654423,1
3.509999999999835,REACH,0.444963609521358,0.1627991084016056,1.0157145679920851,0.4536021272185362,0.1715255499465722,1.0427605190160067,0.02970283213484105,1
3.511999999999835,REACH,0.44502499623851544,0.16283616074644372,1.0158703880503923,0.4536021272185362,0.1715255499465722,1.0427605190160067,0.029532216372423488,1
3.5139999999998346,REACH,0.445086109203016,0.1628731379397309,1.0160258769614616,0.4536021272185362,0.1715255499465722,1.0427605190160067,0.0293620142728909,1
3.5159999999998344,REACH,0.4451469489093512,0.16291003956979225,1.0161810332667878,0.4536021272185362,0.1715255499465722,1.0427605190160067,0.02919222708162998,1
3.517999999999834,REACH,0.4452075158533927,0.16294686522560572,1.0163358555094704,0.4536021272185362,0.1715255499465722,1.0427605190160067,0.029022856043939168,1
3.519999999999834,REACH,0.4452678105323729,0.16298361449680482,1.0164903422342177,0.4536021272185362,0.1715255499465722,1.0427605190160067,0.028853902405042178,1
3.5219999999998337,REACH,0.44532783344486077,0.1630202869736786,1.0166444919873585,0.4536021272185362,0.1715255499465722,1.0427605190160067,0.028685367410096817,1
3.5239999999998335,REACH,0.4453875850907392,0.1630568822471738,1.0167983033168446,0.4536021272185362,0.1715255499465722,1.0427605190160067,0.028517252304210622,1
3.5259999999998333,REACH,0.4454470659711859,0.1630933999088959,1.0169517747722578,0.4536021272185362,0.1715255499465722,1.0427605190160067,0.028349558332453114,1
3.527999999999833,REACH,0.445506276588646,0.16312983955111013,1.0171049049048173,0.4536021272185362,0.1715255499465722,1.0427605190160067,0.02818228673986954,1
3.529999999999833,REACH,0.44556521744681343,0.16316620076674287,1.0172576922673835,0.4536021272185362,0.1715255499465722,1.0427605190160067,0.02801543877149562,1
3.5319999999998326,REACH,0.4456238890506071,0.1632024831493831,1.0174101354144665,0.4536021272185362,0.1715255499465722,1.0427605190160067,0.0278490156723701,1
3.5339999999998324,REACH,0.44568229190614717,0.16323868629328284,1.0175622329022322,0.4536021272185362,0.1715255499465722,1.0427605190160067,0.027683018687549483,1
3.535999999999832,REACH,0.44574042652073387,0.16327480979335876,1.0177139832885038,0.4536021272185362,0.1715255499465722,1.0427605190160067,0.027517449062127018,1
3.537999999999832,REACH,0.44579829340282484,0.16331085324519334,1.0178653851327746,0.4536021272185362,0.1715255499465722,1.0427605190160067,0.02735230804124104,1
3.5399999999998317,REACH,0.44585589306201084,0.16334681624503575,1.0180164369962081,0.4536021272185362,0.1715255499465722,1.0427605190160067,0.027187596870096652,1
3.5419999999998315,REACH,0.4459132260089935,0.16338269838980274,1.018167137441645,0.4536021272185362,0.1715255499465722,1.0427605190160067,0.027023316793980824,1
3.5439999999998313,REACH,0.4459702927555636,0.16341849927708016,1.0183174850336105,0.4536021272185362,0.1715255499465722,1.0427605190160067,0.026859469058276346,1
3.545999999999831,REACH,0.44602709381457645,0.16345421850512343,1.0184674783383185,0.4536021272185362,0.1715255499465722,1.0427605190160067,0.026696054908481155,1
3.547999999999831,REACH,0.44608362969992976,0.1634898556728587,1.0186171159236765,0.4536021272185362,0.1715255499465722,1.0427605190160067,0.026533075590225556,1
3.5499999999998306,REACH,0.44613990092653977,0.16352541037988394,1.018766396359293,0.4536021272185362,0.1715255499465722,1.0427605190160067,0.026370532349288628,1
3.5519999999998304,REACH,0.4461959080103197,0.16356088222646947,1.0189153182164787,0.4536021272185362,0.1715255499465722,1.0427605190160067,0.02620842643161952,1
3.55399999999983,REACH,0.44625165146815454,0.16359627081355943,1.0190638800682565,0.4536021272185362,0.1715255499465722,1.0427605190160067,0.02604675908335263,1
3.55599999999983,REACH,0.4463071318178791,0.1636315757427719,1.0192120804893645,0.4536021272185362,0.1715255499465722,1.0427605190160067,0.025885531550828178,1
3.5579999999998297,REACH,0.44636234957825455,0.1636667966164006,1.0193599180562594,0.4536021272185362,0.1715255499465722,1.0427605190160067,0.025724745080613256,1
3.5599999999998295,REACH,0.4464173052689442,0.16370193303741484,1.0195073913471242,0.4536021272185362,0.1715255499465722,1.0427605190160067,0.025564400919519774,1
3.5619999999998293,REACH,0.44647199941049126,0.16373698460946076,1.0196544989418708,0.4536021272185362,0.1715255499465722,1.0427605190160067,0.025404500314627026,1
3.563999999999829,REACH,0.44652643252429525,0.16377195093686234,1.0198012394221472,0.4536021272185362,0.1715255499465722,1.0427605190160067,0.025245044513300036,1
3.565999999999829,REACH,0.4465806051325876,0.16380683162462154,1.0199476113713393,0.4536021272185362,0.1715255499465722,1.0427605190160067,0.025086034763214547,1
3.5679999999998286,REACH,0.4466345177584078,0.1638416262784193,1.0200936133745784,0.4536021272185362,0.1715255499465722,1.0427605190160067,0.024927472312376332,1
3.5699999999998284,REACH,0.4466881709255818,0.16387633450461622,1.020239244018744,0.4536021272185362,0.1715255499465722,1.0427605190160067,0.024769358409144848,1
3.571999999999828,REACH,0.4467415651586967,0.16391095591025348,1.0203845018924682,0.4536021272185362,0.1715255499465722,1.0427605190160067,0.02461169430225681,1
3.573999999999828,REACH,0.4467947009830765,0.16394549010305293,1.0205293855861408,0.4536021272185362,0.1715255499465722,1.0427605190160067,0.024454481240849528,1
3.5759999999998278,REACH,0.44684757892476096,0.1639799366914181,1.020673893691914,0.4536021272185362,0.1715255499465722,1.0427605190160067,0.024297720474483937,1
3.5779999999998275,REACH,0.44690019951047766,0.16401429528443445,1.0208180248037062,0.4536021272185362,0.1715255499465722,1.0427605190160067,0.02414141325317083,1
3.5799999999998273,REACH,0.44695256326762317,0.16404856549187063,1.0209617775172055,0.4536021272185362,0.1715255499465722,1.0427605190160067,0.023985560827395516,1
3.581999999999827,REACH,0.4470046707242342,0.16408274692417818,1.021105150429875,0.4536021272185362,0.1715255499465722,1.0427605190160067,0.02383016444814408,1
3.583999999999827,REACH,0.44705652240896676,0.16411683919249245,1.0212481421409552,0.4536021272185362,0.1715255499465722,1.0427605190160067,0.02367522536693009,1
3.5859999999998267,REACH,0.44710811885107105,0.1641508419086332,1.0213907512514697,0.4536021272185362,0.1715255499465722,1.0427605190160067,0.02352074483582091,1
3.5879999999998264,REACH,0.44715946058036743,0.16418475468510468,1.0215329763642294,0.4536021272185362,0.1715255499465722,1.0427605190160067,0.023366724107464994,1
3.589999999999826,REACH,0.44721054812722333,0.16421857713509666,1.0216748160838334,0.4536021272185362,0.1715255499465722,1.0427605190160067,0.023213164435122065,1
3.591999999999826,REACH,0.44726138202252635,0.16425230887248404,1.0218162690166765,0.4536021272185362,0.1715255499465722,1.0427605190160067,0.02306006707269015,1
3.593999999999826,REACH,0.44731196279766344,0.1642859495118281,1.0219573337709502,0.4536021272185362,0.1715255499465722,1.0427605190160067,0.02290743327473636,1
3.5959999999998256,REACH,0.4473622909844939,0.16431949866837622,1.0220980089566458,0.4536021272185362,0.1715255499465722,1.0427605190160067,0.022755264296528143,1
3.5979999999998253,REACH,0.44741236711532706,0.16435295595806276,1.022238293185562,0.4536021272185362,0.1715255499465722,1.0427605190160067,0.022603561394060317,1
3.599999999999825,REACH,0.4474621917228963,0.16438632099750874,1.0223781850713036,0.4536021272185362,0.1715255499465722,1.0427605190160067,0.02245232582409141,1
3.601999999999825,REACH,0.44751176534033527,0.16441959340402287,1.022517683229287,0.4536021272185362,0.1715255499465722,1.0427605190160067,0.02230155884417372,1
3.6039999999998247,REACH,0.447561088501155,0.1644527727956013,1.0226567862767448,0.4536021272185362,0.1715255499465722,1.0427605190160067,0.022151261712685045,1
3.6059999999998245,REACH,0.44761016173921575,0.16448585879092795,1.0227954928327263,0.4536021272185362,0.1715255499465722,1.0427605190160067,0.0220014356888658,1
3.6079999999998242,REACH,0.4476589855887058,0.16451885100937522,1.0229338015181024,0.4536021272185362,0.1715255499465722,1.0427605190160067,0.02185208203285092,1
3.609999999999824,REACH,0.4477075605841151,0.16455174907100328,1.023071710955568,0.4536021272185362,0.1715255499465722,1.0427605190160067,0.02170320200570674,1
3.611999999999824,REACH,0.44775588726021237,0.1645845525965615,1.0232092197696463,0.4536021272185362,0.1715255499465722,1.0427605190160067,0.02155479686946488,1
3.6139999999998236,REACH,0.4478039661520179,0.1646172612074873,1.0233463265866904,0.4536021272185362,0.1715255499465722,1.0427605190160067,0.021406867887161323,1
3.6159999999998234,REACH,0.44785179779478035,0.1646498745259073,1.0234830300348856,0.4536021272185362,0.1715255499465722,1.0427605190160067,0.02125941632287432,1
3.617999999999823,REACH,0.44789938272395224,0.1646823921746369,1.0236193287442543,0.4536021272185362,0.1715255499465722,1.0427605190160067,0.021112443441760505,1
3.619999999999823,REACH,0.4479467214751641,0.16471481377718075,1.0237552213466576,0.4536021272185362,0.1715255499465722,1.0427605190160067,0.02096595051009588,1
3.6219999999998227,REACH,0.4479938145842008,0.16474713895773246,1.0238907064757976,0.4536021272185362,0.1715255499465722,1.0427605190160067,0.02081993879531599,1
3.6239999999998225,REACH,0.44804066258697517,0.16477936734117496,1.024025782767221,0.4536021272185362,0.1715255499465722,1.0427605190160067,0.020674409566056182,1
3.6259999999998223,REACH,0.4480872660195044,0.16481149855308044,1.0241604488583211,0.4536021272185362,0.1715255499465722,1.0427605190160067,0.020529364092193948,1
3.627999999999822,REACH,0.44813362541788426,0.1648435322197102,1.02429470338834,0.4536021272185362,0.1715255499465722,1.0427605190160067,0.020384803644892216,1
3.629999999999822,REACH,0.44817974131826416,0.164875467968015,1.0244285449983717,0.4536021272185362,0.1715255499465722,1.0427605190160067,0.02024072949664237,1
3.6319999999998216,REACH,0.4482256142568223,0.16490730542563461,1.024561972331363,0.4536021272185362,0.1715255499465722,1.0427605190160067,0.020097142921309864,1
3.6339999999998214,REACH,0.44827124476974034,0.16493904422089828,1.0246949840321187,0.4536021272185362,0.1715255499465722,1.0427605190160067,0.019954045194178028,1
3.635999999999821,REACH,0.44831663339317884,0.1649706839828243,1.0248275787473018,0.4536021272185362,0.1715255499465722,1.0427605190160067,0.019811437591995475,1
3.637999999999821,REACH,0.44836178066325055,0.16500222434111994,1.0249597551254341,0.4536021272185362,0.1715255499465722,1.0427605190160067,0.01966932139302618,1
3.6399999999998207,REACH,0.44840668711599724,0.16503366492618135,1.0250915118169022,0.4536021272185362,0.1715255499465722,1.0427605190160067,0.019527697877093828,1
3.6419999999998205,REACH,0.4484513532873625,0.16506500536909377,1.0252228474739553,0.4536021272185362,0.1715255499465722,1.0427605190160067,0.019386568325635286,1
3.6439999999998203,REACH,0.44849577971316656,0.16509624530163072,1.025353760750712,0.4536021272185362,0.1715255499465722,1.0427605190160067,0.019245934021747815,1
3.64599999999982,REACH,0.44853996692908366,0.1651273843562548,1.0254842503031572,0.4536021272185362,0.1715255499465722,1.0427605190160067,0.019105796250243487,1
3.64799999999982,REACH,0.4485839154706126,0.1651584221661165,1.0256143147891474,0.4536021272185362,0.1715255499465722,1.0427605190160067,0.018966156297700838,1
3.6499999999998196,REACH,0.4486276258730541,0.16518935836505458,1.025743952868411,0.4536021272185362,0.1715255499465722,1.0427605190160067,0.01882701545251936,1
3.6519999999998194,REACH,0.44867109867148397,0.16522019258759563,1.0258731632025502,0.4536021272185362,0.1715255499465722,1.0427605190160067,0.018688375004973806,1
3.653999999999819,REACH,0.4487143344007285,0.16525092446895417,1.0260019444550437,0.4536021272185362,0.1715255499465722,1.0427605190160067,0.018550236247270407,1
3.655999999999819,REACH,0.44875733359533765,0.16528155364503203,1.026130295291247,0.4536021272185362,0.1715255499465722,1.0427605190160067,0.018412600473604893,1
3.6579999999998187,REACH,0.44880009678956156,0.16531207975241802,1.0262582143783934,0.4536021272185362,0.1715255499465722,1.0427605190160067,0.018275468980221463,1
3.6599999999998185,REACH,0.44884262451732215,0.16534250242838788,1.026385700385598,0.4536021272185362,0.1715255499465722,1.0427605190160067,0.018138843065470537,1
3.6619999999998183,REACH,0.4488849173121891,0.1653728213109041,1.0265127519838568,0.4536021272185362,0.1715255499465722,1.0427605190160067,0.0180027240298719,1
3.663999999999818,REACH,0.4489269757073546,0.16540303603861528,1.0266393678460488,0.4536021272185362,0.1715255499465722,1.0427605190160067,0.017867113176175543,1
3.665999999999818,REACH,0.4489688002356058,0.16543314625085556,1.0267655466469383,0.4536021272185362,0.1715255499465722,1.0427605190160067,0.017732011809425224,1
3.6679999999998176,REACH,0.4490103914293012,0.16546315158764502,1.0268912870631737,0.4536021272185362,0.1715255499465722,1.0427605190160067,0.017597421237024555,1
3.6699999999998174,REACH,0.4490517498203419,0.1654930516896885,1.0270165877732924,0.4536021272185362,0.1715255499465722,1.0427605190160067,0.017463342768800568,1
3.671999999999817,REACH,0.4490928759401491,0.16552284619837607,1.027141447457717,0.4536021272185362,0.1715255499465722,1.0427605190160067,0.01732977771707475,1
3.673999999999817,REACH,0.4491337703196359,0.16555253475578136,1.0272658647987618,0.4536021272185362,0.1715255499465722,1.0427605190160067,0.017196727396727396,1
3.6759999999998167,REACH,0.4491744334891822,0.1655821170046624,1.0273898384806301,0.4536021272185362,0.1715255499465722,1.0427605190160067,0.01706419312527096,1
3.6779999999998165,REACH,0.44921486597860766,0.1656115925884605,1.0275133671894159,0.4536021272185362,0.1715255499465722,1.0427605190160067,0.016932176222921144,1
3.6799999999998163,REACH,0.4492550683171478,0.16564096115129975,1.0276364496131056,0.4536021272185362,0.1715255499465722,1.0427605190160067,0.016800678012668307,1
3.681999999999816,REACH,0.44929504103342555,0.16567022233798706,1.0277590844415787,0.4536021272185362,0.1715255499465722,1.0427605190160067,0.016669699820352962,1
3.683999999999816,REACH,0.4493347846554268,0.1656993757940108,1.0278812703666085,0.4536021272185362,0.1715255499465722,1.0427605190160067,0.01653924297474101,1
3.6859999999998156,REACH,0.4493742997104739,0.1657284211655412,1.0280030060818612,0.4536021272185362,0.1715255499465722,1.0427605190160067,0.016409308807602427,1
3.6879999999998154,REACH,0.4494135867251988,0.16575735809942935,1.0281242902829015,0.4536021272185362,0.1715255499465722,1.0427605190160067,0.01627989865378612,1
3.689999999999815,REACH,0.44945264622551745,0.16578618624320618,1.0282451216671864,0.4536021272185362,0.1715255499465722,1.0427605190160067,0.01615101385130606,1
3.691999999999815,REACH,0.449491478736604,0.16581490524508322,1.028365498934071,0.4536021272185362,0.1715255499465722,1.0427605190160067,0.01602265574141789,1
3.6939999999998148,REACH,0.4495300847828628,0.16584351475395076,1.0284854207848069,0.4536021272185362,0.1715255499465722,1.0427605190160067,0.015894825668704874,1
3.6959999999998145,REACH,0.44956846488790486,0.16587201441937757,1.028604885922545,0.4536021272185362,0.1715255499465722,1.0427605190160067,0.01576752498116039,1
3.6979999999998143,REACH,0.4496066195745195,0.1659004038916111,1.0287238930523313,0.4536021272185362,0.1715255499465722,1.0427605190160067,0.015640755030278106,1
3.699999999999814,REACH,0.4496445493646471,0.16592868282157533,1.0288424408811119,0.4536021272185362,0.1715255499465722,1.0427605190160067,0.015514517171136947,1
3.701999999999814,REACH,0.44968225477935525,0.16595685086087156,1.0289605281177312,0.4536021272185362,0.1715255499465722,1.0427605190160067,0.015388812762491516,1
3.7039999999998137,REACH,0.44971973633881135,0.16598490766177718,1.0290781534729332,0.4536021272185362,0.1715255499465722,1.0427605190160067,0.015263643166862758,1
3.7059999999998134,REACH,0.44975699456225543,0.16601285287724493,1.0291953156593612,0.4536021272185362,0.1715255499465722,1.0427605190160067,0.01513900975063147,1
3.7079999999998132,REACH,0.4497940299679736,0.1660406861609022,1.0293120133915574,0.4536021272185362,0.1715255499465722,1.0427605190160067,0.015014913884133408,1
3.709999999999813,REACH,0.4498308430732723,0.1660684071670507,1.0294282453859636,0.4536021272185362,0.1715255499465722,1.0427605190160067,0.014891356941754754,1
3.711999999999813,REACH,0.44986743439445204,0.1660960155506654,1.0295440103609232,0.4536021272185362,0.1715255499465722,1.0427605190160067,0.014768340302027788,1
3.7139999999998126,REACH,0.4499038044467788,0.1661235109673939,1.029659307036677,0.4536021272185362,0.1715255499465722,1.0427605190160067,0.014645865347735269,1
3.7159999999998123,REACH,0.44993995374446033,0.16615089307355577,1.0297741341353688,0.4536021272185362,0.1715255499465722,1.0427605190160067,0.014523933466005355,1
3.717999999999812,REACH,0.4499758828006167,0.1661781615261418,1.0298884903810395,0.4536021272185362,0.1715255499465722,1.0427605190160067,0.014402546048420175,1
3.719999999999812,REACH,0.4500115921272556,0.16620531598281305,1.0300023744996318,0.4536021272185362,0.1715255499465722,1.0427605190160067,0.01428170449111594,1
3.7219999999998117,REACH,0.4500470822352447,0.16623235610190049,1.0301157852189884,0.4536021272185362,0.1715255499465722,1.0427605190160067,0.01416141019489073,1
3.7239999999998115,REACH,0.4500823536342843,0.16625928154240383,1.0302287212688503,0.4536021272185362,0.1715255499465722,1.0427605190160067,0.014041664565313266,1
3.7259999999998112,REACH,0.45011740683288193,0.1662860919639909,1.0303411813808605,0.4536021272185362,0.1715255499465722,1.0427605190160067,0.013922469012829201,1
3.727999999999811,REACH,0.4501522423383252,0.16631278702699695,1.0304531642885595,0.4536021272185362,0.1715255499465722,1.0427605190160067,0.013803824952875413,1
3.729999999999811,REACH,0.4501868606566534,0.16633936639242342,1.0305646687273877,0.4536021272185362,0.1715255499465722,1.0427605190160067,0.013685733805991071,1
3.7319999999998106,REACH,0.4502212622926334,0.16636582972193772,1.0306756934346843,0.4536021272185362,0.1715255499465722,1.0427605190160067,0.013568196997931832,1
3.7339999999998104,REACH,0.4502554477497291,0.1663921766778718,1.030786237149687,0.4536021272185362,0.1715255499465722,1.0427605190160067,0.013451215959786595,1
3.73599999999981,REACH,0.45028941753007834,0.16641840692322182,1.0308962986135322,0.4536021272185362,0.1715255499465722,1.0427605190160067,0.013334792128093092,1
3.73799999999981,REACH,0.4503231721344633,0.1664445201216469,1.031005876569254,0.4536021272185362,0.1715255499465722,1.0427605190160067,0.013218926944958463,1
3.7399999999998097,REACH,0.450356712062285,0.1664705159374686,1.031114969761784,0.4536021272185362,0.1715255499465722,1.0427605190160067,0.013103621858178966,1
3.7419999999998095,REACH,0.4503900378115344,0.16649639403566974,1.0312235769379505,0.4536021272185362,0.1715255499465722,1.0427605190160067,0.012988878321362574,1
3.7439999999998093,REACH,0.4504231498787675,0.1665221540818935,1.0313316968464785,0.4536021272185362,0.1715255499465722,1.0427605190160067,0.012874697794051197,1
3.745999999999809,REACH,0.45045604875907685,0.16654779574244283,1.0314393282379897,0.4536021272185362,0.1715255499465722,1.0427605190160067,0.01276108174184543,1
3.747999999999809,REACH,0.45048873494606495,0.16657331868427946,1.0315464698649996,0.4536021272185362,0.1715255499465722,1.0427605190160067,0.012648031636532081,1
3.7499999999998086,REACH,0.4505212089318168,0.16659872257502276,1.0316531204819204,0.4536021272185362,0.1715255499465722,1.0427605190160067,0.012535548956209105,1
3.7519999999998084,REACH,0.4505534712068733,0.16662400708294892,1.0317592788450578,0.4536021272185362,0.1715255499465722,1.0427605190160067,0.012423635185415166,1
3.753999999999808,REACH,0.4505855222602035,0.16664917187699005,1.0318649437126095,0.4536021272185362,0.1715255499465722,1.0427605190160067,0.01231229181526085,1
3.755999999999808,REACH,0.4506173625791775,0.1666742166267336,1.0319701138446686,0.4536021272185362,0.1715255499465722,1.0427605190160067,0.012201520343554845,1
3.7579999999998077,REACH,0.4506489926495393,0.16669914100242053,1.0320747880032195,0.4536021272185362,0.1715255499465722,1.0427605190160067,0.012091322274938964,1
3.7599999999998075,REACH,0.45068041295537903,0.16672394467494528,1.0321789649521371,0.4536021272185362,0.1715255499465722,1.0427605190160067,0.011981699121019831,1
3.7619999999998073,REACH,0.45071162397910697,0.16674862731585444,1.032282643457188,0.4536021272185362,0.1715255499465722,1.0427605190160067,0.011872652400500403,1
3.763999999999807,REACH,0.450742626201424,0.16677318859734533,1.0323858222860285,0.4536021272185362,0.1715255499465722,1.0427605190160067,0.011764183639314408,1
3.765999999999807,REACH,0.4507734201012968,0.16679762819226618,1.032488500208204,0.4536021272185362,0.1715255499465722,1.0427605190160067,0.011656294370760108,1
3.7679999999998066,REACH,0.4508040061559282,0.16682194577411377,1.0325906759951469,0.4536021272185362,0.1715255499465722,1.0427605190160067,0.011548986135635953,1
3.7699999999998064,REACH,0.45083438484073113,0.1668461410170333,1.0326923484201789,0.4536021272185362,0.1715255499465722,1.0427605190160067,0.011442260482371465,1
3.771999999999806,REACH,0.4508645566293003,0.1668702135958174,1.032793516258507,0.4536021272185362,0.1715255499465722,1.0427605190160067,0.011336118967164991,1
3.773999999999806,REACH,0.4508945219933864,0.16689416318590486,1.032894178287224,0.4536021272185362,0.1715255499465722,1.0427605190160067,0.011230563154115606,1
3.7759999999998057,REACH,0.45092428140286644,0.16691798946337966,1.0329943332853069,0.4536021272185362,0.1715255499465722,1.0427605190160067,0.011125594615358923,1
3.7779999999998055,REACH,0.45095383532571637,0.16694169210496967,1.0330939800336172,0.4536021272185362,0.1715255499465722,1.0427605190160067,0.01102121493119762,1
3.7799999999998053,REACH,0.45098318422798644,0.16696527078804674,1.0331931173148978,0.4536021272185362,0.1715255499465722,1.0427605190160067,0.010917425690235471,1
3.781999999999805,REACH,0.4510123285737691,0.16698872519062397,1.0332917439137739,0.4536021272185362,0.1715255499465722,1.0427605190160067,0.010814228489508049,1
3.783999999999805,REACH,0.4510412688251756,0.1670120549913564,1.0333898586167516,0.4536021272185362,0.1715255499465722,1.0427605190160067,0.010711624934610664,1
3.7859999999998046,REACH,0.4510700054423059,0.16703525986953882,1.0334874602122164,0.4536021272185362,0.1715255499465722,1.0427605190160067,0.010609616639828144,1
3.7879999999998044,REACH,0.45109853888322127,0.167058339505105,1.0335845474904315,0.4536021272185362,0.1715255499465722,1.0427605190160067,0.010508205228260745,1
3.789999999999804,REACH,0.4511268696039174,0.1670812935786271,1.0336811192435387,0.4536021272185362,0.1715255499465722,1.0427605190160067,0.010407392331945708,1
3.791999999999804,REACH,0.45115499805829673,0.16710412177131428,1.0337771742655555,0.4536021272185362,0.1715255499465722,1.0427605190160067,0.010307179591979526,1
3.7939999999998038,REACH,0.45118292469813953,0.16712682376501145,1.0338727113523745,0.4536021272185362,0.1715255499465722,1.0427605190160067,0.010207568658635735,1
3.7959999999998035,REACH,0.45121064997307675,0.16714939924219835,1.0339677293017635,0.4536021272185362,0.1715255499465722,1.0427605190160067,0.010108561191477449,1
3.7979999999998033,REACH,0.45123817433056346,0.16717184788598918,1.0340622269133606,0.4536021272185362,0.1715255499465722,1.0427605190160067,0.010010158859470526,1
3.799999999999803,REACH,0.45126549821584894,0.16719416938013038,1.034156202988679,0.4536021272185362,0.1715255499465722,1.0427605190160067,0.009912363341084586,1
3.801999999999803,REACH,0.4512926220719502,0.16721636340900045,1.0342496563311008,0.4536021272185362,0.1715255499465722,1.0427605190160067,0.00981517632439794,1
3.8039999999998027,REACH,0.4513195463396239,0.16723842965760863,1.0343425857458777,0.4536021272185362,0.1715255499465722,1.0427605190160067,0.009718599507190593,1
3.8059999999998024,REACH,0.45134627145733813,0.16726036781159373,1.0344349900401293,0.4536021272185362,0.1715255499465722,1.0427605190160067,0.009622634597034501,1
3.807999999999802,REACH,0.45137279786124535,0.16728217755722333,1.034526868022843,0.4536021272185362,0.1715255499465722,1.0427605190160067,0.009527283311374436,1
3.809999999999802,REACH,0.45139912598515325,0.1673038585813924,1.034618218504872,0.4536021272185362,0.1715255499465722,1.0427605190160067,0.009432547377604078,1
3.8119999999998018,REACH,0.4514252562604974,0.1673254105716225,1.0347090402989338,0.4536021272185362,0.1715255499465722,1.0427605190160067,0.009338428533133056,1
3.8139999999998015,REACH,0.45145118911631377,0.16734683321606064,1.0347993322196107,0.4536021272185362,0.1715255499465722,1.0427605190160067,0.009244928525443548,1
3.8159999999998013,REACH,0.4514769249792099,0.16736812620347827,1.0348890930833443,0.4536021272185362,0.1715255499465722,1.0427605190160067,0.009152049112142568,1
3.817999999999801,REACH,0.4515024642733377,0.16738928922326995,1.034978321708441,0.4536021272185362,0.1715255499465722,1.0427605190160067,0.00905979206099439,1
3.819999999999801,REACH,0.45152780742036425,0.1674103219654528,1.0350670169150635,0.4536021272185362,0.1715255499465722,1.0427605190160067,0.008968159149953461,1
3.8219999999998007,REACH,0.45155295483944496,0.16743122412066502,1.0351551775252352,0.4536021272185362,0.1715255499465722,1.0427605190160067,0.008877152167174551,1
3.8239999999998004,REACH,0.45157790694719496,0.16745199538016492,1.0352428023628362,0.4536021272185362,0.1715255499465722,1.0427605190160067,0.008786772911016011,1
3.8259999999998002,REACH,0.45160266415766104,0.16747263543583005,1.0353298902536023,0.4536021272185362,0.1715255499465722,1.0427605190160067,0.008697023190026599,1
3.8279999999998,REACH,0.45162722688229284,0.167493143980156,1.0354164400251245,0.4536021272185362,0.1715255499465722,1.0427605190160067,0.008607904822917246,1
3.8299999999998,REACH,0.4516515955299165,0.16751352070625508,1.035502450506847,0.4536021272185362,0.1715255499465722,1.0427605190160067,0.00851941963851555,1
3.8319999999997996,REACH,0.45167577050670427,0.16753376530785594,1.035587920530067,0.4536021272185362,0.1715255499465722,1.0427605190160067,0.008431569475703499,1
3.8339999999997993,REACH,0.4516997522161484,0.16755387747930214,1.0356728489279323,0.4536021272185362,0.1715255499465722,1.0427605190160067,0.008344356183335304,1
3.835999999999799,REACH,0.45172354105903084,0.16757385691555082,1.0357572345354398,0.4536021272185362,0.1715255499465722,1.0427605190160067,0.008257781620136146,1
3.837999999999799,REACH,0.45174713743339673,0.16759370331217213,1.0358410761894368,0.4536021272185362,0.1715255499465722,1.0427605190160067,0.008171847654575173,1
3.8399999999997987,REACH,0.4517705417345254,0.1676134163653482,1.0359243727286163,0.4536021272185362,0.1715255499465722,1.0427605190160067,0.008086556164720699,1
3.8419999999997985,REACH,0.451793754354902,0.16763299577187155,1.0360071229935184,0.4536021272185362,0.1715255499465722,1.0427605190160067,0.008001909038065223,1
3.8439999999997982,REACH,0.45181677568418954,0.16765244122914486,1.0360893258265276,0.4536021272185362,0.1715255499465722,1.0427605190160067,0.007917908171326508,1
3.845999999999798,REACH,0.45183960610920026,0.16767175243517918,1.0361709800718717,0.4536021272185362,0.1715255499465722,1.0427605190160067,0.00783455547021951,1
3.847999999999798,REACH,0.45186224601386793,0.16769092908859334,1.036252084575623,0.4536021272185362,0.1715255499465722,1.0427605190160067,0.007751852849195418,1
3.8499999999997976,REACH,0.45188469577921747,0.16770997088861336,1.0363326381856917,0.4536021272185362,0.1715255499465722,1.0427605190160067,0.007669802231154776,1
3.8519999999997974,REACH,0.45190695578334017,0.16772887753507007,1.0364126397518312,0.4536021272185362,0.1715255499465722,1.0427605190160067,0.0075884055471170135,1
3.853999999999797,REACH,0.45192902640136173,0.1677476487283999,1.036492088125633,0.4536021272185362,0.1715255499465722,1.0427605190160067,0.007507664735860933,1
3.855999999999797,REACH,0.45195090800541554,0.16776628416964243,1.0365709821605251,0.4536021272185362,0.1715255499465722,1.0427605190160067,0.007427581743524583,1
3.8579999999997967,REACH,0.4519726009646144,0.16778478356044008,1.0366493207117735,0.4536021272185362,0.1715255499465722,1.0427605190160067,0.007348158523160731,1
3.8599999999997965,REACH,0.45199410564502185,0.1678031466030373,1.0367271026364793,0.4536021272185362,0.1715255499465722,1.0427605190160067,0.007269397034252424,1
3.8619999999997963,REACH,0.4520154224096222,0.16782137300027858,1.036804326793578,0.4536021272185362,0.1715255499465722,1.0427605190160067,0.0071912992421817815,1
3.863999999999796,REACH,0.45203655161829426,0.16783946245560913,1.0368809920438387,0.4536021272185362,0.1715255499465722,1.0427605190160067,0.007113867117648427,1
3.865999999999796,REACH,0.4520574936277825,0.1678574146730724,1.036957097249861,0.4536021272185362,0.1715255499465722,1.0427605190160067,0.007037102636039405,1
3.8679999999997956,REACH,0.45207824879166625,0.1678752293573099,1.0370326412760775,0.4536021272185362,0.1715255499465722,1.0427605190160067,0.006961007776741005,1
3.8699999999997954,REACH,0.4520988174603336,0.16789290621356012,1.03710762298875,0.4536021272185362,0.1715255499465722,1.0427605190160067,0.006885584522397152,1
3.871999999999795,REACH,0.4521191999809525,0.16791044494765775,1.0371820412559696,0.4536021272185362,0.1715255499465722,1.0427605190160067,0.00681083485810464,1
3.873999999999795,REACH,0.4521393966974404,0.16792784526603213,1.0372558949476542,0.4536021272185362,0.1715255499465722,1.0427605190160067,0.0067367607705492135,1
3.8759999999997947,REACH,0.4521594079504385,0.1679451068757073,1.0373291829355515,0.4536021272185362,0.1715255499465722,1.0427605190160067,0.006663364247067651,1
3.8779999999997945,REACH,0.45217923407727906,0.16796222948430015,1.0374019040932314,0.4536021272185362,0.1715255499465722,1.0427605190160067,0.006590647274651708,1
3.8799999999997943,REACH,0.45219887541196147,0.1679792128000205,1.0374740572960917,0.4536021272185362,0.1715255499465722,1.0427605190160067,0.006518611838865339,1
3.881999999999794,REACH,0.45221833228512043,0.16799605653166935,1.037545641421353,0.4536021272185362,0.1715255499465722,1.0427605190160067,0.006447259922696667,1
3.883999999999794,REACH,0.45223760502399724,0.16801276038863813,1.0376166553480604,0.4536021272185362,0.1715255499465722,1.0427605190160067,0.0063765935053239076,1
3.8859999999997936,REACH,0.45225669395241264,0.16802932408090848,1.037687097957079,0.4536021272185362,0.1715255499465722,1.0427605190160067,0.006306614560800462,1
3.8879999999997934,REACH,0.45227559939073775,0.16804574731905092,1.0377569681310976,0.4536021272185362,0.1715255499465722,1.0427605190160067,0.006237325056649088,1
3.889999999999793,REACH,0.45229432165586436,0.16806202981422405,1.0378262647546257,0.4536021272185362,0.1715255499465722,1.0427605190160067,0.006168726952369794,1
3.891999999999793,REACH,0.4523128610611767,0.16807817127817354,1.0378949867139906,0.4536021272185362,0.1715255499465722,1.0427605190160067,0.006100822197852128,1
3.8939999999997927,REACH,0.4523312179165224,0.16809417142323177,1.0379631328973407,0.4536021272185362,0.1715255499465722,1.0427605190160067,0.006033612731685494,1
3.8959999999997925,REACH,0.452349392528185,0.16811002996231691,1.0380307021946422,0.4536021272185362,0.1715255499465722,1.0427605190160067,0.005967100479371825,1
3.8979999999997923,REACH,0.45236738519885294,0.16812574660893162,1.0380976934976793,0.4536021272185362,0.1715255499465722,1.0427605190160067,0.0059012873514318,1
3.899999999999792,REACH,0.4523851962275926,0.1681413210771631,1.0381641057000524,0.4536021272185362,0.1715255499465722,1.0427605190160067,0.005836175241401169,1
3.901999999999792,REACH,0.4524028259098181,0.16815675308168182,1.0382299376971795,0.4536021272185362,0.1715255499465722,1.0427605190160067,0.005771766023713577,1
3.9039999999997916,REACH,0.45242027453726313,0.16817204233774072,1.0382951883862939,0.4536021272185362,0.1715255499465722,1.0427605190160067,0.005708061551470439,1
3.9059999999997914,REACH,0.4524375423979529,0.16818718856117498,1.0383598566664427,0.4536021272185362,0.1715255499465722,1.0427605190160067,0.005645063654088839,1
3.907999999999791,REACH,0.45245462977617235,0.16820219146840035,1.0384239414384906,0.4536021272185362,0.1715255499465722,1.0427605190160067,0.005582774134826187,1
3.909999999999791,REACH,0.45247153695244136,0.1682170507764138,1.0384874416051153,0.4536021272185362,0.1715255499465722,1.0427605190160067,0.005521194768181797,1
3.9119999999997908,REACH,0.452488264203482,0.16823176620279198,1.0385503560708076,0.4536021272185362,0.1715255499465722,1.0427605190160067,0.005460327297170439,1
3.9139999999997905,REACH,0.4525048118021915,0.16824633746569015,1.0386126837418725,0.4536021272185362,0.1715255499465722,1.0427605190160067,0.005400173430462437,1
3.9159999999997903,REACH,0.4525211800176138,0.16826076428384293,1.0386744235264285,0.4536021272185362,0.1715255499465722,1.0427605190160067,0.005340734839392101,1
3.91799999999979,REACH,0.4525373691149086,0.1682750463765621,1.0387355743344058,0.4536021272185362,0.1715255499465722,1.0427605190160067,0.005282013154833778,1
3.91999999999979,REACH,0.45255337935532364,0.16828918346373706,1.0387961350775479,0.4536021272185362,0.1715255499465722,1.0427605190160067,0.005224009963937901,1
3.9219999999997897,REACH,0.45256921099616637,0.16830317526583408,1.0388561046694096,0.4536021272185362,0.1715255499465722,1.0427605190160067,0.005166726806732741,1
3.9239999999997894,REACH,0.4525848642907727,0.16831702150389508,1.0389154820253603,0.4536021272185362,0.1715255499465722,1.0427605190160067,0.0051101651725858534,1
3.925999999999789,REACH,0.45260033948848044,0.16833072189953793,1.0389742660625785,0.4536021272185362,0.1715255499465722,1.0427605190160067,0.005054326496532593,1
3.927999999999789,REACH,0.4526156368345983,0.16834427617495532,1.0390324557000565,0.4536021272185362,0.1715255499465722,1.0427605190160067,0.004999212155461418,1
3.9299999999997888,REACH,0.4526307565703776,0.16835768405291449,1.0390900498585967,0.4536021272185362,0.1715255499465722,1.0427605190160067,0.0049448234641696455,1
3.9319999999997886,REACH,0.4526456989329838,0.16837094525675675,1.0391470474608158,0.4536021272185362,0.1715255499465722,1.0427605190160067,0.004891161671278592,1
3.9339999999997883,REACH,0.45266046415546546,0.16838405951039687,1.0392034474311402,0.4536021272185362,0.1715255499465722,1.0427605190160067,0.00483822795502627,1
3.935999999999788,REACH,0.4526750524667277,0.1683970265383226,1.0392592486958103,0.4536021272185362,0.1715255499465722,1.0427605190160067,0.004786023418924637,1
3.937999999999788,REACH,0.4526894640915008,0.16840984606559448,1.0393144501828775,0.4536021272185362,0.1715255499465722,1.0427605190160067,0.004734549087300142,1
3.9399999999997877,REACH,0.4527036992503121,0.16842251781784529,1.039369050822205,0.4536021272185362,0.1715255499465722,1.0427605190160067,0.004683805900714401,1
3.9419999999997875,REACH,0.4527177581594569,0.1684350415212795,1.039423049545471,0.4536021272185362,0.1715255499465722,1.0427605190160067,0.004633794711272812,1
3.9439999999997872,REACH,0.4527316410309685,0.16844741690267312,1.0394764452861656,0.4536021272185362,0.1715255499465722,1.0427605190160067,0.004584516277833748,1
3.945999999999787,REACH,0.4527453480725907,0.1684596436893735,1.039529236979592,0.4536021272185362,0.1715255499465722,1.0427605190160067,0.004535971261120749,1
3.947999999999787,REACH,0.4527588794877452,0.16847172160929816,1.0395814235628678,0.4536021272185362,0.1715255499465722,1.0427605190160067,0.004488160218752359,1
3.9499999999997866,REACH,0.4527722354755067,0.1684836503909357,1.0396330039749253,0.4536021272185362,0.1715255499465722,1.0427605190160067,0.0044410836001949686,1
3.9519999999997864,REACH,0.45278541623057034,0.16849542976334464,1.0396839771565123,0.4536021272185362,0.1715255499465722,1.0427605190160067,0.004394741741660018,1
3.953999999999786,REACH,0.45279842194322395,0.16850705945615357,1.0397343420501912,0.4536021272185362,0.1715255499465722,1.0427605190160067,0.004349134860951656,1
3.955999999999786,REACH,0.4528112527993183,0.16851853919956078,1.0397840976003419,0.4536021272185362,0.1715255499465722,1.0427605190160067,0.00430426305228249,1
3.9579999999997857,REACH,0.45282390898023744,0.16852986872433404,1.0398332427531607,0.4536021272185362,0.1715255499465722,1.0427605190160067,0.0042601262810758565,1
3.9599999999997855,REACH,0.45283639066287107,0.16854104776181048,1.0398817764566637,0.4536021272185362,0.1715255499465722,1.0427605190160067,0.004216724378768728,1
3.9619999999997852,REACH,0.4528486980195825,0.16855207604389638,1.0399296976606835,0.4536021272185362,0.1715255499465722,1.0427605190160067,0.004174057037641451,1
3.963999999999785,REACH,0.4528608312181822,0.1685629533030672,1.0399770053168749,0.4536021272185362,0.1715255499465722,1.0427605190160067,0.004132123805684291,1
3.965999999999785,REACH,0.45287279042189627,0.1685736792723673,1.0400236983787126,0.4536021272185362,0.1715255499465722,1.0427605190160067,0.004090924081535044,1
3.9679999999997846,REACH,0.45288457578933716,0.16858425368540977,1.0400697758014934,0.4536021272185362,0.1715255499465722,1.0427605190160067,0.004050457109502992,1
3.9699999999997844,REACH,0.4528961874744773,0.1685946762763768,1.0401152365423372,0.4536021272185362,0.1715255499465722,1.0427605190160067,0.0040107219747060555,1
3.971999999999784,REACH,0.45290762562661513,0.1686049467800194,1.0401600795601906,0.4536021272185362,0.1715255499465722,1.0427605190160067,0.00397171759834766,1
3.973999999999784,REACH,0.4529188903903489,0.16861506493165715,1.040204303815824,0.4536021272185362,0.1715255499465722,1.0427605190160067,0.0039334427331641835,1
3.9759999999997837,REACH,0.4529299819055469,0.16862503046717875,1.0402479082718357,0.4536021272185362,0.1715255499465722,1.0427605190160067,0.0038958959590623538,1
3.9779999999997835,REACH,0.4529409003073167,0.16863484312304178,1.0402908918926523,0.4536021272185362,0.1715255499465722,1.0427605190160067,0.0038590756789850687,1
3.9799999999997833,REACH,0.4529516457259767,0.16864450263627281,1.0403332536445324,0.4536021272185362,0.1715255499465722,1.0427605190160067,0.0038229801150286096,1
3.981999999999783,REACH,0.4529622182870263,0.16865400874446776,1.040374992495566,0.4536021272185362,0.1715255499465722,1.0427605190160067,0.003787607304847657,1
3.983999999999783,REACH,0.45297261811111744,0.16866336118579156,1.0404161074156775,0.4536021272185362,0.1715255499465722,1.0427605190160067,0.0037529550983752416,1
3.9859999999997826,REACH,0.4529828453140237,0.16867255969897899,1.0404565973766244,0.4536021272185362,0.1715255499465722,1.0427605190160067,0.0037190211548918,1
3.9879999999997824,REACH,0.45299290000661097,0.16868160402333432,1.040496461352005,0.4536021272185362,0.1715255499465722,1.0427605190160067,0.003685802940469971,1
3.989999999999782,REACH,0.45300278229480967,0.16869049389873214,1.0405356983172551,0.4536021272185362,0.1715255499465722,1.0427605190160067,0.0036532977258341543,1
3.991999999999782,REACH,0.45301249227958296,0.16869922906561688,1.0405743072496536,0.4536021272185362,0.1715255499465722,1.0427605190160067,0.0036215025846600525,1
3.9939999999997817,REACH,0.45302203005689934,0.16870780926500387,1.0406122871283217,0.4536021272185362,0.1715255499465722,1.0427605190160067,0.003590414392346855,1
3.9959999999997815,REACH,0.45303139571770024,0.16871623423847926,1.0406496369342275,0.4536021272185362,0.1715255499465722,1.0427605190160067,0.0035600298252909213,1
3.9979999999997813,REACH,0.4530405893478744,0.16872450372820083,1.0406863556501866,0.4536021272185362,0.1715255499465722,1.0427605190160067,0.0035303453606906838,1
3.999999999999781,REACH,0.4530496110282247,0.16873261747689752,1.040722442260867,0.4536021272185362,0.1715255499465722,1.0427605190160067,0.003501357276908567,1
4.001999999999781,REACH,0.4530584608344408,0.16874057522787092,1.040757895752788,0.4536021272185362,0.1715255499465722,1.0427605190160067,0.0034730616544175,1
4.003999999999781,TOUCH/HOLD,0.45306713883706895,0.16874837672499535,1.0407927151143264,0.4536021272185362,0.1715255499465722,1.0427605190160067,0.003445454377352444,1
4.005999999999781,TOUCH/HOLD,0.45307564533998484,0.16875602209842402,1.040826898449133,0.4536021272185362,0.1715255499465722,1.0427605190160067,0.003418531287958155,1
4.007999999999781,TOUCH/HOLD,0.4530839810460492,0.16876351212814242,1.0408604424871521,0.4536021272185362,0.1715255499465722,1.0427605190160067,0.003392288192651605,1
4.00999999999978,TOUCH/HOLD,0.45309214693532107,0.16877084803960052,1.0408933432448098,0.4536021272185362,0.1715255499465722,1.0427605190160067,0.003366720636775013,1
4.01199999999978,TOUCH/HOLD,0.4531001441829431,0.16877803136650898,1.040925596459008,0.4536021272185362,0.1715255499465722,1.0427605190160067,0.0033418237694406504,1
4.01399999999978,TOUCH/HOLD,0.4531079741034775,0.16878506385820838,1.0409571978711392,0.4536021272185362,0.1715255499465722,1.0427605190160067,0.003317592267468154,1
4.01599999999978,TOUCH/HOLD,0.4531156381129013,0.1687919474167071,1.0409881434116008,0.4536021272185362,0.1715255499465722,1.0427605190160067,0.003294020298097681,1
4.0179999999997795,TOUCH/HOLD,0.4531231377024366,0.16879868405351742,1.0410184293182443,0.4536021272185362,0.1715255499465722,1.0427605190160067,0.0032711015071820886,1
4.019999999999779,TOUCH/HOLD,0.45313047442033705,0.1688052758597383,1.0410480522108656,0.4536021272185362,0.1715255499465722,1.0427605190160067,0.0032488290241653845,1
4.021999999999779,TOUCH/HOLD,0.4531376498590471,0.16881172498503594,1.0410770091364399,0.4536021272185362,0.1715255499465722,1.0427605190160067,0.0032271954781101595,1
4.023999999999779,TOUCH/HOLD,0.4531446656460219,0.1688180336226261,1.0411052975948294,0.4536021272185362,0.1715255499465722,1.0427605190160067,0.0032061930209964463,1
4.025999999999779,TOUCH/HOLD,0.4531515234370363,0.16882420399832626,1.041132915551463,0.4536021272185362,0.1715255499465722,1.0427605190160067,0.0031858133557698455,1
4.027999999999778,TOUCH/HOLD,0.45315822491121865,0.16883023836238556,1.0411598614413018,0.4536021272185362,0.1715255499465722,1.0427605190160067,0.0031660477674464965,1
4.029999999999778,TOUCH/HOLD,0.45316477176727854,0.16883613898322677,1.0411861341669861,0.4536021272185362,0.1715255499465722,1.0427605190160067,0.0031468871561168323,1
4.031999999999778,TOUCH/HOLD,0.4531711657205708,0.16884190814251565,1.0412117330930946,0.4536021272185362,0.1715255499465722,1.0427605190160067,0.003128322071050146,1
4.033999999999778,TOUCH/HOLD,0.45317740850075455,0.1688475481311638,1.0412366580378147,0.4536021272185362,0.1715255499465722,1.0427605190160067,0.0031103427453290765,1
4.0359999999997775,TOUCH/HOLD,0.4531835018498809,0.1688530612459981,1.0412609092629084,0.4536021272185362,0.1715255499465722,1.0427605190160067,0.0030929391305950108,1
4.037999999999777,TOUCH/HOLD,0.4531894475207857,0.1688584497869115,1.0412844874625529,0.4536021272185362,0.1715255499465722,1.0427605190160067,0.003076100931599789,1
4.039999999999777,TOUCH/HOLD,0.4531952472757147,0.16886371605437117,1.041307393751477,0.4536021272185362,0.1715255499465722,1.0427605190160067,0.0030598176403105015,1
4.041999999999777,TOUCH/HOLD,0.45320090288511844,0.16886886234719684,1.0413296296526544,0.4536021272185362,0.1715255499465722,1.0427605190160067,0.003044078569379621,1
4.043999999999777,TOUCH/HOLD,0.45320641612657686,0.16887389096054722,1.041351197084749,0.4536021272185362,0.1715255499465722,1.0427605190160067,0.0030288728848187887,1
4.045999999999776,TOUCH/HOLD,0.45321178878382573,0.16887880418407336,1.0413720983494497,0.4536021272185362,0.1715255499465722,1.0427605190160067,0.0030141896377369267,1
4.047999999999776,TOUCH/HOLD,0.45321702264586,0.16888360430020652,1.0413923361187694,0.4536021272185362,0.1715255499465722,1.0427605190160067,0.0030000177950371644,1
4.049999999999776,TOUCH/HOLD,0.4532221195061027,0.16888829358256105,1.041411913422393,0.4536021272185362,0.1715255499465722,1.0427605190160067,0.0029863462689636005,1
4.051999999999776,TOUCH/HOLD,0.45322708116162447,0.16889287429443414,1.041430833635101,0.4536021272185362,0.1715255499465722,1.0427605190160067,0.0029731639454224574,1
4.053999999999776,TOUCH/HOLD,0.4532319094124054,0.16889734868739142,1.0414491004643145,0.4536021272185362,0.1715255499465722,1.0427605190160067,0.0029604597110007096,1
4.055999999999775,TOUCH/HOLD,0.4532366060606331,0.16890171899993003,1.0414667179377755,0.4536021272185362,0.1715255499465722,1.0427605190160067,0.0029482224786241055,1
4.057999999999775,TOUCH/HOLD,0.45324117291003163,0.1689059874562118,1.0414836903913842,0.4536021272185362,0.1715255499465722,1.0427605190160067,0.0029364412118049825,1
4.059999999999775,TOUCH/HOLD,0.4532456117652164,0.16891015626486083,1.0415000224572035,0.4536021272185362,0.1715255499465722,1.0427605190160067,0.0029251049474414417,1
4.061999999999775,TOUCH/HOLD,0.45324992443107404,0.16891422761782315,1.0415157190516415,0.4536021272185362,0.1715255499465722,1.0427605190160067,0.002914202817135959,1
4.0639999999997745,TOUCH/HOLD,0.45325411271216237,0.1689182036892834,1.0415307853638152,0.4536021272185362,0.1715255499465722,1.0427605190160067,0.0029037240670175715,1
4.065999999999774,TOUCH/HOLD,0.4532581784121287,0.16892208663463576,1.0415452268441,0.4536021272185362,0.1715255499465722,1.0427605190160067,0.002893658076056388,1
4.067999999999774,TOUCH/HOLD,0.4532621233331475,0.16892587858950864,1.0415590491928786,0.4536021272185362,0.1715255499465722,1.0427605190160067,0.002883994372862719,1
4.069999999999774,TOUCH/HOLD,0.4532659492753741,0.16892958166883923,1.041572258349473,0.4536021272185362,0.1715255499465722,1.0427605190160067,0.002874722650986638,1
4.071999999999774,TOUCH/HOLD,0.4532696580364107,0.1689331979659969,1.0415848604812792,0.4536021272185362,0.1715255499465722,1.0427605190160067,0.0028658327827236663,1
4.073999999999773,TOUCH/HOLD,0.45327325141079244,0.16893672955195482,1.0415968619730955,0.4536021272185362,0.1715255499465722,1.0427605190160067,0.0028573148314497837,1
4.075999999999773,TOUCH/HOLD,0.45327673118948053,0.16894017847450665,1.0416082694166495,0.4536021272185362,0.1715255499465722,1.0427605190160067,0.002849159062515554,1
4.077999999999773,TOUCH/HOLD,0.45328009915937334,0.16894354675752887,1.0416190896003215,0.4536021272185362,0.1715255499465722,1.0427605190160067,0.002841355952729229,1
4.079999999999773,TOUCH/HOLD,0.4532833571028283,0.16894683640028627,1.0416293294990673,0.4536021272185362,0.1715255499465722,1.0427605190160067,0.0028338961984696633,1
4.0819999999997725,TOUCH/HOLD,0.453286506797196,0.16895004937677988,1.0416389962645394,0.4536021272185362,0.1715255499465722,1.0427605190160067,0.0028267707224722957,1
4.083999999999772,TOUCH/HOLD,0.453289550014366,0.16895318763513706,1.0416480972154012,0.4536021272185362,0.1715255499465722,1.0427605190160067,0.002819970679337175,1
4.085999999999772,TOUCH/HOLD,0.4532924885203239,0.16895625309704143,1.041656639827843,0.4536021272185362,0.1715255499465722,1.0427605190160067,0.002813487459808611,1
4.087999999999772,TOUCH/HOLD,0.45329532407472084,0.16895924765720263,1.0416646317262932,0.4536021272185362,0.1715255499465722,1.0427605190160067,0.0028073126938825735,1
4.089999999999772,TOUCH/HOLD,0.45329805843045295,0.1689621731828646,1.0416720806743234,0.4536021272185362,0.1715255499465722,1.0427605190160067,0.002801438252799611,1
4.091999999999771,TOUCH/HOLD,0.4533006933332505,0.16896503151335132,1.0416789945657499,0.4536021272185362,0.1715255499465722,1.0427605190160067,0.0027958562499824343,1
4.093999999999771,TOUCH/HOLD,0.45330323052128074,0.16896782445964956,1.0416853814159253,0.4536021272185362,0.1715255499465722,1.0427605190160067,0.0027905590409795893,1
4.095999999999771,TOUCH/HOLD,0.45330567172475683,0.16897055380402715,1.0416912493532295,0.4536021272185362,0.1715255499465722,1.0427605190160067,0.002785539222475212,1
4.097999999999771,TOUCH/HOLD,0.4533080189002212,0.16897323657596586,1.0416966109603347,0.4536021272185362,0.1715255499465722,1.0427605190160067,0.002780773920260664,1
4.0999999999997705,TOUCH/HOLD,0.4533102739624715,0.16897589525384082,1.0417014804534501,0.4536021272185362,0.1715255499465722,1.0427605190160067,0.0027762348697876337,1
4.10199999999977,TOUCH/HOLD,0.45331243862255866,0.1689785488320599,1.0417058711534537,0.4536021272185362,0.1715255499465722,1.0427605190160067,0.0027718975944204917,1
4.10399999999977,TOUCH/HOLD,0.4533145144432026,0.16898121330771088,1.0417097956490764,0.4536021272185362,0.1715255499465722,1.0427605190160067,0.0027677408900041106,1
4.10599999999977,TOUCH/HOLD,0.45331650288277436,0.16898390210223815,1.0417132659201178,0.4536021272185362,0.1715255499465722,1.0427605190160067,0.002763746383559154,1
4.10799999999977,TOUCH/HOLD,0.4533184053295526,0.1689866264255353,1.041716293432797,0.4536021272185362,0.1715255499465722,1.0427605190160067,0.002759898154750016,1
4.109999999999769,TOUCH/HOLD,0.4533202231279103,0.1689893955894842,1.0417188892152336,0.4536021272185362,0.1715255499465722,1.0427605190160067,0.002756182410717194,1
4.111999999999769,TOUCH/HOLD,0.4533219575979252,0.16899221727746128,1.041721063918414,0.4536021272185362,0.1715255499465722,1.0427605190160067,0.0027525872063586935,1
4.113999999999769,TOUCH/HOLD,0.4533236100497113,0.1689950977757096,1.0417228278662778,0.4536021272185362,0.1715255499465722,1.0427605190160067,0.0027491022033710208,1
4.115999999999769,TOUCH/HOLD,0.453325181793573,0.1689980421718162,1.0417241910974127,0.4536021272185362,0.1715255499465722,1.0427605190160067,0.0027457184623915377,1
4.1179999999997685,TOUCH/HOLD,0.4533266741468952,0.16900105452490474,1.0417251634001214,0.4536021272185362,0.1715255499465722,1.0427605190160067,0.002742428263426721,1
4.119999999999768,TOUCH/HOLD,0.4533280884385156,0.16900413801155564,1.0417257543421106,0.4536021272185362,0.1715255499465722,1.0427605190160067,0.002739224950481915,1
4.121999999999768,TOUCH/HOLD,0.45332942601118353,0.16900729505092932,1.0417259732957371,0.4536021272185362,0.1715255499465722,1.0427605190160067,0.0027361027969082558,1
4.123999999999768,TOUCH/HOLD,0.4533306882225906,0.16901052741208625,1.0417258294595204,0.4536021272185362,0.1715255499465722,1.0427605190160067,0.002733056888503062,1
4.125999999999768,TOUCH/HOLD,0.45333187644534845,0.16901383630608008,1.0417253318764663,0.4536021272185362,0.1715255499465722,1.0427605190160067,0.00273008302183518,1
4.127999999999767,TOUCH/HOLD,0.45333299206621896,0.16901722246502587,1.0417244894496622,0.4536021272185362,0.1715255499465722,1.0427605190160067,0.0027271776156373505,1
4.129999999999767,TOUCH/HOLD,0.453334036484825,0.16902068621003194,1.041723310955499,0.4536021272185362,0.1715255499465722,1.0427605190160067,0.002724337633429154,1
4.131999999999767,TOUCH/HOLD,0.4533350111120208,0.16902422750960758,1.0417218050548411,0.4536021272185362,0.1715255499465722,1.0427605190160067,0.002721560515796591,1
4.133999999999767,TOUCH/HOLD,0.4533359173680547,0.1690278460299216,1.0417199803023958,0.4536021272185362,0.1715255499465722,1.0427605190160067,0.0027188441209948727,1
4.1359999999997665,TOUCH/HOLD,0.45333675668063145,0.16903154117809047,1.0417178451545328,0.4536021272185362,0.1715255499465722,1.0427605190160067,0.002716186672718328,1
4.137999999999766,TOUCH/HOLD,0.4533375304829389,0.16903531213949335,1.0417154079757314,0.4536021272185362,0.1715255499465722,1.0427605190160067,0.00271358671407404,1
4.139999999999766,TOUCH/HOLD,0.4533382402117021,0.1690391579099754,1.0417126770438492,0.4536021272185362,0.1715255499465722,1.0427605190160067,0.0027110430669104054,1
4.141999999999766,TOUCH/HOLD,0.45333888730529565,0.16904307732366491,1.0417096605543585,0.4536021272185362,0.1715255499465722,1.0427605190160067,0.0027085547957951227,1
4.143999999999766,TOUCH/HOLD,0.4533394732019439,0.1690470690770309,1.0417063666236868,0.4536021272185362,0.1715255499465722,1.0427605190160067,0.0027061211760281995,1
4.145999999999765,TOUCH/HOLD,0.45333999933802044,0.16905113174971081,1.0417028032917885,0.4536021272185362,0.1715255499465722,1.0427605190160067,0.0027037416651671652,1
4.147999999999765,TOUCH/HOLD,0.45334046714646203,0.1690552638225666,1.0416989785240507,0.4536021272185362,0.1715255499465722,1.0427605190160067,0.0027014158776158077,1
4.149999999999765,TOUCH/HOLD,0.453340878055293,0.1690594636933535,1.041694900212621,0.4536021272185362,0.1715255499465722,1.0427605190160067,0.0026991435618986233,1
4.151999999999765,TOUCH/HOLD,0.4533412334862692,0.16906372969033853,1.0416905761772568,0.4536021272185362,0.1715255499465722,1.0427605190160067,0.0026969245802823173,1
4.1539999999997645,TOUCH/HOLD,0.45334153485362927,0.1690680600841499,1.0416860141657491,0.4536021272185362,0.1715255499465722,1.0427605190160067,0.002694758890473014,1
4.155999999999764,TOUCH/HOLD,0.4533417835629571,0.16907245309810348,1.0416812218540012,0.4536021272185362,0.1715255499465722,1.0427605190160067,0.0026926465291383143,1
4.157999999999764,TOUCH/HOLD,0.4533419811843393,0.1690769069294527,1.0416762069541141,0.4536021272185362,0.1715255499465722,1.0427605190160067,0.002690587525423084,1
4.159999999999764,TOUCH/HOLD,0.45334213561122066,0.16908142013327462,1.0416709812322937,0.4536021272185362,0.1715255499465722,1.0427605190160067,0.0026885793204335395,1
4.161999999999764,TOUCH/HOLD,0.45334225346829965,0.16908598903313174,1.0416655626013833,0.4536021272185362,0.1715255499465722,1.0427605190160067,0.0026866189469989046,1
4.1639999999997634,TOUCH/HOLD,0.45334234034624044,0.169090608491499,1.0416599727308267,0.4536021272185362,0.1715255499465722,1.0427605190160067,0.002684703192994503,1
4.165999999999763,TOUCH/HOLD,0.4533424009886188,0.16909527247797287,1.0416542353119245,0.4536021272185362,0.1715255499465722,1.0427605190160067,0.002682828716635991,1
4.167999999999763,TOUCH/HOLD,0.45334243944127517,0.1690999744848016,1.0416483748145258,0.4536021272185362,0.1715255499465722,1.0427605190160067,0.002680992127420415,1
4.169999999999763,TOUCH/HOLD,0.45334245917207217,0.1691047078272709,1.041642415610944,0.4536021272185362,0.1715255499465722,1.0427605190160067,0.0026791900427835325,1
4.171999999999763,TOUCH/HOLD,0.45334246316731286,0.1691094658574768,1.0416363813731357,0.4536021272185362,0.1715255499465722,1.0427605190160067,0.002677419127667034,1
4.173999999999762,TOUCH/HOLD,0.4533424540097003,0.16911424211316753,1.0416302946721978,0.4536021272185362,0.1715255499465722,1.0427605190160067,0.002675676122060414,1
4.175999999999762,TOUCH/HOLD,0.45334243394166196,0.16911903041811405,1.0416241767266596,0.4536021272185362,0.1715255499465722,1.0427605190160067,0.002673957860076112,1
4.177999999999762,TOUCH/HOLD,0.453342404917042,0.16912382494649345,1.0416180472592877,0.4536021272185362,0.1715255499465722,1.0427605190160067,0.0026722612830330414,1
4.179999999999762,TOUCH/HOLD,0.45334236864351335,0.16912862026074665,1.0416119244321485,0.4536021272185362,0.1715255499465722,1.0427605190160067,0.0026705834482671233,1
4.1819999999997615,TOUCH/HOLD,0.4533423266175702,0.1691334113300609,1.041605824837287,0.4536021272185362,0.1715255499465722,1.0427605190160067,0.002668921534859375,1
4.183999999999761,TOUCH/HOLD,0.45334228015355826,0.1691381935348777,1.041599763526121,0.4536021272185362,0.1715255499465722,1.0427605190160067,0.0026672728471111903,1
4.185999999999761,TOUCH/HOLD,0.4533422304079028,0.16914296266148945,1.0415937540650078,0.4536021272185362,0.1715255499465722,1.0427605190160067,0.0026656348163420873,1
4.187999999999761,TOUCH/HOLD,0.45334217839944696,0.16914771488977254,1.04158780860773,0.4536021272185362,0.1715255499465722,1.0427605190160067,0.0026640050014165107,1
4.189999999999761,TOUCH/HOLD,0.4533421250266307,0.1691524467763331,1.0415819379781028,0.4536021272185362,0.1715255499465722,1.0427605190160067,0.002662381088293201,1
4.19199999999976,TOUCH/HOLD,0.45334207108208396,0.1691571552347567,1.041576151757803,0.4536021272185362,0.1715255499465722,1.0427605190160067,0.0026607608887998816,1
4.19399999999976,TOUCH/HOLD,0.4533420172651014,0.1691618375142057,1.0415704583758831,0.4536021272185362,0.1715255499465722,1.0427605190160067,0.002659142338794847,1
4.19599999999976,TOUCH/HOLD,0.45334196419236417,0.16916649117727475,1.0415648651974867,0.4536021272185362,0.1715255499465722,1.0427605190160067,0.002657523495837393,1
4.19799999999976,TOUCH/HOLD,0.4533419124072102,0.1691711140777611,1.0415593786100863,0.4536021272185362,0.1715255499465722,1.0427605190160067,0.0026559025364483076,1
4.1999999999997595,TOUCH/HOLD,0.4533418623876883,0.16917570433880935,1.0415540041060847,0.4536021272185362,0.1715255499465722,1.0427605190160067,0.0026542777530550467,1
4.201999999999759,TOUCH/HOLD,0.4533418145535937,0.16918026033175482,1.04154874636111,0.4536021272185362,0.1715255499465722,1.0427605190160067,0.0026526475506662094,1
4.203999999999759,TOUCH/HOLD,0.4533417692726415,0.16918478065587553,1.0415436093075874,0.4536021272185362,0.1715255499465722,1.0427605190160067,0.0026510104433412657,1
4.205999999999759,TOUCH/HOLD,0.4533417268659097,0.16918926411918647,1.0415385962034283,0.4536021272185362,0.1715255499465722,1.0427605190160067,0.0026493650504962898,1
4.207999999999759,TOUCH/HOLD,0.45334168761265126,0.16919370972034864,1.0415337096958162,0.4536021272185362,0.1715255499465722,1.0427605190160067,0.0026477100930907068,1
4.209999999999758,TOUCH/HOLD,0.45334165175457375,0.16919811663172624,1.0415289518801953,0.4536021272185362,0.1715255499465722,1.0427605190160067,0.002646044389724421,1
4.211999999999758,TOUCH/HOLD,0.45334161949964785,0.16920248418358877,1.0415243243546233,0.4536021272185362,0.1715255499465722,1.0427605190160067,0.0026443668526850133,1
4.213999999999758,TOUCH/HOLD,0.4533415910255122,0.16920681184943917,1.041519828269712,0.4536021272185362,0.1715255499465722,1.0427605190160067,0.002642676483967151,1
4.215999999999758,TOUCH/HOLD,0.45334156648252694,0.16921109923242766,1.041515464374405,0.4536021272185362,0.1715255499465722,1.0427605190160067,0.0026409723712920966,1
4.2179999999997575,TOUCH/HOLD,0.45334154599650933,0.16921534605280708,1.0415112330578455,0.4536021272185362,0.1715255499465722,1.0427605190160067,0.002639253684149999,1
4.219999999999757,TOUCH/HOLD,0.4533415296712042,0.1692195521363753,1.0415071343876101,0.4536021272185362,0.1715255499465722,1.0427605190160067,0.0026375196698810383,1
4.221999999999757,TOUCH/HOLD,0.4533415175905036,0.16922371740384712,1.0415031681445648,0.4536021272185362,0.1715255499465722,1.0427605190160067,0.002635769649815289,1
4.223999999999757,TOUCH/HOLD,0.453341509820453,0.16922784186109968,1.041499333854602,0.4536021272185362,0.1715255499465722,1.0427605190160067,0.0026340030154836983,1
4.225999999999757,TOUCH/HOLD,0.45334150641106613,0.1692319255902317,1.0414956308174985,0.4536021272185362,0.1715255499465722,1.0427605190160067,0.002632219224914626,1
4.227999999999756,TOUCH/HOLD,0.4533415073979657,0.16923596874138097,1.0414920581331395,0.4536021272185362,0.1715255499465722,1.0427605190160067,0.00263041779902044,1
4.229999999999756,TOUCH/HOLD,0.45334151280386903,0.1692399715252448,1.041488614725306,0.4536021272185362,0.1715255499465722,1.0427605190160067,0.0026285983180913816,1
4.231999999999756,TOUCH/HOLD,0.4533415226399352,0.16924393420625167,1.0414852993632495,0.4536021272185362,0.1715255499465722,1.0427605190160067,0.0026267604183945917,1
4.233999999999756,TOUCH/HOLD,0.45334153690698525,0.1692478570963332,1.0414821106812326,0.4536021272185362,0.1715255499465722,1.0427605190160067,0.002624903788889044,1
4.2359999999997555,TOUCH/HOLD,0.453341555596613,0.16925174054925043,1.041479047196216,0.4536021272185362,0.1715255499465722,1.0427605190160067,0.002623028168056548,1
4.237999999999755,TOUCH/HOLD,0.45334157869218716,0.16925558495543075,1.041476107323849,0.4536021272185362,0.1715255499465722,1.0427605190160067,0.002621133340855072,1
4.239999999999755,TOUCH/HOLD,0.4533416061697648,0.16925939073727259,1.0414732893929184,0.4536021272185362,0.1715255499465722,1.0427605190160067,0.002619219135792696,1
4.241999999999755,TOUCH/HOLD,0.45334163799892035,0.16926315834488218,1.0414705916583922,0.4536021272185362,0.1715255499465722,1.0427605190160067,0.002617285422122736,1
4.243999999999755,TOUCH/HOLD,0.4533416741434956,0.16926688825220393,1.0414680123131779,0.4536021272185362,0.1715255499465722,1.0427605190160067,0.002615332107163885,1
4.245999999999754,TOUCH/HOLD,0.4533417145622825,0.16927058095351363,1.0414655494987204,0.4536021272185362,0.1715255499465722,1.0427605190160067,0.002613359133738336,1
4.247999999999754,TOUCH/HOLD,0.45334175920964154,0.1692742369602436,1.0414632013145353,0.4536021272185362,0.1715255499465722,1.0427605190160067,0.0026113664777313032,1
4.249999999999754,TOUCH/HOLD,0.4533418080360636,0.1692778567981099,1.0414609658267842,0.4536021272185362,0.1715255499465722,1.0427605190160067,0.002609354145766011,1
4.251999999999754,TOUCH/HOLD,0.45334186098867807,0.16928144100451822,1.041458841075966,0.4536021272185362,0.1715255499465722,1.0427605190160067,0.0026073221729966565,1
4.2539999999997535,TOUCH/HOLD,0.45334191801171303,0.16928499012622297,1.0414568250838214,0.4536021272185362,0.1715255499465722,1.0427605190160067,0.0026052706210096064,1
4.255999999999753,TOUCH/HOLD,0.4533419790469158,0.16928850471721762,1.0414549158595088,0.4536021272185362,0.1715255499465722,1.0427605190160067,0.0026031995758360525,1
4.257999999999753,TOUCH/HOLD,0.4533420440339264,0.16929198533683673,1.0414531114051289,0.4536021272185362,0.1715255499465722,1.0427605190160067,0.0026011091460684597,1
4.259999999999753,TOUCH/HOLD,0.45334211290302806,0.16929543265875055,1.041451409322151,0.4536021272185362,0.1715255499465722,1.0427605190160067,0.002598999567575451,1
4.261999999999753,TOUCH/HOLD,0.4533421853293813,0.16929885103451078,1.0414497939832799,0.4536021272185362,0.1715255499465722,1.0427605190160067,0.002596874648905846,1
4.263999999999752,TOUCH/HOLD,0.4533422609934414,0.1693022441030486,1.0414482523704378,0.4536021272185362,0.1715255499465722,1.0427605190160067,0.002594737573987795,1
4.265999999999752,TOUCH/HOLD,0.45334233958837133,0.16930561491445034,1.04144677362678,0.4536021272185362,0.1715255499465722,1.0427605190160067,0.0025925910027119526,1
4.267999999999752,TOUCH/HOLD,0.45334242082472564,0.16930896603120763,1.0414453486876047,0.4536021272185362,0.1715255499465722,1.0427605190160067,0.002590437155683981,1
4.269999999999752,TOUCH/HOLD,0.4533425044331374,0.16931229961120373,1.0414439699759603,0.4536021272185362,0.1715255499465722,1.0427605190160067,0.0025882778854972406,1
4.2719999999997516,TOUCH/HOLD,0.4533425901655701,0.16931561747584764,1.0414426311513307,0.4536021272185362,0.1715255499465722,1.0427605190160067,0.0025861147366049776,1
4.273999999999751,TOUCH/HOLD,0.4533426777955533,0.16931892116611347,1.0414413269019371,0.4536021272185362,0.1715255499465722,1.0427605190160067,0.0025839489955605623,1
4.275999999999751,TOUCH/HOLD,0.45334276711773,0.16932221198872185,1.0414400527728718,0.4536021272185362,0.1715255499465722,1.0427605190160067,0.0025817817331551074,1
4.277999999999751,TOUCH/HOLD,0.4533428579469394,0.16932549105427028,1.041438805023746,0.4536021272185362,0.1715255499465722,1.0427605190160067,0.0025796138397304854,1
4.279999999999751,TOUCH/HOLD,0.4533429501170175,0.16932875930878336,1.041437580510635,0.4536021272185362,0.1715255499465722,1.0427605190160067,0.002577446054764964,1
4.2819999999997505,TOUCH/HOLD,0.45334304347943916,0.1693320175598725,1.0414363765880665,0.4536021272185362,0.1715255499465722,1.0427605190160067,0.0025752789916504933,1
4.28399999999975,TOUCH/HOLD,0.4533431379018862,0.16933526649847438,1.0414351910275592,0.4536021272185362,0.1715255499465722,1.0427605190160067,0.0025731131584352303,1
4.28599999999975,TOUCH/HOLD,0.4533432332668163,0.16933850671695552,1.0414340219498375,0.4536021272185362,0.1715255499465722,1.0427605190160067,0.002570948975185044,1
4.28799999999975,TOUCH/HOLD,0.4533433294700645,0.16934173872422414,1.0414328677683604,0.4536021272185362,0.1715255499465722,1.0427605190160067,0.0025687867885140327,1
4.28999999999975,TOUCH/HOLD,0.45334342641951064,0.16934496295837395,1.0414317271422304,0.4536021272185362,0.1715255499465722,1.0427605190160067,0.0025666268837386576,1
4.291999999999749,TOUCH/HOLD,0.4533435240338316,0.16934817979728656,1.0414305989368768,0.4536021272185362,0.1715255499465722,1.0427605190160067,0.002564469495044246,1
4.293999999999749,TOUCH/HOLD,0.45334362224134506,0.16935138956754245,1.0414294821911874,0.4536021272185362,0.1715255499465722,1.0427605190160067,0.0025623148139915803,1
4.295999999999749,TOUCH/HOLD,0.4533437209789459,0.16935459255192772,1.0414283760900218,0.4536021272185362,0.1715255499465722,1.0427605190160067,0.0025601629966219915,1
4.297999999999749,TOUCH/HOLD,0.45334382019114405,0.16935778899577297,1.0414272799411737,0.4536021272185362,0.1715255499465722,1.0427605190160067,0.0025580141694040554,1
4.2999999999997485,TOUCH/HOLD,0.4533439198291882,0.1693609791123157,1.04142619315607,0.4536021272185362,0.1715255499465722,1.0427605190160067,0.002555868434196833,1
4.301999999999748,TOUCH/HOLD,0.453344019850283,0.1693641630872492,1.0414251152335632,0.4536021272185362,0.1715255499465722,1.0427605190160067,0.002553725872400051,1
4.303999999999748,TOUCH/HOLD,0.45334412021688414,0.16936734108258703,1.0414240457463204,0.4536021272185362,0.1715255499465722,1.0427605190160067,0.0025515865484188045,1
4.305999999999748,TOUCH/HOLD,0.4533442208960731,0.16937051323995536,1.0414229843293765,0.4536021272185362,0.1715255499465722,1.0427605190160067,0.00254945051255588,1
4.307999999999748,TOUCH/HOLD,0.4533443218589979,0.16937367968340028,1.0414219306705044,0.4536021272185362,0.1715255499465722,1.0427605190160067,0.0025473178034248274,1
4.309999999999747,TOUCH/HOLD,0.4533444230803805,0.16937684052178995,1.0414208845021005,0.4536021272185362,0.1715255499465722,1.0427605190160067,0.0025451884499619365,1
4.311999999999747,TOUCH/HOLD,0.45334452453807694,0.1693799958508689,1.041419845594343,0.4536021272185362,0.1715255499465722,1.0427605190160067,0.0025430624731068562,1
4.313999999999747,TOUCH/HOLD,0.4533446262126936,0.16938314575502383,1.0414188137494265,0.4536021272185362,0.1715255499465722,1.0427605190160067,0.0025409398871959303,1
4.315999999999747,TOUCH/HOLD,0.4533447280872447,0.1693862903087979,1.041417788796683,0.4536021272185362,0.1715255499465722,1.0427605190160067,0.0025388207011298337,1
4.3179999999997465,TOUCH/HOLD,0.45334483014685556,0.16938942957819625,1.0414167705884705,0.4536021272185362,0.1715255499465722,1.0427605190160067,0.0025367049193377347,1
4.319999999999746,TOUCH/HOLD,0.45334493237849494,0.16939256362180982,1.0414157589966873,0.4536021272185362,0.1715255499465722,1.0427605190160067,0.0025345925425849752,1
4.321999999999746,TOUCH/HOLD,0.4533450347707486,0.1693956924917859,1.041414753909831,0.4536021272185362,0.1715255499465722,1.0427605190160067,0.0025324835686373662,1
4.323999999999746,TOUCH/HOLD,0.4533451373136129,0.16939881623466707,1.041413755230501,0.4536021272185362,0.1715255499465722,1.0427605190160067,0.002530377992817713,1
4.325999999999746,TOUCH/HOLD,0.4533452399983189,0.16940193489211655,1.041412762873289,0.4536021272185362,0.1715255499465722,1.0427605190160067,0.0025282758084621913,1
4.327999999999745,TOUCH/HOLD,0.45334534281717653,0.16940504850154692,1.0414117767629847,0.4536021272185362,0.1715255499465722,1.0427605190160067,0.0025261770073023433,1
4.329999999999745,TOUCH/HOLD,0.4533454457634372,0.16940815709666496,1.041410796833058,0.4536021272185362,0.1715255499465722,1.0427605190160067,0.0025240815797779237,1
4.331999999999745,TOUCH/HOLD,0.4533455488311753,0.169411260707945,1.041409823024372,0.4536021272185362,0.1715255499465722,1.0427605190160067,0.002521989515294173,1
4.333999999999745,TOUCH/HOLD,0.45334565201518523,0.16941435936303958,1.0414088552840854,0.4536021272185362,0.1715255499465722,1.0427605190160067,0.0025199008024369084,1
4.3359999999997445,TOUCH/HOLD,0.4533457553108876,0.16941745308713727,1.041407893564726,0.4536021272185362,0.1715255499465722,1.0427605190160067,0.0025178154291455534,1
4.337999999999744,TOUCH/HOLD,0.45334585871425237,0.16942054190327285,1.0414069378233979,0.4536021272185362,0.1715255499465722,1.0427605190160067,0.0025157333828582274,1
4.339999999999744,TOUCH/HOLD,0.45334596222172674,0.16942362583259843,1.0414059880211113,0.4536021272185362,0.1715255499465722,1.0427605190160067,0.002513654650628712,1
4.341999999999744,TOUCH/HOLD,0.4533460658301768,0.16942670489461956,1.0414050441222122,0.4536021272185362,0.1715255499465722,1.0427605190160067,0.0025115792192208306,1
4.343999999999744,TOUCH/HOLD,0.45334616953683254,0.16942977910740015,1.0414041060938939,0.4536021272185362,0.1715255499465722,1.0427605190160067,0.0025095070751886377,1
4.345999999999743,TOUCH/HOLD,0.45334627333924277,0.1694328484877424,1.0414031739057847,0.4536021272185362,0.1715255499465722,1.0427605190160067,0.0025074382049377632,1
4.347999999999743,TOUCH/HOLD,0.4533463772352342,0.16943591305134306,1.0414022475295965,0.4536021272185362,0.1715255499465722,1.0427605190160067,0.0025053725947764534,1
4.349999999999743,TOUCH/HOLD,0.4533464812228757,0.16943897281293013,1.041401326938824,0.4536021272185362,0.1715255499465722,1.0427605190160067,0.0025033102309565034,1
4.351999999999743,TOUCH/HOLD,0.45334658530044847,0.16944202778638204,1.0414004121084877,0.4536021272185362,0.1715255499465722,1.0427605190160067,0.0025012510997068278,1
4.3539999999997425,TOUCH/HOLD,0.4533466894664182,0.16944507798483235,1.0413995030149177,0.4536021272185362,0.1715255499465722,1.0427605190160067,0.00249919518725794,1
4.355999999999742,TOUCH/HOLD,0.4533467937194124,0.16944812342076015,1.0413985996355688,0.4536021272185362,0.1715255499465722,1.0427605190160067,0.002497142479862701,1
4.357999999999742,TOUCH/HOLD,0.4533468980581996,0.16945116410607086,1.0413977019488596,0.4536021272185362,0.1715255499465722,1.0427605190160067,0.002495092963812397,1
4.359999999999742,TOUCH/HOLD,0.45334700248167054,0.1694542000521647,1.0413968099340394,0.4536021272185362,0.1715255499465722,1.0427605190160067,0.0024930466254490928,1
4.361999999999742,TOUCH/HOLD,0.453347106988824,0.1694572312699984,1.0413959235710717,0.4536021272185362,0.1715255499465722,1.0427605190160067,0.0024910034511746474,1
4.363999999999741,TOUCH/HOLD,0.4533472115787528,0.16946025777013857,1.041395042840537,0.4536021272185362,0.1715255499465722,1.0427605190160067,0.002488963427457258,1
4.365999999999741,TOUCH/HOLD,0.45334731625063124,0.16946327956280788,1.0413941677235479,0.4536021272185362,0.1715255499465722,1.0427605190160067,0.002486926540837143,1
4.367999999999741,TOUCH/HOLD,0.4533474210037054,0.1694662966579267,1.0413932982016767,0.4536021272185362,0.1715255499465722,1.0427605190160067,0.0024848927779298853,1
4.369999999999741,TOUCH/HOLD,0.45334752583728355,0.16946930906514784,1.0413924342568972,0.4536021272185362,0.1715255499465722,1.0427605190160067,0.002482862125427917,1
4.3719999999997405,TOUCH/HOLD,0.4533476307507289,0.1694723167938889,1.0413915758715286,0.4536021272185362,0.1715255499465722,1.0427605190160067,0.00248083457010293,1
4.37399999999974,TOUCH/HOLD,0.45334773574345166,0.16947531985335912,1.0413907230281931,0.4536021272185362,0.1715255499465722,1.0427605190160067,0.002478810098805983,1
4.37599999999974,TOUCH/HOLD,0.45334784081490476,0.1694783182525837,1.0413898757097784,0.4536021272185362,0.1715255499465722,1.0427605190160067,0.0024767886984665395,1
4.37799999999974,TOUCH/HOLD,0.45334794596457606,0.1694813120004243,1.0413890338994016,0.4536021272185362,0.1715255499465722,1.0427605190160067,0.002474770356094714,1
4.37999999999974,TOUCH/HOLD,0.4533480511919867,0.16948430110559842,1.0413881975803858,0.4536021272185362,0.1715255499465722,1.0427605190160067,0.0024727550587773013,1
4.381999999999739,TOUCH/HOLD,0.45334815649668403,0.16948728557669474,1.0413873667362314,0.4536021272185362,0.1715255499465722,1.0427605190160067,0.00247074279368012,1
4.383999999999739,TOUCH/HOLD,0.45334826187824073,0.1694902654221877,1.0413865413506012,0.4536021272185362,0.1715255499465722,1.0427605190160067,0.0024687335480435713,1
4.385999999999739,TOUCH/HOLD,0.45334836733624984,0.16949324065044977,1.0413857214072972,0.4536021272185362,0.1715255499465722,1.0427605190160067,0.002466727309184596,1
4.387999999999739,TOUCH/HOLD,0.4533484728703244,0.16949621126976225,1.0413849068902508,0.4536021272185362,0.1715255499465722,1.0427605190160067,0.0024647240644929107,1
4.3899999999997386,TOUCH/HOLD,0.4533485784800915,0.16949917728832523,1.0413840977835054,0.4536021272185362,0.1715255499465722,1.0427605190160067,0.0024627238014317443,1
4.391999999999738,TOUCH/HOLD,0.45334868416519375,0.16950213871426523,1.0413832940712093,0.4536021272185362,0.1715255499465722,1.0427605190160067,0.0024607265075350933,1
4.393999999999738,TOUCH/HOLD,0.45334878992528543,0.16950509555564314,1.0413824957376037,0.4536021272185362,0.1715255499465722,1.0427605190160067,0.0024587321704075417,1
4.395999999999738,TOUCH/HOLD,0.45334889576003246,0.16950804782046053,1.041381702767016,0.4536021272185362,0.1715255499465722,1.0427605190160067,0.0024567407777219673,1
4.397999999999738,TOUCH/HOLD,0.4533490016691096,0.169510995516665,1.0413809151438527,0.4536021272185362,0.1715255499465722,1.0427605190160067,0.002454752317219372,1
4.3999999999997375,TOUCH/HOLD,0.45334910765219927,0.16951393865215544,1.0413801328525918,0.4536021272185362,0.1715255499465722,1.0427605190160067,0.0024527667767078667,1
4.401999999999737,TOUCH/HOLD,0.4533492137089919,0.16951687723478623,1.041379355877782,0.4536021272185362,0.1715255499465722,1.0427605190160067,0.0024507841440597334,1
4.403999999999737,TOUCH/HOLD,0.45334931983918464,0.169519811272371,1.0413785842040324,0.4536021272185362,0.1715255499465722,1.0427605190160067,0.002448804407213362,1
4.405999999999737,TOUCH/HOLD,0.4533494260424784,0.16952274077268603,1.0413778178160136,0.4536021272185362,0.1715255499465722,1.0427605190160067,0.002446827554170133,1
4.407999999999737,TOUCH/HOLD,0.45334953231858044,0.16952566574347303,1.0413770566984533,0.4536021272185362,0.1715255499465722,1.0427605190160067,0.0024448535729936433,1
4.409999999999736,TOUCH/HOLD,0.45334963866720196,0.16952858619244227,1.041376300836131,0.4536021272185362,0.1715255499465722,1.0427605190160067,0.0024428824518102025,1
4.411999999999736,TOUCH/HOLD,0.45334974508805725,0.169531502127274,1.04137555021388,0.4536021272185362,0.1715255499465722,1.0427605190160067,0.002440914178806289,1
4.413999999999736,TOUCH/HOLD,0.45334985158086455,0.16953441355562088,1.0413748048165803,0.4536021272185362,0.1715255499465722,1.0427605190160067,0.00243894874223003,1
4.415999999999736,TOUCH/HOLD,0.4533499581453445,0.16953732048510994,1.0413740646291618,0.4536021272185362,0.1715255499465722,1.0427605190160067,0.002436986130387785,1
4.4179999999997355,TOUCH/HOLD,0.4533500647812203,0.16954022292334373,1.0413733296365995,0.4536021272185362,0.1715255499465722,1.0427605190160067,0.0024350263316455737,1
4.419999999999735,TOUCH/HOLD,0.4533501714882166,0.16954312087790133,1.0413725998239118,0.4536021272185362,0.1715255499465722,1.0427605190160067,0.0024330693344287537,1
4.421999999999735,TOUCH/HOLD,0.45335027826606134,0.16954601435634076,1.0413718751761638,0.4536021272185362,0.1715255499465722,1.0427605190160067,0.002431115127218252,1
4.423999999999735,TOUCH/HOLD,0.4533503851144828,0.16954890336619863,1.0413711556784593,0.4536021272185362,0.1715255499465722,1.0427605190160067,0.0024291636985548865,1
4.425999999999735,TOUCH/HOLD,0.4533504920332119,0.169551787914992,1.041370441315948,0.4536021272185362,0.1715255499465722,1.0427605190160067,0.002427215037033523,1
4.427999999999734,TOUCH/HOLD,0.4533505990219799,0.16955466801021854,1.0413697320738164,0.4536021272185362,0.1715255499465722,1.0427605190160067,0.0024252691313079297,1
4.429999999999734,TOUCH/HOLD,0.45335070608051903,0.16955754365935774,1.0413690279372931,0.4536021272185362,0.1715255499465722,1.0427605190160067,0.0024233259700867957,1
4.431999999999734,TOUCH/HOLD,0.45335081320856296,0.16956041486987125,1.0413683288916473,0.4536021272185362,0.1715255499465722,1.0427605190160067,0.0024213855421335176,1
4.433999999999734,TOUCH/HOLD,0.4533509204058469,0.16956328164920365,1.0413676349221863,0.4536021272185362,0.1715255499465722,1.0427605190160067,0.0024194478362670304,1
4.4359999999997335,TOUCH/HOLD,0.4533510276721058,0.16956614400478265,1.0413669460142558,0.4536021272185362,0.1715255499465722,1.0427605190160067,0.002417512841361315,1
4.437999999999733,TOUCH/HOLD,0.4533511350070751,0.1695690019440193,1.0413662621532414,0.4536021272185362,0.1715255499465722,1.0427605190160067,0.0024155805463441536,1
4.439999999999733,TOUCH/HOLD,0.45335124241049174,0.16957185547430975,1.0413655833245643,0.4536021272185362,0.1715255499465722,1.0427605190160067,0.002413650940197527,1
4.441999999999733,TOUCH/HOLD,0.45335134988209247,0.16957470460303325,1.041364909513685,0.4536021272185362,0.1715255499465722,1.0427605190160067,0.002411724011957468,1
4.443999999999733,TOUCH/HOLD,0.4533514574216151,0.1695775493375549,1.0413642407061012,0.4536021272185362,0.1715255499465722,1.0427605190160067,0.002409799750712269,1
4.445999999999732,TOUCH/HOLD,0.45335156502879764,0.169580389685224,1.0413635768873477,0.4536021272185362,0.1715255499465722,1.0427605190160067,0.0024078781456039924,1
4.447999999999732,TOUCH/HOLD,0.4533516727033776,0.16958322565337522,1.0413629180429957,0.4536021272185362,0.1715255499465722,1.0427605190160067,0.002405959185827519,1
4.449999999999732,TOUCH/HOLD,0.45335178044509467,0.16958605724932907,1.0413622641586537,0.4536021272185362,0.1715255499465722,1.0427605190160067,0.002404042860629432,1
4.451999999999732,TOUCH/HOLD,0.4533518882536868,0.16958888448039125,1.0413616152199656,0.4536021272185362,0.1715255499465722,1.0427605190160067,0.00240212915930953,1
4.4539999999997315,TOUCH/HOLD,0.45335199612889365,0.16959170735385312,1.0413609712126133,0.4536021272185362,0.1715255499465722,1.0427605190160067,0.0024002180712184725,1
4.455999999999731,TOUCH/HOLD,0.45335210407045445,0.16959452587699225,1.0413603321223128,0.4536021272185362,0.1715255499465722,1.0427605190160067,0.002398309585759537,1
4.457999999999731,TOUCH/HOLD,0.45335221207810866,0.16959734005707217,1.041359697934818,0.4536021272185362,0.1715255499465722,1.0427605190160067,0.00239640369238642,1
4.459999999999731,TOUCH/HOLD,0.45335232015159654,0.1696001499013424,1.0413590686359178,0.4536021272185362,0.1715255499465722,1.0427605190160067,0.002394500380604591,1
4.461999999999731,TOUCH/HOLD,0.45335242829065786,0.16960295541703893,1.0413584442114363,0.4536021272185362,0.1715255499465722,1.0427605190160067,0.002392599639970324,1
4.46399999999973,TOUCH/HOLD,0.4533525364950324,0.16960575661138397,1.0413578246472337,0.4536021272185362,0.1715255499465722,1.0427605190160067,0.002390701460090737,1
4.46599999999973,TOUCH/HOLD,0.4533526447644614,0.16960855349158643,1.0413572099292063,0.4536021272185362,0.1715255499465722,1.0427605190160067,0.002388805830622456,1
4.46799999999973,TOUCH/HOLD,0.4533527530986844,0.16961134606484143,1.0413566000432837,0.4536021272185362,0.1715255499465722,1.0427605190160067,0.002386912741274143,1
4.46999999999973,TOUCH/HOLD,0.453352861497443,0.16961413433833103,1.0413559949754334,0.4536021272185362,0.1715255499465722,1.0427605190160067,0.002385022181802208,1
4.4719999999997295,TOUCH/HOLD,0.453352969960477,0.1696169183192236,1.0413553947116556,0.4536021272185362,0.1715255499465722,1.0427605190160067,0.002383134142014931,1
4.473999999999729,TOUCH/HOLD,0.453353078487528,0.16961969801467464,1.0413547992379868,0.4536021272185362,0.1715255499465722,1.0427605190160067,0.0023812486117688316,1
4.475999999999729,TOUCH/HOLD,0.45335318707833694,0.1696224734318261,1.0413542085404994,0.4536021272185362,0.1715255499465722,1.0427605190160067,0.0023793655809694874,1
4.477999999999729,TOUCH/HOLD,0.4533532957326449,0.16962524457780692,1.0413536226052982,0.4536021272185362,0.1715255499465722,1.0427605190160067,0.0023774850395730605,1
4.479999999999729,TOUCH/HOLD,0.45335340445019323,0.1696280114597332,1.041353041418524,0.4536021272185362,0.1715255499465722,1.0427605190160067,0.002375606977583528,1
4.481999999999728,TOUCH/HOLD,0.4533535132307235,0.1696307740847076,1.0413524649663517,0.4536021272185362,0.1715255499465722,1.0427605190160067,0.0023737313850541214,1
4.483999999999728,TOUCH/HOLD,0.45335362207397684,0.16963353245981988,1.0413518932349919,0.4536021272185362,0.1715255499465722,1.0427605190160067,0.0023718582520860726,1
4.485999999999728,TOUCH/HOLD,0.4533537309796951,0.169636286592147,1.0413513262106882,0.4536021272185362,0.1715255499465722,1.0427605190160067,0.0023699875688294445,1
4.487999999999728,TOUCH/HOLD,0.45335383994762,0.1696390364887528,1.0413507638797204,0.4536021272185362,0.1715255499465722,1.0427605190160067,0.0023681193254814163,1
4.4899999999997275,TOUCH/HOLD,0.4533539489774938,0.16964178215668846,1.0413502062283988,0.4536021272185362,0.1715255499465722,1.0427605190160067,0.002366253512289186,1
4.491999999999727,TOUCH/HOLD,0.45335405806905826,0.16964452360299198,1.041349653243073,0.4536021272185362,0.1715255499465722,1.0427605190160067,0.0023643901195448524,1
4.493999999999727,TOUCH/HOLD,0.45335416722205535,0.16964726083468898,1.041349104910123,0.4536021272185362,0.1715255499465722,1.0427605190160067,0.0023625291375900127,1
4.495999999999727,TOUCH/HOLD,0.4533542764362276,0.16964999385879173,1.0413485612159634,0.4536021272185362,0.1715255499465722,1.0427605190160067,0.002360670556813168,1
4.497999999999727,TOUCH/HOLD,0.453354385711317,0.1696527226823004,1.0413480221470444,0.4536021272185362,0.1715255499465722,1.0427605190160067,0.0023588143676490686,1
4.499999999999726,TOUCH/HOLD,0.45335449504706693,0.16965544731220197,1.0413474876898476,0.4536021272185362,0.1715255499465722,1.0427605190160067,0.0023569605605805234,1
4.501999999999726,TOUCH/HOLD,0.45335460444321884,0.1696581677554709,1.0413469578308898,0.4536021272185362,0.1715255499465722,1.0427605190160067,0.002355109126136683,1
4.503999999999726,TOUCH/HOLD,0.453354713899516,0.16966088401906895,1.0413464325567208,0.4536021272185362,0.1715255499465722,1.0427605190160067,0.0023532600548932412,1
4.505999999999726,TOUCH/HOLD,0.45335482341570177,0.1696635961099454,1.041345911853925,0.4536021272185362,0.1715255499465722,1.0427605190160067,0.002351413337471445,1
4.507999999999726,TOUCH/HOLD,0.45335493299151847,0.16966630403503674,1.0413453957091194,0.4536021272185362,0.1715255499465722,1.0427605190160067,0.002349568964539652,1
4.509999999999725,TOUCH/HOLD,0.45335504262670945,0.16966900780126695,1.0413448841089539,0.4536021272185362,0.1715255499465722,1.0427605190160067,0.0023477269268122832,1
4.511999999999725,TOUCH/HOLD,0.4533551523210182,0.1696717074155475,1.041344377040113,0.4536021272185362,0.1715255499465722,1.0427605190160067,0.002345887215048614,1
4.513999999999725,TOUCH/HOLD,0.45335526207418775,0.1696744028847773,1.0413438744893142,0.4536021272185362,0.1715255499465722,1.0427605190160067,0.0023440498200537514,1
4.515999999999725,TOUCH/HOLD,0.45335537188596187,0.1696770942158429,1.0413433764433064,0.4536021272185362,0.1715255499465722,1.0427605190160067,0.0023422147326792146,1
4.5179999999997245,TOUCH/HOLD,0.453355481756084,0.169679781415618,1.0413428828888742,0.4536021272185362,0.1715255499465722,1.0427605190160067,0.002340381943820387,1
4.519999999999724,TOUCH/HOLD,0.45335559168429856,0.1696824644909644,1.0413423938128334,0.4536021272185362,0.1715255499465722,1.0427605190160067,0.0023385514444181385,1
4.521999999999724,TOUCH/HOLD,0.453355701670349,0.1696851434487312,1.0413419092020333,0.4536021272185362,0.1715255499465722,1.0427605190160067,0.002336723225458373,1
4.523999999999724,TOUCH/HOLD,0.45335581171397976,0.16968781829575513,1.0413414290433565,0.4536021272185362,0.1715255499465722,1.0427605190160067,0.0023348972779709863,1
4.525999999999724,TOUCH/HOLD,0.45335592181493484,0.16969048903886058,1.0413409533237168,0.4536021272185362,0.1715255499465722,1.0427605190160067,0.0023330735930314345,1
4.527999999999723,TOUCH/HOLD,0.4533560319729584,0.16969315568485932,1.0413404820300625,0.4536021272185362,0.1715255499465722,1.0427605190160067,0.0023312521617585825,1
4.529999999999723,TOUCH/HOLD,0.4533561421877958,0.16969581824055155,1.041340015149373,0.4536021272185362,0.1715255499465722,1.0427605190160067,0.002329432975315453,1
4.531999999999723,TOUCH/HOLD,0.453356252459191,0.16969847671272437,1.0413395526686615,0.4536021272185362,0.1715255499465722,1.0427605190160067,0.002327616024909164,1
4.533999999999723,TOUCH/HOLD,0.4533563627868891,0.169701131108153,1.0413390945749732,0.4536021272185362,0.1715255499465722,1.0427605190160067,0.002325801301790262,1
4.5359999999997225,TOUCH/HOLD,0.45335647317063543,0.1697037814336006,1.0413386408553846,0.4536021272185362,0.1715255499465722,1.0427605190160067,0.0023239887972533258,1
4.537999999999722,TOUCH/HOLD,0.45335658361017495,0.16970642769581765,1.0413381914970057,0.4536021272185362,0.1715255499465722,1.0427605190160067,0.002322178502636079,1
4.539999999999722,TOUCH/HOLD,0.4533566941052528,0.16970906990154286,1.041337746486979,0.4536021272185362,0.1715255499465722,1.0427605190160067,0.0023203704093186523,1
4.541999999999722,TOUCH/HOLD,0.45335680465561495,0.1697117080575025,1.0413373058124777,0.4536021272185362,0.1715255499465722,1.0427605190160067,0.0023185645087255066,1
4.543999999999722,TOUCH/HOLD,0.45335691526100685,0.16971434217041065,1.041336869460708,0.4536021272185362,0.1715255499465722,1.0427605190160067,0.002316760792323207,1
4.545999999999721,TOUCH/HOLD,0.45335702592117455,0.1697169722469698,1.0413364374189082,0.4536021272185362,0.1715255499465722,1.0427605190160067,0.0023149592516202386,1
4.547999999999721,TOUCH/HOLD,0.45335713663586413,0.1697195982938697,1.0413360096743476,0.4536021272185362,0.1715255499465722,1.0427605190160067,0.0023131598781690665,1
4.549999999999721,TOUCH/HOLD,0.4533572474048215,0.1697222203177884,1.0413355862143285,0.4536021272185362,0.1715255499465722,1.0427605190160067,0.0023113626635629875,1
4.551999999999721,TOUCH/HOLD,0.45335735822779305,0.16972483832539179,1.041335167026184,0.4536021272185362,0.1715255499465722,1.0427605190160067,0.0023095675994383932,1
4.5539999999997205,TOUCH/HOLD,0.4533574691045258,0.1697274523233337,1.0413347520972782,0.4536021272185362,0.1715255499465722,1.0427605190160067,0.0023077746774734717,1
4.55599999999972,TOUCH/HOLD,0.4533575800347661,0.16973006231825596,1.041334341415009,0.4536021272185362,0.1715255499465722,1.0427605190160067,0.00230598388938746,1
4.55799999999972,TOUCH/HOLD,0.45335769101826084,0.16973266831678863,1.0413339349668045,0.4536021272185362,0.1715255499465722,1.0427605190160067,0.002304195226941245,1
4.55999999999972,TOUCH/HOLD,0.4533578020547576,0.16973527032554964,1.0413335327401236,0.4536021272185362,0.1715255499465722,1.0427605190160067,0.0023024086819378783,1
4.56199999999972,TOUCH/HOLD,0.4533579131440035,0.1697378683511449,1.041333134722458,0.4536021272185362,0.1715255499465722,1.0427605190160067,0.002300624246220855,1
4.563999999999719,TOUCH/HOLD,0.4533580242857457,0.16974046240016846,1.041332740901329,0.4536021272185362,0.1715255499465722,1.0427605190160067,0.0022988419116753427,1
4.565999999999719,TOUCH/HOLD,0.4533581354797324,0.16974305247920282,1.04133235126429,0.4536021272185362,0.1715255499465722,1.0427605190160067,0.0022970616702270713,1
4.567999999999719,TOUCH/HOLD,0.453358246725711,0.1697456385948181,1.0413319657989262,0.4536021272185362,0.1715255499465722,1.0427605190160067,0.002295283513842049,1
4.569999999999719,TOUCH/HOLD,0.45335835802343005,0.16974822075357296,1.0413315844928523,0.4536021272185362,0.1715255499465722,1.0427605190160067,0.0022935074345274238,1
4.5719999999997185,TOUCH/HOLD,0.453358469372638,0.16975079896201406,1.0413312073337162,0.4536021272185362,0.1715255499465722,1.0427605190160067,0.002291733424329736,1
4.573999999999718,TOUCH/HOLD,0.45335858077308283,0.1697533732266764,1.0413308343091936,0.4536021272185362,0.1715255499465722,1.0427605190160067,0.002289961475337304,1
4.575999999999718,TOUCH/HOLD,0.45335869222451297,0.16975594355408302,1.0413304654069937,0.4536021272185362,0.1715255499465722,1.0427605190160067,0.002288191579677046,1
4.577999999999718,TOUCH/HOLD,0.45335880372667803,0.1697585099507453,1.0413301006148552,0.4536021272185362,0.1715255499465722,1.0427605190160067,0.0022864237295162505,1
4.579999999999718,TOUCH/HOLD,0.45335891527932715,0.16976107242316316,1.0413297399205481,0.4536021272185362,0.1715255499465722,1.0427605190160067,0.0022846579170613278,1
4.581999999999717,TOUCH/HOLD,0.4533590268822092,0.16976363097782438,1.0413293833118722,0.4536021272185362,0.1715255499465722,1.0427605190160067,0.0022828941345591235,1
4.583999999999717,TOUCH/HOLD,0.4533591385350737,0.1697661856212054,1.0413290307766583,0.4536021272185362,0.1715255499465722,1.0427605190160067,0.0022811323742950996,1
4.585999999999717,TOUCH/HOLD,0.4533592502376705,0.16976873635977074,1.0413286823027676,0.4536021272185362,0.1715255499465722,1.0427605190160067,0.00227937262859411,1
4.587999999999717,TOUCH/HOLD,0.45335936198974963,0.1697712831999735,1.0413283378780922,0.4536021272185362,0.1715255499465722,1.0427605190160067,0.002277614889819612,1
4.5899999999997165,TOUCH/HOLD,0.4533594737910616,0.16977382614825512,1.0413279974905538,0.4536021272185362,0.1715255499465722,1.0427605190160067,0.0022758591503741154,1
4.591999999999716,TOUCH/HOLD,0.45335958564135626,0.16977636521104536,1.0413276611281035,0.4536021272185362,0.1715255499465722,1.0427605190160067,0.002274105402699634,1
4.593999999999716,TOUCH/HOLD,0.4533596975403843,0.16977890039476254,1.041327328778725,0.4536021272185362,0.1715255499465722,1.0427605190160067,0.0022723536392747945,1
4.595999999999716,TOUCH/HOLD,0.45335980948789684,0.16978143170581333,1.0413270004304298,0.4536021272185362,0.1715255499465722,1.0427605190160067,0.0022706038526181895,1
4.597999999999716,TOUCH/HOLD,0.4533599214836446,0.16978395915059308,1.0413266760712612,0.4536021272185362,0.1715255499465722,1.0427605190160067,0.0022688560352852423,1
4.599999999999715,TOUCH/HOLD,0.4533600335273791,0.16978648273548522,1.0413263556892909,0.4536021272185362,0.1715255499465722,1.0427605190160067,0.0022671101798705526,1
4.601999999999715,TOUCH/HOLD,0.45336014561885185,0.16978900246686218,1.0413260392726202,0.4536021272185362,0.1715255499465722,1.0427605190160067,0.002265366279006392,1
4.603999999999715,TOUCH/HOLD,0.45336025775781463,0.16979151835108464,1.0413257268093827,0.4536021272185362,0.1715255499465722,1.0427605190160067,0.002263624325361417,1
4.605999999999715,TOUCH/HOLD,0.4533603699440191,0.1697940303945019,1.041325418287739,0.4536021272185362,0.1715255499465722,1.0427605190160067,0.0022618843116433934,1
4.6079999999997145,TOUCH/HOLD,0.45336048217721775,0.16979653860345195,1.0413251136958814,0.4536021272185362,0.1715255499465722,1.0427605190160067,0.002260146230595794,1
4.609999999999714,TOUCH/HOLD,0.45336059445716315,0.16979904298426135,1.0413248130220296,0.4536021272185362,0.1715255499465722,1.0427605190160067,0.0022584100750010464,1
4.611999999999714,TOUCH/HOLD,0.45336070678360746,0.16980154354324523,1.0413245162544347,0.4536021272185362,0.1715255499465722,1.0427605190160067,0.002256675837677236,1
4.613999999999714,TOUCH/HOLD,0.4533608191563041,0.1698040402867075,1.0413242233813766,0.4536021272185362,0.1715255499465722,1.0427605190160067,0.0022549435114794293,1
4.615999999999714,TOUCH/HOLD,0.4533609315750062,0.16980653322094064,1.0413239343911647,0.4536021272185362,0.1715255499465722,1.0427605190160067,0.0022532130892997304,1
4.6179999999997134,TOUCH/HOLD,0.4533610440394668,0.1698090223522257,1.0413236492721372,0.4536021272185362,0.1715255499465722,1.0427605190160067,0.002251484564066802,1
4.619999999999713,TOUCH/HOLD,0.45336115654943987,0.16981150768683287,1.0413233680126617,0.4536021272185362,0.1715255499465722,1.0427605190160067,0.002249757928745408,1
4.621999999999713,TOUCH/HOLD,0.4533612691046792,0.16981398923102065,1.0413230906011357,0.4536021272185362,0.1715255499465722,1.0427605190160067,0.00224803317633633,1
4.623999999999713,TOUCH/HOLD,0.453361381704939,0.16981646699103659,1.0413228170259847,0.4536021272185362,0.1715255499465722,1.0427605190160067,0.002246310299876855,1
4.625999999999713,TOUCH/HOLD,0.45336149434997347,0.1698189409731168,1.0413225472756635,0.4536021272185362,0.1715255499465722,1.0427605190160067,0.002244589292440136,1
4.627999999999712,TOUCH/HOLD,0.45336160703953765,0.16982141118348656,1.0413222813386567,0.4536021272185362,0.1715255499465722,1.0427605190160067,0.002242870147134226,1
4.629999999999712,TOUCH/HOLD,0.45336171977338585,0.1698238776283594,1.0413220192034767,0.4536021272185362,0.1715255499465722,1.0427605190160067,0.0022411528571038035,1
4.631999999999712,TOUCH/HOLD,0.45336183255127394,0.16982634031393845,1.041321760858665,0.4536021272185362,0.1715255499465722,1.0427605190160067,0.0022394374155282268,1
4.633999999999712,TOUCH/HOLD,0.45336194537295627,0.1698287992464148,1.0413215062927927,0.4536021272185362,0.1715255499465722,1.0427605190160067,0.0022377238156221623,1
4.6359999999997115,TOUCH/HOLD,0.45336205823818976,0.1698312544319695,1.041321255494457,0.4536021272185362,0.1715255499465722,1.0427605190160067,0.002236012050636348,1
4.637999999999711,TOUCH/HOLD,0.4533621711467294,0.1698337058767716,1.0413210084522875,0.4536021272185362,0.1715255499465722,1.0427605190160067,0.002234302113854753,1
4.639999999999711,TOUCH/HOLD,0.4533622840983319,0.1698361535869795,1.0413207651549392,0.4536021272185362,0.1715255499465722,1.0427605190160067,0.002232593998597436,1
4.641999999999711,TOUCH/HOLD,0.4533623970927534,0.1698385975687406,1.0413205255910971,0.4536021272185362,0.1715255499465722,1.0427605190160067,0.0022308876982184878,1
4.643999999999711,TOUCH/HOLD,0.45336251012975043,0.16984103782819107,1.0413202897494747,0.4536021272185362,0.1715255499465722,1.0427605190160067,0.002229183206106362,1
4.64599999999971,TOUCH/HOLD,0.4533626232090806,0.1698434743714564,1.0413200576188115,0.4536021272185362,0.1715255499465722,1.0427605190160067,0.0022274805156849635,1
4.64799999999971,TOUCH/HOLD,0.4533627363305002,0.16984590720465062,1.041319829187879,0.4536021272185362,0.1715255499465722,1.0427605190160067,0.002225779620410689,1
4.64999999999971,TOUCH/HOLD,0.4533628494937676,0.16984833633387725,1.0413196044454738,0.4536021272185362,0.1715255499465722,1.0427605190160067,0.0022240805137750614,1
4.65199999999971,TOUCH/HOLD,0.45336296269864046,0.1698507617652288,1.0413193833804215,0.4536021272185362,0.1715255499465722,1.0427605190160067,0.0022223831893033517,1
4.6539999999997095,TOUCH/HOLD,0.4533630759448764,0.16985318350478665,1.041319165981577,0.4536021272185362,0.1715255499465722,1.0427605190160067,0.0022206876405538494,1
4.655999999999709,TOUCH/HOLD,0.45336318923223395,0.16985560155862142,1.0413189522378217,0.4536021272185362,0.1715255499465722,1.0427605190160067,0.002218993861119159,1
4.657999999999709,TOUCH/HOLD,0.45336330256047164,0.16985801593279293,1.0413187421380647,0.4536021272185362,0.1715255499465722,1.0427605190160067,0.0022173018446252847,1
4.659999999999709,TOUCH/HOLD,0.45336341592934837,0.16986042663335005,1.0413185356712442,0.4536021272185362,0.1715255499465722,1.0427605190160067,0.002215611584730999,1
4.661999999999709,TOUCH/HOLD,0.45336352933862334,0.16986283366633087,1.0413183328263258,0.4536021272185362,0.1715255499465722,1.0427605190160067,0.002213923075128169,1
4.663999999999708,TOUCH/HOLD,0.4533636427880558,0.16986523703776257,1.0413181335923019,0.4536021272185362,0.1715255499465722,1.0427605190160067,0.002212236309542412,1
4.665999999999708,TOUCH/HOLD,0.45336375627740555,0.16986763675366168,1.0413179379581938,0.4536021272185362,0.1715255499465722,1.0427605190160067,0.002210551281731087,1
4.667999999999708,TOUCH/HOLD,0.45336386980643273,0.16987003282003385,1.04131774591305,0.4536021272185362,0.1715255499465722,1.0427605190160067,0.002208867985484736,1
4.669999999999708,TOUCH/HOLD,0.45336398337489714,0.1698724252428742,1.0413175574459452,0.4536021272185362,0.1715255499465722,1.0427605190160067,0.0022071864146270626,1
4.6719999999997075,TOUCH/HOLD,0.45336409698255997,0.16987481402816687,1.0413173725459834,0.4536021272185362,0.1715255499465722,1.0427605190160067,0.0022055065630129382,1
4.673999999999707,TOUCH/HOLD,0.4533642106291815,0.16987719918188532,1.0413171912022956,0.4536021272185362,0.1715255499465722,1.0427605190160067,0.00220382842452997,1
4.675999999999707,TOUCH/HOLD,0.453364324314523,0.16987958070999237,1.0413170134040386,0.4536021272185362,0.1715255499465722,1.0427605190160067,0.0022021519930985416,1
4.677999999999707,TOUCH/HOLD,0.4533644380383456,0.16988195861844035,1.0413168391403993,0.4536021272185362,0.1715255499465722,1.0427605190160067,0.00220047726266914,1
4.679999999999707,TOUCH/HOLD,0.45336455180041163,0.1698843329131707,1.0413166684005883,0.4536021272185362,0.1715255499465722,1.0427605190160067,0.0021988042272263384,1
4.681999999999706,TOUCH/HOLD,0.4533646656004825,0.16988670360011432,1.0413165011738463,0.4536021272185362,0.1715255499465722,1.0427605190160067,0.002197132880784566,1
4.683999999999706,TOUCH/HOLD,0.45336477943832076,0.16988907068519157,1.0413163374494383,0.4536021272185362,0.1715255499465722,1.0427605190160067,0.0021954632173913106,1
4.685999999999706,TOUCH/HOLD,0.45336489331368873,0.16989143417431227,1.0413161772166595,0.4536021272185362,0.1715255499465722,1.0427605190160067,0.002193795231123361,1
4.687999999999706,TOUCH/HOLD,0.4533650072263496,0.1698937940733754,1.0413160204648297,0.4536021272185362,0.1715255499465722,1.0427605190160067,0.0021921289160903214,1
4.6899999999997055,TOUCH/HOLD,0.4533651211760662,0.16989615038826972,1.0413158671832958,0.4536021272185362,0.1715255499465722,1.0427605190160067,0.002190464266432728,1
4.691999999999705,TOUCH/HOLD,0.4533652351626022,0.1698985031248734,1.0413157173614325,0.4536021272185362,0.1715255499465722,1.0427605190160067,0.0021888012763212274,1
4.693999999999705,TOUCH/HOLD,0.45336534918572113,0.16990085228905377,1.0413155709886392,0.4536021272185362,0.1715255499465722,1.0427605190160067,0.002187139939958781,1
4.695999999999705,TOUCH/HOLD,0.45336546324518684,0.1699031978866683,1.0413154280543453,0.4536021272185362,0.1715255499465722,1.0427605190160067,0.0021854802515766636,1
4.697999999999705,TOUCH/HOLD,0.4533655773407641,0.1699055399235634,1.041315288548003,0.4536021272185362,0.1715255499465722,1.0427605190160067,0.002183822205439186,1
4.699999999999704,TOUCH/HOLD,0.4533656914722175,0.16990787840557553,1.0413151524590942,0.4536021272185362,0.1715255499465722,1.0427605190160067,0.002182165795838851,1
4.701999999999704,TOUCH/HOLD,0.4533658056393118,0.16991021333853026,1.041315019777125,0.4536021272185362,0.1715255499465722,1.0427605190160067,0.0021805110171001624,1
4.703999999999704,TOUCH/HOLD,0.45336591984181207,0.16991254472824302,1.0413148904916296,0.4536021272185362,0.1715255499465722,1.0427605190160067,0.00217885786357644,1
4.705999999999704,TOUCH/HOLD,0.45336603407948417,0.16991487258051913,1.0413147645921674,0.4536021272185362,0.1715255499465722,1.0427605190160067,0.002177206329651395,1
4.7079999999997035,TOUCH/HOLD,0.4533661483520938,0.16991719690115298,1.041314642068324,0.4536021272185362,0.1715255499465722,1.0427605190160067,0.0021755564097392134,1
4.709999999999703,TOUCH/HOLD,0.45336626265940705,0.1699195176959289,1.0413145229097118,0.4536021272185362,0.1715255499465722,1.0427605190160067,0.00217390809828284,1
4.711999999999703,TOUCH/HOLD,0.45336637700119076,0.169921834970621,1.0413144071059692,0.4536021272185362,0.1715255499465722,1.0427605190160067,0.0021722613897551535,1
4.713999999999703,TOUCH/HOLD,0.45336649137721136,0.1699241487309931,1.0413142946467615,0.4536021272185362,0.1715255499465722,1.0427605190160067,0.002170616278657729,1
4.715999999999703,TOUCH/HOLD,0.453366605787236,0.16992645898279837,1.041314185521779,0.4536021272185362,0.1715255499465722,1.0427605190160067,0.002168972759522392,1
4.717999999999702,TOUCH/HOLD,0.4533667202310319,0.16992876573178012,1.0413140797207368,0.4536021272185362,0.1715255499465722,1.0427605190160067,0.00216733082691042,1
4.719999999999702,TOUCH/HOLD,0.453366834708367,0.16993106898367133,1.041313977233378,0.4536021272185362,0.1715255499465722,1.0427605190160067,0.0021656904754110214,1
4.721999999999702,TOUCH/HOLD,0.45336694921900894,0.1699333687441945,1.0413138780494713,0.4536021272185362,0.1715255499465722,1.0427605190160067,0.0021640516996424067,1
4.723999999999702,TOUCH/HOLD,0.4533670637627267,0.1699356650190624,1.04131378215881,0.4536021272185362,0.1715255499465722,1.0427605190160067,0.002162414494252021,1
4.7259999999997016,TOUCH/HOLD,0.45336717833928825,0.16993795781397714,1.041313689551214,0.4536021272185362,0.1715255499465722,1.0427605190160067,0.0021607788539158602,1
4.727999999999701,TOUCH/HOLD,0.4533672929484631,0.16994024713463102,1.0413136002165293,0.4536021272185362,0.1715255499465722,1.0427605190160067,0.002159144773337506,1
4.729999999999701,TOUCH/HOLD,0.4533674075900198,0.16994253298670586,1.0413135141446255,0.4536021272185362,0.1715255499465722,1.0427605190160067,0.002157512247250639,1
4.731999999999701,TOUCH/HOLD,0.4533675222637288,0.1699448153758739,1.0413134313253996,0.4536021272185362,0.1715255499465722,1.0427605190160067,0.002155881270415389,1
4.733999999999701,TOUCH/HOLD,0.45336763696935933,0.16994709430779664,1.041313351748774,0.4536021272185362,0.1715255499465722,1.0427605190160067,0.0021542518376204763,1
4.7359999999997004,TOUCH/HOLD,0.4533677517066821,0.16994936978812578,1.0413132754046945,0.4536021272185362,0.1715255499465722,1.0427605190160067,0.0021526239436838734,1
4.7379999999997,TOUCH/HOLD,0.45336786647546706,0.16995164182250314,1.0413132022831353,0.4536021272185362,0.1715255499465722,1.0427605190160067,0.002150997583449052,1
4.7399999999997,TOUCH/HOLD,0.45336798127548605,0.16995391041656016,1.0413131323740934,0.4536021272185362,0.1715255499465722,1.0427605190160067,0.00214937275178889,1
4.7419999999997,TOUCH/HOLD,0.4533680961065092,0.16995617557591855,1.0413130656675922,0.4536021272185362,0.1715255499465722,1.0427605190160067,0.002147749443603164,1
4.7439999999997,TOUCH/HOLD,0.4533682109683086,0.1699584373061898,1.04131300215368,0.4536021272185362,0.1715255499465722,1.0427605190160067,0.0021461276538190695,1
4.745999999999699,TOUCH/HOLD,0.45336832586065573,0.1699606956129754,1.0413129418224303,0.4536021272185362,0.1715255499465722,1.0427605190160067,0.0021445073773914197,1
4.747999999999699,TOUCH/HOLD,0.4533684407833233,0.16996295050186702,1.0413128846639415,0.4536021272185362,0.1715255499465722,1.0427605190160067,0.002142888609301706,1
4.749999999999699,TOUCH/HOLD,0.45336855573608303,0.16996520197844636,1.041312830668336,0.4536021272185362,0.1715255499465722,1.0427605190160067,0.0021412713445595256,1
4.751999999999699,TOUCH/HOLD,0.45336867071870857,0.16996745004828506,1.0413127798257635,0.4536021272185362,0.1715255499465722,1.0427605190160067,0.002139655578199507,1
4.7539999999996985,TOUCH/HOLD,0.4533687857309727,0.169969694716945,1.0413127321263962,0.4536021272185362,0.1715255499465722,1.0427605190160067,0.002138041305285019,1
4.755999999999698,TOUCH/HOLD,0.4533689007726488,0.16997193598997806,1.041312687560433,0.4536021272185362,0.1715255499465722,1.0427605190160067,0.002136428520904468,1
4.757999999999698,TOUCH/HOLD,0.4533690158435108,0.1699741738729264,1.041312646118095,0.4536021272185362,0.1715255499465722,1.0427605190160067,0.002134817220174634,1
4.759999999999698,TOUCH/HOLD,0.45336913094333225,0.1699764083713219,1.0413126077896313,0.4536021272185362,0.1715255499465722,1.0427605190160067,0.0021332073982367307,1
4.761999999999698,TOUCH/HOLD,0.45336924607188817,0.16997863949068723,1.0413125725653127,0.4536021272185362,0.1715255499465722,1.0427605190160067,0.0021315990502596364,1
4.763999999999697,TOUCH/HOLD,0.45336936122895366,0.1699808672365349,1.0413125404354362,0.4536021272185362,0.1715255499465722,1.0427605190160067,0.002129992171437639,1
4.765999999999697,TOUCH/HOLD,0.45336947641430353,0.16998309161436745,1.0413125113903225,0.4536021272185362,0.1715255499465722,1.0427605190160067,0.002128386756991689,1
4.767999999999697,TOUCH/HOLD,0.45336959162771295,0.16998531262967798,1.041312485420317,0.4536021272185362,0.1715255499465722,1.0427605190160067,0.0021267828021683476,1
4.769999999999697,TOUCH/HOLD,0.4533697068689577,0.16998753028794966,1.0413124625157903,0.4536021272185362,0.1715255499465722,1.0427605190160067,0.002125180302239452,1
4.7719999999996965,TOUCH/HOLD,0.4533698221378144,0.16998974459465596,1.0413124426671359,0.4536021272185362,0.1715255499465722,1.0427605190160067,0.0021235792525034288,1
4.773999999999696,TOUCH/HOLD,0.45336993743405934,0.1699919555552606,1.0413124258647724,0.4536021272185362,0.1715255499465722,1.0427605190160067,0.002121979648283612,1
4.775999999999696,TOUCH/HOLD,0.4533700527574689,0.16999416317521757,1.041312412099142,0.4536021272185362,0.1715255499465722,1.0427605190160067,0.0021203814849293963,1
4.777999999999696,TOUCH/HOLD,0.453370168107821,0.16999636745997126,1.0413124013607125,0.4536021272185362,0.1715255499465722,1.0427605190160067,0.0021187847578142223,1
4.779999999999696,TOUCH/HOLD,0.4533702834848921,0.1699985684149564,1.0413123936399742,0.4536021272185362,0.1715255499465722,1.0427605190160067,0.002117189462338047,1
4.781999999999695,TOUCH/HOLD,0.45337039888846115,0.17000076604559794,1.0413123889274414,0.4536021272185362,0.1715255499465722,1.0427605190160067,0.0021155955939257468,1
4.783999999999695,TOUCH/HOLD,0.45337051431830533,0.17000296035731122,1.0413123872136536,0.4536021272185362,0.1715255499465722,1.0427605190160067,0.0021140031480264857,1
4.785999999999695,TOUCH/HOLD,0.4533706297742032,0.17000515135550207,1.0413123884891735,0.4536021272185362,0.1715255499465722,1.0427605190160067,0.0021124121201146063,1
4.787999999999695,TOUCH/HOLD,0.45337074525593424,0.17000733904556667,1.041312392744588,0.4536021272185362,0.1715255499465722,1.0427605190160067,0.002110822505688914,1
4.7899999999996945,TOUCH/HOLD,0.4533708607632774,0.17000952343289172,1.0413123999705067,0.4536021272185362,0.1715255499465722,1.0427605190160067,0.002109234300273465,1
4.791999999999694,TOUCH/HOLD,0.4533709762960121,0.1700117045228543,1.0413124101575648,0.4536021272185362,0.1715255499465722,1.0427605190160067,0.0021076474994157356,1
4.793999999999694,TOUCH/HOLD,0.453371091853918,0.17001388232082182,1.0413124232964188,0.4536021272185362,0.1715255499465722,1.0427605190160067,0.0021060620986891555,1
4.795999999999694,TOUCH/HOLD,0.4533712074367754,0.17001605683215218,1.0413124393777522,0.4536021272185362,0.1715255499465722,1.0427605190160067,0.0021044780936891163,1
4.797999999999694,TOUCH/HOLD,0.45337132304436456,0.17001822806219402,1.0413124583922682,0.4536021272185362,0.1715255499465722,1.0427605190160067,0.002102895480037622,1
4.799999999999693,TOUCH/HOLD,0.453371438676467,0.17002039601628635,1.0413124803306966,0.4536021272185362,0.1715255499465722,1.0427605190160067,0.002101314253378542,1
4.801999999999693,TOUCH/HOLD,0.45337155433286375,0.1700225606997588,1.0413125051837886,0.4536021272185362,0.1715255499465722,1.0427605190160067,0.002099734409381144,1
4.803999999999693,TOUCH/HOLD,0.4533716700133364,0.1700247221179313,1.0413125329423198,0.4536021272185362,0.1715255499465722,1.0427605190160067,0.0020981559437379125,1
4.805999999999693,TOUCH/HOLD,0.45337178571766623,0.17002688027611462,1.0413125635970888,0.4536021272185362,0.1715255499465722,1.0427605190160067,0.002096578852165203,1
4.8079999999996925,TOUCH/HOLD,0.453371901445637,0.17002903517961,1.041312597138918,0.4536021272185362,0.1715255499465722,1.0427605190160067,0.002095003130402179,1
4.809999999999692,TOUCH/HOLD,0.4533720171970296,0.17003118683370907,1.0413126335586533,0.4536021272185362,0.1715255499465722,1.0427605190160067,0.0020934287742121267,1
4.811999999999692,TOUCH/HOLD,0.45337213297162804,0.17003333524369482,1.0413126728471624,0.4536021272185362,0.1715255499465722,1.0427605190160067,0.0020918557793814154,1
4.813999999999692,TOUCH/HOLD,0.45337224876921534,0.17003548041483987,1.0413127149953365,0.4536021272185362,0.1715255499465722,1.0427605190160067,0.002090284141720475,1
4.815999999999692,TOUCH/HOLD,0.4533723645895752,0.1700376223524085,1.0413127599940906,0.4536021272185362,0.1715255499465722,1.0427605190160067,0.002088713857061473,1
4.817999999999691,TOUCH/HOLD,0.4533724804324917,0.1700397610616547,1.0413128078343628,0.4536021272185362,0.1715255499465722,1.0427605190160067,0.002087144921260159,1
4.819999999999691,TOUCH/HOLD,0.45337259629774906,0.17004189654782395,1.0413128585071136,0.4536021272185362,0.1715255499465722,1.0427605190160067,0.0020855773301950028,1
4.821999999999691,TOUCH/HOLD,0.4533727121851324,0.17004402881615197,1.041312912003326,0.4536021272185362,0.1715255499465722,1.0427605190160067,0.002084011079768018,1
4.823999999999691,TOUCH/HOLD,0.45337282809442603,0.17004615787186536,1.0413129683140065,0.4536021272185362,0.1715255499465722,1.0427605190160067,0.0020824461659030707,1
4.8259999999996905,TOUCH/HOLD,0.45337294402541606,0.17004828372018163,1.0413130274301847,0.4536021272185362,0.1715255499465722,1.0427605190160067,0.002080882584546415,1
4.82799999999969,TOUCH/HOLD,0.4533730599778882,0.1700504063663088,1.041313089342912,0.4536021272185362,0.1715255499465722,1.0427605190160067,0.00207932033166752,1
4.82999999999969,TOUCH/HOLD,0.45337317595162807,0.1700525258154458,1.0413131540432627,0.4536021272185362,0.1715255499465722,1.0427605190160067,0.002077759403257699,1
4.83199999999969,TOUCH/HOLD,0.4533732919464225,0.17005464207278229,1.0413132215223353,0.4536021272185362,0.1715255499465722,1.0427605190160067,0.0020761997953299698,1
4.83399999999969,TOUCH/HOLD,0.4533734079620587,0.17005675514349888,1.0413132917712484,0.4536021272185362,0.1715255499465722,1.0427605190160067,0.002074641503920517,1
4.835999999999689,TOUCH/HOLD,0.45337352399832315,0.17005886503276693,1.0413133647811441,0.4536021272185362,0.1715255499465722,1.0427605190160067,0.0020730845250873484,1
4.837999999999689,TOUCH/HOLD,0.4533736400550039,0.17006097174574855,1.0413134405431876,0.4536021272185362,0.1715255499465722,1.0427605190160067,0.002071528854909672,1
4.839999999999689,TOUCH/HOLD,0.4533737561318888,0.17006307528759693,1.0413135190485667,0.4536021272185362,0.1715255499465722,1.0427605190160067,0.0020699744894884125,1
4.841999999999689,TOUCH/HOLD,0.45337387222876585,0.17006517566345616,1.0413136002884893,0.4536021272185362,0.1715255499465722,1.0427605190160067,0.0020684214249476578,1
4.8439999999996886,TOUCH/HOLD,0.453373988345424,0.1700672728784609,1.0413136842541884,0.4536021272185362,0.1715255499465722,1.0427605190160067,0.0020668696574313306,1
4.845999999999688,TOUCH/HOLD,0.45337410448165194,0.1700693669377371,1.0413137709369176,0.4536021272185362,0.1715255499465722,1.0427605190160067,0.0020653191831057154,1
4.847999999999688,TOUCH/HOLD,0.45337422063723903,0.17007145784640154,1.0413138603279526,0.4536021272185362,0.1715255499465722,1.0427605190160067,0.0020637699981586825,1
4.849999999999688,TOUCH/HOLD,0.4533743368119749,0.17007354560956184,1.041313952418593,0.4536021272185362,0.1715255499465722,1.0427605190160067,0.002062222098798131,1
4.851999999999688,TOUCH/HOLD,0.45337445300565027,0.17007563023231678,1.0413140472001579,0.4536021272185362,0.1715255499465722,1.0427605190160067,0.0020606754812548637,1
4.8539999999996875,TOUCH/HOLD,0.4533745692180548,0.17007771171975603,1.041314144663991,0.4536021272185362,0.1715255499465722,1.0427605190160067,0.002059130141778821,1
4.855999999999687,TOUCH/HOLD,0.4533746854489794,0.17007979007696028,1.0413142448014565,0.4536021272185362,0.1715255499465722,1.0427605190160067,0.0020575860766423194,1
4.857999999999687,TOUCH/HOLD,0.45337480169821515,0.17008186530900113,1.0413143476039395,0.4536021272185362,0.1715255499465722,1.0427605190160067,0.002056043282138927,1
4.859999999999687,TOUCH/HOLD,0.45337491796555385,0.17008393742094147,1.04131445306285,0.4536021272185362,0.1715255499465722,1.0427605190160067,0.0020545017545807683,1
4.861999999999687,TOUCH/HOLD,0.4533750342507871,0.17008600641783517,1.0413145611696168,0.4536021272185362,0.1715255499465722,1.0427605190160067,0.0020529614903028017,1
4.863999999999686,TOUCH/HOLD,0.4533751505537072,0.17008807230472706,1.0413146719156925,0.4536021272185362,0.1715255499465722,1.0427605190160067,0.002051422485659341,1
4.865999999999686,TOUCH/HOLD,0.4533752668741069,0.17009013508665316,1.0413147852925502,0.4536021272185362,0.1715255499465722,1.0427605190160067,0.0020498847370256277,1
4.867999999999686,TOUCH/HOLD,0.4533753832117786,0.17009219476864063,1.0413149012916858,0.4536021272185362,0.1715255499465722,1.0427605190160067,0.002048348240796628,1
4.869999999999686,TOUCH/HOLD,0.4533754995665163,0.17009425135570758,1.0413150199046148,0.4536021272185362,0.1715255499465722,1.0427605190160067,0.0020468129933889786,1
4.8719999999996855,TOUCH/HOLD,0.45337561593811326,0.17009630485286364,1.0413151411228772,0.4536021272185362,0.1715255499465722,1.0427605190160067,0.002045278991237282,1
4.873999999999685,TOUCH/HOLD,0.4533757323263633,0.1700983552651091,1.0413152649380315,0.4536021272185362,0.1715255499465722,1.0427605190160067,0.002043746230798388,1
4.875999999999685,TOUCH/HOLD,0.4533758487310614,0.170100402597436,1.0413153913416602,0.4536021272185362,0.1715255499465722,1.0427605190160067,0.002042214708547113,1
4.877999999999685,TOUCH/HOLD,0.45337596515200157,0.1701024468548269,1.041315520325365,0.4536021272185362,0.1715255499465722,1.0427605190160067,0.0020406844209800395,1
4.879999999999685,TOUCH/HOLD,0.4533760815889795,0.17010448804225622,1.041315651880771,0.4536021272185362,0.1715255499465722,1.0427605190160067,0.0020391553646116507,1
4.881999999999684,TOUCH/HOLD,0.4533761980417905,0.17010652616468935,1.041315785999523,0.4536021272185362,0.1715255499465722,1.0427605190160067,0.002037627535977146,1
4.883999999999684,TOUCH/HOLD,0.45337631451023047,0.1701085612270828,1.0413159226732878,0.4536021272185362,0.1715255499465722,1.0427605190160067,0.002036100931631265,1
4.885999999999684,TOUCH/HOLD,0.4533764309940953,0.1701105932343845,1.0413160618937531,0.4536021272185362,0.1715255499465722,1.0427605190160067,0.002034575548147852,1
4.887999999999684,TOUCH/HOLD,0.45337654749318224,0.1701126221915336,1.0413162036526287,0.4536021272185362,0.1715255499465722,1.0427605190160067,0.0020330513821197765,1
4.8899999999996835,TOUCH/HOLD,0.4533766640072874,0.17011464810346064,1.0413163479416436,0.4536021272185362,0.1715255499465722,1.0427605190160067,0.0020315284301602576,1
4.891999999999683,TOUCH/HOLD,0.45337678053620867,0.17011667097508737,1.0413164947525497,0.4536021272185362,0.1715255499465722,1.0427605190160067,0.0020300066889005083,1
4.893999999999683,TOUCH/HOLD,0.45337689707974355,0.17011869081132683,1.0413166440771182,0.4536021272185362,0.1715255499465722,1.0427605190160067,0.0020284861549920204,1
4.895999999999683,TOUCH/HOLD,0.45337701363769006,0.1701207076170836,1.0413167959071439,0.4536021272185362,0.1715255499465722,1.0427605190160067,0.002026966825103228,1
4.897999999999683,TOUCH/HOLD,0.4533771302098465,0.17012272139725335,1.041316950234439,0.4536021272185362,0.1715255499465722,1.0427605190160067,0.002025448695924006,1
4.899999999999682,TOUCH/HOLD,0.4533772467960119,0.17012473215672344,1.0413171070508391,0.4536021272185362,0.1715255499465722,1.0427605190160067,0.0020239317641611724,1
4.901999999999682,TOUCH/HOLD,0.4533773633959856,0.17012673990037244,1.0413172663482007,0.4536021272185362,0.1715255499465722,1.0427605190160067,0.0020224160265401277,1
4.903999999999682,TOUCH/HOLD,0.4533774800095656,0.17012874463307026,1.0413174281183983,0.4536021272185362,0.1715255499465722,1.0427605190160067,0.0020209014798069206,1
4.905999999999682,TOUCH/HOLD,0.4533775966365542,0.1701307463596785,1.041317592353331,0.4536021272185362,0.1715255499465722,1.0427605190160067,0.0020193881207229577,1
4.9079999999996815,TOUCH/HOLD,0.4533777132767499,0.1701327450850499,1.0413177590449152,0.4536021272185362,0.1715255499465722,1.0427605190160067,0.0020178759460710936,1
4.909999999999681,TOUCH/HOLD,0.45337782992995385,0.17013474081402893,1.0413179281850888,0.4536021272185362,0.1715255499465722,1.0427605190160067,0.0020163649526510835,1
4.911999999999681,TOUCH/HOLD,0.45337794659596675,0.17013673355145129,1.0413180997658116,0.4536021272185362,0.1715255499465722,1.0427605190160067,0.00201485513728057,1
4.913999999999681,TOUCH/HOLD,0.4533780632745903,0.17013872330214433,1.0413182737790632,0.4536021272185362,0.1715255499465722,1.0427605190160067,0.00201334649679536,1
4.915999999999681,TOUCH/HOLD,0.4533781799656261,0.17014071007092701,1.0413184502168429,0.4536021272185362,0.1715255499465722,1.0427605190160067,0.0020118390280499283,1
4.91799999999968,TOUCH/HOLD,0.4533782966688763,0.17014269386260966,1.0413186290711698,0.4536021272185362,0.1715255499465722,1.0427605190160067,0.002010332727917252,1
4.91999999999968,TOUCH/HOLD,0.45337841338414336,0.170144674681994,1.0413188103340867,0.4536021272185362,0.1715255499465722,1.0427605190160067,0.0020088275932857794,1
4.92199999999968,TOUCH/HOLD,0.4533785301112297,0.17014665253387357,1.0413189939976524,0.4536021272185362,0.1715255499465722,1.0427605190160067,0.0020073236210647323,1
4.92399999999968,TOUCH/HOLD,0.45337864684993917,0.1701486274230336,1.0413191800539492,0.4536021272185362,0.1715255499465722,1.0427605190160067,0.0020058208081783747,1
4.9259999999996795,TOUCH/HOLD,0.45337876360007523,0.17015059935425056,1.041319368495078,0.4536021272185362,0.1715255499465722,1.0427605190160067,0.0020043191515702174,1
4.927999999999679,TOUCH/HOLD,0.4533788803614411,0.1701525683322926,1.0413195593131603,0.4536021272185362,0.1715255499465722,1.0427605190160067,0.0020028186482005674,1
4.929999999999679,TOUCH/HOLD,0.4533789971338417,0.17015453436191963,1.041319752500338,0.4536021272185362,0.1715255499465722,1.0427605190160067,0.002001319295047271,1
4.931999999999679,TOUCH/HOLD,0.4533791139170815,0.17015649744788308,1.0413199480487716,0.4536021272185362,0.1715255499465722,1.0427605190160067,0.0019998210891060964,1
4.933999999999679,TOUCH/HOLD,0.4533792307109661,0.17015845759492632,1.0413201459506436,0.4536021272185362,0.1715255499465722,1.0427605190160067,0.001998324027388778,1
4.935999999999678,TOUCH/HOLD,0.45337934751530024,0.170160414807784,1.0413203461981555,0.4536021272185362,0.1715255499465722,1.0427605190160067,0.001996828106925042,1
4.937999999999678,TOUCH/HOLD,0.4533794643298899,0.17016236909118262,1.0413205487835286,0.4536021272185362,0.1715255499465722,1.0427605190160067,0.001995333324761566,1
4.939999999999678,TOUCH/HOLD,0.45337958115454136,0.17016432044984042,1.0413207536990046,0.4536021272185362,0.1715255499465722,1.0427605190160067,0.0019938396779617647,1
4.941999999999678,TOUCH/HOLD,0.4533796979890612,0.17016626888846714,1.0413209609368448,0.4536021272185362,0.1715255499465722,1.0427605190160067,0.0019923471636059207,1
4.9439999999996775,TOUCH/HOLD,0.4533798148332559,0.17016821441176472,1.0413211704893293,0.4536021272185362,0.1715255499465722,1.0427605190160067,0.0019908557787918263,1
4.945999999999677,TOUCH/HOLD,0.4533799316869334,0.17017015702442653,1.0413213823487588,0.4536021272185362,0.1715255499465722,1.0427605190160067,0.0019893655206332313,1
4.947999999999677,TOUCH/HOLD,0.453380048549901,0.17017209673113765,1.0413215965074547,0.4536021272185362,0.1715255499465722,1.0427605190160067,0.001987876386260135,1
4.949999999999677,TOUCH/HOLD,0.45338016542196646,0.17017403353657487,1.0413218129577562,0.4536021272185362,0.1715255499465722,1.0427605190160067,0.0019863883728202534,1
4.951999999999677,TOUCH/HOLD,0.45338028230293836,0.1701759674454071,1.0413220316920226,0.4536021272185362,0.1715255499465722,1.0427605190160067,0.0019849014774770586,1
4.953999999999676,TOUCH/HOLD,0.4533803991926257,0.17017789846229497,1.0413222527026336,0.4536021272185362,0.1715255499465722,1.0427605190160067,0.0019834156974101263,1
4.955999999999676,TOUCH/HOLD,0.4533805160908375,0.17017982659189074,1.0413224759819877,0.4536021272185362,0.1715255499465722,1.0427605190160067,0.0019819310298155686,1
4.957999999999676,TOUCH/HOLD,0.45338063299738335,0.1701817518388388,1.041322701522502,0.4536021272185362,0.1715255499465722,1.0427605190160067,0.0019804474719063974,1
4.959999999999676,TOUCH/HOLD,0.4533807499120728,0.17018367420777494,1.0413229293166149,0.4536021272185362,0.1715255499465722,1.0427605190160067,0.001978965020910524,1
4.961999999999676,TOUCH/HOLD,0.45338086683471657,0.17018559370332734,1.0413231593567829,0.4536021272185362,0.1715255499465722,1.0427605190160067,0.001977483674072452,1
4.963999999999675,TOUCH/HOLD,0.453380983765125,0.17018751033011578,1.0413233916354818,0.4536021272185362,0.1715255499465722,1.0427605190160067,0.0019760034286528823,1
4.965999999999675,TOUCH/HOLD,0.45338110070310916,0.17018942409275203,1.041323626145207,0.4536021272185362,0.1715255499465722,1.0427605190160067,0.001974524281928083,1
4.967999999999675,TOUCH/HOLD,0.45338121764848033,0.17019133499583963,1.0413238628784733,0.4536021272185362,0.1715255499465722,1.0427605190160067,0.0019730462311899895,1
4.969999999999675,TOUCH/HOLD,0.45338133460105,0.17019324304397437,1.0413241018278137,0.4536021272185362,0.1715255499465722,1.0427605190160067,0.001971569273746881,1
4.9719999999996745,TOUCH/HOLD,0.45338145156063125,0.17019514824174373,1.041324342985781,0.4536021272185362,0.1715255499465722,1.0427605190160067,0.0019700934069219237,1
4.973999999999674,TOUCH/HOLD,0.4533815685270355,0.17019705059372714,1.0413245863449478,0.4536021272185362,0.1715255499465722,1.0427605190160067,0.0019686186280538543,1
4.975999999999674,TOUCH/HOLD,0.4533816855000763,0.17019895010449626,1.0413248318979045,0.4536021272185362,0.1715255499465722,1.0427605190160067,0.0019671449344972757,1
4.977999999999674,TOUCH/HOLD,0.45338180247956644,0.17020084677861452,1.0413250796372606,0.4536021272185362,0.1715255499465722,1.0427605190160067,0.0019656723236221993,1
4.979999999999674,TOUCH/HOLD,0.45338191946531986,0.17020274062063737,1.041325329555645,0.4536021272185362,0.1715255499465722,1.0427605190160067,0.0019642007928137297,1
4.981999999999673,TOUCH/HOLD,0.45338203645715064,0.17020463163511235,1.0413255816457059,0.4536021272185362,0.1715255499465722,1.0427605190160067,0.0019627303394718367,1
4.983999999999673,TOUCH/HOLD,0.4533821534548728,0.17020651982657914,1.041325835900109,0.4536021272185362,0.1715255499465722,1.0427605190160067,0.0019612609610124157,1
4.985999999999673,TOUCH/HOLD,0.45338227045830115,0.1702084051995692,1.0413260923115404,0.4536021272185362,0.1715255499465722,1.0427605190160067,0.001959792654865535,1
4.987999999999673,TOUCH/HOLD,0.45338238746725107,0.17021028775860642,1.0413263508727033,0.4536021272185362,0.1715255499465722,1.0427605190160067,0.0019583254184771877,1
4.9899999999996725,TOUCH/HOLD,0.45338250448153783,0.17021216750820636,1.041326611576321,0.4536021272185362,0.1715255499465722,1.0427605190160067,0.001956859249307655,1
4.991999999999672,TOUCH/HOLD,0.45338262150097725,0.17021404445287716,1.0413268744151345,0.4536021272185362,0.1715255499465722,1.0427605190160067,0.001955394144832066,1
4.993999999999672,TOUCH/HOLD,0.45338273852538546,0.17021591859711854,1.0413271393819035,0.4536021272185362,0.1715255499465722,1.0427605190160067,0.0019539301025411023,1
4.995999999999672,TOUCH/HOLD,0.45338285555457913,0.17021778994542286,1.041327406469408,0.4536021272185362,0.1715255499465722,1.0427605190160067,0.0019524671199380886,1
4.997999999999672,TOUCH/HOLD,0.45338297258837584,0.17021965850227436,1.041327675670444,0.4536021272185362,0.1715255499465722,1.0427605190160067,0.0019510051945432398,1
4.999999999999671,TOUCH/HOLD,0.453383089626592,0.17022152427214937,1.041327946977827,0.4536021272185362,0.1715255499465722,1.0427605190160067,0.001949544323890409,1
5.001999999999671,TOUCH/HOLD,0.45338320666904613,0.17022338725951677,1.0413282203843917,0.4536021272185362,0.1715255499465722,1.0427605190160067,0.0019480845055271435,1
5.003999999999671,TOUCH/HOLD,0.45338332371555545,0.17022524746883694,1.0413284958829894,0.4536021272185362,0.1715255499465722,1.0427605190160067,0.0019466257370172745,1
5.005999999999671,TOUCH/HOLD,0.4533834407659393,0.1702271049045633,1.0413287734664918,0.4536021272185362,0.1715255499465722,1.0427605190160067,0.001945168015936636,1
5.0079999999996705,TOUCH/HOLD,0.45338355782001616,0.17022895957114084,1.041329053127788,0.4536021272185362,0.1715255499465722,1.0427605190160067,0.0019437113398765925,1
5.00999999999967,TOUCH/HOLD,0.4533836748776051,0.1702308114730072,1.0413293348597843,0.4536021272185362,0.1715255499465722,1.0427605190160067,0.0019422557064428733,1
5.01199999999967,TOUCH/HOLD,0.453383791938526,0.1702326606145919,1.041329618655407,0.4536021272185362,0.1715255499465722,1.0427605190160067,0.0019408011132544887,1
5.01399999999967,TOUCH/HOLD,0.45338390900259873,0.17023450700031706,1.0413299045075999,0.4536021272185362,0.1715255499465722,1.0427605190160067,0.00193934755794477,1
5.01599999999967,TOUCH/HOLD,0.45338402606964356,0.17023635063459697,1.0413301924093248,0.4536021272185362,0.1715255499465722,1.0427605190160067,0.0019378950381607545,1
5.017999999999669,TOUCH/HOLD,0.4533841431394812,0.1702381915218381,1.0413304823535616,0.4536021272185362,0.1715255499465722,1.0427605190160067,0.0019364435515636632,1
5.019999999999669,TOUCH/HOLD,0.45338426021193273,0.17024002966643925,1.0413307743333073,0.4536021272185362,0.1715255499465722,1.0427605190160067,0.0019349930958292088,1
5.021999999999669,TOUCH/HOLD,0.4533843772868197,0.1702418650727918,1.0413310683415797,0.4536021272185362,0.1715255499465722,1.0427605190160067,0.00193354366864445,1
5.023999999999669,TOUCH/HOLD,0.45338449436396394,0.1702436977452791,1.0413313643714106,0.4536021272185362,0.1715255499465722,1.0427605190160067,0.0019320952677132721,1
5.0259999999996685,TOUCH/HOLD,0.45338461144318737,0.17024552768827708,1.0413316624158533,0.4536021272185362,0.1715255499465722,1.0427605190160067,0.0019306478907503233,1
5.027999999999668,TOUCH/HOLD,0.4533847285243129,0.170247354906154,1.0413319624679769,0.4536021272185362,0.1715255499465722,1.0427605190160067,0.0019292015354852696,1
5.029999999999668,TOUCH/HOLD,0.45338484560716363,0.17024917940327042,1.0413322645208691,0.4536021272185362,0.1715255499465722,1.0427605190160067,0.0019277561996606256,1
5.031999999999668,TOUCH/HOLD,0.4533849626915627,0.1702510011839794,1.0413325685676356,0.4536021272185362,0.1715255499465722,1.0427605190160067,0.0019263118810322374,1
5.033999999999668,TOUCH/HOLD,0.4533850797773335,0.1702528202526263,1.0413328746013981,0.4536021272185362,0.1715255499465722,1.0427605190160067,0.0019248685773702815,1
5.035999999999667,TOUCH/HOLD,0.45338519686430057,0.1702546366135491,1.041333182615299,0.4536021272185362,0.1715255499465722,1.0427605190160067,0.0019234262864560845,1
5.037999999999667,TOUCH/HOLD,0.4533853139522878,0.17025645027107789,1.0413334926024957,0.4536021272185362,0.1715255499465722,1.0427605190160067,0.0019219850060859381,1
5.039999999999667,TOUCH/HOLD,0.4533854310411205,0.17025826122953555,1.0413338045561638,0.4536021272185362,0.1715255499465722,1.0427605190160067,0.0019205447340689779,1
5.041999999999667,TOUCH/HOLD,0.4533855481306241,0.1702600694932373,1.0413341184694982,0.4536021272185362,0.1715255499465722,1.0427605190160067,0.001919105468225621,1
5.0439999999996665,TOUCH/HOLD,0.45338566522062346,0.17026187506649065,1.041334434335709,0.4536021272185362,0.1715255499465722,1.0427605190160067,0.0019176672063915647,1
5.045999999999666,TOUCH/HOLD,0.4533857823109448,0.17026367795359587,1.0413347521480245,0.4536021272185362,0.1715255499465722,1.0427605190160067,0.001916229946414233,1
5.047999999999666,TOUCH/HOLD,0.4533858994014147,0.17026547815884582,1.0413350718996912,0.4536021272185362,0.1715255499465722,1.0427605190160067,0.0019147936861535176,1
5.049999999999666,TOUCH/HOLD,0.4533860164918593,0.17026727568652544,1.041335393583973,0.4536021272185362,0.1715255499465722,1.0427605190160067,0.0019133584234821734,1
5.051999999999666,TOUCH/HOLD,0.45338613358210594,0.17026907054091248,1.0413357171941504,0.4536021272185362,0.1715255499465722,1.0427605190160067,0.0019119241562861589,1
5.053999999999665,TOUCH/HOLD,0.4533862506719827,0.1702708627262776,1.0413360427235208,0.4536021272185362,0.1715255499465722,1.0427605190160067,0.0019104908824637567,1
5.055999999999665,TOUCH/HOLD,0.45338636776131613,0.17027265224688315,1.0413363701654,0.4536021272185362,0.1715255499465722,1.0427605190160067,0.0019090585999258297,1
5.057999999999665,TOUCH/HOLD,0.45338648484993505,0.17027443910698495,1.0413366995131204,0.4536021272185362,0.1715255499465722,1.0427605190160067,0.001907627306595372,1
5.059999999999665,TOUCH/HOLD,0.45338660193766817,0.17027622331083087,1.041337030760032,0.4536021272185362,0.1715255499465722,1.0427605190160067,0.0019061970004078715,1
5.0619999999996645,TOUCH/HOLD,0.45338671902434385,0.17027800486266154,1.041337363899503,0.4536021272185362,0.1715255499465722,1.0427605190160067,0.0019047676793104951,1
5.063999999999664,TOUCH/HOLD,0.45338683610979214,0.17027978376671027,1.0413376989249148,0.4536021272185362,0.1715255499465722,1.0427605190160067,0.0019033393412649765,1
5.065999999999664,TOUCH/HOLD,0.4533869531938423,0.17028156002720302,1.0413380358296702,0.4536021272185362,0.1715255499465722,1.0427605190160067,0.0019019119842425076,1
5.067999999999664,TOUCH/HOLD,0.4533870702763238,0.17028333364835815,1.0413383746071874,0.4536021272185362,0.1715255499465722,1.0427605190160067,0.0019004856062276845,1
5.069999999999664,TOUCH/HOLD,0.4533871873570681,0.17028510463438706,1.0413387152509013,0.4536021272185362,0.1715255499465722,1.0427605190160067,0.0018990602052168168,1
5.0719999999996634,TOUCH/HOLD,0.45338730443590514,0.17028687298949347,1.0413390577542643,0.4536021272185362,0.1715255499465722,1.0427605190160067,0.0018976357792183723,1
5.073999999999663,TOUCH/HOLD,0.4533874215126666,0.1702886387178741,1.041339402110744,0.4536021272185362,0.1715255499465722,1.0427605190160067,0.0018962123262535326,1
5.075999999999663,TOUCH/HOLD,0.4533875385871838,0.17029040182371824,1.0413397483138283,0.4536021272185362,0.1715255499465722,1.0427605190160067,0.0018947898443532393,1
5.077999999999663,TOUCH/HOLD,0.4533876556592884,0.17029216231120764,1.0413400963570185,0.4536021272185362,0.1715255499465722,1.0427605190160067,0.0018933683315624516,1
5.079999999999663,TOUCH/HOLD,0.4533877727288126,0.1702939201845173,1.041340446233834,0.4536021272185362,0.1715255499465722,1.0427605190160067,0.001891947785936978,1
5.081999999999662,TOUCH/HOLD,0.45338788979558975,0.1702956754478146,1.041340797937812,0.4536021272185362,0.1715255499465722,1.0427605190160067,0.0018905282055435041,1
5.083999999999662,TOUCH/HOLD,0.4533880068594518,0.1702974281052596,1.0413411514625046,0.4536021272185362,0.1715255499465722,1.0427605190160067,0.0018891095884617536,1
5.085999999999662,TOUCH/HOLD,0.453388123920233,0.1702991781610056,1.0413415068014813,0.4536021272185362,0.1715255499465722,1.0427605190160067,0.001887691932782183,1
5.087999999999662,TOUCH/HOLD,0.4533882409777669,0.17030092561919824,1.0413418639483294,0.4536021272185362,0.1715255499465722,1.0427605190160067,0.0018862752366060483,1
5.0899999999996615,TOUCH/HOLD,0.4533883580318871,0.17030267048397615,1.0413422228966502,0.4536021272185362,0.1715255499465722,1.0427605190160067,0.0018848594980479519,1
5.091999999999661,TOUCH/HOLD,0.45338847508242874,0.1703044127594707,1.041342583640064,0.4536021272185362,0.1715255499465722,1.0427605190160067,0.0018834447152319737,1
5.093999999999661,TOUCH/HOLD,0.453388592129226,0.1703061524498061,1.0413429461722064,0.4536021272185362,0.1715255499465722,1.0427605190160067,0.0018820308862945163,1
5.095999999999661,TOUCH/HOLD,0.4533887091721148,0.17030788955909948,1.0413433104867296,0.4536021272185362,0.1715255499465722,1.0427605190160067,0.0018806180093827,1
5.097999999999661,TOUCH/HOLD,0.4533888262109301,0.17030962409146067,1.0413436765773019,0.4536021272185362,0.1715255499465722,1.0427605190160067,0.0018792060826555777,1
5.09999999999966,TOUCH/HOLD,0.453388943245508,0.1703113560509925,1.0413440444376092,0.4536021272185362,0.1715255499465722,1.0427605190160067,0.001877795104282046,1
5.10199999999966,TOUCH/HOLD,0.45338906027568504,0.1703130854417907,1.0413444140613526,0.4536021272185362,0.1715255499465722,1.0427605190160067,0.0018763850724430487,1
5.10399999999966,TOUCH/HOLD,0.4533891773012979,0.17031481226794387,1.0413447854422497,0.4536021272185362,0.1715255499465722,1.0427605190160067,0.0018749759853301986,1
5.10599999999966,TOUCH/HOLD,0.4533892943221832,0.17031653653353332,1.0413451585740348,0.4536021272185362,0.1715255499465722,1.0427605190160067,0.0018735678411461638,1
5.1079999999996595,TOUCH/HOLD,0.45338941133817934,0.17031825824263372,1.041345533450458,0.4536021272185362,0.1715255499465722,1.0427605190160067,0.0018721606381040142,1
5.109999999999659,TOUCH/HOLD,0.4533895283491229,0.170319977399312,1.0413459100652855,0.4536021272185362,0.1715255499465722,1.0427605190160067,0.0018707543744286217,1
5.111999999999659,TOUCH/HOLD,0.4533896453548524,0.1703216940076287,1.0413462884123004,0.4536021272185362,0.1715255499465722,1.0427605190160067,0.0018693490483544864,1
5.113999999999659,TOUCH/HOLD,0.453389762355207,0.1703234080716371,1.0413466684853008,0.4536021272185362,0.1715255499465722,1.0427605190160067,0.0018679446581274584,1
5.115999999999659,TOUCH/HOLD,0.453389879350025,0.17032511959538316,1.0413470502781024,0.4536021272185362,0.1715255499465722,1.0427605190160067,0.0018665412020034318,1
5.117999999999658,TOUCH/HOLD,0.4533899963391457,0.17032682858290635,1.0413474337845345,0.4536021272185362,0.1715255499465722,1.0427605190160067,0.0018651386782501766,1
5.119999999999658,TOUCH/HOLD,0.453390113322409,0.17032853503823867,1.0413478189984453,0.4536021272185362,0.1715255499465722,1.0427605190160067,0.0018637370851442233,1
5.121999999999658,TOUCH/HOLD,0.45339023029965453,0.17033023896540547,1.041348205913697,0.4536021272185362,0.1715255499465722,1.0427605190160067,0.0018623364209737563,1
5.123999999999658,TOUCH/HOLD,0.4533903472707227,0.17033194036842483,1.0413485945241678,0.4536021272185362,0.1715255499465722,1.0427605190160067,0.0018609366840372677,1
5.1259999999996575,TOUCH/HOLD,0.4533904642354545,0.17033363925130818,1.0413489848237534,0.4536021272185362,0.1715255499465722,1.0427605190160067,0.0018595378726426147,1
5.127999999999657,TOUCH/HOLD,0.45339058119369113,0.17033533561805975,1.041349376806363,0.4536021272185362,0.1715255499465722,1.0427605190160067,0.00185813998510934,1
5.129999999999657,TOUCH/HOLD,0.45339069814527344,0.17033702947267707,1.0413497704659234,0.4536021272185362,0.1715255499465722,1.0427605190160067,0.00185674301976635,1
5.131999999999657,TOUCH/HOLD,0.4533908150900441,0.1703387208191504,1.0413501657963768,0.4536021272185362,0.1715255499465722,1.0427605190160067,0.0018553469749524158,1
5.133999999999657,TOUCH/HOLD,0.4533909320278445,0.1703404096614634,1.04135056279168,0.4536021272185362,0.1715255499465722,1.0427605190160067,0.0018539518490179405,1
5.135999999999656,TOUCH/HOLD,0.45339104895851745,0.1703420960035929,1.0413509614458072,0.4536021272185362,0.1715255499465722,1.0427605190160067,0.0018525576403212675,1
5.137999999999656,TOUCH/HOLD,0.4533911658819059,0.17034377984950844,1.0413513617527468,0.4536021272185362,0.1715255499465722,1.0427605190160067,0.0018511643472326454,1
5.139999999999656,TOUCH/HOLD,0.4533912827978533,0.17034546120317312,1.041351763706504,0.4536021272185362,0.1715255499465722,1.0427605190160067,0.0018497719681308488,1
5.141999999999656,TOUCH/HOLD,0.4533913997062028,0.17034714006854282,1.041352167301099,0.4536021272185362,0.1715255499465722,1.0427605190160067,0.001848380501405213,1
5.1439999999996555,TOUCH/HOLD,0.45339151660679944,0.17034881644956695,1.041352572530567,0.4536021272185362,0.1715255499465722,1.0427605190160067,0.0018469899454551623,1
5.145999999999655,TOUCH/HOLD,0.4533916334994862,0.17035049035018773,1.0413529793889598,0.4536021272185362,0.1715255499465722,1.0427605190160067,0.0018456002986893766,1
5.147999999999655,TOUCH/HOLD,0.45339175038410895,0.1703521617743408,1.041353387870344,0.4536021272185362,0.1715255499465722,1.0427605190160067,0.0018442115595262603,1
5.149999999999655,TOUCH/HOLD,0.4533918672605124,0.17035383072595492,1.0413537979688017,0.4536021272185362,0.1715255499465722,1.0427605190160067,0.0018428237263943353,1
5.151999999999655,TOUCH/HOLD,0.4533919841285415,0.17035549720895202,1.0413542096784305,0.4536021272185362,0.1715255499465722,1.0427605190160067,0.0018414367977313694,1
5.153999999999654,TOUCH/HOLD,0.45339210098804283,0.17035716122724737,1.041354622993343,0.4536021272185362,0.1715255499465722,1.0427605190160067,0.0018400507719849672,1
5.155999999999654,TOUCH/HOLD,0.4533922178388626,0.1703588227847494,1.0413550379076677,0.4536021272185362,0.1715255499465722,1.0427605190160067,0.001838665647611886,1
5.157999999999654,TOUCH/HOLD,0.4533923346808468,0.17036048188535965,1.041355454415548,0.4536021272185362,0.1715255499465722,1.0427605190160067,0.0018372814230786056,1
5.159999999999654,TOUCH/HOLD,0.4533924515138425,0.17036213853297325,1.041355872511143,0.4536021272185362,0.1715255499465722,1.0427605190160067,0.0018358980968608547,1
5.1619999999996535,TOUCH/HOLD,0.45339256833769714,0.17036379273147817,1.041356292188626,0.4536021272185362,0.1715255499465722,1.0427605190160067,0.001834515667444036,1
5.163999999999653,TOUCH/HOLD,0.45339268515225856,0.17036544448475596,1.0413567134421864,0.4536021272185362,0.1715255499465722,1.0427605190160067,0.0018331341333223958,1
5.165999999999653,TOUCH/HOLD,0.4533928019573742,0.17036709379668152,1.0413571362660283,0.4536021272185362,0.1715255499465722,1.0427605190160067,0.001831753492999834,1
5.167999999999653,TOUCH/HOLD,0.45339291875289256,0.1703687406711227,1.0413575606543715,0.4536021272185362,0.1715255499465722,1.0427605190160067,0.0018303737449890797,1
5.169999999999653,TOUCH/HOLD,0.45339303553866295,0.1703703851119412,1.0413579866014502,0.4536021272185362,0.1715255499465722,1.0427605190160067,0.0018289948878119384,1
5.171999999999652,TOUCH/HOLD,0.45339315231453375,0.17037202712299152,1.0413584141015138,0.4536021272185362,0.1715255499465722,1.0427605190160067,0.001827616919999874,1
5.173999999999652,TOUCH/HOLD,0.4533932690803547,0.17037366670812187,1.0413588431488259,0.4536021272185362,0.1715255499465722,1.0427605190160067,0.001826239840093499,1
5.175999999999652,TOUCH/HOLD,0.4533933858359752,0.17037530387117367,1.0413592737376673,0.4536021272185362,0.1715255499465722,1.0427605190160067,0.0018248636466409467,1
5.177999999999652,TOUCH/HOLD,0.4533935025812461,0.17037693861598177,1.0413597058623314,0.4536021272185362,0.1715255499465722,1.0427605190160067,0.001823488338201,1
5.1799999999996515,TOUCH/HOLD,0.45339361931601757,0.17037857094637435,1.0413601395171272,0.4536021272185362,0.1715255499465722,1.0427605190160067,0.001822113913340659,1
5.181999999999651,TOUCH/HOLD,0.45339373604014055,0.1703802008661728,1.0413605746963794,0.4536021272185362,0.1715255499465722,1.0427605190160067,0.0018207403706354337,1
5.183999999999651,TOUCH/HOLD,0.453393852753466,0.17038182837919244,1.0413610113944265,0.4536021272185362,0.1715255499465722,1.0427605190160067,0.001819367708670003,1
5.185999999999651,TOUCH/HOLD,0.45339396945584565,0.17038345348924147,1.041361449605622,0.4536021272185362,0.1715255499465722,1.0427605190160067,0.0018179959260377781,1
5.187999999999651,TOUCH/HOLD,0.4533940861471317,0.17038507620012203,1.0413618893243342,0.4536021272185362,0.1715255499465722,1.0427605190160067,0.0018166250213407864,1
5.1899999999996504,TOUCH/HOLD,0.45339420282717635,0.17038669651562902,1.0413623305449462,0.4536021272185362,0.1715255499465722,1.0427605190160067,0.0018152549931896836,1
5.19199999999965,TOUCH/HOLD,0.4533943194958321,0.1703883144395515,1.0413627732618556,0.4536021272185362,0.1715255499465722,1.0427605190160067,0.0018138858402037944,1
5.19399999999965,TOUCH/HOLD,0.453394436152952,0.17038992997567162,1.041363217469475,0.4536021272185362,0.1715255499465722,1.0427605190160067,0.0018125175610106566,1
5.19599999999965,TOUCH/HOLD,0.45339455279838964,0.170391543127765,1.0413636631622305,0.4536021272185362,0.1715255499465722,1.0427605190160067,0.001811150154247129,1
5.19799999999965,TOUCH/HOLD,0.45339466943199824,0.170393153899601,1.0413641103345648,0.4536021272185362,0.1715255499465722,1.0427605190160067,0.0018097836185571397,1
5.199999999999649,TOUCH/HOLD,0.4533947860536326,0.17039476229494216,1.041364558980933,0.4536021272185362,0.1715255499465722,1.0427605190160067,0.0018084179525943514,1
5.201999999999649,TOUCH/HOLD,0.4533949026631467,0.17039636831754482,1.0413650090958066,0.4536021272185362,0.1715255499465722,1.0427605190160067,0.0018070531550195828,1
5.203999999999649,TOUCH/HOLD,0.4533950192603953,0.1703979719711587,1.0413654606736698,0.4536021272185362,0.1715255499465722,1.0427605190160067,0.0018056892245032047,1
5.205999999999649,TOUCH/HOLD,0.45339513584523394,0.17039957325952718,1.0413659137090212,0.4536021272185362,0.1715255499465722,1.0427605190160067,0.0018043261597235414,1
5.2079999999996485,TOUCH/HOLD,0.4533952524175178,0.170401172186387,1.0413663681963756,0.4536021272185362,0.1715255499465722,1.0427605190160067,0.0018029639593662495,1
5.209999999999648,TOUCH/HOLD,0.4533953689771032,0.17040276875546864,1.0413668241302616,0.4536021272185362,0.1715255499465722,1.0427605190160067,0.0018016026221252535,1
5.211999999999648,TOUCH/HOLD,0.4533954855238456,0.17040436297049616,1.0413672815052208,0.4536021272185362,0.1715255499465722,1.0427605190160067,0.0018002421467036207,1
5.213999999999648,TOUCH/HOLD,0.4533956020576021,0.17040595483518703,1.0413677403158095,0.4536021272185362,0.1715255499465722,1.0427605190160067,0.0017988825318123634,1
5.215999999999648,TOUCH/HOLD,0.45339571857822947,0.17040754435325248,1.0413682005565998,0.4536021272185362,0.1715255499465722,1.0427605190160067,0.0017975237761689556,1
5.217999999999647,TOUCH/HOLD,0.45339583508558534,0.17040913152839743,1.0413686622221767,0.4536021272185362,0.1715255499465722,1.0427605190160067,0.0017961658785001177,1
5.219999999999647,TOUCH/HOLD,0.45339595157952683,0.17041071636432026,1.0413691253071382,0.4536021272185362,0.1715255499465722,1.0427605190160067,0.0017948088375413654,1
5.221999999999647,TOUCH/HOLD,0.45339606805991206,0.1704122988647129,1.041369589806099,0.4536021272185362,0.1715255499465722,1.0427605190160067,0.0017934526520341242,1
5.223999999999647,TOUCH/HOLD,0.45339618452659963,0.17041387903326136,1.0413700557136867,0.4536021272185362,0.1715255499465722,1.0427605190160067,0.0017920973207285072,1
5.2259999999996465,TOUCH/HOLD,0.45339630097944766,0.1704154568736447,1.0413705230245427,0.4536021272185362,0.1715255499465722,1.0427605190160067,0.001790742842382765,1
5.227999999999646,TOUCH/HOLD,0.45339641741831593,0.17041703238953632,1.0413709917333231,0.4536021272185362,0.1715255499465722,1.0427605190160067,0.00178938921576206,1
5.229999999999646,TOUCH/HOLD,0.4533965338430636,0.17041860558460262,1.0413714618346972,0.4536021272185362,0.1715255499465722,1.0427605190160067,0.0017880364396404553,1
5.231999999999646,TOUCH/HOLD,0.45339665025354997,0.1704201764625042,1.0413719333233487,0.4536021272185362,0.1715255499465722,1.0427605190160067,0.0017866845127988739,1
5.233999999999646,TOUCH/HOLD,0.4533967666496356,0.17042174502689536,1.041372406193976,0.4536021272185362,0.1715255499465722,1.0427605190160067,0.0017853334340252088,1
5.235999999999645,TOUCH/HOLD,0.45339688303118075,0.1704233112814237,1.0413728804412898,0.4536021272185362,0.1715255499465722,1.0427605190160067,0.001783983202116522,1
5.237999999999645,TOUCH/HOLD,0.45339699939804623,0.17042487522973113,1.0413733560600158,0.4536021272185362,0.1715255499465722,1.0427605190160067,0.0017826338158763056,1
5.239999999999645,TOUCH/HOLD,0.4533971157500935,0.17042643687545286,1.0413738330448938,0.4536021272185362,0.1715255499465722,1.0427605190160067,0.0017812852741152358,1
5.241999999999645,TOUCH/HOLD,0.4533972320871835,0.17042799622221785,1.041374311390676,0.4536021272185362,0.1715255499465722,1.0427605190160067,0.001779937575652992,1
5.2439999999996445,TOUCH/HOLD,0.4533973484091783,0.1704295532736491,1.0413747910921303,0.4536021272185362,0.1715255499465722,1.0427605190160067,0.0017785907193144858,1
5.245999999999644,TOUCH/HOLD,0.4533974647159403,0.17043110803336328,1.0413752721440368,0.4536021272185362,0.1715255499465722,1.0427605190160067,0.0017772447039335266,1
5.247999999999644,TOUCH/HOLD,0.45339758100733185,0.17043266050497088,1.0413757545411904,0.4536021272185362,0.1715255499465722,1.0427605190160067,0.0017758995283504158,1
5.249999999999644,TOUCH/HOLD,0.4533976972832161,0.17043421069207612,1.0413762382783973,0.4536021272185362,0.1715255499465722,1.0427605190160067,0.0017745551914143374,1
5.251999999999644,TOUCH/HOLD,0.4533978135434553,0.1704357585982769,1.0413767233504816,0.4536021272185362,0.1715255499465722,1.0427605190160067,0.001773211691978877,1
5.253999999999643,TOUCH/HOLD,0.45339792978791427,0.17043730422716544,1.0413772097522767,0.4536021272185362,0.1715255499465722,1.0427605190160067,0.0017718690289074011,1
5.255999999999643,TOUCH/HOLD,0.4533980460164564,0.1704388475823272,1.041377697478632,0.4536021272185362,0.1715255499465722,1.0427605190160067,0.0017705272010691147,1
5.257999999999643,TOUCH/HOLD,0.4533981622289457,0.17044038866734168,1.0413781865244105,0.4536021272185362,0.1715255499465722,1.0427605190160067,0.0017691862073401419,1
5.259999999999643,TOUCH/HOLD,0.4533982784252476,0.17044192748578263,1.041378676884488,0.4536021272185362,0.1715255499465722,1.0427605190160067,0.0017678460466039895,1
5.2619999999996425,TOUCH/HOLD,0.4533983946052261,0.17044346404121705,1.0413791685537532,0.4536021272185362,0.1715255499465722,1.0427605190160067,0.0017665067177518696,1
5.263999999999642,TOUCH/HOLD,0.4533985107687471,0.1704449983372064,1.041379661527109,0.4536021272185362,0.1715255499465722,1.0427605190160067,0.00176516821968134,1
5.265999999999642,TOUCH/HOLD,0.45339862691567634,0.1704465303773056,1.0413801557994724,0.4536021272185362,0.1715255499465722,1.0427605190160067,0.001763830551296075,1
5.267999999999642,TOUCH/HOLD,0.4533987430458791,0.17044806016506361,1.0413806513657726,0.4536021272185362,0.1715255499465722,1.0427605190160067,0.0017624937115080688,1
5.269999999999642,TOUCH/HOLD,0.45339885915922273,0.17044958770402355,1.0413811482209518,0.4536021272185362,0.1715255499465722,1.0427605190160067,0.0017611576992358758,1
5.271999999999641,TOUCH/HOLD,0.4533989752555729,0.17045111299772187,1.0413816463599679,0.4536021272185362,0.1715255499465722,1.0427605190160067,0.0017598225134036573,1
5.273999999999641,TOUCH/HOLD,0.4533990913347973,0.17045263604968974,1.0413821457777892,0.4536021272185362,0.1715255499465722,1.0427605190160067,0.001758488152943741,1
5.275999999999641,TOUCH/HOLD,0.45339920739676337,0.17045415686345164,1.041382646469399,0.4536021272185362,0.1715255499465722,1.0427605190160067,0.0017571546167945585,1
5.277999999999641,TOUCH/HOLD,0.45339932344133826,0.17045567544252638,1.0413831484297935,0.4536021272185362,0.1715255499465722,1.0427605190160067,0.0017558219039009778,1
5.2799999999996405,TOUCH/HOLD,0.4533994394683904,0.1704571917904265,1.0413836516539818,0.4536021272185362,0.1715255499465722,1.0427605190160067,0.0017544900132151378,1
5.28199999999964,TOUCH/HOLD,0.4533995554777883,0.17045870591065881,1.0413841561369865,0.4536021272185362,0.1715255499465722,1.0427605190160067,0.0017531589436951837,1
5.28399999999964,TOUCH/HOLD,0.4533996714694005,0.1704602178067238,1.0413846618738427,0.4536021272185362,0.1715255499465722,1.0427605190160067,0.001751828694306577,1
5.28599999999964,TOUCH/HOLD,0.45339978744309617,0.17046172748211624,1.0413851688595996,0.4536021272185362,0.1715255499465722,1.0427605190160067,0.0017504992640202236,1
5.28799999999964,TOUCH/HOLD,0.4533999033987446,0.17046323494032464,1.0413856770893186,0.4536021272185362,0.1715255499465722,1.0427605190160067,0.0017491706518145717,1
5.289999999999639,TOUCH/HOLD,0.4534000193362159,0.17046474018483193,1.041386186558074,0.4536021272185362,0.1715255499465722,1.0427605190160067,0.0017478428566741581,1
5.291999999999639,TOUCH/HOLD,0.4534001352553792,0.1704662432191145,1.0413866972609545,0.4536021272185362,0.1715255499465722,1.0427605190160067,0.0017465158775894845,1
5.293999999999639,TOUCH/HOLD,0.45340025115610605,0.17046774404664347,1.0413872091930603,0.4536021272185362,0.1715255499465722,1.0427605190160067,0.0017451897135577093,1
5.295999999999639,TOUCH/HOLD,0.45340036703826686,0.17046924267088356,1.0413877223495045,0.4536021272185362,0.1715255499465722,1.0427605190160067,0.0017438643635830117,1
5.2979999999996386,TOUCH/HOLD,0.45340048290173235,0.17047073909529362,1.041388236725415,0.4536021272185362,0.1715255499465722,1.0427605190160067,0.001742539826674278,1
5.299999999999638,TOUCH/HOLD,0.4534005987463747,0.17047223332332684,1.0413887523159304,0.4536021272185362,0.1715255499465722,1.0427605190160067,0.0017412161018480988,1
5.301999999999638,TOUCH/HOLD,0.45340071457206527,0.17047372535843014,1.0413892691162032,0.4536021272185362,0.1715255499465722,1.0427605190160067,0.0017398931881267455,1
5.303999999999638,TOUCH/HOLD,0.45340083037867607,0.1704752152040448,1.041389787121398,0.4536021272185362,0.1715255499465722,1.0427605190160067,0.0017385710845391432,1
5.305999999999638,TOUCH/HOLD,0.45340094616607995,0.17047670286360622,1.0413903063266932,0.4536021272185362,0.1715255499465722,1.0427605190160067,0.0017372497901193258,1
5.3079999999996375,TOUCH/HOLD,0.4534010619341496,0.17047818834054376,1.041390826727279,0.4536021272185362,0.1715255499465722,1.0427605190160067,0.0017359293039085736,1
5.309999999999637,TOUCH/HOLD,0.45340117768275784,0.17047967163828104,1.041391348318359,0.4536021272185362,0.1715255499465722,1.0427605190160067,0.0017346096249533393,1
5.311999999999637,TOUCH/HOLD,0.4534012934117782,0.1704811527602358,1.04139187109515,0.4536021272185362,0.1715255499465722,1.0427605190160067,0.001733290752306125,1
5.313999999999637,TOUCH/HOLD,0.453401409121085,0.17048263170981984,1.0413923950528787,0.4536021272185362,0.1715255499465722,1.0427605190160067,0.0017319726850271709,1
5.315999999999637,TOUCH/HOLD,0.4534015248105522,0.17048410849043957,1.041392920186789,0.4536021272185362,0.1715255499465722,1.0427605190160067,0.001730655422179176,1
5.317999999999636,TOUCH/HOLD,0.45340164048005344,0.17048558310549486,1.0413934464921333,0.4536021272185362,0.1715255499465722,1.0427605190160067,0.0017293389628345393,1
5.319999999999636,TOUCH/HOLD,0.4534017561294647,0.17048705555838048,1.0413939739641782,0.4536021272185362,0.1715255499465722,1.0427605190160067,0.0017280233060692435,1
5.321999999999636,TOUCH/HOLD,0.45340187175866087,0.17048852585248483,1.041394502598203,0.4536021272185362,0.1715255499465722,1.0427605190160067,0.0017267084509658961,1
5.323999999999636,TOUCH/HOLD,0.4534019873675167,0.17048999399119094,1.0413950323894992,0.4536021272185362,0.1715255499465722,1.0427605190160067,0.001725394396612791,1
5.3259999999996355,TOUCH/HOLD,0.45340210295590844,0.17049145997787588,1.0413955633333707,0.4536021272185362,0.1715255499465722,1.0427605190160067,0.001724081142104002,1
5.327999999999635,TOUCH/HOLD,0.45340221852371293,0.17049292381591089,1.0413960954251342,0.4536021272185362,0.1715255499465722,1.0427605190160067,0.001722768686539197,1
5.329999999999635,TOUCH/HOLD,0.4534023340708059,0.17049438550866178,1.0413966286601184,0.4536021272185362,0.1715255499465722,1.0427605190160067,0.0017214570290240729,1
5.331999999999635,TOUCH/HOLD,0.45340244959706383,0.1704958450594881,1.0413971630336651,0.4536021272185362,0.1715255499465722,1.0427605190160067,0.001720146168669523,1
5.333999999999635,TOUCH/HOLD,0.45340256510236454,0.1704973024717441,1.0413976985411277,0.4536021272185362,0.1715255499465722,1.0427605190160067,0.0017188361045925064,1
5.335999999999634,TOUCH/HOLD,0.4534026805865855,0.17049875774877832,1.041398235177872,0.4536021272185362,0.1715255499465722,1.0427605190160067,0.0017175268359156232,1
5.337999999999634,TOUCH/HOLD,0.4534027960496041,0.17050021089393316,1.041398772939276,0.4536021272185362,0.1715255499465722,1.0427605190160067,0.0017162183617670176,1
5.339999999999634,TOUCH/HOLD,0.45340291149129874,0.17050166191054578,1.0413993118207305,0.4536021272185362,0.1715255499465722,1.0427605190160067,0.0017149106812800945,1
5.341999999999634,TOUCH/HOLD,0.45340302691154766,0.17050311080194747,1.0413998518176388,0.4536021272185362,0.1715255499465722,1.0427605190160067,0.0017136037935935784,1
5.3439999999996335,TOUCH/HOLD,0.45340314231023,0.1705045575714636,1.0414003929254159,0.4536021272185362,0.1715255499465722,1.0427605190160067,0.0017122976978520992,1
5.345999999999633,TOUCH/HOLD,0.4534032576872249,0.1705060022224145,1.0414009351394877,0.4536021272185362,0.1715255499465722,1.0427605190160067,0.00171099239320625,1
5.347999999999633,TOUCH/HOLD,0.45340337304241124,0.17050744475811405,1.0414014784552954,0.4536021272185362,0.1715255499465722,1.0427605190160067,0.0017096878788103811,1
5.349999999999633,TOUCH/HOLD,0.4534034883756689,0.17050888518187116,1.041402022868289,0.4536021272185362,0.1715255499465722,1.0427605190160067,0.001708384153826161,1
5.351999999999633,TOUCH/HOLD,0.4534036036868789,0.1705103234969888,1.041402568373933,0.4536021272185362,0.1715255499465722,1.0427605190160067,0.0017070812174187905,1
5.353999999999632,TOUCH/HOLD,0.45340371897592036,0.1705117597067643,1.0414031149677025,0.4536021272185362,0.1715255499465722,1.0427605190160067,0.0017057790687601733,1
5.355999999999632,TOUCH/HOLD,0.4534038342426751,0.1705131938144893,1.0414036626450849,0.4536021272185362,0.1715255499465722,1.0427605190160067,0.0017044777070272874,1
5.357999999999632,TOUCH/HOLD,0.4534039494870235,0.17051462582345026,1.0414042114015807,0.4536021272185362,0.1715255499465722,1.0427605190160067,0.001703177131401059,1
5.359999999999632,TOUCH/HOLD,0.4534040647088475,0.17051605573692752,1.0414047612327009,0.4536021272185362,0.1715255499465722,1.0427605190160067,0.001701877341069216,1
5.3619999999996315,TOUCH/HOLD,0.4534041799080284,0.170517483558196,1.0414053121339697,0.4536021272185362,0.1715255499465722,1.0427605190160067,0.0017005783352235637,1
5.363999999999631,TOUCH/HOLD,0.45340429508444885,0.17051890929052527,1.0414058641009216,0.4536021272185362,0.1715255499465722,1.0427605190160067,0.0016992801130621394,1
5.365999999999631,TOUCH/HOLD,0.4534044102379907,0.17052033293717894,1.0414064171291049,0.4536021272185362,0.1715255499465722,1.0427605190160067,0.001697982673786987,1
5.367999999999631,TOUCH/HOLD,0.4534045253685366,0.1705217545014155,1.0414069712140785,0.4536021272185362,0.1715255499465722,1.0427605190160067,0.0016966860166056981,1
5.369999999999631,TOUCH/HOLD,0.45340464047596957,0.1705231739864876,1.041407526351414,0.4536021272185362,0.1715255499465722,1.0427605190160067,0.0016953901407307371,1
5.37199999999963,TOUCH/HOLD,0.45340475556017334,0.17052459139564252,1.0414080825366934,0.4536021272185362,0.1715255499465722,1.0427605190160067,0.001694095045380198,1
5.37399999999963,TOUCH/HOLD,0.4534048706210315,0.17052600673212173,1.0414086397655125,0.4536021272185362,0.1715255499465722,1.0427605190160067,0.0016928007297759915,1
5.37599999999963,TOUCH/HOLD,0.4534049856584279,0.17052741999916177,1.0414091980334763,0.4536021272185362,0.1715255499465722,1.0427605190160067,0.0016915071931465527,1
5.37799999999963,TOUCH/HOLD,0.453405100672247,0.17052883119999296,1.0414097573362042,0.4536021272185362,0.1715255499465722,1.0427605190160067,0.001690214434723628,1
5.3799999999996295,TOUCH/HOLD,0.45340521566237313,0.17053024033784056,1.041410317669326,0.4536021272185362,0.1715255499465722,1.0427605190160067,0.00168892245374466,1
5.381999999999629,TOUCH/HOLD,0.4534053306286916,0.17053164741592444,1.041410879028482,0.4536021272185362,0.1715255499465722,1.0427605190160067,0.001687631249452451,1
5.383999999999629,TOUCH/HOLD,0.45340544557108786,0.1705330524374586,1.041411441409327,0.4536021272185362,0.1715255499465722,1.0427605190160067,0.0016863408210930021,1
5.385999999999629,TOUCH/HOLD,0.45340556048944697,0.17053445540565193,1.0414120048075242,0.4536021272185362,0.1715255499465722,1.0427605190160067,0.001685051167919313,1
5.387999999999629,TOUCH/HOLD,0.45340567538365534,0.17053585632370752,1.0414125692187508,0.4536021272185362,0.1715255499465722,1.0427605190160067,0.0016837622891873528,1
5.389999999999628,TOUCH/HOLD,0.45340579025359856,0.17053725519482352,1.041413134638695,0.4536021272185362,0.1715255499465722,1.0427605190160067,0.001682474184158168,1
5.391999999999628,TOUCH/HOLD,0.4534059050991641,0.17053865202219223,1.0414137010630553,0.4536021272185362,0.1715255499465722,1.0427605190160067,0.0016811868520984475,1
5.393999999999628,TOUCH/HOLD,0.4534060199202382,0.1705400468090007,1.0414142684875436,0.4536021272185362,0.1715255499465722,1.0427605190160067,0.0016799002922781915,1
5.395999999999628,TOUCH/HOLD,0.4534061347167081,0.17054143955843049,1.0414148369078813,0.4536021272185362,0.1715255499465722,1.0427605190160067,0.0016786145039735297,1
5.3979999999996275,TOUCH/HOLD,0.45340624948846164,0.17054283027365782,1.0414154063198025,0.4536021272185362,0.1715255499465722,1.0427605190160067,0.0016773294864641578,1
5.399999999999627,TOUCH/HOLD,0.4534063642353862,0.17054421895785343,1.041415976719053,0.4536021272185362,0.1715255499465722,1.0427605190160067,0.001676045239034243,1
5.401999999999627,TOUCH/HOLD,0.4534064789573706,0.17054560561418278,1.0414165481013888,0.4536021272185362,0.1715255499465722,1.0427605190160067,0.0016747617609732454,1
5.403999999999627,TOUCH/HOLD,0.4534065936543026,0.170546990245806,1.041417120462578,0.4536021272185362,0.1715255499465722,1.0427605190160067,0.0016734790515749384,1
5.405999999999627,TOUCH/HOLD,0.4534067083260711,0.17054837285587768,1.0414176937983994,0.4536021272185362,0.1715255499465722,1.0427605190160067,0.0016721971101376306,1
5.407999999999626,TOUCH/HOLD,0.45340682297256574,0.17054975344754714,1.0414182681046449,0.4536021272185362,0.1715255499465722,1.0427605190160067,0.0016709159359630987,1
5.409999999999626,TOUCH/HOLD,0.4534069375936753,0.17055113202395847,1.0414188433771152,0.4536021272185362,0.1715255499465722,1.0427605190160067,0.0016696355283591809,1
5.411999999999626,TOUCH/HOLD,0.4534070521892898,0.1705525085882502,1.0414194196116242,0.4536021272185362,0.1715255499465722,1.0427605190160067,0.0016683558866368582,1
5.413999999999626,TOUCH/HOLD,0.4534071667592991,0.1705538831435558,1.041419996803996,0.4536021272185362,0.1715255499465722,1.0427605190160067,0.0016670770101120068,1
5.415999999999626,TOUCH/HOLD,0.4534072813035939,0.1705552556930033,1.0414205749500656,0.4536021272185362,0.1715255499465722,1.0427605190160067,0.001665798898105501,1
5.417999999999625,TOUCH/HOLD,0.45340739582206485,0.17055662623971535,1.0414211540456801,0.4536021272185362,0.1715255499465722,1.0427605190160067,0.001664521549941279,1
5.419999999999625,TOUCH/HOLD,0.4534075103146024,0.17055799478680944,1.0414217340866985,0.4536021272185362,0.1715255499465722,1.0427605190160067,0.0016632449649475283,1
5.421999999999625,TOUCH/HOLD,0.45340762478109836,0.17055936133739763,1.0414223150689874,0.4536021272185362,0.1715255499465722,1.0427605190160067,0.001661969142459058,1
5.423999999999625,TOUCH/HOLD,0.45340773922144406,0.1705607258945869,1.0414228969884287,0.4536021272185362,0.1715255499465722,1.0427605190160067,0.0016606940818118235,1
5.4259999999996245,TOUCH/HOLD,0.45340785363553127,0.17056208846147877,1.0414234798409125,0.4536021272185362,0.1715255499465722,1.0427605190160067,0.0016594197823482193,1
5.427999999999624,TOUCH/HOLD,0.4534079680232527,0.17056344904116968,1.041424063622342,0.4536021272185362,0.1715255499465722,1.0427605190160067,0.0016581462434131595,1
5.429999999999624,TOUCH/HOLD,0.45340808238450064,0.17056480763675072,1.0414246483286294,0.4536021272185362,0.1715255499465722,1.0427605190160067,0.0016568734643572427,1
5.431999999999624,TOUCH/HOLD,0.45340819671916754,0.1705661642513076,1.0414252339556984,0.4536021272185362,0.1715255499465722,1.0427605190160067,0.0016556014445349928,1
5.433999999999624,TOUCH/HOLD,0.4534083110271474,0.1705675188879212,1.0414258204994855,0.4536021272185362,0.1715255499465722,1.0427605190160067,0.0016543301833033238,1
5.435999999999623,TOUCH/HOLD,0.45340842530833286,0.17056887154966693,1.0414264079559363,0.4536021272185362,0.1715255499465722,1.0427605190160067,0.00165305968002486,1
5.437999999999623,TOUCH/HOLD,0.45340853956261834,0.17057022223961493,1.0414269963210077,0.4536021272185362,0.1715255499465722,1.0427605190160067,0.0016517899340659692,1
5.439999999999623,TOUCH/HOLD,0.45340865378989725,0.17057157096083034,1.0414275855906658,0.4536021272185362,0.1715255499465722,1.0427605190160067,0.001650520944798173,1
5.441999999999623,TOUCH/HOLD,0.45340876799006447,0.1705729177163728,1.0414281757608925,0.4536021272185362,0.1715255499465722,1.0427605190160067,0.0016492527115934122,1
5.4439999999996225,TOUCH/HOLD,0.4534088821630148,0.17057426250929725,1.0414287668276745,0.4536021272185362,0.1715255499465722,1.0427605190160067,0.0016479852338320273,1
5.445999999999622,TOUCH/HOLD,0.45340899630864284,0.17057560534265298,1.0414293587870127,0.4536021272185362,0.1715255499465722,1.0427605190160067,0.0016467185108958286,1
5.447999999999622,TOUCH/HOLD,0.45340911042684384,0.17057694621948433,1.041429951634919,0.4536021272185362,0.1715255499465722,1.0427605190160067,0.0016454525421703522,1
5.449999999999622,TOUCH/HOLD,0.453409224517514,0.17057828514283074,1.0414305453674142,0.4536021272185362,0.1715255499465722,1.0427605190160067,0.0016441873270462884,1
5.451999999999622,TOUCH/HOLD,0.4534093385805486,0.17057962211572605,1.0414311399805316,0.4536021272185362,0.1715255499465722,1.0427605190160067,0.00164292286491705,1
5.453999999999621,TOUCH/HOLD,0.4534094526158441,0.17058095714119914,1.0414317354703133,0.4536021272185362,0.1715255499465722,1.0427605190160067,0.0016416591551813508,1
5.455999999999621,TOUCH/HOLD,0.4534095666232967,0.17058229022227395,1.041432331832814,0.4536021272185362,0.1715255499465722,1.0427605190160067,0.0016403961972400593,1
5.457999999999621,TOUCH/HOLD,0.453409680602804,0.1705836213619692,1.0414329290640982,0.4536021272185362,0.1715255499465722,1.0427605190160067,0.001639133990498478,1
5.459999999999621,TOUCH/HOLD,0.4534097945542629,0.17058495056329845,1.0414335271602404,0.4536021272185362,0.1715255499465722,1.0427605190160067,0.001637872534366354,1
5.4619999999996205,TOUCH/HOLD,0.45340990847757034,0.17058627782927013,1.0414341261173268,0.4536021272185362,0.1715255499465722,1.0427605190160067,0.0016366118282562573,1
5.46399999999962,TOUCH/HOLD,0.4534100223726243,0.17058760316288757,1.0414347259314531,0.4536021272185362,0.1715255499465722,1.0427605190160067,0.0016353518715852466,1
5.46599999999962,TOUCH/HOLD,0.4534101362393228,0.1705889265671494,1.041435326598727,0.4536021272185362,0.1715255499465722,1.0427605190160067,0.0016340926637728596,1
5.46799999999962,TOUCH/HOLD,0.4534102500775643,0.1705902480450487,1.0414359281152652,0.4536021272185362,0.1715255499465722,1.0427605190160067,0.0016328342042437694,1
5.46999999999962,TOUCH/HOLD,0.4534103638872477,0.17059156759957378,1.0414365304771953,0.4536021272185362,0.1715255499465722,1.0427605190160067,0.001631576492425534,1
5.471999999999619,TOUCH/HOLD,0.45341047766827114,0.17059288523370783,1.0414371336806558,0.4536021272185362,0.1715255499465722,1.0427605190160067,0.0016303195277494148,1
5.473999999999619,TOUCH/HOLD,0.45341059142053464,0.17059420095042882,1.0414377377217956,0.4536021272185362,0.1715255499465722,1.0427605190160067,0.0016290633096501571,1
5.475999999999619,TOUCH/HOLD,0.4534107051439377,0.17059551475271,1.041438342596773,0.4536021272185362,0.1715255499465722,1.0427605190160067,0.0016278078375666979,1
5.477999999999619,TOUCH/HOLD,0.45341081883837925,0.17059682664351952,1.0414389483017585,0.4536021272185362,0.1715255499465722,1.0427605190160067,0.0016265531109404014,1
5.4799999999996185,TOUCH/HOLD,0.4534109325037605,0.1705981366258204,1.0414395548329316,0.4536021272185362,0.1715255499465722,1.0427605190160067,0.0016252991292169667,1
5.481999999999618,TOUCH/HOLD,0.45341104613998123,0.17059944470257069,1.0414401621864822,0.4536021272185362,0.1715255499465722,1.0427605190160067,0.001624045891845752,1
5.483999999999618,TOUCH/HOLD,0.45341115974694257,0.17060075087672366,1.0414407703586106,0.4536021272185362,0.1715255499465722,1.0427605190160067,0.0016227933982791952,1
5.485999999999618,TOUCH/HOLD,0.45341127332454517,0.1706020551512272,1.041441379345528,0.4536021272185362,0.1715255499465722,1.0427605190160067,0.0016215416479732493,1
5.487999999999618,TOUCH/HOLD,0.45341138687269106,0.1706033575290247,1.0414419891434552,0.4536021272185362,0.1715255499465722,1.0427605190160067,0.0016202906403871018,1
5.489999999999617,TOUCH/HOLD,0.45341150039128103,0.17060465801305408,1.041442599748624,0.4536021272185362,0.1715255499465722,1.0427605190160067,0.001619040374983471,1
5.491999999999617,TOUCH/HOLD,0.45341161388021745,0.17060595660624878,1.0414432111572756,0.4536021272185362,0.1715255499465722,1.0427605190160067,0.0016177908512287715,1
5.493999999999617,TOUCH/HOLD,0.4534117273394024,0.17060725331153703,1.041443823365661,0.4536021272185362,0.1715255499465722,1.0427605190160067,0.0016165420685927865,1
5.495999999999617,TOUCH/HOLD,0.4534118407687383,0.1706085481318422,1.041444436370043,0.4536021272185362,0.1715255499465722,1.0427605190160067,0.001615294026548012,1
5.4979999999996165,TOUCH/HOLD,0.4534119541681284,0.17060984107008265,1.0414450501666928,0.4536021272185362,0.1715255499465722,1.0427605190160067,0.0016140467245710922,1
5.499999999999616,TOUCH/HOLD,0.45341206753747554,0.17061113212917184,1.0414456647518928,0.4536021272185362,0.1715255499465722,1.0427605190160067,0.0016128001621412134,1
5.501999999999616,TOUCH/HOLD,0.45341218087668256,0.1706124213120186,1.0414462801219357,0.4536021272185362,0.1715255499465722,1.0427605190160067,0.0016115543387408076,1
5.503999999999616,TOUCH/HOLD,0.4534122941856542,0.17061370862152647,1.0414468962731225,0.4536021272185362,0.1715255499465722,1.0427605190160067,0.00161030925385689,1
5.505999999999616,TOUCH/HOLD,0.4534124074642935,0.17061499406059424,1.0414475132017664,0.4536021272185362,0.1715255499465722,1.0427605190160067,0.0016090649069779358,1
5.507999999999615,TOUCH/HOLD,0.4534125207125052,0.17061627763211584,1.0414481309041894,0.4536021272185362,0.1715255499465722,1.0427605190160067,0.001607821297596714,1
5.509999999999615,TOUCH/HOLD,0.4534126339301941,0.1706175593389803,1.0414487493767242,0.4536021272185362,0.1715255499465722,1.0427605190160067,0.0016065784252085,1
5.511999999999615,TOUCH/HOLD,0.45341274711726454,0.17061883918407209,1.0414493686157127,0.4536021272185362,0.1715255499465722,1.0427605190160067,0.001605336289312148,1
5.513999999999615,TOUCH/HOLD,0.45341286027362154,0.17062011717027015,1.0414499886175066,0.4536021272185362,0.1715255499465722,1.0427605190160067,0.0016040948894103376,1
5.5159999999996145,TOUCH/HOLD,0.4534129733991712,0.1706213933004493,1.0414506093784683,0.4536021272185362,0.1715255499465722,1.0427605190160067,0.0016028542250075741,1
5.517999999999614,TOUCH/HOLD,0.45341308649381873,0.17062266757747888,1.0414512308949706,0.4536021272185362,0.1715255499465722,1.0427605190160067,0.001601614295611668,1
5.519999999999614,TOUCH/HOLD,0.4534131995574702,0.170623940004224,1.0414518531633943,0.4536021272185362,0.1715255499465722,1.0427605190160067,0.0016003751007344807,1
5.521999999999614,TOUCH/HOLD,0.45341331259003237,0.17062521058354457,1.041452476180132,0.4536021272185362,0.1715255499465722,1.0427605190160067,0.001599136639889541,1
5.523999999999614,TOUCH/HOLD,0.4534134255914112,0.17062647931829572,1.041453099941584,0.4536021272185362,0.1715255499465722,1.0427605190160067,0.0015978989125953293,1
5.525999999999613,TOUCH/HOLD,0.45341353856151434,0.170627746211328,1.041453724444163,0.4536021272185362,0.1715255499465722,1.0427605190160067,0.0015966619183709083,1
5.527999999999613,TOUCH/HOLD,0.453413651500248,0.1706290112654869,1.0414543496842894,0.4536021272185362,0.1715255499465722,1.0427605190160067,0.0015954256567403474,1
5.529999999999613,TOUCH/HOLD,0.45341376440752007,0.17063027448361315,1.041454975658394,0.4536021272185362,0.1715255499465722,1.0427605190160067,0.0015941901272299198,1
5.531999999999613,TOUCH/HOLD,0.4534138772832384,0.17063153586854296,1.0414556023629176,0.4536021272185362,0.1715255499465722,1.0427605190160067,0.001592955329368527,1
5.533999999999613,TOUCH/HOLD,0.45341399012731115,0.17063279542310755,1.041456229794311,0.4536021272185362,0.1715255499465722,1.0427605190160067,0.001591721262687894,1
5.535999999999612,TOUCH/HOLD,0.453414102939646,0.17063405315013344,1.0414568579490329,0.4536021272185362,0.1715255499465722,1.0427605190160067,0.001590487926724452,1
5.537999999999612,TOUCH/HOLD,0.45341421572015234,0.17063530905244242,1.0414574868235549,0.4536021272185362,0.1715255499465722,1.0427605190160067,0.0015892553210141525,1
5.539999999999612,TOUCH/HOLD,0.4534143284687385,0.17063656313285155,1.0414581164143544,0.4536021272185362,0.1715255499465722,1.0427605190160067,0.0015880234450994892,1
5.541999999999612,TOUCH/HOLD,0.453414441185314,0.17063781539417303,1.0414587467179206,0.4536021272185362,0.1715255499465722,1.0427605190160067,0.0015867922985238353,1
5.5439999999996115,TOUCH/HOLD,0.4534145538697877,0.17063906583921445,1.0414593777307526,0.4536021272185362,0.1715255499465722,1.0427605190160067,0.0015855618808332448,1
5.545999999999611,TOUCH/HOLD,0.4534146665220702,0.1706403144707788,1.0414600094493585,0.4536021272185362,0.1715255499465722,1.0427605190160067,0.0015843321915767678,1
5.547999999999611,TOUCH/HOLD,0.45341477914207073,0.17064156129166413,1.0414606418702552,0.4536021272185362,0.1715255499465722,1.0427605190160067,0.0015831032303070564,1
5.549999999999611,TOUCH/HOLD,0.4534148917296998,0.17064280630466397,1.0414612749899705,0.4536021272185362,0.1715255499465722,1.0427605190160067,0.0015818749965784298,1
5.551999999999611,TOUCH/HOLD,0.4534150042848686,0.17064404951256704,1.04146190880504,0.4536021272185362,0.1715255499465722,1.0427605190160067,0.0015806474899491588,1
5.55399999999961,TOUCH/HOLD,0.45341511680748714,0.1706452909181573,1.041462543312011,0.4536021272185362,0.1715255499465722,1.0427605190160067,0.0015794207099787663,1
5.55599999999961,TOUCH/HOLD,0.4534152292974668,0.17064653052421444,1.0414631785074382,0.4536021272185362,0.1715255499465722,1.0427605190160067,0.0015781946562307108,1
5.55799999999961,TOUCH/HOLD,0.4534153417547194,0.17064776833351303,1.0414638143878865,0.4536021272185362,0.1715255499465722,1.0427605190160067,0.0015769693282706961,1
5.55999999999961,TOUCH/HOLD,0.453415454179156,0.1706490043488233,1.041464450949931,0.4536021272185362,0.1715255499465722,1.0427605190160067,0.0015757447256665757,1
5.5619999999996095,TOUCH/HOLD,0.453415566570689,0.17065023857291053,1.0414650881901548,0.4536021272185362,0.1715255499465722,1.0427605190160067,0.0015745208479896586,1
5.563999999999609,TOUCH/HOLD,0.4534156789292306,0.17065147100853573,1.0414657261051508,0.4536021272185362,0.1715255499465722,1.0427605190160067,0.0015732976948139514,1
5.565999999999609,TOUCH/HOLD,0.45341579125469317,0.1706527016584549,1.0414663646915217,0.4536021272185362,0.1715255499465722,1.0427605190160067,0.0015720752657153937,1
5.567999999999609,TOUCH/HOLD,0.45341590354699,0.17065393052541977,1.04146700394588,0.4536021272185362,0.1715255499465722,1.0427605190160067,0.0015708535602720233,1
5.569999999999609,TOUCH/HOLD,0.45341601580603363,0.17065515761217726,1.0414676438648451,0.4536021272185362,0.1715255499465722,1.0427605190160067,0.0015696325780667133,1
5.571999999999608,TOUCH/HOLD,0.4534161280317374,0.1706563829214697,1.0414682844450487,0.4536021272185362,0.1715255499465722,1.0427605190160067,0.001568412318682342,1
5.573999999999608,TOUCH/HOLD,0.45341624022401605,0.17065760645603492,1.0414689256831295,0.4536021272185362,0.1715255499465722,1.0427605190160067,0.001567192781705759,1
5.575999999999608,TOUCH/HOLD,0.45341635238278194,0.17065882821860584,1.0414695675757366,0.4536021272185362,0.1715255499465722,1.0427605190160067,0.0015659739667261646,1
5.577999999999608,TOUCH/HOLD,0.45341646450795,0.17066004821191139,1.0414702101195277,0.4536021272185362,0.1715255499465722,1.0427605190160067,0.0015647558733349332,1
5.5799999999996075,TOUCH/HOLD,0.4534165765994348,0.1706612664386755,1.0414708533111703,0.4536021272185362,0.1715255499465722,1.0427605190160067,0.001563538501125733,1
5.581999999999607,TOUCH/HOLD,0.4534166886571509,0.17066248290161745,1.0414714971473409,0.4536021272185362,0.1715255499465722,1.0427605190160067,0.0015623218496950053,1
5.583999999999607,TOUCH/HOLD,0.4534168006810134,0.1706636976034524,1.0414721416247241,0.4536021272185362,0.1715255499465722,1.0427605190160067,0.0015611059186421362,1
5.585999999999607,TOUCH/HOLD,0.45341691267093776,0.17066491054689048,1.041472786740015,0.4536021272185362,0.1715255499465722,1.0427605190160067,0.0015598907075680935,1
5.587999999999607,TOUCH/HOLD,0.4534170246268392,0.17066612173463763,1.0414734324899169,0.4536021272185362,0.1715255499465722,1.0427605190160067,0.0015586762160770108,1
5.589999999999606,TOUCH/HOLD,0.4534171365486337,0.17066733116939525,1.0414740788711432,0.4536021272185362,0.1715255499465722,1.0427605190160067,0.001557462443774065,1
5.591999999999606,TOUCH/HOLD,0.4534172484362374,0.17066853885386002,1.0414747258804147,0.4536021272185362,0.1715255499465722,1.0427605190160067,0.0015562493902687117,1
5.593999999999606,TOUCH/HOLD,0.45341736028956653,0.17066974479072422,1.0414753735144624,0.4536021272185362,0.1715255499465722,1.0427605190160067,0.0015550370551715364,1
5.595999999999606,TOUCH/HOLD,0.45341747210853806,0.17067094898267557,1.0414760217700267,0.4536021272185362,0.1715255499465722,1.0427605190160067,0.0015538254380951958,1
5.5979999999996055,TOUCH/HOLD,0.45341758389306885,0.17067215143239733,1.0414766706438554,0.4536021272185362,0.1715255499465722,1.0427605190160067,0.0015526145386560324,1
5.599999999999605,TOUCH/HOLD,0.453417695643076,0.17067335214256826,1.0414773201327074,0.4536021272185362,0.1715255499465722,1.0427605190160067,0.001551404356470768,1
5.601999999999605,TOUCH/HOLD,0.4534178073584768,0.17067455111586277,1.041477970233348,0.4536021272185362,0.1715255499465722,1.0427605190160067,0.001550194891160574,1
5.603999999999605,TOUCH/HOLD,0.453417919039189,0.17067574835495067,1.0414786209425544,0.4536021272185362,0.1715255499465722,1.0427605190160067,0.0015489861423465968,1
5.605999999999605,TOUCH/HOLD,0.453418030685131,0.17067694386249727,1.041479272257109,0.4536021272185362,0.1715255499465722,1.0427605190160067,0.0015477781096549566,1
5.607999999999604,TOUCH/HOLD,0.4534181422962209,0.17067813764116352,1.0414799241738062,0.4536021272185362,0.1715255499465722,1.0427605190160067,0.0015465707927114444,1
5.609999999999604,TOUCH/HOLD,0.453418253872377,0.1706793296936058,1.0414805766894488,0.4536021272185362,0.1715255499465722,1.0427605190160067,0.0015453641911448675,1
5.611999999999604,TOUCH/HOLD,0.45341836541351827,0.17068052002247625,1.0414812298008465,0.4536021272185362,0.1715255499465722,1.0427605190160067,0.0015441583045874953,1
5.613999999999604,TOUCH/HOLD,0.4534184769195639,0.17068170863042242,1.0414818835048198,0.4536021272185362,0.1715255499465722,1.0427605190160067,0.0015429531326719575,1
5.6159999999996035,TOUCH/HOLD,0.4534185883904328,0.17068289552008742,1.0414825377981973,0.4536021272185362,0.1715255499465722,1.0427605190160067,0.0015417486750341739,1
5.617999999999603,TOUCH/HOLD,0.4534186998260453,0.1706840806941102,1.041483192677816,0.4536021272185362,0.1715255499465722,1.0427605190160067,0.0015405449313118226,1
5.619999999999603,TOUCH/HOLD,0.4534188112263206,0.17068526415512492,1.0414838481405224,0.4536021272185362,0.1715255499465722,1.0427605190160067,0.001539341901144812,1
5.621999999999603,TOUCH/HOLD,0.4534189225911792,0.17068644590576154,1.0414845041831708,0.4536021272185362,0.1715255499465722,1.0427605190160067,0.0015381395841753255,1
5.623999999999603,TOUCH/HOLD,0.4534190339205414,0.17068762594864578,1.0414851608026259,0.4536021272185362,0.1715255499465722,1.0427605190160067,0.0015369379800465848,1
5.625999999999602,TOUCH/HOLD,0.4534191452143279,0.17068880428639857,1.0414858179957587,0.4536021272185362,0.1715255499465722,1.0427605190160067,0.0015357370884057512,1
5.627999999999602,TOUCH/HOLD,0.45341925647245973,0.17068998092163706,1.04148647575945,0.4536021272185362,0.1715255499465722,1.0427605190160067,0.001534536908901001,1
5.629999999999602,TOUCH/HOLD,0.45341936769485786,0.1706911558569734,1.04148713409059,0.4536021272185362,0.1715255499465722,1.0427605190160067,0.0015333374411821922,1
5.631999999999602,TOUCH/HOLD,0.45341947888144385,0.17069232909501583,1.041487792986076,0.4536021272185362,0.1715255499465722,1.0427605190160067,0.0015321386849023518,1
5.6339999999996015,TOUCH/HOLD,0.4534195900321391,0.17069350063836794,1.0414884524428154,0.4536021272185362,0.1715255499465722,1.0427605190160067,0.001530940639715251,1
5.635999999999601,TOUCH/HOLD,0.4534197011468662,0.17069467048962927,1.0414891124577235,0.4536021272185362,0.1715255499465722,1.0427605190160067,0.0015297433052772233,1
5.637999999999601,TOUCH/HOLD,0.4534198122255471,0.17069583865139484,1.0414897730277237,0.4536021272185362,0.1715255499465722,1.0427605190160067,0.0015285466812469048,1
5.639999999999601,TOUCH/HOLD,0.4534199232681043,0.1706970051262553,1.0414904341497484,0.4536021272185362,0.1715255499465722,1.0427605190160067,0.0015273507672847963,1
5.641999999999601,TOUCH/HOLD,0.4534200342744605,0.17069816991679715,1.041491095820739,0.4536021272185362,0.1715255499465722,1.0427605190160067,0.001526155563052587,1
5.6439999999996004,TOUCH/HOLD,0.4534201452445389,0.17069933302560236,1.0414917580376448,0.4536021272185362,0.1715255499465722,1.0427605190160067,0.0015249610682147826,1
5.6459999999996,TOUCH/HOLD,0.45342025617826215,0.1707004944552487,1.0414924207974223,0.4536021272185362,0.1715255499465722,1.0427605190160067,0.0015237672824386346,1
5.6479999999996,TOUCH/HOLD,0.4534203670755548,0.17070165420830993,1.0414930840970396,0.4536021272185362,0.1715255499465722,1.0427605190160067,0.0015225742053905761,1
5.6499999999996,TOUCH/HOLD,0.4534204779363399,0.17070281228735515,1.0414937479334703,0.4536021272185362,0.1715255499465722,1.0427605190160067,0.001521381836741535,1
5.6519999999996,TOUCH/HOLD,0.4534205887605421,0.17070396869494925,1.0414944123036978,0.4536021272185362,0.1715255499465722,1.0427605190160067,0.0015201901761631947,1
5.653999999999599,TOUCH/HOLD,0.4534206995480849,0.1707051234336527,1.0414950772047145,0.4536021272185362,0.1715255499465722,1.0427605190160067,0.001518999223328751,1
5.655999999999599,TOUCH/HOLD,0.4534208102988938,0.17070627650602235,1.0414957426335185,0.4536021272185362,0.1715255499465722,1.0427605190160067,0.0015178089779148839,1
5.657999999999599,TOUCH/HOLD,0.45342092101289283,0.17070742791460977,1.0414964085871197,0.4536021272185362,0.1715255499465722,1.0427605190160067,0.0015166194395981772,1
5.659999999999599,TOUCH/HOLD,0.4534210316900076,0.17070857766196335,1.0414970750625332,0.4536021272185362,0.1715255499465722,1.0427605190160067,0.0015154306080586374,1
5.6619999999995985,TOUCH/HOLD,0.4534211423301631,0.17070972575062646,1.041497742056785,0.4536021272185362,0.1715255499465722,1.0427605190160067,0.0015142424829766253,1
5.663999999999598,TOUCH/HOLD,0.453421252933285,0.17071087218313857,1.0414984095669078,0.4536021272185362,0.1715255499465722,1.0427605190160067,0.0015130550640354522,1
5.665999999999598,TOUCH/HOLD,0.4534213634992996,0.17071201696203495,1.0414990775899426,0.4536021272185362,0.1715255499465722,1.0427605190160067,0.0015118683509198106,1
5.667999999999598,TOUCH/HOLD,0.45342147402813215,0.17071316008984647,1.04149974612294,0.4536021272185362,0.1715255499465722,1.0427605190160067,0.0015106823433156974,1
5.669999999999598,TOUCH/HOLD,0.45342158451970993,0.17071430156909992,1.0415004151629574,0.4536021272185362,0.1715255499465722,1.0427605190160067,0.0015094970409115142,1
5.671999999999597,TOUCH/HOLD,0.45342169497395884,0.17071544140231787,1.0415010847070612,0.4536021272185362,0.1715255499465722,1.0427605190160067,0.0015083124433970506,1
5.673999999999597,TOUCH/HOLD,0.4534218053908063,0.17071657959201864,1.0415017547523249,0.4536021272185362,0.1715255499465722,1.0427605190160067,0.0015071285504644166,1
5.675999999999597,TOUCH/HOLD,0.4534219157701787,0.17071771614071646,1.0415024252958316,0.4536021272185362,0.1715255499465722,1.0427605190160067,0.001505945361806551,1
5.677999999999597,TOUCH/HOLD,0.4534220261120042,0.17071885105092127,1.0415030963346719,0.4536021272185362,0.1715255499465722,1.0427605190160067,0.0015047628771184857,1
5.6799999999995965,TOUCH/HOLD,0.45342213641620965,0.17071998432513885,1.0415037678659445,0.4536021272185362,0.1715255499465722,1.0427605190160067,0.001503581096097039,1
5.681999999999596,TOUCH/HOLD,0.45342224668272374,0.17072111596587097,1.0415044398867561,0.4536021272185362,0.1715255499465722,1.0427605190160067,0.001502400018440509,1
5.683999999999596,TOUCH/HOLD,0.45342235691147414,0.17072224597561517,1.0415051123942214,0.4536021272185362,0.1715255499465722,1.0427605190160067,0.0015012196438493174,1
5.685999999999596,TOUCH/HOLD,0.4534224671023891,0.17072337435686472,1.041505785385464,0.4536021272185362,0.1715255499465722,1.0427605190160067,0.001500039972024678,1
5.687999999999596,TOUCH/HOLD,0.4534225772553976,0.17072450111210877,1.0415064588576144,0.4536021272185362,0.1715255499465722,1.0427605190160067,0.0014988610026701544,1
5.689999999999595,TOUCH/HOLD,0.4534226873704283,0.17072562624383242,1.0415071328078118,0.4536021272185362,0.1715255499465722,1.0427605190160067,0.0014976827354907956,1
5.691999999999595,TOUCH/HOLD,0.4534227974474099,0.17072674975451665,1.0415078072332031,0.4536021272185362,0.1715255499465722,1.0427605190160067,0.0014965051701932846,1
5.693999999999595,TOUCH/HOLD,0.45342290748627245,0.17072787164663822,1.0415084821309442,0.4536021272185362,0.1715255499465722,1.0427605190160067,0.0014953283064850706,1
5.695999999999595,TOUCH/HOLD,0.45342301748694536,0.17072899192266988,1.0415091574981974,0.4536021272185362,0.1715255499465722,1.0427605190160067,0.0014941521440763209,1
5.6979999999995945,TOUCH/HOLD,0.4534231274493583,0.17073011058508028,1.0415098333321338,0.4536021272185362,0.1715255499465722,1.0427605190160067,0.0014929766826783568,1
5.699999999999594,TOUCH/HOLD,0.4534232373734417,0.17073122763633386,1.0415105096299324,0.4536021272185362,0.1715255499465722,1.0427605190160067,0.0014918019220038104,1
5.701999999999594,TOUCH/HOLD,0.45342334725912553,0.17073234307889112,1.0415111863887798,0.4536021272185362,0.1715255499465722,1.0427605190160067,0.0014906278617673368,1
5.703999999999594,TOUCH/HOLD,0.4534234571063408,0.17073345691520833,1.0415118636058713,0.4536021272185362,0.1715255499465722,1.0427605190160067,0.0014894545016842823,1
5.705999999999594,TOUCH/HOLD,0.4534235669150181,0.17073456914773774,1.041512541278409,0.4536021272185362,0.1715255499465722,1.0427605190160067,0.001488281841472555,1
5.707999999999593,TOUCH/HOLD,0.45342367668508815,0.17073567977892762,1.0415132194036034,0.4536021272185362,0.1715255499465722,1.0427605190160067,0.0014871098808508696,1
5.709999999999593,TOUCH/HOLD,0.45342378641648323,0.17073678881122206,1.041513897978673,0.4536021272185362,0.1715255499465722,1.0427605190160067,0.0014859386195393643,1
5.711999999999593,TOUCH/HOLD,0.45342389610913414,0.17073789624706118,1.0415145770008438,0.4536021272185362,0.1715255499465722,1.0427605190160067,0.0014847680572602447,1
5.713999999999593,TOUCH/HOLD,0.4534240057629729,0.17073900208888088,1.0415152564673493,0.4536021272185362,0.1715255499465722,1.0427605190160067,0.0014835981937369657,1
5.7159999999995925,TOUCH/HOLD,0.4534241153779315,0.17074010633911324,1.0415159363754316,0.4536021272185362,0.1715255499465722,1.0427605190160067,0.0014824290286940005,1
5.717999999999592,TOUCH/HOLD,0.45342422495394225,0.17074120900018624,1.0415166167223404,0.4536021272185362,0.1715255499465722,1.0427605190160067,0.0014812605618572492,1
5.719999999999592,TOUCH/HOLD,0.4534243344909381,0.1707423100745238,1.0415172975053326,0.4536021272185362,0.1715255499465722,1.0427605190160067,0.00148009279295456,1
5.721999999999592,TOUCH/HOLD,0.45342444398885134,0.17074340956454584,1.0415179787216735,0.4536021272185362,0.1715255499465722,1.0427605190160067,0.001478925721714695,1
5.723999999999592,TOUCH/HOLD,0.4534245534476153,0.17074450747266837,1.041518660368635,0.4536021272185362,0.1715255499465722,1.0427605190160067,0.0014777593478685124,1
5.725999999999591,TOUCH/HOLD,0.45342466286716315,0.17074560380130313,1.0415193424434974,0.4536021272185362,0.1715255499465722,1.0427605190160067,0.00147659367114801,1
5.727999999999591,TOUCH/HOLD,0.453424772247428,0.17074669855285812,1.04152002494355,0.4536021272185362,0.1715255499465722,1.0427605190160067,0.0014754286912852688,1
5.729999999999591,TOUCH/HOLD,0.45342488158834443,0.1707477917297373,1.0415207078660862,0.4536021272185362,0.1715255499465722,1.0427605190160067,0.001474264408016288,1
5.731999999999591,TOUCH/HOLD,0.4534249908898456,0.1707488833343405,1.041521391208411,0.4536021272185362,0.1715255499465722,1.0427605190160067,0.0014731008210759802,1
5.7339999999995905,TOUCH/HOLD,0.45342510015186654,0.17074997336906383,1.0415220749678344,0.4536021272185362,0.1715255499465722,1.0427605190160067,0.0014719379302017717,1
5.73599999999959,TOUCH/HOLD,0.45342520937434105,0.17075106183629923,1.0415227591416747,0.4536021272185362,0.1715255499465722,1.0427605190160067,0.0014707757351327814,1
5.73799999999959,TOUCH/HOLD,0.45342531855720414,0.17075214873843478,1.0415234437272598,0.4536021272185362,0.1715255499465722,1.0427605190160067,0.001469614235607025,1
5.73999999999959,TOUCH/HOLD,0.4534254277003906,0.1707532340778545,1.0415241287219208,0.4536021272185362,0.1715255499465722,1.0427605190160067,0.001468453431367851,1
5.74199999999959,TOUCH/HOLD,0.45342553680383596,0.17075431785693868,1.0415248141229998,0.4536021272185362,0.1715255499465722,1.0427605190160067,0.0014672933221567634,1
5.743999999999589,TOUCH/HOLD,0.4534256458674751,0.17075540007806345,1.0415254999278458,0.4536021272185362,0.1715255499465722,1.0427605190160067,0.0014661339077172567,1
5.745999999999589,TOUCH/HOLD,0.45342575489124387,0.1707564807436011,1.041526186133814,0.4536021272185362,0.1715255499465722,1.0427605190160067,0.0014649751877950506,1
5.747999999999589,TOUCH/HOLD,0.45342586387507855,0.1707575598559199,1.0415268727382685,0.4536021272185362,0.1715255499465722,1.0427605190160067,0.0014638171621361986,1
5.749999999999589,TOUCH/HOLD,0.45342597281891484,0.17075863741738445,1.0415275597385805,0.4536021272185362,0.1715255499465722,1.0427605190160067,0.001462659830487824,1
5.7519999999995886,TOUCH/HOLD,0.45342608172268917,0.1707597134303552,1.0415282471321283,0.4536021272185362,0.1715255499465722,1.0427605190160067,0.0014615031925988757,1
5.753999999999588,TOUCH/HOLD,0.45342619058633804,0.17076078789718882,1.0415289349162977,0.4536021272185362,0.1715255499465722,1.0427605190160067,0.0014603472482195487,1
5.755999999999588,TOUCH/HOLD,0.4534262994097984,0.17076186082023798,1.0415296230884827,0.4536021272185362,0.1715255499465722,1.0427605190160067,0.00145919199710041,1
5.757999999999588,TOUCH/HOLD,0.4534264081930072,0.1707629322018516,1.041530311646083,0.4536021272185362,0.1715255499465722,1.0427605190160067,0.0014580374389947255,1
5.759999999999588,TOUCH/HOLD,0.4534265169359023,0.17076400204437467,1.0415310005865075,0.4536021272185362,0.1715255499465722,1.0427605190160067,0.0014568835736552693,1
5.7619999999995875,TOUCH/HOLD,0.4534266256384202,0.17076507035014818,1.0415316899071716,0.4536021272185362,0.1715255499465722,1.0427605190160067,0.0014557304008370052,1
5.763999999999587,TOUCH/HOLD,0.4534267343004993,0.1707661371215093,1.0415323796054976,0.4536021272185362,0.1715255499465722,1.0427605190160067,0.0014545779202962282,1
5.765999999999587,TOUCH/HOLD,0.4534268429220775,0.1707672023607916,1.0415330696789162,0.4536021272185362,0.1715255499465722,1.0427605190160067,0.00145342613178938,1
5.767999999999587,TOUCH/HOLD,0.4534269515030931,0.17076826607032453,1.0415337601248638,0.4536021272185362,0.1715255499465722,1.0427605190160067,0.00145227503507569,1
5.769999999999587,TOUCH/HOLD,0.4534270600434843,0.1707693282524337,1.0415344509407862,0.4536021272185362,0.1715255499465722,1.0427605190160067,0.0014511246299134003,1
5.771999999999586,TOUCH/HOLD,0.4534271685431903,0.17077038890944102,1.0415351421241343,0.4536021272185362,0.1715255499465722,1.0427605190160067,0.0014499749160639755,1
5.773999999999586,TOUCH/HOLD,0.4534272770021493,0.17077144804366431,1.0415358336723683,0.4536021272185362,0.1715255499465722,1.0427605190160067,0.0014488258932882723,1
5.775999999999586,TOUCH/HOLD,0.4534273854203007,0.1707725056574179,1.0415365255829545,0.4536021272185362,0.1715255499465722,1.0427605190160067,0.0014476775613490463,1
5.777999999999586,TOUCH/HOLD,0.4534274937975841,0.17077356175301206,1.0415372178533657,0.4536021272185362,0.1715255499465722,1.0427605190160067,0.0014465299200106994,1
5.7799999999995855,TOUCH/HOLD,0.45342760213393873,0.17077461633275345,1.0415379104810838,0.4536021272185362,0.1715255499465722,1.0427605190160067,0.0014453829690373073,1
5.781999999999585,TOUCH/HOLD,0.4534277104293052,0.17077566939894465,1.041538603463596,0.4536021272185362,0.1715255499465722,1.0427605190160067,0.0014442367081953693,1
5.783999999999585,TOUCH/HOLD,0.4534278186836222,0.1707767209538846,1.0415392967983979,0.4536021272185362,0.1715255499465722,1.0427605190160067,0.001443091137251905,1
5.785999999999585,TOUCH/HOLD,0.45342792689683087,0.17077777099986857,1.0415399904829914,0.4536021272185362,0.1715255499465722,1.0427605190160067,0.0014419462559749077,1
5.787999999999585,TOUCH/HOLD,0.45342803506887186,0.17077881953918778,1.0415406845148862,0.4536021272185362,0.1715255499465722,1.0427605190160067,0.0014408020641334454,1
5.789999999999584,TOUCH/HOLD,0.45342814319968533,0.1707798665741299,1.041541378891599,0.4536021272185362,0.1715255499465722,1.0427605190160067,0.0014396585614975782,1
5.791999999999584,TOUCH/HOLD,0.4534282512892126,0.1707809121069787,1.041542073610653,0.4536021272185362,0.1715255499465722,1.0427605190160067,0.0014385157478387389,1
5.793999999999584,TOUCH/HOLD,0.45342835933739495,0.17078195614001426,1.0415427686695795,0.4536021272185362,0.1715255499465722,1.0427605190160067,0.001437373622928749,1
5.795999999999584,TOUCH/HOLD,0.4534284673441737,0.17078299867551297,1.0415434640659151,0.4536021272185362,0.1715255499465722,1.0427605190160067,0.0014362321865415049,1
5.7979999999995835,TOUCH/HOLD,0.4534285753094901,0.17078403971574715,1.041544159797206,0.4536021272185362,0.1715255499465722,1.0427605190160067,0.0014350914384503497,1
5.799999999999583,TOUCH/HOLD,0.45342868323328644,0.17078507926298567,1.0415448558610034,0.4536021272185362,0.1715255499465722,1.0427605190160067,0.0014339513784306184,1
5.801999999999583,TOUCH/HOLD,0.45342879111550455,0.1707861173194936,1.041545552254866,0.4536021272185362,0.1715255499465722,1.0427605190160067,0.0014328120062588078,1
5.803999999999583,TOUCH/HOLD,0.4534288989560865,0.1707871538875322,1.0415462489763592,0.4536021272185362,0.1715255499465722,1.0427605190160067,0.001431673321712351,1
5.805999999999583,TOUCH/HOLD,0.4534290067549755,0.17078818896935932,1.0415469460230566,0.4536021272185362,0.1715255499465722,1.0427605190160067,0.0014305353245682893,1
5.807999999999582,TOUCH/HOLD,0.45342911451211376,0.17078922256722856,1.0415476433925375,0.4536021272185362,0.1715255499465722,1.0427605190160067,0.0014293980146063924,1
5.809999999999582,TOUCH/HOLD,0.4534292222274444,0.17079025468339026,1.0415483410823887,0.4536021272185362,0.1715255499465722,1.0427605190160067,0.0014282613916061695,1
5.811999999999582,TOUCH/HOLD,0.4534293299009105,0.1707912853200908,1.0415490390902036,0.4536021272185362,0.1715255499465722,1.0427605190160067,0.00142712545534882,1
5.813999999999582,TOUCH/HOLD,0.4534294375324557,0.17079231447957308,1.041549737413582,0.4536021272185362,0.1715255499465722,1.0427605190160067,0.0014259902056165004,1
5.8159999999995815,TOUCH/HOLD,0.4534295451220232,0.17079334216407605,1.0415504360501326,0.4536021272185362,0.1715255499465722,1.0427605190160067,0.001424855642190969,1
5.817999999999581,TOUCH/HOLD,0.45342965266955715,0.1707943683758351,1.041551134997469,0.4536021272185362,0.1715255499465722,1.0427605190160067,0.0014237217648562564,1
5.819999999999581,TOUCH/HOLD,0.45342976017500186,0.17079539311708217,1.041551834253212,0.4536021272185362,0.1715255499465722,1.0427605190160067,0.001422588573397106,1
5.821999999999581,TOUCH/HOLD,0.45342986763830095,0.1707964163900449,1.04155253381499,0.4536021272185362,0.1715255499465722,1.0427605190160067,0.0014214560675984398,1
5.823999999999581,TOUCH/HOLD,0.4534299750593995,0.17079743819694818,1.0415532336804372,0.4536021272185362,0.1715255499465722,1.0427605190160067,0.0014203242472468507,1
5.82599999999958,TOUCH/HOLD,0.45343008243824184,0.17079845854001233,1.0415539338471955,0.4536021272185362,0.1715255499465722,1.0427605190160067,0.0014191931121292046,1
5.82799999999958,TOUCH/HOLD,0.4534301897747728,0.17079947742145468,1.0415546343129127,0.4536021272185362,0.1715255499465722,1.0427605190160067,0.0014180626620338718,1
5.82999999999958,TOUCH/HOLD,0.453430297068938,0.17080049484348853,1.041555335075245,0.4536021272185362,0.1715255499465722,1.0427605190160067,0.0014169328967487869,1
5.83199999999958,TOUCH/HOLD,0.453430404320683,0.17080151080832376,1.041556036131853,0.4536021272185362,0.1715255499465722,1.0427605190160067,0.0014158038160642238,1
5.8339999999995795,TOUCH/HOLD,0.4534305115299523,0.17080252531816648,1.041556737480405,0.4536021272185362,0.1715255499465722,1.0427605190160067,0.0014146754197713852,1
5.835999999999579,TOUCH/HOLD,0.45343061869669277,0.17080353837521933,1.0415574391185776,0.4536021272185362,0.1715255499465722,1.0427605190160067,0.0014135477076599094,1
5.837999999999579,TOUCH/HOLD,0.45343072582084976,0.17080454998168107,1.041558141044052,0.4536021272185362,0.1715255499465722,1.0427605190160067,0.0014124206795229114,1
5.839999999999579,TOUCH/HOLD,0.4534308329023698,0.17080556013974713,1.0415588432545173,0.4536021272185362,0.1715255499465722,1.0427605190160067,0.001411294335152723,1
5.841999999999579,TOUCH/HOLD,0.45343093994119965,0.17080656885160928,1.0415595457476683,0.4536021272185362,0.1715255499465722,1.0427605190160067,0.0014101686743434483,1
5.843999999999578,TOUCH/HOLD,0.4534310469372851,0.1708075761194555,1.041560248521206,0.4536021272185362,0.1715255499465722,1.0427605190160067,0.001409043696890407,1
5.845999999999578,TOUCH/HOLD,0.45343115389057354,0.1708085819454703,1.0415609515728415,0.4536021272185362,0.1715255499465722,1.0427605190160067,0.0014079194025869597,1
5.847999999999578,TOUCH/HOLD,0.45343126080101215,0.17080958633183468,1.0415616549002882,0.4536021272185362,0.1715255499465722,1.0427605190160067,0.001406795791230267,1
5.849999999999578,TOUCH/HOLD,0.45343136766854814,0.17081058928072604,1.041562358501268,0.4536021272185362,0.1715255499465722,1.0427605190160067,0.001405672862617082,1
5.8519999999995775,TOUCH/HOLD,0.4534314744931288,0.17081159079431799,1.0415630623735102,0.4536021272185362,0.1715255499465722,1.0427605190160067,0.0014045506165445813,1
5.853999999999577,TOUCH/HOLD,0.45343158127470196,0.1708125908747809,1.041563766514749,0.4536021272185362,0.1715255499465722,1.0427605190160067,0.0014034290528111715,1
5.855999999999577,TOUCH/HOLD,0.453431688013216,0.17081358952428133,1.041564470922726,0.4536021272185362,0.1715255499465722,1.0427605190160067,0.0014023081712159836,1
5.857999999999577,TOUCH/HOLD,0.45343179470861844,0.17081458674498248,1.0415651755951896,0.4536021272185362,0.1715255499465722,1.0427605190160067,0.0014011879715586002,1
5.859999999999577,TOUCH/HOLD,0.45343190136085754,0.17081558253904372,1.0415658805298942,0.4536021272185362,0.1715255499465722,1.0427605190160067,0.001400068453639494,1
5.861999999999576,TOUCH/HOLD,0.4534320079698826,0.17081657690862123,1.041566585724601,0.4536021272185362,0.1715255499465722,1.0427605190160067,0.0013989496172596033,1
5.863999999999576,TOUCH/HOLD,0.45343211453564186,0.17081756985586743,1.0415672911770777,0.4536021272185362,0.1715255499465722,1.0427605190160067,0.0013978314622208861,1
5.865999999999576,TOUCH/HOLD,0.45343222105808406,0.17081856138293114,1.0415679968850982,0.4536021272185362,0.1715255499465722,1.0427605190160067,0.0013967139883260355,1
5.867999999999576,TOUCH/HOLD,0.453432327537159,0.17081955149195804,1.0415687028464422,0.4536021272185362,0.1715255499465722,1.0427605190160067,0.0013955971953786969,1
5.869999999999576,TOUCH/HOLD,0.45343243397281585,0.1708205401850899,1.0415694090588983,0.4536021272185362,0.1715255499465722,1.0427605190160067,0.0013944810831816204,1
5.871999999999575,TOUCH/HOLD,0.45343254036500397,0.17082152746446505,1.0415701155202588,0.4536021272185362,0.1715255499465722,1.0427605190160067,0.0013933656515402655,1
5.873999999999575,TOUCH/HOLD,0.45343264671367356,0.17082251333221843,1.0415708222283238,0.4536021272185362,0.1715255499465722,1.0427605190160067,0.001392250900259632,1
5.875999999999575,TOUCH/HOLD,0.45343275301877395,0.1708234977904814,1.0415715291808996,0.4536021272185362,0.1715255499465722,1.0427605190160067,0.0013911368291455255,1
5.877999999999575,TOUCH/HOLD,0.45343285928025623,0.17082448084138194,1.0415722363757982,0.4536021272185362,0.1715255499465722,1.0427605190160067,0.001390023438004848,1
5.8799999999995745,TOUCH/HOLD,0.45343296549807033,0.17082546248704453,1.0415729438108396,0.4536021272185362,0.1715255499465722,1.0427605190160067,0.0013889107266439355,1
5.881999999999574,TOUCH/HOLD,0.45343307167216695,0.17082644272959002,1.0415736514838476,0.4536021272185362,0.1715255499465722,1.0427605190160067,0.001387798694871951,1
5.883999999999574,TOUCH/HOLD,0.4534331778024968,0.17082742157113584,1.0415743593926552,0.4536021272185362,0.1715255499465722,1.0427605190160067,0.001386687342496132,1
5.885999999999574,TOUCH/HOLD,0.4534332838890112,0.1708283990137961,1.0415750675350997,0.4536021272185362,0.1715255499465722,1.0427605190160067,0.001385576669325995,1
5.887999999999574,TOUCH/HOLD,0.45343338993166116,0.17082937505968124,1.0415757759090256,0.4536021272185362,0.1715255499465722,1.0427605190160067,0.001384466675170956,1
5.889999999999573,TOUCH/HOLD,0.4534334959303984,0.17083034971089833,1.0415764845122828,0.4536021272185362,0.1715255499465722,1.0427605190160067,0.0013833573598419388,1
5.891999999999573,TOUCH/HOLD,0.4534336018851744,0.1708313229695513,1.0415771933427287,0.4536021272185362,0.1715255499465722,1.0427605190160067,0.001382248723149078,1
5.893999999999573,TOUCH/HOLD,0.4534337077959411,0.17083229483773998,1.0415779023982261,0.4536021272185362,0.1715255499465722,1.0427605190160067,0.0013811407649041943,1
5.895999999999573,TOUCH/HOLD,0.45343381366265023,0.17083326531756138,1.0415786116766448,0.4536021272185362,0.1715255499465722,1.0427605190160067,0.0013800334849188717,1
5.8979999999995725,TOUCH/HOLD,0.45343391948525447,0.17083423441110873,1.0415793211758597,0.4536021272185362,0.1715255499465722,1.0427605190160067,0.0013789268830061098,1
5.899999999999572,TOUCH/HOLD,0.45343402526370624,0.17083520212047207,1.0415800308937522,0.4536021272185362,0.1715255499465722,1.0427605190160067,0.001377820958979424,1
5.901999999999572,TOUCH/HOLD,0.4534341309979578,0.1708361684477376,1.0415807408282114,0.4536021272185362,0.1715255499465722,1.0427605190160067,0.0013767157126515835,1
5.903999999999572,TOUCH/HOLD,0.4534342366879622,0.17083713339498868,1.0415814509771306,0.4536021272185362,0.1715255499465722,1.0427605190160067,0.0013756111438374533,1
5.905999999999572,TOUCH/HOLD,0.45343434233367286,0.17083809696430505,1.0415821613384098,0.4536021272185362,0.1715255499465722,1.0427605190160067,0.001374507252352061,1
5.907999999999571,TOUCH/HOLD,0.45343444793504284,0.17083905915776276,1.041582871909956,0.4536021272185362,0.1715255499465722,1.0427605190160067,0.0013734040380101989,1
5.909999999999571,TOUCH/HOLD,0.4534345534920253,0.17084001997743484,1.0415835826896813,0.4536021272185362,0.1715255499465722,1.0427605190160067,0.0013723015006282787,1
5.911999999999571,TOUCH/HOLD,0.4534346590045742,0.17084097942539073,1.041584293675505,0.4536021272185362,0.1715255499465722,1.0427605190160067,0.0013711996400220339,1
5.913999999999571,TOUCH/HOLD,0.4534347644726435,0.1708419375036967,1.0415850048653512,0.4536021272185362,0.1715255499465722,1.0427605190160067,0.0013700984560090434,1
5.9159999999995705,TOUCH/HOLD,0.4534348698961872,0.17084289421441534,1.0415857162571507,0.4536021272185362,0.1715255499465722,1.0427605190160067,0.0013689979484067202,1
5.91799999999957,TOUCH/HOLD,0.45343497527515886,0.1708438495596061,1.0415864278488411,0.4536021272185362,0.1715255499465722,1.0427605190160067,0.001367898117032424,1
5.91999999999957,TOUCH/HOLD,0.45343508060951376,0.1708448035413249,1.0415871396383647,0.4536021272185362,0.1715255499465722,1.0427605190160067,0.0013667989617053083,1
5.92199999999957,TOUCH/HOLD,0.45343518589920684,0.17084575616162473,1.041587851623671,0.4536021272185362,0.1715255499465722,1.0427605190160067,0.0013657004822435542,1
5.92399999999957,TOUCH/HOLD,0.45343529114419207,0.17084670742255453,1.0415885638027143,0.4536021272185362,0.1715255499465722,1.0427605190160067,0.001364602678467515,1
5.925999999999569,TOUCH/HOLD,0.4534353963444246,0.17084765732616036,1.041589276173457,0.4536021272185362,0.1715255499465722,1.0427605190160067,0.001363505550195769,1
5.927999999999569,TOUCH/HOLD,0.45343550149986034,0.17084860587448505,1.0415899887338649,0.4536021272185362,0.1715255499465722,1.0427605190160067,0.0013624090972499088,1
5.929999999999569,TOUCH/HOLD,0.453435606610454,0.17084955306956762,1.0415907014819117,0.4536021272185362,0.1715255499465722,1.0427605190160067,0.0013613133194501116,1
5.931999999999569,TOUCH/HOLD,0.4534357116761617,0.17085049891344434,1.0415914144155758,0.4536021272185362,0.1715255499465722,1.0427605190160067,0.0013602182166180695,1
5.9339999999995685,TOUCH/HOLD,0.453435816696939,0.1708514434081476,1.0415921275328426,0.4536021272185362,0.1715255499465722,1.0427605190160067,0.0013591237885753153,1
5.935999999999568,TOUCH/HOLD,0.4534359216727416,0.1708523865557068,1.0415928408317034,0.4536021272185362,0.1715255499465722,1.0427605190160067,0.0013580300351436038,1
5.937999999999568,TOUCH/HOLD,0.4534360266035268,0.17085332835814818,1.0415935543101547,0.4536021272185362,0.1715255499465722,1.0427605190160067,0.0013569369561458264,1
5.939999999999568,TOUCH/HOLD,0.4534361314892498,0.17085426881749413,1.0415942679661987,0.4536021272185362,0.1715255499465722,1.0427605190160067,0.001355844551405523,1
5.941999999999568,TOUCH/HOLD,0.453436236329868,0.1708552079357644,1.041594981797845,0.4536021272185362,0.1715255499465722,1.0427605190160067,0.001354752820745311,1
5.943999999999567,TOUCH/HOLD,0.4534363411253377,0.17085614571497487,1.041595695803107,0.4536021272185362,0.1715255499465722,1.0427605190160067,0.001353661763990043,1
5.945999999999567,TOUCH/HOLD,0.45343644587561616,0.17085708215713857,1.041596409980006,0.4536021272185362,0.1715255499465722,1.0427605190160067,0.0013525713809632686,1
5.947999999999567,TOUCH/HOLD,0.4534365505806606,0.17085801726426497,1.041597124326568,0.4536021272185362,0.1715255499465722,1.0427605190160067,0.0013514816714897307,1
5.949999999999567,TOUCH/HOLD,0.4534366552404279,0.17085895103836043,1.0415978388408251,0.4536021272185362,0.1715255499465722,1.0427605190160067,0.0013503926353948166,1
5.9519999999995665,TOUCH/HOLD,0.4534367598548761,0.17085988348142797,1.0415985535208145,0.4536021272185362,0.1715255499465722,1.0427605190160067,0.0013493042725044632,1
5.953999999999566,TOUCH/HOLD,0.4534368644239626,0.17086081459546734,1.0415992683645814,0.4536021272185362,0.1715255499465722,1.0427605190160067,0.0013482165826433899,1
5.955999999999566,TOUCH/HOLD,0.453436968947646,0.17086174438247512,1.041599983370174,0.4536021272185362,0.1715255499465722,1.0427605190160067,0.0013471295656388692,1
5.957999999999566,TOUCH/HOLD,0.4534370734258836,0.17086267284444445,1.0416006985356483,0.4536021272185362,0.1715255499465722,1.0427605190160067,0.001346043221316918,1
5.959999999999566,TOUCH/HOLD,0.4534371778586339,0.17086359998336545,1.0416014138590646,0.4536021272185362,0.1715255499465722,1.0427605190160067,0.0013449575495053936,1
5.961999999999565,TOUCH/HOLD,0.4534372822458564,0.17086452580122496,1.041602129338491,0.4536021272185362,0.1715255499465722,1.0427605190160067,0.001343872550030334,1
5.963999999999565,TOUCH/HOLD,0.4534373865875082,0.17086545030000638,1.041602844971999,0.4536021272185362,0.1715255499465722,1.0427605190160067,0.0013427882227206177,1
5.965999999999565,TOUCH/HOLD,0.45343749088354895,0.17086637348168998,1.0416035607576666,0.4536021272185362,0.1715255499465722,1.0427605190160067,0.0013417045674045318,1
5.967999999999565,TOUCH/HOLD,0.45343759513393755,0.17086729534825307,1.0416042766935782,0.4536021272185362,0.1715255499465722,1.0427605190160067,0.0013406215839100646,1
5.9699999999995645,TOUCH/HOLD,0.45343769933863404,0.1708682159016695,1.0416049927778244,0.4536021272185362,0.1715255499465722,1.0427605190160067,0.0013395392720652855,1
5.971999999999564,TOUCH/HOLD,0.4534378034975964,0.17086913514390978,1.041605709008499,0.4536021272185362,0.1715255499465722,1.0427605190160067,0.001338457631700799,1
5.973999999999564,TOUCH/HOLD,0.4534379076107856,0.17087005307694147,1.0416064253837038,0.4536021272185362,0.1715255499465722,1.0427605190160067,0.0013373766626450269,1
5.975999999999564,TOUCH/HOLD,0.45343801167816083,0.17087096970272897,1.041607141901546,0.4536021272185362,0.1715255499465722,1.0427605190160067,0.001336296364727651,1
5.977999999999564,TOUCH/HOLD,0.45343811569968206,0.17087188502323314,1.0416078585601372,0.4536021272185362,0.1715255499465722,1.0427605190160067,0.0013352167377793807,1
5.979999999999563,TOUCH/HOLD,0.4534382196753094,0.1708727990404119,1.041608575357595,0.4536021272185362,0.1715255499465722,1.0427605190160067,0.0013341377816308315,1
5.981999999999563,TOUCH/HOLD,0.45343832360500325,0.17087371175622018,1.0416092922920435,0.4536021272185362,0.1715255499465722,1.0427605190160067,0.0013330594961122693,1
5.983999999999563,TOUCH/HOLD,0.45343842748872465,0.17087462317260918,1.0416100093616119,0.4536021272185362,0.1715255499465722,1.0427605190160067,0.0013319818810547505,1
5.985999999999563,TOUCH/HOLD,0.45343853132643397,0.1708755332915276,1.0416107265644345,0.4536021272185362,0.1715255499465722,1.0427605190160067,0.0013309049362897904,1
5.987999999999563,TOUCH/HOLD,0.4534386351180919,0.17087644211492034,1.041611443898653,0.4536021272185362,0.1715255499465722,1.0427605190160067,0.0013298286616481789,1
5.989999999999562,TOUCH/HOLD,0.45343873886365993,0.17087734964472964,1.041612161362411,0.4536021272185362,0.1715255499465722,1.0427605190160067,0.001328753056963547,1
5.991999999999562,TOUCH/HOLD,0.4534388425630986,0.17087825588289418,1.0416128789538617,0.4536021272185362,0.1715255499465722,1.0427605190160067,0.0013276781220666954,1
5.993999999999562,TOUCH/HOLD,0.45343894621637026,0.17087916083135,1.041613596671161,0.4536021272185362,0.1715255499465722,1.0427605190160067,0.001326603856790718,1
5.995999999999562,TOUCH/HOLD,0.4534390498234364,0.17088006449202947,1.0416143145124728,0.4536021272185362,0.1715255499465722,1.0427605190160067,0.0013255302609674175,1
5.9979999999995615,TOUCH/HOLD,0.45343915338425855,0.17088096686686205,1.041615032475963,0.4536021272185362,0.1715255499465722,1.0427605190160067,0.0013244573344314348,1
5.999999999999561,TOUCH/HOLD,0.4534392568987987,0.17088186795777413,1.0416157505598067,0.4536021272185362,0.1715255499465722,1.0427605190160067,0.0013233850770146486,1
6.001999999999561,TOUCH/HOLD,0.45343936036701943,0.170882767766689,1.041616468762182,0.4536021272185362,0.1715255499465722,1.0427605190160067,0.0013223134885511926,1
6.003999999999561,TOUCH/HOLD,0.4534394637888824,0.17088366629552648,1.0416171870812732,0.4536021272185362,0.1715255499465722,1.0427605190160067,0.0013212425688752985,1
6.005999999999561,RETURN,0.4534395671643506,0.17088456354620374,1.0416179055152706,0.4536021272185362,0.1715255499465722,1.0427605190160067,0.001320172317820206,1
6.00799999999956,RETURN,0.45343967049338674,0.17088545952063455,1.041618624062369,0.4536021272185362,0.1715255499465722,1.0427605190160067,0.0013191027352206456,1
6.00999999999956,RETURN,0.45343977376448286,0.17088635417406373,1.0416193427754976,0.4536021272185362,0.1715255499465722,1.0427605190160067,0.0013180337975705829,1
6.01199999999956,RETURN,0.45343987694570237,0.17088724737690686,1.0416200618041873,0.4536021272185362,0.1715255499465722,1.0427605190160067,0.0013169654412576678,1
6.01399999999956,RETURN,0.4534399799891663,0.17088813893015325,1.0416207813717586,0.4536021272185362,0.1715255499465722,1.0427605190160067,0.001315897574114664,1
6.0159999999995595,RETURN,0.453440082834592,0.1708890285779363,1.0416215017575658,0.4536021272185362,0.1715255499465722,1.0427605190160067,0.0013148300841265424,1
6.017999999999559,RETURN,0.45344018541207565,0.1708899160178058,1.0416222232832104,0.4536021272185362,0.1715255499465722,1.0427605190160067,0.0013137628459433202,1
6.019999999999559,RETURN,0.45344028764428596,0.17089080090913525,1.0416229463018436,0.4536021272185362,0.1715255499465722,1.0427605190160067,0.0013126957257221356,1
6.021999999999559,RETURN,0.45344038944818255,0.17089168288001136,1.0416236711898965,0.4536021272185362,0.1715255499465722,1.0427605190160067,0.0013116285846843203,1
6.023999999999559,RETURN,0.45344049073636555,0.17089256153288998,1.0416243983406897,0.4536021272185362,0.1715255499465722,1.0427605190160067,0.0013105612817062118,1
6.025999999999558,RETURN,0.4534405914181314,0.17089343644924515,1.04162512815951,0.4536021272185362,0.1715255499465722,1.0427605190160067,0.0013094936751783376,1
6.027999999999558,RETURN,0.4534406914002941,0.17089430719339793,1.0416258610598323,0.4536021272185362,0.1715255499465722,1.0427605190160067,0.0013084256243120643,1
6.029999999999558,RETURN,0.4534407905878279,0.17089517331567483,1.0416265974604269,0.4536021272185362,0.1715255499465722,1.0427605190160067,0.0013073569900369907,1
6.031999999999558,RETURN,0.45344088888436385,0.1708960343550176,1.0416273377831458,0.4536021272185362,0.1715255499465722,1.0427605190160067,0.00130628763560151,1
6.0339999999995575,RETURN,0.45344098619257384,0.17089688984114285,1.0416280824512536,0.4536021272185362,0.1715255499465722,1.0427605190160067,0.0013052174269433327,1
6.035999999999557,RETURN,0.4534410824144686,0.1708977392963337,1.0416288318881513,0.4536021272185362,0.1715255499465722,1.0427605190160067,0.001304146232914043,1
6.037999999999557,RETURN,0.45344117745162116,0.1708985822369278,1.0416295865164287,0.4536021272185362,0.1715255499465722,1.0427605190160067,0.0013030739253813161,1
6.039999999999557,RETURN,0.4534412712053415,0.17089941817455495,1.0416303467571517,0.4536021272185362,0.1715255499465722,1.0427605190160067,0.0013020003792610264,1
6.041999999999557,RETURN,0.4534413635768059,0.17090024661717101,1.0416311130293354,0.4536021272185362,0.1715255499465722,1.0427605190160067,0.001300925472497037,1
6.043999999999556,RETURN,0.4534414544671544,0.17090106706991878,1.0416318857495581,0.4536021272185362,0.1715255499465722,1.0427605190160067,0.001299849086011314,1
6.045999999999556,RETURN,0.4534415437775628,0.1709018790358502,1.0416326653316847,0.4536021272185362,0.1715255499465722,1.0427605190160067,0.0012987711036338944,1
6.047999999999556,RETURN,0.4534416314092944,0.1709026820165309,1.041633452186669,0.4536021272185362,0.1715255499465722,1.0427605190160067,0.0012976914120281168,1
6.049999999999556,RETURN,0.4534417172637385,0.17090347551254795,1.0416342467224158,0.4536021272185362,0.1715255499465722,1.0427605190160067,0.0012966099006160143,1
6.0519999999995555,RETURN,0.453441801242435,0.17090425902393683,1.0416350493436894,0.4536021272185362,0.1715255499465722,1.0427605190160067,0.0012955264615081964,1
6.053999999999555,RETURN,0.45344188324709045,0.17090503205054058,1.0416358604520592,0.4536021272185362,0.1715255499465722,1.0427605190160067,0.0012944409894393325,1
6.055999999999555,RETURN,0.4534419631795926,0.1709057940923143,1.04163668044586,0.4536021272185362,0.1715255499465722,1.0427605190160067,0.001293353381720141,1
6.057999999999555,RETURN,0.4534420409420098,0.1709065446495799,1.041637509720185,0.4536021272185362,0.1715255499465722,1.0427605190160067,0.001292263538191208,1
6.059999999999555,RETURN,0.4534421164365986,0.170907283223244,1.0416383486668759,0.4536021272185362,0.1715255499465722,1.0427605190160067,0.0012911713611987305,1
6.061999999999554,RETURN,0.4534421895657999,0.17090800931498093,1.0416391976745332,0.4536021272185362,0.1715255499465722,1.0427605190160067,0.0012900767555742818,1
6.063999999999554,RETURN,0.4534422602322366,0.1709087224273887,1.041640057128529,0.4536021272185362,0.1715255499465722,1.0427605190160067,0.0012889796286291695,1
6.065999999999554,RETURN,0.45344232833871084,0.17090942206412024,1.0416409274110208,0.4536021272185362,0.1715255499465722,1.0427605190160067,0.0012878798901618397,1
6.067999999999554,RETURN,0.4534423937881987,0.1709101077299967,1.0416418089009731,0.4536021272185362,0.1715255499465722,1.0427605190160067,0.0012867774524715893,1
6.0699999999995535,RETURN,0.4534424564838448,0.17091077893110196,1.0416427019741765,0.4536021272185362,0.1715255499465722,1.0427605190160067,0.0012856722303858396,1
6.071999999999553,RETURN,0.45344251632895743,0.1709114351748636,1.041643607003268,0.4536021272185362,0.1715255499465722,1.0427605190160067,0.00128456414129581,1
6.073999999999553,RETURN,0.4534425732270015,0.170912075970122,1.0416445243577532,0.4536021272185362,0.1715255499465722,1.0427605190160067,0.001283453105199667,1
6.075999999999553,RETURN,0.4534426270815958,0.1709127008271893,1.041645454404027,0.4536021272185362,0.1715255499465722,1.0427605190160067,0.0012823390447545351,1
6.077999999999553,RETURN,0.4534426777965043,0.17091330925789822,1.0416463975053927,0.4536021272185362,0.1715255499465722,1.0427605190160067,0.0012812218853373116,1
6.079999999999552,RETURN,0.45344272527563323,0.170913900775645,1.0416473540220808,0.4536021272185362,0.1715255499465722,1.0427605190160067,0.0012801015551117232,1
6.081999999999552,RETURN,0.4534427694230242,0.1709144748954254,1.0416483243112689,0.4536021272185362,0.1715255499465722,1.0427605190160067,0.0012789779851004135,1
6.083999999999552,RETURN,0.45344281014285115,0.17091503113386436,1.0416493087271,0.4536021272185362,0.1715255499465722,1.0427605190160067,0.0012778511092640694,1
6.085999999999552,RETURN,0.45344284733941376,0.17091556900924257,1.0416503076206969,0.4536021272185362,0.1715255499465722,1.0427605190160067,0.0012767208645881427,1
6.0879999999995515,RETURN,0.4534428809171344,0.17091608804151734,1.0416513213401828,0.4536021272185362,0.1715255499465722,1.0427605190160067,0.001275587191169829,1
6.089999999999551,RETURN,0.45344291078055354,0.17091658775234148,1.0416523502306922,0.4536021272185362,0.1715255499465722,1.0427605190160067,0.0012744500323165337,1
6.091999999999551,RETURN,0.4534429368343246,0.17091706766507825,1.041653394634389,0.4536021272185362,0.1715255499465722,1.0427605190160067,0.00127330933464331,1
6.093999999999551,RETURN,0.45344295898321224,0.17091752730481405,1.0416544548904791,0.4536021272185362,0.1715255499465722,1.0427605190160067,0.0012721650481780525,1
6.095999999999551,RETURN,0.45344297713208687,0.17091796619836883,1.0416555313352267,0.4536021272185362,0.1715255499465722,1.0427605190160067,0.0012710171264673693,1
6.0979999999995504,RETURN,0.4534429911859213,0.1709183838743051,1.0416566243019652,0.4536021272185362,0.1715255499465722,1.0427605190160067,0.0012698655266907813,1
6.09999999999955,RETURN,0.4534430010497887,0.1709187798629345,1.0416577341211097,0.4536021272185362,0.1715255499465722,1.0427605190160067,0.001268710209776449,1
6.10199999999955,RETURN,0.4534430066288575,0.1709191536963235,1.0416588611201751,0.4536021272185362,0.1715255499465722,1.0427605190160067,0.0012675511405160489,1
6.10399999999955,RETURN,0.4534430078283902,0.17091950490829796,1.0416600056237788,0.4536021272185362,0.1715255499465722,1.0427605190160067,0.0012663882876947027,1
6.10599999999955,RETURN,0.4534430045537381,0.1709198330344458,1.0416611679536616,0.4536021272185362,0.1715255499465722,1.0427605190160067,0.001265221624209698,1
6.107999999999549,RETURN,0.45344299671034033,0.17092013761212022,1.0416623484286953,0.4536021272185362,0.1715255499465722,1.0427605190160067,0.001264051127202229,1
6.109999999999549,RETURN,0.45344298420371987,0.17092041818044068,1.0416635473648943,0.4536021272185362,0.1715255499465722,1.0427605190160067,0.0012628767781896451,1
6.111999999999549,RETURN,0.45344296693948116,0.1709206742802939,1.0416647650754285,0.4536021272185362,0.1715255499465722,1.0427605190160067,0.0012616985631985554,1
6.113999999999549,RETURN,0.45344294482330694,0.1709209054543346,1.041666001870631,0.4536021272185362,0.1715255499465722,1.0427605190160067,0.0012605164729053515,1
6.1159999999995485,RETURN,0.45344291776095635,0.17092111124698486,1.0416672580580124,0.4536021272185362,0.1715255499465722,1.0427605190160067,0.0012593305027737574,1
6.117999999999548,RETURN,0.4534428856582613,0.17092129120443356,1.0416685339422722,0.4536021272185362,0.1715255499465722,1.0427605190160067,0.001258140653197724,1
6.119999999999548,RETURN,0.45344284842112437,0.17092144487463568,1.0416698298253046,0.4536021272185362,0.1715255499465722,1.0427605190160067,0.001256946929650893,1
6.121999999999548,RETURN,0.45344280595551545,0.17092157180731046,1.0416711460062154,0.4536021272185362,0.1715255499465722,1.0427605190160067,0.0012557493428302375,1
6.123999999999548,RETURN,0.45344275816747104,0.17092167155394036,1.0416724827813255,0.4536021272185362,0.1715255499465722,1.0427605190160067,0.0012545479088119159,1
6.125999999999547,RETURN,0.45344270496308914,0.17092174366776844,1.0416738404441903,0.4536021272185362,0.1715255499465722,1.0427605190160067,0.0012533426491984126,1
6.127999999999547,RETURN,0.4534426462485285,0.17092178770379726,1.0416752192856003,0.4536021272185362,0.1715255499465722,1.0427605190160067,0.0012521335912815594,1
6.129999999999547,RETURN,0.4534425819300053,0.17092180321878567,1.041676619593599,0.4536021272185362,0.1715255499465722,1.0427605190160067,0.00125092076819493,1
6.131999999999547,RETURN,0.453442511913791,0.1709217897712469,1.041678041653488,0.4536021272185362,0.1715255499465722,1.0427605190160067,0.0012497042190787028,1
6.1339999999995465,RETURN,0.45344243610620943,0.17092174692144577,1.041679485747841,0.4536021272185362,0.1715255499465722,1.0427605190160067,0.0012484839892401287,1
6.135999999999546,RETURN,0.4534423544136336,0.17092167423139615,1.0416809521565122,0.4536021272185362,0.1715255499465722,1.0427605190160067,0.0012472601303195232,1
6.137999999999546,RETURN,0.45344226674248483,0.1709215712648581,1.0416824411566452,0.4536021272185362,0.1715255499465722,1.0427605190160067,0.0012460327004593567,1
6.139999999999546,RETURN,0.45344217299922884,0.17092143758733497,1.0416839530226847,0.4536021272185362,0.1715255499465722,1.0427605190160067,0.0012448017644729379,1
6.141999999999546,RETURN,0.4534420730903733,0.17092127276607036,1.041685488026387,0.4536021272185362,0.1715255499465722,1.0427605190160067,0.0012435673940160829,1
6.143999999999545,RETURN,0.4534419669224654,0.17092107637004533,1.0416870464368277,0.4536021272185362,0.1715255499465722,1.0427605190160067,0.0012423296677637134,1
6.145999999999545,RETURN,0.45344185440208973,0.1709208479699752,1.0416886285204148,0.4536021272185362,0.1715255499465722,1.0427605190160067,0.0012410886715833126,1
6.147999999999545,RETURN,0.45344173543586413,0.17092058713830624,1.0416902345408936,0.4536021272185362,0.1715255499465722,1.0427605190160067,0.0012398444987182869,1
6.149999999999545,RETURN,0.45344160993044014,0.17092029344921306,1.0416918647593643,0.4536021272185362,0.1715255499465722,1.0427605190160067,0.0012385972499619458,1
6.1519999999995445,RETURN,0.45344147779249583,0.1709199664785945,1.041693519434284,0.4536021272185362,0.1715255499465722,1.0427605190160067,0.0012373470338476215,1
6.153999999999544,RETURN,0.45344133892873795,0.1709196058040717,1.0416951988214807,0.4536021272185362,0.1715255499465722,1.0427605190160067,0.0012360939668294036,1
6.155999999999544,RETURN,0.45344119324589516,0.17091921100498347,1.0416969031741623,0.4536021272185362,0.1715255499465722,1.0427605190160067,0.0012348381734702922,1
6.157999999999544,RETURN,0.45344104065071816,0.1709187816623839,1.041698632742927,0.4536021272185362,0.1715255499465722,1.0427605190160067,0.0012335797866305722,1
6.159999999999544,RETURN,0.4534408830348493,0.1709182928769993,1.0417004755039165,0.4536021272185362,0.1715255499465722,1.0427605190160067,0.0012322552831469952,1
6.161999999999543,RETURN,0.45344072316493184,0.17091771214766285,1.041702546454383,0.4536021272185362,0.1715255499465722,1.0427605190160067,0.0012307818650969986,1
6.163999999999543,RETURN,0.45344054244946685,0.1709170098682329,1.0417049301714247,0.4536021272185362,0.1715255499465722,1.0427605190160067,0.0012291047446602679,1
6.165999999999543,RETURN,0.4534403216116427,0.1709161674086536,1.0417076732979396,0.4536021272185362,0.1715255499465722,1.0427605190160067,0.001227196902699284,1
6.167999999999543,RETURN,0.4534400461814832,0.1709151759402464,1.0417107938073387,0.4536021272185362,0.1715255499465722,1.0427605190160067,0.0012250508984869308,1
6.1699999999995425,RETURN,0.45343970492820973,0.17091403312338663,1.0417142907995907,0.4536021272185362,0.1715255499465722,1.0427605190160067,0.001222672199021094,1
6.171999999999542,RETURN,0.45343928881807977,0.17091274090706038,1.04171815099567,0.4536021272185362,0.1715255499465722,1.0427605190160067,0.0012200747327076353,1
6.173999999999542,RETURN,0.4534387903201077,0.1709113040642476,1.0417223530495294,0.4536021272185362,0.1715255499465722,1.0427605190160067,0.0012172779141563295,1
6.175999999999542,RETURN,0.45343820294240383,0.1709097292148686,1.041726870415882,0.4536021272185362,0.1715255499465722,1.0427605190160067,0.0012143046448241089,1
6.177999999999542,RETURN,0.4534375209216193,0.1709080241722785,1.0417316732611872,0.4536021272185362,0.1715255499465722,1.0427605190160067,0.0012111799627272327,1
6.179999999999541,RETURN,0.45343673901423537,0.17090619750484143,1.0417367297399032,0.4536021272185362,0.1715255499465722,1.0427605190160067,0.0012079301250753013,1
6.181999999999541,RETURN,0.45343585235575223,0.17090425824077493,1.041742006848956,0.4536021272185362,0.1715255499465722,1.0427605190160067,0.0012045819806541615,1
6.183999999999541,RETURN,0.45343485636526437,0.17090221566865973,1.041747471001444,0.4536021272185362,0.1715255499465722,1.0427605190160067,0.0012011625369550887,1
6.185999999999541,RETURN,0.453433746680471,0.17090007920200734,1.0417530884130126,0.4536021272185362,0.1715255499465722,1.0427605190160067,0.0011976986589934827,1
6.1879999999995405,RETURN,0.45343251911316784,0.17089785828686316,1.0417588253629384,0.4536021272185362,0.1715255499465722,1.0427605190160067,0.0011942168578915478,1
6.18999999999954,RETURN,0.4534311696185753,0.17089556233842984,1.0417646483711724,0.4536021272185362,0.1715255499465722,1.0427605190160067,0.0011907431413365466,1
6.19199999999954,RETURN,0.4534296942740548,0.170893200697349,1.0417705243188062,0.4536021272185362,0.1715255499465722,1.0427605190160067,0.0011873029073580265,1
6.19399999999954,RETURN,0.45342808926423234,0.17089078259936694,1.0417764205303015,0.4536021272185362,0.1715255499465722,1.0427605190160067,0.001183920869054874,1
6.19599999999954,RETURN,0.45342635087051,0.170888317154167,1.0417823048297628,0.4536021272185362,0.1715255499465722,1.0427605190160067,0.0011806210020201195,1
6.197999999999539,RETURN,0.4534244754636002,0.17088581333052133,1.0417881455794815,0.4536021272185362,0.1715255499465722,1.0427605190160067,0.001177426508962644,1
6.199999999999539,RETURN,0.4534224594981609,0.17088327994583585,1.0417939117063013,0.4536021272185362,0.1715255499465722,1.0427605190160067,0.0011743597978331511,1
6.201999999999539,RETURN,0.4534202995088885,0.1708807256587735,1.041799572719549,0.4536021272185362,0.1715255499465722,1.0427605190160067,0.0011714424709761207,1
6.203999999999539,RETURN,0.45341799210763245,0.17087815896405678,1.0418050987230756,0.4536021272185362,0.1715255499465722,1.0427605190160067,0.0011686953236213886,1
6.2059999999995386,RETURN,0.4534155339812304,0.17087558818883342,1.041810460423134,0.4536021272185362,0.1715255499465722,1.0427605190160067,0.0011661383505496123,1
6.207999999999538,RETURN,0.4534129218898463,0.17087302149017114,1.0418156291332925,0.4536021272185362,0.1715255499465722,1.0427605190160067,0.001163790760091159,1
6.209999999999538,RETURN,0.4534101526656662,0.170870466853385,1.0418205767771898,0.4536021272185362,0.1715255499465722,1.0427605190160067,0.0011616709948353118,1
6.211999999999538,RETURN,0.4534072232118441,0.17086793209098688,1.0418252758897033,0.4536021272185362,0.1715255499465722,1.0427605190160067,0.001159796758534488,1
6.213999999999538,RETURN,0.4534041305016223,0.17086542484210246,1.041829699616932,0.4536021272185362,0.1715255499465722,1.0427605190160067,0.0011581850487524198,1
6.2159999999995375,RETURN,0.4534008715775697,0.17086295257225392,1.0418338217152636,0.4536021272185362,0.1715255499465722,1.0427605190160067,0.0011568521948282456,1
6.217999999999537,RETURN,0.45339744355090317,0.17086052257342552,1.0418376165497358,0.4536021272185362,0.1715255499465722,1.0427605190160067,0.0011558139007119789,1
6.219999999999537,RETURN,0.4533938436008595,0.17085814196435822,1.0418410590918203,0.4536021272185362,0.1715255499465722,1.0427605190160067,0.001155085292218854,1
6.221999999999537,RETURN,0.45339006897409817,0.17085581769103014,1.04184412491675,0.4536021272185362,0.1715255499465722,1.0427605190160067,0.0011546809681899615,1
6.223999999999537,RETURN,0.45338611698412057,0.1708535565272894,1.0418467902004456,0.4536021272185362,0.1715255499465722,1.0427605190160067,0.001154615055037192,1
6.225999999999536,RETURN,0.4533819850106934,0.17085136507561915,1.0418490317161155,0.4536021272185362,0.1715255499465722,1.0427605190160067,0.0011549012640736326,1
6.227999999999536,RETURN,0.45337767049926836,0.17084924976801252,1.0418508268305622,0.4536021272185362,0.1715255499465722,1.0427605190160067,0.0011555529510166378,1
6.229999999999536,RETURN,0.45337317096039387,0.17084721686694515,1.0418521535002319,0.4536021272185362,0.1715255499465722,1.0427605190160067,0.0011565831769950023,1
6.231999999999536,RETURN,0.4533684839691135,0.17084527246643388,1.0418529902670304,0.4536021272185362,0.1715255499465722,1.0427605190160067,0.0011580047703713358,1
6.2339999999995355,RETURN,0.45336360716434776,0.17084342249317183,1.0418533162539272,0.4536021272185362,0.1715255499465722,1.0427605190160067,0.001159830388659192,1
6.235999999999535,RETURN,0.4533585382482597,0.17084167270773265,1.0418531111603706,0.4536021272185362,0.1715255499465722,1.0427605190160067,0.001162072579795842,1
6.237999999999535,RETURN,0.45335327498560046,0.1708400287058384,1.0418523552575143,0.4536021272185362,0.1715255499465722,1.0427605190160067,0.0011647438420414494,1
6.239999999999535,RETURN,0.4533478152030387,0.1708384959196847,1.041851029383283,0.4536021272185362,0.1715255499465722,1.0427605190160067,0.001167856681755402,1
6.241999999999535,RETURN,0.45334215678846806,0.17083707961932082,1.0418491149372755,0.4536021272185362,0.1715255499465722,1.0427605190160067,0.0011714236683384057,1
6.243999999999534,RETURN,0.45333629769029826,0.17083578491407791,1.0418465938755244,0.4536021272185362,0.1715255499465722,1.0427605190160067,0.0011754574856373211,1
6.245999999999534,RETURN,0.4533302359167274,0.17083461675404546,1.0418434487051098,0.4536021272185362,0.1715255499465722,1.0427605190160067,0.0011799709791613993,1
6.247999999999534,RETURN,0.4533239695349981,0.17083357993158946,1.0418396624786481,0.4536021272185362,0.1715255499465722,1.0427605190160067,0.0011849771984906042,1
6.249999999999534,RETURN,0.45331749667063514,0.17083267908291344,1.0418352187886493,0.4536021272185362,0.1715255499465722,1.0427605190160067,0.0011904894343309053,1
6.2519999999995335,RETURN,0.4533108155066708,0.17083191868965628,1.0418301017617602,0.4536021272185362,0.1715255499465722,1.0427605190160067,0.0011965212497237526,1
6.253999999999533,RETURN,0.45330392428285354,0.1708313030805266,1.0418242960528972,0.4536021272185362,0.1715255499465722,1.0427605190160067,0.0012030865050018582,1
6.255999999999533,RETURN,0.45329682129484516,0.17083083643297145,1.0418177868392673,0.4536021272185362,0.1715255499465722,1.0427605190160067,0.0012101993761691795,1
6.257999999999533,RETURN,0.4532895048934057,0.17083052277487673,1.0418105598142986,0.4536021272185362,0.1715255499465722,1.0427605190160067,0.0012178743664578106,1
6.259999999999533,RETURN,0.4532819734835649,0.17083036598629722,1.0418026011814683,0.4536021272185362,0.1715255499465722,1.0427605190160067,0.0012261263109347887,1
6.261999999999532,RETURN,0.4532742255237888,0.17083036980121596,1.0417938976480472,0.4536021272185362,0.1715255499465722,1.0427605190160067,0.0012349703741028513,1
6.263999999999532,RETURN,0.45326625952513294,0.17083053780932916,1.0417844364187625,0.4536021272185362,0.1715255499465722,1.0427605190160067,0.0012444220405594902,1
6.265999999999532,RETURN,0.45325807405039037,0.1708308734578563,1.0417742051893775,0.4536021272185362,0.1715255499465722,1.0427605190160067,0.0012544970988750623,1
6.267999999999532,RETURN,0.45324966771323233,0.1708313800533738,1.0417631921402057,0.4536021272185362,0.1715255499465722,1.0427605190160067,0.00126521161893856,1
6.2699999999995315,RETURN,0.4532410391773433,0.17083206076366989,1.0417513859295495,0.4536021272185362,0.1715255499465722,1.0427605190160067,0.001276581923136051,1
6.271999999999531,RETURN,0.45323218715555247,0.17083291861962024,1.041738775687086,0.4536021272185362,0.1715255499465722,1.0427605190160067,0.0012886245517876066,1
6.273999999999531,RETURN,0.4532231104089596,0.17083395651708147,1.0417253510071836,0.4536021272185362,0.1715255499465722,1.0427605190160067,0.001301356223386738,1
6.275999999999531,RETURN,0.4532138077460593,0.17083517721880312,1.0417111019421759,0.4536021272185362,0.1715255499465722,1.0427605190160067,0.0013147937902195375,1
6.277999999999531,RETURN,0.4532042780218646,0.1708365833563545,1.0416960189955802,0.4536021272185362,0.1715255499465722,1.0427605190160067,0.0013289541900369133,1
6.27999999999953,RETURN,0.4531945201370265,0.17083817743206636,1.0416800931152763,0.4536021272185362,0.1715255499465722,1.0427605190160067,0.001343854394480341,1
6.28199999999953,RETURN,0.4531845330369571,0.17083996182098618,1.041663315686642,0.4536021272185362,0.1715255499465722,1.0427605190160067,0.0013595113550105048,1
6.28399999999953,RETURN,0.4531743157109487,0.17084193877284495,1.0416456785256558,0.4536021272185362,0.1715255499465722,1.0427605190160067,0.0013759419471020484,1
6.28599999999953,RETURN,0.4531638671912983,0.1708441104140342,1.0416271738719671,0.4536021272185362,0.1715255499465722,1.0427605190160067,0.0013931629134808288,1
6.2879999999995295,RETURN,0.4531531865524326,0.17084647874959388,1.0416077943819406,0.4536021272185362,0.1715255499465722,1.0427605190160067,0.001411190807166072,1
6.289999999999529,RETURN,0.4531422729100335,0.17084904566520662,1.0415875331216793,0.4536021272185362,0.1715255499465722,1.0427605190160067,0.0014300419350654265,1
6.291999999999529,RETURN,0.45313112542016987,0.17085181292920038,1.0415663835600206,0.4536021272185362,0.1715255499465722,1.0427605190160067,0.0014497323028354614,1
6.293999999999529,RETURN,0.45311974327843185,0.17085478219455624,1.041544339561531,0.4536021272185362,0.1715255499465722,1.0427605190160067,0.001470277561654358,1
6.295999999999529,RETURN,0.45310812571906883,0.17085795500092119,1.0415213953794762,0.4536021272185362,0.1715255499465722,1.0427605190160067,0.001491692957529641,1
6.297999999999528,RETURN,0.45309627201413305,0.17086133277662463,1.0414975456487898,0.4536021272185362,0.1715255499465722,1.0427605190160067,0.0015139932836621796,1
6.299999999999528,RETURN,0.45308418147262836,0.17086491684069738,1.04147278537904,0.4536021272185362,0.1715255499465722,1.0427605190160067,0.0015371928363278092,1
6.301999999999528,RETURN,0.4530718534396633,0.17086870840489163,1.041447109947389,0.4536021272185362,0.1715255499465722,1.0427605190160067,0.0015613053746672662,1
6.303999999999528,RETURN,0.4530592872956135,0.1708727085757027,1.0414205150915636,0.4536021272185362,0.1715255499465722,1.0427605190160067,0.0015863440846677788,1
6.3059999999995275,RETURN,0.4530464824552878,0.17087691835638882,1.0413929969028255,0.4536021272185362,0.1715255499465722,1.0427605190160067,0.0016123215475670318,1
6.307999999999527,RETURN,0.45303343836710147,0.17088133864899088,1.0413645518189516,0.4536021272185362,0.1715255499465722,1.0427605190160067,0.0016392497128050949,1
6.309999999999527,RETURN,0.45302015451225863,0.17088597025634825,1.0413351766172332,0.4536021272185362,0.1715255499465722,1.0427605190160067,0.0016671398755775146,1
6.311999999999527,RETURN,0.45300663040394007,0.17089081388411234,1.0413048684074835,0.4536021272185362,0.1715255499465722,1.0427605190160067,0.0016960026589823945,1
6.313999999999527,RETURN,0.45299286558649976,0.1708958701427559,1.041273624625067,0.4536021272185362,0.1715255499465722,1.0427605190160067,0.001725848000669313,1
6.315999999999526,RETURN,0.4529788596346705,0.17090113954957678,1.0412414430239527,0.4536021272185362,0.1715255499465722,1.0427605190160067,0.0017566851438458556,1
6.317999999999526,RETURN,0.45296461215277545,0.1709066225306956,1.041208321669787,0.4536021272185362,0.1715255499465722,1.0427605190160067,0.0017885226324560316,1
6.319999999999526,RETURN,0.45295012277394914,0.17091231942304735,1.0411742589329989,0.4536021272185362,0.1715255499465722,1.0427605190160067,0.0018213683102788533,1
6.321999999999526,RETURN,0.45293539115937065,0.17091823047636515,1.041139253481931,0.4536021272185362,0.1715255499465722,1.0427605190160067,0.0018552293236864309,1
6.323999999999526,RETURN,0.4529204169974989,0.17092435585515484,1.0411033042760058,0.4536021272185362,0.1715255499465722,1.0427605190160067,0.0018901121277580802,1
6.325999999999525,RETURN,0.4529052000033224,0.170930695640662,1.0410664105589271,0.4536021272185362,0.1715255499465722,1.0427605190160067,0.0019260224954330888,1
6.327999999999525,RETURN,0.45288973991761805,0.17093724983282793,1.0410285718519159,0.4536021272185362,0.1715255499465722,1.0427605190160067,0.001962965529382362,1
6.329999999999525,RETURN,0.4528740364157144,0.17094401034513027,1.0409897856536805,0.4536021272185362,0.1715255499465722,1.0427605190160067,0.0020009500657573154,1
6.331999999999525,RETURN,0.4528580890470574,0.17095095039172273,1.0409500444075626,0.4536021272185362,0.1715255499465722,1.0427605190160067,0.0020399940580481924,1
6.3339999999995245,RETURN,0.4528418975849666,0.17095804390087693,1.0409093410702006,0.4536021272185362,0.1715255499465722,1.0427605190160067,0.0020801134571693603,1
6.335999999999524,RETURN,0.4528254619909585,0.17096526552357952,1.0408676690567273,0.4536021272185362,0.1715255499465722,1.0427605190160067,0.0021213223420123144,1
6.337999999999524,RETURN,0.45280878238333405,0.17097259063186604,1.0408250222083348,0.4536021272185362,0.1715255499465722,1.0427605190160067,0.0021636330381491252,1
6.339999999999524,RETURN,0.45279185900990154,0.17097999531227243,1.040781394773407,0.4536021272185362,0.1715255499465722,1.0427605190160067,0.0022070562286846947,1
6.341999999999524,RETURN,0.45277469222459665,0.17098745635643722,1.0407367813965798,0.4536021272185362,0.1715255499465722,1.0427605190160067,0.002251601059962464,1
6.343999999999523,RETURN,0.4527572824676248,0.17099495125014158,1.0406911771121963,0.4536021272185362,0.1715255499465722,1.0427605190160067,0.0022972752435575458,1
6.345999999999523,RETURN,0.4527396302487017,0.17100245816158882,1.0406445773399817,0.4536021272185362,0.1715255499465722,1.0427605190160067,0.0023440851552003076,1
6.347999999999523,RETURN,0.45272173613298095,0.17100995592941415,1.0405969778816504,0.4536021272185362,0.1715255499465722,1.0427605190160067,0.0023920359307724307,1
6.349999999999523,RETURN,0.45270360072927346,0.1710174240507083,1.040548374917671,0.4536021272185362,0.1715255499465722,1.0427605190160067,0.00244113155928891,1
6.3519999999995225,RETURN,0.4526852246802062,0.17102484266921292,1.0404987650037847,0.4536021272185362,0.1715255499465722,1.0427605190160067,0.002491374972620365,1
6.353999999999522,RETURN,0.45266660865401526,0.1710321925637643,1.0404481450670706,0.4536021272185362,0.1715255499465722,1.0427605190160067,0.002542768131673212,1
6.355999999999522,RETURN,0.452647753337705,0.17103945513701307,1.0403965124014787,0.4536021272185362,0.1715255499465722,1.0427605190160067,0.0025953121087502343,1
6.357999999999522,RETURN,0.45262865943134467,0.1710466124044176,1.040343864662822,0.4536021272185362,0.1715255499465722,1.0427605190160067,0.002649007165855041,1
6.359999999999522,RETURN,0.45260932764331685,0.17105364698349568,1.0402901998632652,0.4536021272185362,0.1715255499465722,1.0427605190160067,0.0027038528287460163,1
6.361999999999521,RETURN,0.4525897586863474,0.17106054208330732,1.040235516365362,0.4536021272185362,0.1715255499465722,1.0427605190160067,0.00275984795661412,1
6.363999999999521,RETURN,0.45256995327419547,0.1710672814941428,1.0401798128756978,0.4536021272185362,0.1715255499465722,1.0427605190160067,0.0028169908073148076,1
6.365999999999521,RETURN,0.45254991211888207,0.1710738495773876,1.0401230884382064,0.4536021272185362,0.1715255499465722,1.0427605190160067,0.0028752790981359916,1
6.367999999999521,RETURN,0.45252963592837137,0.17108023125553978,1.0400653424272095,0.4536021272185362,0.1715255499465722,1.0427605190160067,0.00293471006214636,1
6.3699999999995205,RETURN,0.45250912540462207,0.17108641200235397,1.040006574540238,0.4536021272185362,0.1715255499465722,1.0427605190160067,0.0029952805002017454,1
6.37199999999952,RETURN,0.45248838124195656,0.171092377833098,1.0399467847906774,0.4536021272185362,0.1715255499465722,1.0427605190160067,0.003056986828730047,1
6.37399999999952,RETURN,0.45246740412568137,0.17109811529489863,1.0398859735002781,0.4536021272185362,0.1715255499465722,1.0427605190160067,0.0031198251234492227,1
6.37599999999952,RETURN,0.45244619473093023,0.17110361145716818,1.039824141291571,0.4536021272185362,0.1715255499465722,1.0427605190160067,0.003183791159185249,1
6.37799999999952,RETURN,0.4524247537216856,0.1711088539020991,1.039761289080208,0.4536021272185362,0.1715255499465722,1.0427605190160067,0.003248880445993286,1
6.379999999999519,RETURN,0.45240308174995036,0.1711138307152157,1.039697418067263,0.4536021272185362,0.1715255499465722,1.0427605190160067,0.0033150882617813526,1
6.381999999999519,RETURN,0.4523811794550524,0.17111853047598133,1.0396325297315079,0.4536021272185362,0.1715255499465722,1.0427605190160067,0.0033824096816524036,1
6.383999999999519,RETURN,0.4523590474630495,0.17112294224845065,1.0395666258216902,0.4536021272185362,0.1715255499465722,1.0427605190160067,0.003450839604181707,1
6.385999999999519,RETURN,0.4523366863862343,0.1711270555719683,1.0394997083488138,0.4536021272185362,0.1715255499465722,1.0427605190160067,0.003520372774853161,1
6.3879999999995185,RETURN,0.45231409682271195,0.17113086045190906,1.0394317795784545,0.4536021272185362,0.1715255499465722,1.0427605190160067,0.0035910038068596682,1
6.389999999999518,RETURN,0.452291279356045,0.1711343473504597,1.0393628420231047,0.4536021272185362,0.1715255499465722,1.0427605190160067,0.003662727199492045,1
6.391999999999518,RETURN,0.45226823455495757,0.17113750717744236,1.0392928984345702,0.4536021272185362,0.1715255499465722,1.0427605190160067,0.003735537354307326,1
6.393999999999518,RETURN,0.45224496297308964,0.17114033128118017,1.0392219517964167,0.4536021272185362,0.1715255499465722,1.0427605190160067,0.0038094285892823787,1
6.395999999999518,RETURN,0.45222146514879136,0.1711428114394061,1.0391500053164777,0.4536021272185362,0.1715255499465722,1.0427605190160067,0.0038843951511382912,1
6.397999999999517,RETURN,0.45219774160495985,0.1711449398502159,1.0390770624194352,0.4536021272185362,0.1715255499465722,1.0427605190160067,0.003960431226002421,1
6.399999999999517,RETURN,0.45217379284890513,0.17114670912306926,1.0390031267394695,0.4536021272185362,0.1715255499465722,1.0427605190160067,0.004037530948587724,1
6.401999999999517,RETURN,0.45214961937224946,0.17114811226983995,1.0389282021129806,0.4536021272185362,0.1715255499465722,1.0427605190160067,0.004115688410042869,1
6.403999999999517,RETURN,0.4521252216508491,0.17114914269591627,1.0388522925714037,0.4536021272185362,0.1715255499465722,1.0427605190160067,0.004194897664604753,1
6.4059999999995165,RETURN,0.45210060014474485,0.17114979419135848,1.038775402334098,0.4536021272185362,0.1715255499465722,1.0427605190160067,0.004275152735205114,1
6.407999999999516,RETURN,0.45207575529812694,0.17115006092211066,1.0386975358013266,0.4536021272185362,0.1715255499465722,1.0427605190160067,0.004356447618149155,1
6.409999999999516,RETURN,0.45205068753932687,0.1711499374212743,1.0386186975473282,0.4536021272185362,0.1715255499465722,1.0427605190160067,0.004438776286972875,1
6.411999999999516,RETURN,0.45202539728082053,0.17114941858044358,1.0385388923134795,0.4536021272185362,0.1715255499465722,1.0427605190160067,0.0045221326955946,1
6.413999999999516,RETURN,0.45199988491925075,0.17114849964110712,1.0384581250015532,0.4536021272185362,0.1715255499465722,1.0427605190160067,0.0046065107808488295,1
6.415999999999515,RETURN,0.45197415083546394,0.1711471761861169,1.0383764006670702,0.4536021272185362,0.1715255499465722,1.0427605190160067,0.004691904464492504,1
6.417999999999515,RETURN,0.45194819539455894,0.17114544413122884,1.038293724512752,0.4536021272185362,0.1715255499465722,1.0427605190160067,0.0047783076547591756,1
6.419999999999515,RETURN,0.4519220189459501,0.17114329971671693,1.0382101018820722,0.4536021272185362,0.1715255499465722,1.0427605190160067,0.004865714247532625,1
6.421999999999515,RETURN,0.4518956218234404,0.1711407394990635,1.0381255382529067,0.4536021272185362,0.1715255499465722,1.0427605190160067,0.004954118127205982,1
6.4239999999995145,RETURN,0.4518690043453066,0.17113776034272832,1.0380400392312858,0.4536021272185362,0.1715255499465722,1.0427605190160067,0.005043513167279312,1
6.425999999999514,RETURN,0.4518421668143919,0.17113435941199887,1.0379536105452514,0.4536021272185362,0.1715255499465722,1.0427605190160067,0.005133893230747546,1
6.427999999999514,RETURN,0.45181510951821147,0.1711305341629238,1.0378662580388138,0.4536021272185362,0.1715255499465722,1.0427605190160067,0.005225252170324292,1
6.429999999999514,RETURN,0.451787832729063,0.17112628233533228,1.0377779876660163,0.4536021272185362,0.1715255499465722,1.0427605190160067,0.005317583828540578,1
6.431999999999514,RETURN,0.4517603367041457,0.17112160194494144,1.0376888054850992,0.4536021272185362,0.1715255499465722,1.0427605190160067,0.005410882037756012,1
6.433999999999513,RETURN,0.4517326216856889,0.1711164912755526,1.0375987176527752,0.4536021272185362,0.1715255499465722,1.0427605190160067,0.005505140620106071,1
6.435999999999513,RETURN,0.4517046879010842,0.17111094887134012,1.037507730418605,0.4536021272185362,0.1715255499465722,1.0427605190160067,0.005600353387420417,1
6.437999999999513,RETURN,0.4516765355630262,0.1711049735292336,1.0374158501194808,0.4536021272185362,0.1715255499465722,1.0427605190160067,0.005696514141129038,1
6.439999999999513,RETURN,0.4516481648696584,0.17109856429139456,1.0373230831742182,0.4536021272185362,0.1715255499465722,1.0427605190160067,0.005793616672176933,1
6.441999999999513,RETURN,0.45161957600472324,0.1710917204377903,1.0372294360782477,0.4536021272185362,0.1715255499465722,1.0427605190160067,0.005891654760969161,1
6.443999999999512,RETURN,0.4515907691377171,0.17108444147886598,1.0371349153984202,0.4536021272185362,0.1715255499465722,1.0427605190160067,0.005990622177350323,1
6.445999999999512,RETURN,0.4515617444240524,0.17107672714831595,1.037039527767913,0.4536021272185362,0.1715255499465722,1.0427605190160067,0.006090512680639107,1
6.447999999999512,RETURN,0.4515325020052201,0.17106857739595582,1.0369432798812455,0.4536021272185362,0.1715255499465722,1.0427605190160067,0.006191320019721872,1
6.449999999999512,RETURN,0.4515030420089572,0.17105999238069697,1.0368461784893994,0.4536021272185362,0.1715255499465722,1.0427605190160067,0.0062930379332153214,1
6.4519999999995115,RETURN,0.45147336454941844,0.17105097246362347,1.0367482303950437,0.4536021272185362,0.1715255499465722,1.0427605190160067,0.006395660149704092,1
6.453999999999511,RETURN,0.45144346972734917,0.17104151820117297,1.0366494424478685,0.4536021272185362,0.1715255499465722,1.0427605190160067,0.0064991803880536025,1
6.455999999999511,RETURN,0.4514133576302622,0.17103163033842278,1.0365498215400233,0.4536021272185362,0.1715255499465722,1.0427605190160067,0.00660359235780458,1
6.457999999999511,RETURN,0.4513830283326149,0.17102130980248129,1.0364493746016548,0.4536021272185362,0.1715255499465722,1.0427605190160067,0.00670888975965594,1
6.459999999999511,RETURN,0.45135248189599186,0.1710105576959857,1.0363481085965611,0.4536021272185362,0.1715255499465722,1.0427605190160067,0.006815066286018401,1
6.46199999999951,RETURN,0.4513217183692838,0.17099937529070625,1.0362460305179384,0.4536021272185362,0.1715255499465722,1.0427605190160067,0.006922115621664315,1
6.46399999999951,RETURN,0.4512907377888725,0.17098776402125834,1.0361431473842366,0.4536021272185362,0.1715255499465722,1.0427605190160067,0.007030031444451914,1
6.46599999999951,RETURN,0.45125954017881476,0.170975725478922,1.0360394662351198,0.4536021272185362,0.1715255499465722,1.0427605190160067,0.0071388074261298185,1
6.46799999999951,RETURN,0.45122812555102576,0.17096326140556936,1.0359349941275253,0.4536021272185362,0.1715255499465722,1.0427605190160067,0.0072484372332224075,1
6.4699999999995095,RETURN,0.45119649390546684,0.17095037368770138,1.0358297381318282,0.4536021272185362,0.1715255499465722,1.0427605190160067,0.007358914527986604,1
6.471999999999509,RETURN,0.4511646452303284,0.17093706435059133,1.0357237053281032,0.4536021272185362,0.1715255499465722,1.0427605190160067,0.007470232969444871,1
6.473999999999509,RETURN,0.4511325795022176,0.17092333555253905,1.0356169028024942,0.4536021272185362,0.1715255499465722,1.0427605190160067,0.007582386214478581,1
6.475999999999509,RETURN,0.45110029668634277,0.170909189579232,1.0355093376436724,0.4536021272185362,0.1715255499465722,1.0427605190160067,0.007695367918997257,1
6.477999999999509,RETURN,0.45106779673669783,0.17089462883821596,1.0354010169394072,0.4536021272185362,0.1715255499465722,1.0427605190160067,0.007809171739155011,1
6.479999999999508,RETURN,0.4510350795962479,0.17087965585347425,1.035291947773223,0.4536021272185362,0.1715255499465722,1.0427605190160067,0.007923791332634378,1
6.481999999999508,RETURN,0.451002145197112,0.1708642732601147,1.0351821372211631,0.4536021272185362,0.1715255499465722,1.0427605190160067,0.008039220359972616,1
6.483999999999508,RETURN,0.4509689934607462,0.17084848379916528,1.0350715923486413,0.4536021272185362,0.1715255499465722,1.0427605190160067,0.008155452485944662,1
6.485999999999508,RETURN,0.45093562429812356,0.17083229031247718,1.0349603202073985,0.4536021272185362,0.1715255499465722,1.0427605190160067,0.008272481380979269,1
6.4879999999995075,RETURN,0.45090203760991726,0.17081569573773586,1.0348483278325444,0.4536021272185362,0.1715255499465722,1.0427605190160067,0.008390300722622132,1
6.489999999999507,RETURN,0.4508682332866764,0.17079870310357842,1.0347356222397037,0.4536021272185362,0.1715255499465722,1.0427605190160067,0.008508904197024936,1
6.491999999999507,RETURN,0.45083421120900496,0.17078131552481832,1.0346222104222424,0.4536021272185362,0.1715255499465722,1.0427605190160067,0.00862828550047346,1
6.493999999999507,RETURN,0.4507999712477369,0.17076353619777557,1.0345080993485978,0.4536021272185362,0.1715255499465722,1.0427605190160067,0.008748438340931466,1
6.495999999999507,RETURN,0.4507655132641094,0.17074536839571297,1.034393295959692,0.4536021272185362,0.1715255499465722,1.0427605190160067,0.008869356439611354,1
6.497999999999506,RETURN,0.4507308371099363,0.17072681546437662,1.034277807166436,0.4536021272185362,0.1715255499465722,1.0427605190160067,0.008991033532561183,1
6.499999999999506,RETURN,0.45069594262777524,0.17070788081764104,1.0341616398473252,0.4536021272185362,0.1715255499465722,1.0427605190160067,0.009113463372262409,1
6.501999999999506,RETURN,0.45066082965109866,0.1706885679332581,1.0340448008461198,0.4536021272185362,0.1715255499465722,1.0427605190160067,0.009236639729237167,1
6.503999999999506,RETURN,0.45062549800445684,0.170668880348708,1.0339272969696123,0.4536021272185362,0.1715255499465722,1.0427605190160067,0.009360556393661916,1
6.5059999999995055,RETURN,0.4505899475036427,0.17064882165715292,1.0338091349854772,0.4536021272185362,0.1715255499465722,1.0427605190160067,0.00948520717698371,1
6.507999999999505,RETURN,0.4505541779558522,0.1706283955034915,1.0336903216202131,0.4536021272185362,0.1715255499465722,1.0427605190160067,0.0096105859135277,1
6.509999999999505,RETURN,0.45051818915984415,0.17060760558051313,1.0335708635571579,0.4536021272185362,0.1715255499465722,1.0427605190160067,0.009736686462107102,1
6.511999999999505,RETURN,0.45048198090609515,0.17058645562515332,1.0334507674345907,0.4536021272185362,0.1715255499465722,1.0427605190160067,0.009863502707620582,1
6.513999999999505,RETURN,0.4504455529769539,0.17056494941484507,1.0333300398439145,0.4536021272185362,0.1715255499465722,1.0427605190160067,0.009991028562637672,1
6.515999999999504,RETURN,0.4504089051467937,0.17054309076397012,1.0332086873279145,0.4536021272185362,0.1715255499465722,1.0427605190160067,0.010119257968971146,1
6.517999999999504,RETURN,0.4503720371821596,0.17052088352040473,1.0330867163790993,0.4536021272185362,0.1715255499465722,1.0427605190160067,0.010248184899229936,1
6.519999999999504,RETURN,0.45033494884191716,0.17049833156216268,1.0329641334381159,0.4536021272185362,0.1715255499465722,1.0427605190160067,0.010377803358352101,1
6.521999999999504,RETURN,0.4502976398773945,0.17047543879413135,1.0328409448922393,0.4536021272185362,0.1715255499465722,1.0427605190160067,0.010508107385117583,1
6.5239999999995035,RETURN,0.45026011003252286,0.17045220914490158,1.0327171570739386,0.4536021272185362,0.1715255499465722,1.0427605190160067,0.010639091053634319,1
6.525999999999503,RETURN,0.45022235904397834,0.17042864656369028,1.0325927762595162,0.4536021272185362,0.1715255499465722,1.0427605190160067,0.010770748474794988,1
6.527999999999503,RETURN,0.4501843866413161,0.1704047550173536,1.032467808667817,0.4536021272185362,0.1715255499465722,1.0427605190160067,0.010903073797708251,1
6.529999999999503,RETURN,0.4501461925471034,0.1703805384874902,1.0323422604590082,0.4536021272185362,0.1715255499465722,1.0427605190160067,0.011036061211098512,1
6.531999999999503,RETURN,0.4501077764770522,0.17035600096763354,1.03221613773343,0.4536021272185362,0.1715255499465722,1.0427605190160067,0.011169704944670693,1
6.533999999999502,RETURN,0.45006913814014815,0.17033114646053146,1.032089446530513,0.4536021272185362,0.1715255499465722,1.0427605190160067,0.011303999270441253,1
6.535999999999502,RETURN,0.4500302772387746,0.17030597897551292,1.0319621928277634,0.4536021272185362,0.1715255499465722,1.0427605190160067,0.011438938504034218,1
6.537999999999502,RETURN,0.4499911934688377,0.17028050252593882,1.0318343825398097,0.4536021272185362,0.1715255499465722,1.0427605190160067,0.011574517005941122,1
6.539999999999502,RETURN,0.44995188651988804,0.17025472112673845,1.0317060215175202,0.4536021272185362,0.1715255499465722,1.0427605190160067,0.011710729182738041,1
6.5419999999995015,RETURN,0.44991235607523783,0.17022863879202707,1.031577115547176,0.4536021272185362,0.1715255499465722,1.0427605190160067,0.011847569488268737,1
6.543999999999501,RETURN,0.44987260181207817,0.17020225953280613,1.0314476703497106,0.4536021272185362,0.1715255499465722,1.0427605190160067,0.011985032424782967,1
6.545999999999501,RETURN,0.44983262340159386,0.17017558735474336,1.0313176915800086,0.4536021272185362,0.1715255499465722,1.0427605190160067,0.012123112544033872,1
6.547999999999501,RETURN,0.44979242050907253,0.1701486262560318,1.0311871848262602,0.4536021272185362,0.1715255499465722,1.0427605190160067,0.012261804448337183,1
6.549999999999501,RETURN,0.44975199279401734,0.170121380225327,1.031056155609379,0.4536021272185362,0.1715255499465722,1.0427605190160067,0.012401102791580106,1
6.5519999999995004,RETURN,0.4497113399102518,0.17009385323975973,1.0309246093824693,0.4536021272185362,0.1715255499465722,1.0427605190160067,0.012541002280195498,1
6.5539999999995,RETURN,0.4496704615060252,0.17006604926302502,1.0307925515303558,0.4536021272185362,0.1715255499465722,1.0427605190160067,0.012681497674084429,1
6.5559999999995,RETURN,0.44962935722411623,0.17003797224354414,1.0306599873691604,0.4536021272185362,0.1715255499465722,1.0427605190160067,0.01282258378749928,1
6.5579999999995,RETURN,0.4495880267019325,0.17000962611269943,1.0305269221459363,0.4536021272185362,0.1715255499465722,1.0427605190160067,0.012964255489880573,1
6.5599999999995,RETURN,0.44954646957161054,0.16998101478314093,1.030393361038351,0.4536021272185362,0.1715255499465722,1.0427605190160067,0.0131065077066484,1
6.561999999999499,RETURN,0.44950468546011113,0.16995214214716142,1.0302593091544194,0.4536021272185362,0.1715255499465722,1.0427605190160067,0.013249335419951457,1
6.563999999999499,RETURN,0.4494626739893162,0.16992301207514232,1.0301247715322859,0.4536021272185362,0.1715255499465722,1.0427605190160067,0.013392733669368072,1
6.565999999999499,RETURN,0.44942043477611837,0.16989362841406455,1.0299897531400568,0.4536021272185362,0.1715255499465722,1.0427605190160067,0.013536697552562963,1
6.567999999999499,RETURN,0.44937796743251573,0.1698639949860874,1.029854258875671,0.4536021272185362,0.1715255499465722,1.0427605190160067,0.013681222225903828,1
6.5699999999994985,RETURN,0.44933527156569847,0.169834115587191,1.0297182935668268,0.4536021272185362,0.1715255499465722,1.0427605190160067,0.013826302905024427,1
6.571999999999498,RETURN,0.44929234677813745,0.16980399398588233,1.0295818619709443,0.4536021272185362,0.1715255499465722,1.0427605190160067,0.013971934865350819,1
6.573999999999498,RETURN,0.4492491926676709,0.16977363392196376,1.0294449687751734,0.4536021272185362,0.1715255499465722,1.0427605190160067,0.014118113442579816,1
6.575999999999498,RETURN,0.44920580882758626,0.16974303910536184,1.0293076185964405,0.4536021272185362,0.1715255499465722,1.0427605190160067,0.014264834033118061,1
6.577999999999498,RETURN,0.44916219484670633,0.16971221321501637,1.0291698159815414,0.4536021272185362,0.1715255499465722,1.0427605190160067,0.014412092094469035,1
6.579999999999497,RETURN,0.44911835030946756,0.16968115989782656,1.0290315654072677,0.4536021272185362,0.1715255499465722,1.0427605190160067,0.014559883145585959,1
6.581999999999497,RETURN,0.4490742747960016,0.16964988276765572,1.0288928712805716,0.4536021272185362,0.1715255499465722,1.0427605190160067,0.014708202767178474,1
6.583999999999497,RETURN,0.44902996788221394,0.16961838540438992,1.0287537379387721,0.4536021272185362,0.1715255499465722,1.0427605190160067,0.014857046601974915,1
6.585999999999497,RETURN,0.4489854291398594,0.16958667135305236,1.0286141696497897,0.4536021272185362,0.1715255499465722,1.0427605190160067,0.015006410354949564,1
6.5879999999994965,RETURN,0.44894065813662015,0.16955474412297009,1.0284741706124219,0.4536021272185362,0.1715255499465722,1.0427605190160067,0.0151562897935021,1
6.589999999999496,RETURN,0.44889565443617857,0.16952260718699308,1.0283337449566479,0.4536021272185362,0.1715255499465722,1.0427605190160067,0.015306680747602141,1
6.591999999999496,RETURN,0.4488504175982926,0.169490263980764,1.0281928967439669,0.4536021272185362,0.1715255499465722,1.0427605190160067,0.015457579109891834,1
6.593999999999496,RETURN,0.44880494717886615,0.1694577179020367,1.0280516299677684,0.4536021272185362,0.1715255499465722,1.0427605190160067,0.015608980835749702,1
6.595999999999496,RETURN,0.4487592427300228,0.1694249723100435,1.0279099485537315,0.4536021272185362,0.1715255499465722,1.0427605190160067,0.0157608819433168,1
6.597999999999495,RETURN,0.4487133038001739,0.16939203052490973,1.0277678563602521,0.4536021272185362,0.1715255499465722,1.0427605190160067,0.015913278513486707,1
6.599999999999495,RETURN,0.4486671299340901,0.169358895827113,1.027625357178901,0.4536021272185362,0.1715255499465722,1.0427605190160067,0.016066166689856207,1
6.601999999999495,RETURN,0.4486207206729684,0.1693255714569878,1.0274824547349046,0.4536021272185362,0.1715255499465722,1.0427605190160067,0.016219542678643832,1
6.603999999999495,RETURN,0.4485740755545011,0.16929206061427354,1.0273391526876559,0.4536021272185362,0.1715255499465722,1.0427605190160067,0.016373402748570413,1
6.6059999999994945,RETURN,0.4485271941129418,0.16925836645770434,1.0271954546312476,0.4536021272185362,0.1715255499465722,1.0427605190160067,0.016527743230706077,1
6.607999999999494,RETURN,0.4484800758791729,0.16922449210464002,1.0270513640950294,0.4536021272185362,0.1715255499465722,1.0427605190160067,0.016682560518285504,1
6.609999999999494,RETURN,0.44843272038076903,0.16919044063073715,1.0269068845441878,0.4536021272185362,0.1715255499465722,1.0427605190160067,0.016837851066490068,1
6.611999999999494,RETURN,0.44838512714206424,0.16915621506965856,1.0267620193803477,0.4536021272185362,0.1715255499465722,1.0427605190160067,0.01699361139219824,1
6.613999999999494,RETURN,0.44833729568421504,0.16912181841282087,1.0266167719421977,0.4536021272185362,0.1715255499465722,1.0427605190160067,0.01714983807370354,1
6.615999999999493,RETURN,0.44828922552526396,0.1690872536091784,1.026471145506132,0.4536021272185362,0.1715255499465722,1.0427605190160067,0.017306527750404883,1
6.617999999999493,RETURN,0.448240916180204,0.16905252356504205,1.0263251432869085,0.4536021272185362,0.1715255499465722,1.0427605190160067,0.017463677122470836,1
6.619999999999493,RETURN,0.44819236716103916,0.16901763114393317,1.0261787684383352,0.4536021272185362,0.1715255499465722,1.0427605190160067,0.01762128295046734,1
6.621999999999493,RETURN,0.44814357797684895,0.16898257916647033,1.0260320240539622,0.4536021272185362,0.1715255499465722,1.0427605190160067,0.01777934205496722,1
6.6239999999994925,RETURN,0.44809454813384947,0.16894737041028884,1.0258849131677978,0.4536021272185362,0.1715255499465722,1.0427605190160067,0.017937851316127355,1
6.625999999999492,RETURN,0.4480452771354535,0.16891200760999037,1.0257374387550344,0.4536021272185362,0.1715255499465722,1.0427605190160067,0.018096807673246337,1
6.627999999999492,RETURN,0.4479957644823338,0.16887649345712397,1.0255896037327958,0.4536021272185362,0.1715255499465722,1.0427605190160067,0.018256208124289467,1
6.629999999999492,RETURN,0.4479460096724832,0.16884083060019522,1.0254414109608914,0.4536021272185362,0.1715255499465722,1.0427605190160067,0.01841604972539828,1
6.631999999999492,RETURN,0.4478960122012742,0.16880502164470426,1.0252928632425868,0.4536021272185362,0.1715255499465722,1.0427605190160067,0.018576329590373274,1
6.633999999999491,RETURN,0.44784577156151983,0.1687690691532104,1.0251439633253856,0.4536021272185362,0.1715255499465722,1.0427605190160067,0.01873704489013658,1
6.635999999999491,RETURN,0.447795287243535,0.16873297564542394,1.0249947139018245,0.4536021272185362,0.1715255499465722,1.0427605190160067,0.018898192852170006,1
6.637999999999491,RETURN,0.4477445587351943,0.16869674359832132,1.0248451176102757,0.4536021272185362,0.1715255499465722,1.0427605190160067,0.019059770759938675,1
6.639999999999491,RETURN,0.4476935855219932,0.16866037544628734,1.0246951770357593,0.4536021272185362,0.1715255499465722,1.0427605190160067,0.019221775952293307,1
6.6419999999994905,RETURN,0.44764236708710803,0.1686238735812777,1.0245448947107698,0.4536021272185362,0.1715255499465722,1.0427605190160067,0.0193842058228499,1
6.64399999999949,RETURN,0.447590902911453,0.1685872403530067,1.0243942731161029,0.4536021272185362,0.1715255499465722,1.0427605190160067,0.019547057819361034,1
6.64599999999949,RETURN,0.4475391924737422,0.16855047806915482,1.0242433146816978,0.4536021272185362,0.1715255499465722,1.0427605190160067,0.01971032944306055,1
6.64799999999949,RETURN,0.44748723525054795,0.16851358899559815,1.0240920217874798,0.4536021272185362,0.1715255499465722,1.0427605190160067,0.019874018248001016,1
6.64999999999949,RETURN,0.44743503071636004,0.16847657535665667,1.0239403967642138,0.4536021272185362,0.1715255499465722,1.0427605190160067,0.0200381218403706,1
6.651999999999489,RETURN,0.44738257834364503,0.16843943933536276,1.0237884418943615,0.4536021272185362,0.1715255499465722,1.0427605190160067,0.020202637877797937,1
6.653999999999489,RETURN,0.44732987760290494,0.16840218307374646,1.0236361594129413,0.4536021272185362,0.1715255499465722,1.0427605190160067,0.02036756406864636,1
6.655999999999489,RETURN,0.4472769279627383,0.16836480867313985,1.0234835515083989,0.4536021272185362,0.1715255499465722,1.0427605190160067,0.02053289817128831,1
6.657999999999489,RETURN,0.44722372888989625,0.16832731819449637,1.0233306203234727,0.4536021272185362,0.1715255499465722,1.0427605190160067,0.020698637993378233,1
6.6599999999994886,RETURN,0.4471702798493442,0.16828971365872733,1.0231773679560705,0.4536021272185362,0.1715255499465722,1.0427605190160067,0.02086478139110491,1
6.661999999999488,RETURN,0.44711658030432105,0.1682519970470526,1.023023796460143,0.4536021272185362,0.1715255499465722,1.0427605190160067,0.021031326268440165,1
6.663999999999488,RETURN,0.44706262971639665,0.16821417030136623,1.022869907846561,0.4536021272185362,0.1715255499465722,1.0427605190160067,0.021198270576376067,1
6.665999999999488,RETURN,0.4470084275455332,0.1681762353246153,1.0227157040839974,0.4536021272185362,0.1715255499465722,1.0427605190160067,0.02136561231215058,1
6.667999999999488,RETURN,0.4469539732501433,0.16813819398119173,1.0225611870998,0.4536021272185362,0.1715255499465722,1.0427605190160067,0.021533349518473632,1
6.6699999999994874,RETURN,0.4468992662871504,0.16810004809733656,1.0224063587808792,0.4536021272185362,0.1715255499465722,1.0427605190160067,0.02170148028273336,1
6.671999999999487,RETURN,0.44684430611204684,0.16806179946155486,1.02225122097458,0.4536021272185362,0.1715255499465722,1.0427605190160067,0.021870002736210224,1
6.673999999999487,RETURN,0.44678909217895585,0.16802344982504322,1.022095775489567,0.4536021272185362,0.1715255499465722,1.0427605190160067,0.022038915053271053,1
6.675999999999487,RETURN,0.4467336239406883,0.1679850009021252,1.0219400240966965,0.4536021272185362,0.1715255499465722,1.0427605190160067,0.022208215450570695,1
6.677999999999487,RETURN,0.44667790084880526,0.16794645437069858,1.021783968529895,0.4536021272185362,0.1715255499465722,1.0427605190160067,0.022377902186239623,1
6.679999999999486,RETURN,0.4466219223536767,0.16790781187268958,1.0216276104870317,0.4536021272185362,0.1715255499465722,1.0427605190160067,0.022547973559073033,1
6.681999999999486,RETURN,0.4465656879045399,0.1678690750145163,1.0214709516307905,0.4536021272185362,0.1715255499465722,1.0427605190160067,0.02271842790771338,1
6.683999999999486,RETURN,0.44650919694956287,0.16783024536756086,1.0213139935895335,0.4536021272185362,0.1715255499465722,1.0427605190160067,0.02288926360983564,1
6.685999999999486,RETURN,0.4464524489359012,0.16779132446864634,1.0211567379581712,0.4536021272185362,0.1715255499465722,1.0427605190160067,0.023060479081321535,1
6.6879999999994855,RETURN,0.4463954433097601,0.16775231382052275,1.0209991862990175,0.4536021272185362,0.1715255499465722,1.0427605190160067,0.023232072775442193,1
6.689999999999485,RETURN,0.4463381795164544,0.1677132148923572,1.0208413401426495,0.4536021272185362,0.1715255499465722,1.0427605190160067,0.023404043182031768,1
6.691999999999485,RETURN,0.4462806570004683,0.16767402912023113,1.0206832009887552,0.4536021272185362,0.1715255499465722,1.0427605190160067,0.02357638882666725,1
6.693999999999485,RETURN,0.4462228752055166,0.16763475790764124,1.0205247703069829,0.4536021272185362,0.1715255499465722,1.0427605190160067,0.023749108269842892,1
6.695999999999485,RETURN,0.4461648335746039,0.1675954026260054,1.0203660495377787,0.4536021272185362,0.1715255499465722,1.0427605190160067,0.02392220010615086,1
6.697999999999484,RETURN,0.4461065315500877,0.16755596461517303,1.0202070400932266,0.4536021272185362,0.1715255499465722,1.0427605190160067,0.02409566296345489,1
6.699999999999484,RETURN,0.4460479685737357,0.16751644518393835,1.0200477433578719,0.4536021272185362,0.1715255499465722,1.0427605190160067,0.024269495502077357,1
6.701999999999484,RETURN,0.4459891440867897,0.1674768456105571,1.0198881606895482,0.4536021272185362,0.1715255499465722,1.0427605190160067,0.024443696413976354,1
6.703999999999484,RETURN,0.44593005753002274,0.16743716714326534,1.019728293420191,0.4536021272185362,0.1715255499465722,1.0427605190160067,0.024618264421935446,1
6.7059999999994835,RETURN,0.4458707083438037,0.1673974110008013,1.0195681428566479,0.4536021272185362,0.1715255499465722,1.0427605190160067,0.02479319827874892,1
6.707999999999483,RETURN,0.4458110959681554,0.16735757837292833,1.0194077102814811,0.4536021272185362,0.1715255499465722,1.0427605190160067,0.024968496766414466,1
6.709999999999483,RETURN,0.4457512198428165,0.16731767042095932,1.0192469969537594,0.4536021272185362,0.1715255499465722,1.0427605190160067,0.025144158695331084,1
6.711999999999483,RETURN,0.4456910794073021,0.16727768827828204,1.0190860041098475,0.4536021272185362,0.1715255499465722,1.0427605190160067,0.0253201829034965,1
6.713999999999483,RETURN,0.44563067410096413,0.16723763305088535,1.0189247329641844,0.4536021272185362,0.1715255499465722,1.0427605190160067,0.025496568255712674,1
6.715999999999482,RETURN,0.4455700033630525,0.16719750581788564,1.0187631847100511,0.4536021272185362,0.1715255499465722,1.0427605190160067,0.025673313642798106,1
6.717999999999482,RETURN,0.44550906663277656,0.16715730763205236,1.0186013605203363,0.4536021272185362,0.1715255499465722,1.0427605190160067,0.02585041798079988,1
6.719999999999482,RETURN,0.4454478633493635,0.16711703952033372,1.0184392615482878,0.4536021272185362,0.1715255499465722,1.0427605190160067,0.02602788021021736,1
6.721999999999482,RETURN,0.44538639295212273,0.16707670248438186,1.0182768889282579,0.4536021272185362,0.1715255499465722,1.0427605190160067,0.02620569929522739,1
6.7239999999994815,RETURN,0.4453246548805033,0.16703629750107604,1.0181142437764366,0.4536021272185362,0.1715255499465722,1.0427605190160067,0.02638387422292154,1
6.725999999999481,RETURN,0.44526264857415626,0.16699582552304473,1.0179513271915823,0.4536021272185362,0.1715255499465722,1.0427605190160067,0.026562404002541985,1
6.727999999999481,RETURN,0.44520037347299357,0.16695528747918625,1.017788140255734,0.4536021272185362,0.1715255499465722,1.0427605190160067,0.02674128766473401,1
6.729999999999481,RETURN,0.44513782901725124,0.16691468427518674,1.0176246840349237,0.4536021272185362,0.1715255499465722,1.0427605190160067,0.02692052426079545,1
6.731999999999481,RETURN,0.4450750146475464,0.16687401679403618,1.0174609595798687,0.4536021272185362,0.1715255499465722,1.0427605190160067,0.02710011286194498,1
6.73399999999948,RETURN,0.4450119298049399,0.16683328589654206,1.0172969679266646,0.4536021272185362,0.1715255499465722,1.0427605190160067,0.027280052558587578,1
6.73599999999948,RETURN,0.44494857393099546,0.1667924924218397,1.0171327100974596,0.4536021272185362,0.1715255499465722,1.0427605190160067,0.02746034245959611,1
6.73799999999948,RETURN,0.44488494646783966,0.1667516371878997,1.0169681871011242,0.4536021272185362,0.1715255499465722,1.0427605190160067,0.02764098169159694,1
6.73999999999948,RETURN,0.4448210468582221,0.16671072099203169,1.0168033999339094,0.4536021272185362,0.1715255499465722,1.0427605190160067,0.027821969398264312,1
6.7419999999994795,RETURN,0.4447568745455744,0.16666974461138592,1.0166383495800937,0.4536021272185362,0.1715255499465722,1.0427605190160067,0.028003304739625146,1
6.743999999999479,RETURN,0.44469242897407024,0.16662870880344888,1.0164730370126196,0.4536021272185362,0.1715255499465722,1.0427605190160067,0.028184986891372308,1
6.745999999999479,RETURN,0.4446277095886848,0.16658761430653696,1.0163074631937203,0.4536021272185362,0.1715255499465722,1.0427605190160067,0.028367015044186778,1
6.747999999999479,RETURN,0.444562715835253,0.1665464618402846,1.0161416290755376,0.4536021272185362,0.1715255499465722,1.0427605190160067,0.02854938840306765,1
6.749999999999479,RETURN,0.4444974471605292,0.16650525210612904,1.0159755356007258,0.4536021272185362,0.1715255499465722,1.0427605190160067,0.028732106186673857,1
6.751999999999478,RETURN,0.44443190301224544,0.16646398578778981,1.0158091837030474,0.4536021272185362,0.1715255499465722,1.0427605190160067,0.028915167626674433,1
6.753999999999478,RETURN,0.44436608283917034,0.16642266355174434,1.0156425743079567,0.4536021272185362,0.1715255499465722,1.0427605190160067,0.029098571967108557,1
6.755999999999478,RETURN,0.44429998609116605,0.16638128604769745,1.015475708333175,0.4536021272185362,0.1715255499465722,1.0427605190160067,0.02928231846375474,1
6.757999999999478,RETURN,0.4442336122192477,0.16633985390904724,1.0153085866892502,0.4536021272185362,0.1715255499465722,1.0427605190160067,0.029466406383512726,1
6.7599999999994775,RETURN,0.4441669606756401,0.16629836775334533,1.0151412102801138,0.4536021272185362,0.1715255499465722,1.0427605190160067,0.029650835003789434,1
6.761999999999477,RETURN,0.444100030913835,0.16625682818275125,1.0149735800036146,0.4536021272185362,0.1715255499465722,1.0427605190160067,0.029835603611906,1
6.763999999999477,RETURN,0.44403282238864916,0.1662152357844824,1.0148056967520567,0.4536021272185362,0.1715255499465722,1.0427605190160067,0.030020711504500187,1
6.765999999999477,RETURN,0.44396533455627946,0.16617359113125763,1.014637561412714,0.4536021272185362,0.1715255499465722,1.0427605190160067,0.03020615798695267,1
6.767999999999477,RETURN,0.443897566874361,0.16613189478173596,1.0144691748683392,0.4536021272185362,0.1715255499465722,1.0427605190160067,0.030391942372817594,1
6.769999999999476,RETURN,0.44382951880202137,0.166090147280949,1.0143005379976628,0.4536021272185362,0.1715255499465722,1.0427605190160067,0.03057806398326251,1
6.771999999999476,RETURN,0.4437611897999383,0.16604834916072825,1.01413165167588,0.4536021272185362,0.1715255499465722,1.0427605190160067,0.03076452214652105,1
6.773999999999476,RETURN,0.4436925793303933,0.16600650094012492,1.013962516775125,0.4536021272185362,0.1715255499465722,1.0427605190160067,0.030951316197357387,1
6.775999999999476,RETURN,0.44362368685732806,0.16596460312582642,1.013793134164938,0.4536021272185362,0.1715255499465722,1.0427605190160067,0.03113844547653717,1
6.7779999999994756,RETURN,0.4435545118463978,0.16592265621256388,1.013623504712716,0.4536021272185362,0.1715255499465722,1.0427605190160067,0.03132590933031618,1
6.779999999999475,RETURN,0.44348505376502656,0.165880660683516,1.013453629284162,0.4536021272185362,0.1715255499465722,1.0427605190160067,0.03151370710992887,1
6.781999999999475,RETURN,0.4434153120824603,0.16583861701070485,1.0132835087437126,0.4536021272185362,0.1715255499465722,1.0427605190160067,0.03170183817109932,1
6.783999999999475,RETURN,0.44334528626982067,0.16579652565538675,1.0131131439549623,0.4536021272185362,0.1715255499465722,1.0427605190160067,0.031890301873555224,1
6.785999999999475,RETURN,0.44327497580015773,0.1657543870684362,1.0129425357810757,0.4536021272185362,0.1715255499465722,1.0427605190160067,0.0320790975805542,1
6.7879999999994745,RETURN,0.4432043801485024,0.1657122016907234,1.0127716850851871,0.4536021272185362,0.1715255499465722,1.0427605190160067,0.032268224658422974,1
6.789999999999474,RETURN,0.44313349879192,0.1656699699534861,1.0126005927307904,0.4536021272185362,0.1715255499465722,1.0427605190160067,0.03245768247610528,1
6.791999999999474,RETURN,0.4430623312095591,0.16562769227869437,1.0124292595821207,0.4536021272185362,0.1715255499465722,1.0427605190160067,0.03264747040472042,1
6.793999999999474,RETURN,0.4429908768827049,0.16558536907940888,1.012257686504523,0.4536021272185362,0.1715255499465722,1.0427605190160067,0.032837587817133064,1
6.795999999999474,RETURN,0.4429191352948296,0.16554300076013356,1.0120858743648107,0.4536021272185362,0.1715255499465722,1.0427605190160067,0.03302803408753372,1
6.797999999999473,RETURN,0.44284710593164234,0.16550058771716109,1.011913824031615,0.4536021272185362,0.1715255499465722,1.0427605190160067,0.03321880859102972,1
6.799999999999473,RETURN,0.44277478828113864,0.16545813033891202,1.0117415363757243,0.4536021272185362,0.1715255499465722,1.0427605190160067,0.03340991070324568,1
6.801999999999473,RETURN,0.44270218183365007,0.16541562900626755,1.0115690122704106,0.4536021272185362,0.1715255499465722,1.0427605190160067,0.03360133979993718,1
6.803999999999473,RETURN,0.44262928608189317,0.165373084092896,1.0113962525917515,0.4536021272185362,0.1715255499465722,1.0427605190160067,0.033793095256610096,1
6.8059999999994725,RETURN,0.44255610052101674,0.1653304959655721,1.0112232582189338,0.4536021272185362,0.1715255499465722,1.0427605190160067,0.033985176448157725,1
6.807999999999472,RETURN,0.4424826246486507,0.165287864984491,1.0110500300345588,0.4536021272185362,0.1715255499465722,1.0427605190160067,0.034177582748497505,1
6.809999999999472,RETURN,0.44240885796495366,0.16524519150357506,1.010876568924924,0.4536021272185362,0.1715255499465722,1.0427605190160067,0.03437031353023101,1
6.811999999999472,RETURN,0.4423347999726568,0.16520247587077325,1.0107028757803072,0.4536021272185362,0.1715255499465722,1.0427605190160067,0.03456336816430328,1
6.813999999999472,RETURN,0.4422604501771136,0.16515971842835692,1.0105289514952367,0.4536021272185362,0.1715255499465722,1.0427605190160067,0.034756746019675024,1
6.815999999999471,RETURN,0.4421858080863422,0.165116919513206,1.0103547969687474,0.4536021272185362,0.1715255499465722,1.0427605190160067,0.034950446463010966,1
6.817999999999471,RETURN,0.4421108732110731,0.16507407945709104,1.010180413104636,0.4536021272185362,0.1715255499465722,1.0427605190160067,0.03514446885836837,1
6.819999999999471,RETURN,0.4420356450647921,0.1650311985869478,1.0100058008116999,0.4536021272185362,0.1715255499465722,1.0427605190160067,0.03533881256690281,1
6.821999999999471,RETURN,0.4419601231637843,0.16498827722514603,1.009830961003971,0.4536021272185362,0.1715255499465722,1.0427605190160067,0.03553347694658075,1
6.8239999999994705,RETURN,0.4418843070271774,0.16494531568975163,1.0096558946009377,0.4536021272185362,0.1715255499465722,1.0427605190160067,0.035728461351903114,1
6.82599999999947,RETURN,0.4418081961769854,0.16490231429478333,1.0094806025277625,0.4536021272185362,0.1715255499465722,1.0427605190160067,0.03592376513363395,1
6.82799999999947,RETURN,0.44173179013814917,0.16485927335046172,1.0093050857154855,0.4536021272185362,0.1715255499465722,1.0427605190160067,0.03611938763854516,1
6.82999999999947,RETURN,0.44165508843857915,0.16481619316345383,1.0091293451012204,0.4536021272185362,0.1715255499465722,1.0427605190160067,0.03631532820916779,1
6.83199999999947,RETURN,0.4415780906091967,0.16477307403711064,1.0089533816283454,0.4536021272185362,0.1715255499465722,1.0427605190160067,0.03651158618355012,1
6.833999999999469,RETURN,0.44150079618397325,0.1647299162716984,1.0087771962466823,0.4536021272185362,0.1715255499465722,1.0427605190160067,0.03670816089502773,1
6.835999999999469,RETURN,0.4414232046999715,0.16468672016462463,1.0086007899126672,0.4536021272185362,0.1715255499465722,1.0427605190160067,0.036905051672002816,1
6.837999999999469,RETURN,0.441345315697383,0.16464348601065784,1.0084241635895155,0.4536021272185362,0.1715255499465722,1.0427605190160067,0.03710225783773036,1
6.839999999999469,RETURN,0.4412671287195685,0.16460021410214115,1.0082473182473766,0.4536021272185362,0.1715255499465722,1.0427605190160067,0.03729977871011397,1
6.8419999999994685,RETURN,0.4411886433130947,0.16455690472920056,1.0080702548634828,0.4536021272185362,0.1715255499465722,1.0427605190160067,0.03749761360150991,1
6.843999999999468,RETURN,0.4411098590277727,0.1645135581799468,1.007892974422285,0.4536021272185362,0.1715255499465722,1.0427605190160067,0.037695761818543366,1
6.845999999999468,RETURN,0.4410307754166939,0.16447017474067255,1.0077154779155881,0.4536021272185362,0.1715255499465722,1.0427605190160067,0.037894222661927476,1
6.847999999999468,RETURN,0.4409513920362668,0.16442675469604243,1.0075377663426766,0.4536021272185362,0.1715255499465722,1.0427605190160067,0.038092995426291194,1
6.849999999999468,RETURN,0.4408717084462523,0.16438329832927917,1.007359840710426,0.4536021272185362,0.1715255499465722,1.0427605190160067,0.03829207940002286,1
6.851999999999467,RETURN,0.4407917242097993,0.16433980592234318,1.0071817020334166,0.4536021272185362,0.1715255499465722,1.0427605190160067,0.03849147386511256,1
6.853999999999467,RETURN,0.44071143889347775,0.16429627775610664,1.0070033513340366,0.4536021272185362,0.1715255499465722,1.0427605190160067,0.038691178097005084,1
6.855999999999467,RETURN,0.44063085206731445,0.16425271411052295,1.006824789642574,0.4536021272185362,0.1715255499465722,1.0427605190160067,0.038891191364464874,1
6.857999999999467,RETURN,0.440549963304824,0.16420911526479023,1.0066460179973065,0.4536021272185362,0.1715255499465722,1.0427605190160067,0.03909151292944413,1
6.8599999999994665,RETURN,0.4404687721830431,0.16416548149750979,1.0064670374445843,0.4536021272185362,0.1715255499465722,1.0427605190160067,0.03929214204695865,1
6.861999999999466,RETURN,0.4403872782825623,0.16412181308683998,1.0062878490389036,0.4536021272185362,0.1715255499465722,1.0427605190160067,0.039493077964973214,1
6.863999999999466,RETURN,0.44030548118755586,0.16407811031064362,1.0061084538429754,0.4536021272185362,0.1715255499465722,1.0427605190160067,0.03969431992429296,1
6.865999999999466,RETURN,0.440223380485814,0.16403437344663196,1.0059288529277868,0.4536021272185362,0.1715255499465722,1.0427605190160067,0.03989586715846286,1
6.867999999999466,RETURN,0.4401409757687736,0.16399060277250305,1.005749047372657,0.4536021272185362,0.1715255499465722,1.0427605190160067,0.04009771889367209,1
6.869999999999465,RETURN,0.4400582666315449,0.16394679856607514,1.0055690382652898,0.4536021272185362,0.1715255499465722,1.0427605190160067,0.040299874348665096,1
6.871999999999465,RETURN,0.43997525267294385,0.1639029611054146,1.0053888267018105,0.4536021272185362,0.1715255499465722,1.0427605190160067,0.04050233273466613,1
6.873999999999465,RETURN,0.4398919334955179,0.16385909066896173,1.0052084137868103,0.4536021272185362,0.1715255499465722,1.0427605190160067,0.040705093255299106,1
6.875999999999465,RETURN,0.439808308705575,0.1638151875356488,1.0050278006333748,0.4536021272185362,0.1715255499465722,1.0427605190160067,0.04090815510652247,1
6.8779999999994645,RETURN,0.43972437791321034,0.16377125198501524,1.0048469883631104,0.4536021272185362,0.1715255499465722,1.0427605190160067,0.041111517476568445,1
6.879999999999464,RETURN,0.4396401407323336,0.16372728429731861,1.004665978106166,0.4536021272185362,0.1715255499465722,1.0427605190160067,0.041315179545885615,1
6.881999999999464,RETURN,0.43955559678069356,0.16368328475364013,1.004484771001248,0.4536021272185362,0.1715255499465722,1.0427605190160067,0.041519140487091384,1
6.883999999999464,RETURN,0.43947074567990396,0.16363925363598644,1.0043033681956308,0.4536021272185362,0.1715255499465722,1.0427605190160067,0.0417233994649273,1
6.885999999999464,RETURN,0.43938558705546893,0.16359519122738778,1.0041217708451609,0.4536021272185362,0.1715255499465722,1.0427605190160067,0.041927955636223146,1
6.887999999999463,RETURN,0.43930012053680695,0.16355109781199081,1.0039399801142588,0.4536021272185362,0.1715255499465722,1.0427605190160067,0.042132808149862096,1
6.889999999999463,RETURN,0.43921434575727325,0.16350697367514822,1.0037579971759123,0.4536021272185362,0.1715255499465722,1.0427605190160067,0.04233795614675737,1
6.891999999999463,RETURN,0.439128262354185,0.16346281910350421,1.0035758232116687,0.4536021272185362,0.1715255499465722,1.0427605190160067,0.04254339875982838,1
6.893999999999463,RETURN,0.43904186996884165,0.1634186343850759,1.00339345941162,0.4536021272185362,0.1715255499465722,1.0427605190160067,0.0427491351139862,1
6.895999999999463,RETURN,0.4389551682465484,0.16337441980933073,1.0032109069743835,0.4536021272185362,0.1715255499465722,1.0427605190160067,0.042955164326123216,1
6.897999999999462,RETURN,0.4388681568366365,0.1633301756672612,1.0030281671070824,0.4536021272185362,0.1715255499465722,1.0427605190160067,0.04316148550510389,1
6.899999999999462,RETURN,0.4387808353924844,0.16328590225145423,1.0028452410253126,0.4536021272185362,0.1715255499465722,1.0427605190160067,0.04336809775176964,1
6.901999999999462,RETURN,0.43869320357153835,0.16324159985615866,1.0026621299531178,0.4536021272185362,0.1715255499465722,1.0427605190160067,0.0435750001589362,1
6.903999999999462,RETURN,0.43860526103533126,0.16319726877734772,1.002478835122951,0.4536021272185362,0.1715255499465722,1.0427605190160067,0.04378219181140527,1
6.9059999999994615,RETURN,0.43851700744950234,0.16315290931277948,1.0022953577756355,0.4536021272185362,0.1715255499465722,1.0427605190160067,0.04398967178597696,1
6.907999999999461,RETURN,0.43842844248381574,0.16310852176205307,1.002111699160323,0.4536021272185362,0.1715255499465722,1.0427605190160067,0.04419743915146569,1
6.909999999999461,RETURN,0.4383395658121783,0.16306410642666164,1.0019278605344477,0.4536021272185362,0.1715255499465722,1.0427605190160067,0.04440549296872086,1
6.911999999999461,RETURN,0.4382503771126579,0.1630196636100427,1.0017438431636734,0.4536021272185362,0.1715255499465722,1.0427605190160067,0.044613832290654895,1
6.913999999999461,RETURN,0.4381608760674983,0.1629751936176246,1.0015596483218454,0.4536021272185362,0.1715255499465722,1.0427605190160067,0.04482245616226766,1
6.91599999999946,RETURN,0.43807106236313875,0.16293069675687094,1.001375277290928,0.4536021272185362,0.1715255499465722,1.0427605190160067,0.04503136362068427,0
6.91799999999946,RETURN,0.437980935690227,0.16288617333732097,1.001190731360948,0.4536021272185362,0.1715255499465722,1.0427605190160067,0.04524055369518887,0
6.91999999999946,RETURN,0.43789049574363687,0.16284162367062754,1.0010060118299327,0.4536021272185362,0.1715255499465722,1.0427605190160067,0.045450025407264665,0
6.92199999999946,RETURN,0.4377997422224821,0.1627970480705929,1.0008211200038415,0.4536021272185362,0.1715255499465722,1.0427605190160067,0.04565977777063856,0
6.9239999999994595,RETURN,0.437708674830131,0.16275244685320042,1.0006360571964974,0.4536021272185362,0.1715255499465722,1.0427605190160067,0.04586980979132936,0
6.925999999999459,RETURN,0.43761729327422083,0.16270782033664483,1.0004508247295203,0.4536021272185362,0.1715255499465722,1.0427605190160067,0.0460801204676927,0
6.927999999999459,RETURN,0.4375255972666706,0.16266316884135906,1.0002654239322457,0.4536021272185362,0.1715255499465722,1.0427605190160067,0.046290708790481506,0
6.929999999999459,RETURN,0.43743358652369474,0.16261849269003945,1.0000798561416528,0.4536021272185362,0.1715255499465722,1.0427605190160067,0.046501573742897664,0
6.931999999999459,RETURN,0.43734126076581553,0.1625737922076675,0.999894122702286,0.4536021272185362,0.1715255499465722,1.0427605190160067,0.04671271430065088,0
6.933999999999458,RETURN,0.4372486197178741,0.16252906772152953,0.9997082249661692,0.4536021272185362,0.1715255499465722,1.0427605190160067,0.04692412943202463,0
6.935999999999458,RETURN,0.4371556631090445,0.16248431956123496,0.9995221642927283,0.4536021272185362,0.1715255499465722,1.0427605190160067,0.04713581809793479,0
6.937999999999458,RETURN,0.43706239067284214,0.16243954805873076,0.9993359420487006,0.4536021272185362,0.1715255499465722,1.0427605190160067,0.04734777925200214,0
6.939999999999458,RETURN,0.4369688021471362,0.16239475354831515,0.9991495596080494,0.4536021272185362,0.1715255499465722,1.0427605190160067,0.047560011840618706,0
6.9419999999994575,RETURN,0.4368748972741592,0.1623499363666482,0.9989630183518737,0.4536021272185362,0.1715255499465722,1.0427605190160067,0.047772514803021214,0
6.943999999999457,RETURN,0.4367806758005176,0.16230509685276082,0.9987763196683173,0.4536021272185362,0.1715255499465722,1.0427605190160067,0.047985287071364124,0
6.945999999999457,RETURN,0.4366861374772006,0.16226023534806208,0.9985894649524757,0.4536021272185362,0.1715255499465722,1.0427605190160067,0.04819832757079565,0
6.947999999999457,RETURN,0.43659128205958886,0.16221535219634356,0.9984024556063,0.4536021272185362,0.1715255499465722,1.0427605190160067,0.048411635219537945,0
6.949999999999457,RETURN,0.436496109307464,0.16217044774378345,0.9982152930385016,0.4536021272185362,0.1715255499465722,1.0427605190160067,0.04862520892896544,0
6.951999999999456,RETURN,0.4364006189850168,0.16212552233894698,0.9980279786644541,0.4536021272185362,0.1715255499465722,1.0427605190160067,0.048839047603687305,0
6.953999999999456,RETURN,0.4363048108608539,0.16208057633278666,0.9978405139060942,0.4536021272185362,0.1715255499465722,1.0427605190160067,0.04905315014163129,0
6.955999999999456,RETURN,0.4362086847080062,0.1620356100786403,0.9976529001918198,0.4536021272185362,0.1715255499465722,1.0427605190160067,0.04926751543412977,0
6.957999999999456,RETURN,0.436112240303936,0.16199062393222685,0.9974651389563906,0.4536021272185362,0.1715255499465722,1.0427605190160067,0.04948214236600532,0
6.9599999999994555,RETURN,0.43601547743054286,0.16194561825164197,0.9972772316408229,0.4536021272185362,0.1715255499465722,1.0427605190160067,0.04969702981566012,0
6.961999999999455,RETURN,0.43591839587417064,0.1619005933973505,0.9970891796922855,0.4536021272185362,0.1715255499465722,1.0427605190160067,0.04991217665516692,0
6.963999999999455,RETURN,0.4358209954256136,0.16185554973217914,0.9969009845639969,0.4536021272185362,0.1715255499465722,1.0427605190160067,0.050127581750357,0
6.965999999999455,RETURN,0.4357232758801205,0.1618104876213063,0.9967126477151164,0.4536021272185362,0.1715255499465722,1.0427605190160067,0.050343243960916294,0
6.967999999999455,RETURN,0.43562523703740286,0.16176540743225173,0.9965241706106397,0.4536021272185362,0.1715255499465722,1.0427605190160067,0.050559162140475226,0
6.969999999999454,RETURN,0.435526878701636,0.16172030953486385,0.9963355547212916,0.4536021272185362,0.1715255499465722,1.0427605190160067,0.05077533513670466,0
6.971999999999454,RETURN,0.43542820068146687,0.16167519430130686,0.9961468015234136,0.4536021272185362,0.1715255499465722,1.0427605190160067,0.05099176179141379,0
6.973999999999454,RETURN,0.4353292027900165,0.16163006210604594,0.9959579124988605,0.4536021272185362,0.1715255499465722,1.0427605190160067,0.051208440940642,0
6.975999999999454,RETURN,0.435229884844885,0.16158491332583175,0.9957688891348876,0.4536021272185362,0.1715255499465722,1.0427605190160067,0.05142537141475871,0
6.9779999999994535,RETURN,0.4351302466681539,0.16153974833968338,0.9955797329240409,0.4536021272185362,0.1715255499465722,1.0427605190160067,0.0516425520385619,0
6.979999999999453,RETURN,0.43503028808639144,0.16149456752887098,0.995390445364049,0.4536021272185362,0.1715255499465722,1.0427605190160067,0.05185998163137353,0
6.981999999999453,RETURN,0.43493000893065364,0.1614493712768963,0.9952010279577093,0.4536021272185362,0.1715255499465722,1.0427605190160067,0.0520776590071423,0
6.983999999999453,RETURN,0.434829409036488,0.1614041599694739,0.9950114822127794,0.4536021272185362,0.1715255499465722,1.0427605190160067,0.05229558297454073,0
6.985999999999453,RETURN,0.43472848824393595,0.16135893399450982,0.994821809641865,0.4536021272185362,0.1715255499465722,1.0427605190160067,0.05251375233706605,0
6.987999999999452,RETURN,0.43462724639753547,0.16131369374208043,0.9946320117623072,0.4536021272185362,0.1715255499465722,1.0427605190160067,0.05273216589314163,0
6.989999999999452,RETURN,0.4345256833463216,0.16126843960440984,0.9944420900960751,0.4536021272185362,0.1715255499465722,1.0427605190160067,0.05295082243621469,0
6.991999999999452,RETURN,0.4344237989438293,0.16122317197584732,0.9942520461696484,0.4536021272185362,0.1715255499465722,1.0427605190160067,0.05316972075486187,0
6.993999999999452,RETURN,0.4343215930480952,0.1611778912528433,0.9940618815139091,0.4536021272185362,0.1715255499465722,1.0427605190160067,0.053388859632887475,0
6.9959999999994515,RETURN,0.4342190655216574,0.1611325978339247,0.9938715976640309,0.4536021272185362,0.1715255499465722,1.0427605190160067,0.05360823784942457,0
6.997999999999451,RETURN,0.4341162162315576,0.16108729211967032,0.9936811961593658,0.4536021272185362,0.1715255499465722,1.0427605190160067,0.053827854179037564,0
6.999999999999451,RETURN,0.4340130450493415,0.16104197451268465,0.9934906785433325,0.4536021272185362,0.1715255499465722,1.0427605190160067,0.054047707391824136,0
7.001999999999451,RETURN,0.43390955185105834,0.16099664541757178,0.9933000463633067,0.4536021272185362,0.1715255499465722,1.0427605190160067,0.05426779625351568,0
7.003999999999451,RETURN,0.43380573651726323,0.16095130524090892,0.9931093011705097,0.4536021272185362,0.1715255499465722,1.0427605190160067,0.05448811952557827,0
7.0059999999994504,RETURN,0.4337015989330142,0.16090595439121821,0.9929184445198967,0.4536021272185362,0.1715255499465722,1.0427605190160067,0.054708675965315916,0
7.00799999999945,RETURN,0.433597138987876,0.16086059327893998,0.9927274779700485,0.4536021272185362,0.1715255499465722,1.0427605190160067,0.054929464325968756,0
7.00999999999945,RETURN,0.43349235657591556,0.16081522231640383,0.9925364030830599,0.4536021272185362,0.1715255499465722,1.0427605190160067,0.05515048335681602,0
7.01199999999945,RETURN,0.433387251595704,0.1607698419178,0.9923452214244313,0.4536021272185362,0.1715255499465722,1.0427605190160067,0.055371731803275634,0
7.01399999999945,RETURN,0.43328182395031545,0.160724452499151,0.9921539345629581,0.4536021272185362,0.1715255499465722,1.0427605190160067,0.055593208407005074,0
7.015999999999449,RETURN,0.433176073547326,0.16067905447828162,0.9919625440706243,0.4536021272185362,0.1715255499465722,1.0427605190160067,0.055814911905999694,0
7.017999999999449,RETURN,0.43307000029881204,0.1606336482747895,0.9917710515224931,0.4536021272185362,0.1715255499465722,1.0427605190160067,0.05603684103469367,0
7.019999999999449,RETURN,0.43296360412134954,0.1605882343100152,0.9915794584965991,0.4536021272185362,0.1715255499465722,1.0427605190160067,0.05625899452405853,0
7.021999999999449,RETURN,0.4328568849360134,0.16054281300701237,0.991387766573843,0.4536021272185362,0.1715255499465722,1.0427605190160067,0.05648137110170033,0
7.0239999999994485,RETURN,0.43274984266837385,0.16049738479051673,0.9911959773378837,0.4536021272185362,0.1715255499465722,1.0427605190160067,0.05670396949195945,0
7.025999999999448,RETURN,0.43264247724849625,0.16045195008691587,0.9910040923750342,0.4536021272185362,0.1715255499465722,1.0427605190160067,0.05692678841600633,0
7.027999999999448,RETURN,0.4325347886109393,0.1604065093242185,0.9908121132741551,0.4536021272185362,0.1715255499465722,1.0427605190160067,0.05714982659193939,0
7.029999999999448,RETURN,0.4324267766947518,0.16036106293202324,0.9906200416265514,0.4536021272185362,0.1715255499465722,1.0427605190160067,0.05737308273488079,0
7.031999999999448,RETURN,0.43231844144347187,0.1603156113414878,0.9904278790258709,0.4536021272185362,0.1715255499465722,1.0427605190160067,0.05759655555706956,0
7.033999999999447,RETURN,0.4322097828051238,0.16027015498529776,0.9902356270679977,0.4536021272185362,0.1715255499465722,1.0427605190160067,0.0578202437679604,0
7.035999999999447,RETURN,0.4321008007322157,0.16022469429763558,0.9900432873509531,0.4536021272185362,0.1715255499465722,1.0427605190160067,0.05804414607431469,0
7.037999999999447,RETURN,0.43199149518173713,0.16017922971414864,0.9898508614747951,0.4536021272185362,0.1715255499465722,1.0427605190160067,0.058268261180293775,0
7.039999999999447,RETURN,0.43188186611515644,0.16013376167191856,0.9896583510415158,0.4536021272185362,0.1715255499465722,1.0427605190160067,0.0584925877875529,0
7.0419999999994465,RETURN,0.4317719134984182,0.1600882906094296,0.9894657576549455,0.4536021272185362,0.1715255499465722,1.0427605190160067,0.058717124595330385,0
7.043999999999446,RETURN,0.4316616373019404,0.1600428169665373,0.9892730829206506,0.4536021272185362,0.1715255499465722,1.0427605190160067,0.05894187030054126,0
7.045999999999446,RETURN,0.4315510375006109,0.1599973411844373,0.9890803284458398,0.4536021272185362,0.1715255499465722,1.0427605190160067,0.05916682359786432,0
7.047999999999446,RETURN,0.4314401140737846,0.15995186370563358,0.9888874958392648,0.4536021272185362,0.1715255499465722,1.0427605190160067,0.05939198317983336,0
7.049999999999446,RETURN,0.43132886700528106,0.15990638497390774,0.9886945867111268,0.4536021272185362,0.1715255499465722,1.0427605190160067,0.0596173477369233,0
7.051999999999445,RETURN,0.43121729628338024,0.1598609054342877,0.9885016026729813,0.4536021272185362,0.1715255499465722,1.0427605190160067,0.059842915957637986,0
7.053999999999445,RETURN,0.4311054019008197,0.15981542553301634,0.9883085453376442,0.4536021272185362,0.1715255499465722,1.0427605190160067,0.06006868652859682,0
7.055999999999445,RETURN,0.430993183854792,0.15976994571752082,0.9881154163190996,0.4536021272185362,0.1715255499465722,1.0427605190160067,0.06029465813461929,0
7.057999999999445,RETURN,0.43088064214693916,0.1597244664363814,0.9879222172324084,0.4536021272185362,0.1715255499465722,1.0427605190160067,0.060520829458809586,0
7.0599999999994445,RETURN,0.4307677767833513,0.15967898813930118,0.9877289496936175,0.4536021272185362,0.1715255499465722,1.0427605190160067,0.06074719918263934,0
7.061999999999444,RETURN,0.4306545877745625,0.15963351127707476,0.9875356153196716,0.4536021272185362,0.1715255499465722,1.0427605190160067,0.06097376598602914,0
7.063999999999444,RETURN,0.4305410751355462,0.1595880363015585,0.987342215728322,0.4536021272185362,0.1715255499465722,1.0427605190160067,0.06120052854743228,0
7.065999999999444,RETURN,0.43042723888571277,0.15954256366563985,0.9871487525380434,0.4536021272185362,0.1715255499465722,1.0427605190160067,0.0614274855439109,0
7.067999999999444,RETURN,0.43031307904890514,0.15949709382320712,0.9869552273679435,0.4536021272185362,0.1715255499465722,1.0427605190160067,0.06165463565121858,0
7.069999999999443,RETURN,0.4301985956533951,0.15945162722911993,0.9867616418376812,0.4536021272185362,0.1715255499465722,1.0427605190160067,0.06188197754387585,0
7.071999999999443,RETURN,0.4300837887318798,0.15940616433917923,0.9865679975673803,0.4536021272185362,0.1715255499465722,1.0427605190160067,0.062109509895248466,0
7.073999999999443,RETURN,0.4299686583214777,0.1593607056100979,0.9863742961775485,0.4536021272185362,0.1715255499465722,1.0427605190160067,0.06233723137762182,0
7.075999999999443,RETURN,0.4298532044637235,0.15931525149947107,0.9861805392889937,0.4536021272185362,0.1715255499465722,1.0427605190160067,0.06256514066227731,0
7.0779999999994425,RETURN,0.4297374272045675,0.15926980246574782,0.9859867285227443,0.4536021272185362,0.1715255499465722,1.0427605190160067,0.06279323641956444,0
7.079999999999442,RETURN,0.4296213265943681,0.1592243589682015,0.9857928654999695,0.4536021272185362,0.1715255499465722,1.0427605190160067,0.06302151731897389,0
7.081999999999442,RETURN,0.4295049026878892,0.15917892146690152,0.9855989518419003,0.4536021272185362,0.1715255499465722,1.0427605190160067,0.06324998202920945,0
7.083999999999442,RETURN,0.4293881555442971,0.15913349042268488,0.9854049891697536,0.4536021272185362,0.1715255499465722,1.0427605190160067,0.06347862921825624,0
7.085999999999442,RETURN,0.42927108522715474,0.15908806629712838,0.9852109791046547,0.4536021272185362,0.1715255499465722,1.0427605190160067,0.06370745755345171,0
7.087999999999441,RETURN,0.42915369180441976,0.15904264955252026,0.9850169232675615,0.4536021272185362,0.1715255499465722,1.0427605190160067,0.06393646570155335,0
7.089999999999441,RETURN,0.42903597534843774,0.15899724065183282,0.984822823279193,0.4536021272185362,0.1715255499465722,1.0427605190160067,0.06416565232880439,0
7.091999999999441,RETURN,0.42891793593594146,0.15895184005869545,0.9846286807599536,0.4536021272185362,0.1715255499465722,1.0427605190160067,0.06439501610100073,0
7.093999999999441,RETURN,0.42879957364804366,0.15890644823736702,0.9844344973298629,0.4536021272185362,0.1715255499465722,1.0427605190160067,0.06462455568355532,0
7.0959999999994405,RETURN,0.42868088857023495,0.1588610656527095,0.9842402746084861,0.4536021272185362,0.1715255499465722,1.0427605190160067,0.06485426974156008,0
7.09799999999944,RETURN,0.4285618807923796,0.1588156927701614,0.9840460142148616,0.4536021272185362,0.1715255499465722,1.0427605190160067,0.06508415693985063,0
7.09999999999944,RETURN,0.4284425504087103,0.1587703300557115,0.9838517177674362,0.4536021272185362,0.1715255499465722,1.0427605190160067,0.065314215943065,0
7.10199999999944,RETURN,0.4283228975178253,0.15872497797587318,0.9836573868839944,0.4536021272185362,0.1715255499465722,1.0427605190160067,0.06554444541570598,0
7.10399999999944,RETURN,0.4282029222226841,0.15867963699765858,0.9834630231815948,0.4536021272185362,0.1715255499465722,1.0427605190160067,0.06577484402219806,0
7.105999999999439,RETURN,0.4280826246306023,0.15863430758855332,0.9832686282765054,0.4536021272185362,0.1715255499465722,1.0427605190160067,0.06600541042694538,0
7.107999999999439,RETURN,0.42796200485324976,0.15858899021649184,0.9830742037841363,0.4536021272185362,0.1715255499465722,1.0427605190160067,0.0662361432943903,0
7.109999999999439,RETURN,0.4278410630066432,0.1585436853498321,0.9828797513189799,0.4536021272185362,0.1715255499465722,1.0427605190160067,0.06646704128906798,0
7.111999999999439,RETURN,0.4277197992111466,0.15849839345733183,0.9826852724945501,0.4536021272185362,0.1715255499465722,1.0427605190160067,0.06669810307565767,0
7.1139999999994386,RETURN,0.4275982135914629,0.1584531150081239,0.9824907689233181,0.4536021272185362,0.1715255499465722,1.0427605190160067,0.06692932731904151,0
7.115999999999438,RETURN,0.4274763062766327,0.1584078504716929,0.9822962422166558,0.4536021272185362,0.1715255499465722,1.0427605190160067,0.06716071268435278,0
7.117999999999438,RETURN,0.4273540774000288,0.15836260031785143,0.982101693984776,0.4536021272185362,0.1715255499465722,1.0427605190160067,0.06739225783702871,0
7.119999999999438,RETURN,0.4272315270993535,0.1583173650167172,0.9819071258366759,0.4536021272185362,0.1715255499465722,1.0427605190160067,0.06762396144285923,0
7.121999999999438,RETURN,0.4271086555166335,0.15827214503868967,0.9817125393800809,0.4536021272185362,0.1715255499465722,1.0427605190160067,0.06785582216803675,0
7.1239999999994374,RETURN,0.42698546279821614,0.15822694085442807,0.9815179362213874,0.4536021272185362,0.1715255499465722,1.0427605190160067,0.06808783867920466,0
7.125999999999437,RETURN,0.42686194909476605,0.15818175293482872,0.9813233179656108,0.4536021272185362,0.1715255499465722,1.0427605190160067,0.06832000964350302,0
7.127999999999437,RETURN,0.4267381145612612,0.15813658175100326,0.981128686216332,0.4536021272185362,0.1715255499465722,1.0427605190160067,0.0685523337286139,0
7.129999999999437,RETURN,0.42661395935698787,0.15809142777425694,0.9809340425756445,0.4536021272185362,0.1715255499465722,1.0427605190160067,0.0687848096028074,0
7.131999999999437,RETURN,0.4264894836455382,0.15804629147606744,0.9807393886441036,0.4536021272185362,0.1715255499465722,1.0427605190160067,0.06901743593498467,0
7.133999999999436,RETURN,0.42636468759480556,0.1580011733280634,0.9805447260206764,0.4536021272185362,0.1715255499465722,1.0427605190160067,0.06925021139472018,0
7.135999999999436,RETURN,0.42623957137698093,0.15795607380200427,0.9803500563026925,0.4536021272185362,0.1715255499465722,1.0427605190160067,0.0694831346523041,0
7.137999999999436,RETURN,0.4261141351685491,0.15791099336975956,0.9801553810857961,0.4536021272185362,0.1715255499465722,1.0427605190160067,0.06971620437878184,0
7.139999999999436,RETURN,0.4259883791502848,0.15786593250328845,0.9799607019638992,0.4536021272185362,0.1715255499465722,1.0427605190160067,0.06994941924599446,0
7.1419999999994355,RETURN,0.42586230350724896,0.15782089167462018,0.9797660205291351,0.4536021272185362,0.1715255499465722,1.0427605190160067,0.0701827779266164,0
7.143999999999435,RETURN,0.4257359084287858,0.15777587135583515,0.9795713383718122,0.4536021272185362,0.1715255499465722,1.0427605190160067,0.07041627909419428,0
7.145999999999435,RETURN,0.4256091941085172,0.15773087201904415,0.979376657080372,0.4536021272185362,0.1715255499465722,1.0427605190160067,0.07064992142318229,0
7.147999999999435,RETURN,0.4254821607443404,0.1576858941363708,0.9791819782413441,0.4536021272185362,0.1715255499465722,1.0427605190160067,0.07088370358897858,0
7.149999999999435,RETURN,0.4253548085384255,0.15764093817993216,0.9789873034393037,0.4536021272185362,0.1715255499465722,1.0427605190160067,0.07111762426795967,0
7.151999999999434,RETURN,0.4252271376972084,0.15759600462182052,0.9787926342568312,0.4536021272185362,0.1715255499465722,1.0427605190160067,0.07135168213751476,0
7.153999999999434,RETURN,0.42509914843139096,0.1575510939340852,0.9785979722744709,0.4536021272185362,0.1715255499465722,1.0427605190160067,0.07158587587607741,0
7.155999999999434,RETURN,0.42497084095593474,0.1575062065887147,0.9784033190706917,0.4536021272185362,0.1715255499465722,1.0427605190160067,0.07182020416315871,0
7.157999999999434,RETURN,0.42484221549005896,0.1574613430576195,0.9782086762218478,0.4536021272185362,0.1715255499465722,1.0427605190160067,0.0720546656793776,0
7.1599999999994335,RETURN,0.42471327225723604,0.15741650381261366,0.9780140453021409,0.4536021272185362,0.1715255499465722,1.0427605190160067,0.07228925910649199,0
7.161999999999433,RETURN,0.424584011485189,0.15737168932539933,0.9778194278835833,0.4536021272185362,0.1715255499465722,1.0427605190160067,0.0725239831274265,0
7.163999999999433,RETURN,0.4244544334058875,0.1573269000675491,0.9776248255359619,0.4536021272185362,0.1715255499465722,1.0427605190160067,0.07275883642630196,0
7.165999999999433,RETURN,0.4243245382555434,0.15728213651048897,0.9774302398268022,0.4536021272185362,0.1715255499465722,1.0427605190160067,0.07299381768846294,0
7.167999999999433,RETURN,0.4241943262746096,0.15723739912548337,0.9772356723213339,0.4536021272185362,0.1715255499465722,1.0427605190160067,0.07322892560050413,0
7.169999999999432,RETURN,0.42406379770777464,0.15719268838361836,0.977041124582456,0.4536021272185362,0.1715255499465722,1.0427605190160067,0.07346415885029757,0
7.171999999999432,RETURN,0.4239329528039598,0.15714800475578589,0.9768465981707073,0.4536021272185362,0.1715255499465722,1.0427605190160067,0.07369951612701442,0
7.173999999999432,RETURN,0.42380179181631666,0.1571033487126685,0.9766520946442288,0.4536021272185362,0.1715255499465722,1.0427605190160067,0.07393499612115419,0
7.175999999999432,RETURN,0.4236703150022223,0.15705872072472424,0.976457615558736,0.4536021272185362,0.1715255499465722,1.0427605190160067,0.07417059752456466,0
7.1779999999994315,RETURN,0.4235385226232778,0.15701412126217115,0.9762631624674886,0.4536021272185362,0.1715255499465722,1.0427605190160067,0.07440631903046444,0
7.179999999999431,RETURN,0.4234064149453025,0.1569695507949728,0.9760687369212566,0.4536021272185362,0.1715255499465722,1.0427605190160067,0.0746421593334686,0
7.181999999999431,RETURN,0.423273992238333,0.1569250097928237,0.9758743404682955,0.4536021272185362,0.1715255499465722,1.0427605190160067,0.07487811712960578,0
7.183999999999431,RETURN,0.42314125477661874,0.15688049872513526,0.9756799746543139,0.4536021272185362,0.1715255499465722,1.0427605190160067,0.07511419111634181,0
7.185999999999431,RETURN,0.4230082028386191,0.156836018061021,0.9754856410224478,0.4536021272185362,0.1715255499465722,1.0427605190160067,0.07535037999259823,0
7.18799999999943,RETURN,0.4228748367069993,0.15679156826928317,0.9752913411132331,0.4536021272185362,0.1715255499465722,1.0427605190160067,0.07558668245877173,0
7.18999999999943,RETURN,0.4227411566686291,0.15674714981839902,0.9750970764645789,0.4536021272185362,0.1715255499465722,1.0427605190160067,0.07582309721675186,0
7.19199999999943,RETURN,0.4226071630145779,0.15670276317650744,0.9749028486117401,0.4536021272185362,0.1715255499465722,1.0427605190160067,0.07605962296994079,0
7.19399999999943,RETURN,0.4224728560401116,0.1566584088113952,0.9747086590872946,0.4536021272185362,0.1715255499465722,1.0427605190160067,0.07629625842326884,0
7.1959999999994295,RETURN,0.4223382360446907,0.15661408719048464,0.9745145094211177,0.4536021272185362,0.1715255499465722,1.0427605190160067,0.07653300228321067,0
7.197999999999429,RETURN,0.4222033033319659,0.15656979878082036,0.9743204011403556,0.4536021272185362,0.1715255499465722,1.0427605190160067,0.07676985325780411,0
7.199999999999429,RETURN,0.4220680582097754,0.1565255440490565,0.9741263357694071,0.4536021272185362,0.1715255499465722,1.0427605190160067,0.07700681005666067,0
7.201999999999429,RETURN,0.4219325009901417,0.15648132346144458,0.9739323148298953,0.4536021272185362,0.1715255499465722,1.0427605190160067,0.07724387139098533,0
7.203999999999429,RETURN,0.42179663198926864,0.15643713748382101,0.973738339840649,0.4536021272185362,0.1715255499465722,1.0427605190160067,0.07748103597358688,0
7.205999999999428,RETURN,0.42166045152753817,0.15639298658159523,0.9735444123176793,0.4536021272185362,0.1715255499465722,1.0427605190160067,0.07771830251889313,0
7.207999999999428,RETURN,0.4215239599295067,0.15634887121973726,0.9733505337741587,0.4536021272185362,0.1715255499465722,1.0427605190160067,0.07795566974296411,0
7.209999999999428,RETURN,0.4213871575239029,0.1563047918627667,0.9731567057204009,0.4536021272185362,0.1715255499465722,1.0427605190160067,0.07819313636350335,0
7.211999999999428,RETURN,0.42125004464362426,0.15626074897474063,0.9729629296638399,0.4536021272185362,0.1715255499465722,1.0427605190160067,0.07843070109987074,0
7.2139999999994275,RETURN,0.4211126216257324,0.15621674301924227,0.9727692071090109,0.4536021272185362,0.1715255499465722,1.0427605190160067,0.07866836267309414,0
7.215999999999427,RETURN,0.42097488881145373,0.15617277445936978,0.972575539557531,0.4536021272185362,0.1715255499465722,1.0427605190160067,0.07890611980587889,0
7.217999999999427,RETURN,0.4208368465461718,0.15612884375772548,0.9723819285080807,0.4536021272185362,0.1715255499465722,1.0427605190160067,0.07914397122261951,0
7.219999999999427,RETURN,0.4206984951794275,0.15608495137640438,0.9721883754563848,0.4536021272185362,0.1715255499465722,1.0427605190160067,0.07938191564940984,0
7.221999999999427,RETURN,0.4205598350649141,0.15604109777698377,0.9719948818951968,0.4536021272185362,0.1715255499465722,1.0427605190160067,0.07961995181405064,0
7.223999999999426,RETURN,0.4204208665604754,0.15599728342051244,0.9718014493142789,0.4536021272185362,0.1715255499465722,1.0427605190160067,0.07985807844606074,0
7.225999999999426,RETURN,0.4202815900281013,0.15595350876750025,0.9716080792003867,0.4536021272185362,0.1715255499465722,1.0427605190160067,0.08009629427668487,0
7.227999999999426,RETURN,0.4201420058339257,0.15590977427790773,0.9714147730372538,0.4536021272185362,0.1715255499465722,1.0427605190160067,0.08033459803890022,0
7.229999999999426,RETURN,0.42000211434822243,0.15586608041113567,0.9712215323055721,0.4536021272185362,0.1715255499465722,1.0427605190160067,0.08057298846742789,0
7.2319999999994256,RETURN,0.41986191594540345,0.15582242762601567,0.9710283584829804,0.4536021272185362,0.1715255499465722,1.0427605190160067,0.08081146429873584,0
7.233999999999425,RETURN,0.41972141100401356,0.15577881638079935,0.9708352530440472,0.4536021272185362,0.1715255499465722,1.0427605190160067,0.0810500242710487,0
7.235999999999425,RETURN,0.41958059990672925,0.15573524713314904,0.9706422174602549,0.4536021272185362,0.1715255499465722,1.0427605190160067,0.08128866712435372,0
7.237999999999425,RETURN,0.41943948304035417,0.15569172034012782,0.9704492531999873,0.4536021272185362,0.1715255499465722,1.0427605190160067,0.08152739160040637,0
7.239999999999425,RETURN,0.41929806079581655,0.15564823645819023,0.9702563617285136,0.4536021272185362,0.1715255499465722,1.0427605190160067,0.08176619644273704,0
7.2419999999994245,RETURN,0.4191563335681656,0.1556047959431724,0.9700635445079753,0.4536021272185362,0.1715255499465722,1.0427605190160067,0.08200508039665629,0
7.243999999999424,RETURN,0.4190143017565686,0.15556139925028295,0.9698708029973747,0.4536021272185362,0.1715255499465722,1.0427605190160067,0.08224404220925786,0
7.245999999999424,RETURN,0.41887196576430685,0.15551804683409332,0.9696781386525569,0.4536021272185362,0.1715255499465722,1.0427605190160067,0.08248308062942859,0
7.247999999999424,RETURN,0.4187293259987729,0.15547473914852938,0.9694855529262013,0.4536021272185362,0.1715255499465722,1.0427605190160067,0.0827221944078482,0
7.249999999999424,RETURN,0.4185863828714679,0.15543147664686133,0.9692930472678077,0.4536021272185362,0.1715255499465722,1.0427605190160067,0.08296138229699487,0
7.251999999999423,RETURN,0.41844313679799583,0.15538825978169557,0.969100623123684,0.4536021272185362,0.1715255499465722,1.0427605190160067,0.0832006430511502,0
7.253999999999423,RETURN,0.4182995881980636,0.15534508900496566,0.9689082819369333,0.4536021272185362,0.1715255499465722,1.0427605190160067,0.08343997542640164,0
7.255999999999423,RETURN,0.4181557374954743,0.1553019647679229,0.9687160251474428,0.4536021272185362,0.1715255499465722,1.0427605190160067,0.08367937818064783,0
7.257999999999423,RETURN,0.41801158511812564,0.15525888752112865,0.9685238541918721,0.4536021272185362,0.1715255499465722,1.0427605190160067,0.08391885007359991,0
7.2599999999994225,RETURN,0.41786713149800575,0.15521585771444465,0.9683317705036435,0.4536021272185362,0.1715255499465722,1.0427605190160067,0.08415838986678432,0
7.261999999999422,RETURN,0.41772237707119025,0.15517287579702546,0.9681397755129287,0.4536021272185362,0.1715255499465722,1.0427605190160067,0.08439799632354661,0
7.263999999999422,RETURN,0.4175773222778374,0.15512994221730936,0.967947870646639,0.4536021272185362,0.1715255499465722,1.0427605190160067,0.08463766820905408,0
7.265999999999422,RETURN,0.41743196756218615,0.15508705742300996,0.9677560573284144,0.4536021272185362,0.1715255499465722,1.0427605190160067,0.08487740429029726,0
7.267999999999422,RETURN,0.4172863133725514,0.15504422186110847,0.967564336978614,0.4536021272185362,0.1715255499465722,1.0427605190160067,0.08511720333609198,0
7.269999999999421,RETURN,0.4171403601613204,0.15500143597784466,0.9673727110143051,0.4536021272185362,0.1715255499465722,1.0427605190160067,0.08535706411708169,0
7.271999999999421,RETURN,0.41699410838494905,0.15495870021870933,0.9671811808492531,0.4536021272185362,0.1715255499465722,1.0427605190160067,0.08559698540573943,0
7.273999999999421,RETURN,0.4168475585039584,0.15491601502843597,0.9669897478939125,0.4536021272185362,0.1715255499465722,1.0427605190160067,0.08583696597636829,0
7.275999999999421,RETURN,0.4167007109829313,0.15487338085099278,0.9667984135554162,0.4536021272185362,0.1715255499465722,1.0427605190160067,0.08607700460510355,0
7.2779999999994205,RETURN,0.4165535662905066,0.15483079812957426,0.9666071792375678,0.4536021272185362,0.1715255499465722,1.0427605190160067,0.08631710006991346,0
7.27999999999942,RETURN,0.4164061248993778,0.15478826730659406,0.9664160463408293,0.4536021272185362,0.1715255499465722,1.0427605190160067,0.08655725115060126,0
7.28199999999942,RETURN,0.41625838728628667,0.15474578882367643,0.9662250162623155,0.4536021272185362,0.1715255499465722,1.0427605190160067,0.0867974566288046,0
7.28399999999942,RETURN,0.4161103539320212,0.1547033631216487,0.966034090395782,0.4536021272185362,0.1715255499465722,1.0427605190160067,0.08703771528799746,0
7.28599999999942,RETURN,0.41596202532141036,0.15466099064053346,0.9658432701316177,0.4536021272185362,0.1715255499465722,1.0427605190160067,0.08727802591349072,0
7.287999999999419,RETURN,0.4158134019433206,0.1546186718195409,0.9656525568568366,0.4536021272185362,0.1715255499465722,1.0427605190160067,0.08751838729243143,0
7.289999999999419,RETURN,0.4156644842906509,0.15457640709706108,0.9654619519550667,0.4536021272185362,0.1715255499465722,1.0427605190160067,0.08775879821380594,0
7.291999999999419,RETURN,0.41551527286032874,0.15453419691065606,0.9652714568065455,0.4536021272185362,0.1715255499465722,1.0427605190160067,0.08799925746843665,0
7.293999999999419,RETURN,0.4153657681533072,0.15449204169705277,0.9650810727881076,0.4536021272185362,0.1715255499465722,1.0427605190160067,0.08823976384898499,0
7.2959999999994185,RETURN,0.41521597067455845,0.15444994189213518,0.9648908012731787,0.4536021272185362,0.1715255499465722,1.0427605190160067,0.08848031614995071,0
7.297999999999418,RETURN,0.4150658809330712,0.15440789793093693,0.9647006436317663,0.4536021272185362,0.1715255499465722,1.0427605190160067,0.08872091316767171,0
7.299999999999418,RETURN,0.4149154994418446,0.15436591024763344,0.9645106012304513,0.4536021272185362,0.1715255499465722,1.0427605190160067,0.08896155370032535,0
7.301999999999418,RETURN,0.41476482671788456,0.15432397927553523,0.9643206754323825,0.4536021272185362,0.1715255499465722,1.0427605190160067,0.08920223654792535,0
7.303999999999418,RETURN,0.41461386328219996,0.15428210544707976,0.9641308675972647,0.4536021272185362,0.1715255499465722,1.0427605190160067,0.08944296051232524,0
7.305999999999417,RETURN,0.4144626096597959,0.15424028919382443,0.9639411790813536,0.4536021272185362,0.1715255499465722,1.0427605190160067,0.08968372439721621,0
7.307999999999417,RETURN,0.4143110663796715,0.1541985309464395,0.9637516112374466,0.4536021272185362,0.1715255499465722,1.0427605190160067,0.08992452700812695,0
7.309999999999417,RETURN,0.41415923397481247,0.15415683113469988,0.9635621654148755,0.4536021272185362,0.1715255499465722,1.0427605190160067,0.09016536715242442,0
7.311999999999417,RETURN,0.4140071129821888,0.154115190187479,0.9633728429594991,0.4536021272185362,0.1715255499465722,1.0427605190160067,0.09040624363931181,0
7.3139999999994165,RETURN,0.4138547039427473,0.15407360853274057,0.9631836452136947,0.4536021272185362,0.1715255499465722,1.0427605190160067,0.09064715527983012,0
7.315999999999416,RETURN,0.41370200740140906,0.1540320865975318,0.9629945735163497,0.4536021272185362,0.1715255499465722,1.0427605190160067,0.09088810088685752,0
7.317999999999416,RETURN,0.4135490239070626,0.15399062480797637,0.9628056292028568,0.4536021272185362,0.1715255499465722,1.0427605190160067,0.0911290792751067,0
7.319999999999416,RETURN,0.41339575401255924,0.1539492235892668,0.9626168136051033,0.4536021272185362,0.1715255499465722,1.0427605190160067,0.09137008926112793,0
7.321999999999416,RETURN,0.4132421982747086,0.15390788336565725,0.9624281280514653,0.4536021272185362,0.1715255499465722,1.0427605190160067,0.09161112966330591,0
7.323999999999415,RETURN,0.413088357254272,0.15386660456045706,0.9622395738667989,0.4536021272185362,0.1715255499465722,1.0427605190160067,0.0918521993018613,0
7.325999999999415,RETURN,0.41293423151595754,0.15382538759602268,0.9620511523724341,0.4536021272185362,0.1715255499465722,1.0427605190160067,0.09209329699884929,0
7.327999999999415,RETURN,0.4127798216284162,0.15378423289375132,0.9618628648861659,0.4536021272185362,0.1715255499465722,1.0427605190160067,0.0923344215781591,0
7.329999999999415,RETURN,0.4126251281642334,0.1537431408740734,0.9616747127222476,0.4536021272185362,0.1715255499465722,1.0427605190160067,0.09257557186551457,0
7.3319999999994145,RETURN,0.41247015169992596,0.15370211195644554,0.961486697191383,0.4536021272185362,0.1715255499465722,1.0427605190160067,0.0928167466884728,0
7.333999999999414,RETURN,0.41231489281593503,0.1536611465593436,0.9612988196007191,0.4536021272185362,0.1715255499465722,1.0427605190160067,0.0930579448764244,0
7.335999999999414,RETURN,0.4121593520966213,0.15362024510025551,0.9611110812538372,0.4536021272185362,0.1715255499465722,1.0427605190160067,0.09329916526059355,0
7.337999999999414,RETURN,0.41200353013025776,0.1535794079956744,0.9609234834507479,0.4536021272185362,0.1715255499465722,1.0427605190160067,0.09354040667403661,0
7.339999999999414,RETURN,0.4118474275090252,0.15353863566109124,0.9607360274878817,0.4536021272185362,0.1715255499465722,1.0427605190160067,0.09378166795164256,0
7.341999999999413,RETURN,0.4116910448290052,0.15349792851098812,0.9605487146580817,0.4536021272185362,0.1715255499465722,1.0427605190160067,0.09402294793013319,0
7.343999999999413,RETURN,0.4115343826901755,0.15345728695883115,0.9603615462505963,0.4536021272185362,0.1715255499465722,1.0427605190160067,0.09426424544806182,0
7.345999999999413,RETURN,0.41137744169640145,0.15341671141706323,0.9601745235510714,0.4536021272185362,0.1715255499465722,1.0427605190160067,0.09450555934581487,0
7.347999999999413,RETURN,0.41122022245543216,0.15337620229709747,0.9599876478415438,0.4536021272185362,0.1715255499465722,1.0427605190160067,0.09474688846560904,0
7.349999999999413,RETURN,0.4110627255788923,0.15333576000930993,0.9598009204004312,0.4536021272185362,0.1715255499465722,1.0427605190160067,0.09498823165149499,0
7.351999999999412,RETURN,0.41090495168227714,0.15329538496303252,0.9596143425025273,0.4536021272185362,0.1715255499465722,1.0427605190160067,0.09522958774935382,0
7.353999999999412,RETURN,0.4107469013849449,0.1532550775665464,0.9594279154189921,0.4536021272185362,0.1715255499465722,1.0427605190160067,0.09547095560689951,0
7.355999999999412,RETURN,0.41058857531011117,0.1532148382270746,0.9592416404173454,0.4536021272185362,0.1715255499465722,1.0427605190160067,0.09571233407367755,0
7.357999999999412,RETURN,0.41042997408484116,0.15317466735077542,0.9590555187614583,0.4536021272185362,0.1715255499465722,1.0427605190160067,0.09595372200106612,0
7.3599999999994115,RETURN,0.41027109834004405,0.1531345653427353,0.9588695517115459,0.4536021272185362,0.1715255499465722,1.0427605190160067,0.09619511824227575,0
7.361999999999411,RETURN,0.410111948710465,0.15309453260696188,0.9586837405241592,0.4536021272185362,0.1715255499465722,1.0427605190160067,0.09643652165234973,0
7.363999999999411,RETURN,0.40995252583467917,0.1530545695463769,0.9584980864521766,0.4536021272185362,0.1715255499465722,1.0427605190160067,0.09667793108816529,0
7.365999999999411,RETURN,0.4097928303550842,0.15301467656280965,0.9583125907447991,0.4536021272185362,0.1715255499465722,1.0427605190160067,0.09691934540843115,0
7.367999999999411,RETURN,0.40963286291789286,0.15297485405698963,0.9581272546475368,0.4536021272185362,0.1715255499465722,1.0427605190160067,0.0971607634736931,0
7.36999999999941,RETURN,0.4094726241731266,0.15293510242854008,0.9579420794022063,0.4536021272185362,0.1715255499465722,1.0427605190160067,0.09740218414632926,0
7.37199999999941,RETURN,0.4093121147746075,0.15289542207597032,0.9577570662469199,0.4536021272185362,0.1715255499465722,1.0427605190160067,0.09764360629055399,0
7.37399999999941,RETURN,0.40915133537995174,0.15285581339666976,0.9575722164160778,0.4536021272185362,0.1715255499465722,1.0427605190160067,0.09788502877241743,0
7.37599999999941,RETURN,0.40899028665056036,0.15281627678690018,0.9573875311403616,0.4536021272185362,0.1715255499465722,1.0427605190160067,0.09812645045980609,0
7.3779999999994095,RETURN,0.408828969251614,0.15277681264178924,0.9572030116467233,0.4536021272185362,0.1715255499465722,1.0427605190160067,0.09836787022244473,0
7.379999999999409,RETURN,0.40866738385206386,0.1527374213553235,0.9570186591583794,0.4536021272185362,0.1715255499465722,1.0427605190160067,0.09860928693189625,0
7.381999999999409,RETURN,0.40850553112462373,0.1526981033203413,0.9568344748948019,0.4536021272185362,0.1715255499465722,1.0427605190160067,0.09885069946156325,0
7.383999999999409,RETURN,0.4083434117457632,0.1526588589285264,0.9566504600717104,0.4536021272185362,0.1715255499465722,1.0427605190160067,0.09909210668668834,0
7.385999999999409,RETURN,0.4081810263956991,0.15261968857040045,0.9564666159010627,0.4536021272185362,0.1715255499465722,1.0427605190160067,0.09933350748435647,0
7.387999999999408,RETURN,0.40801837575838695,0.15258059263531634,0.956282943591048,0.4536021272185362,0.1715255499465722,1.0427605190160067,0.09957490073349504,0
7.389999999999408,RETURN,0.40785546052151367,0.15254157151145148,0.9560994443460766,0.4536021272185362,0.1715255499465722,1.0427605190160067,0.09981628531487637,0
7.391999999999408,RETURN,0.40769228137648983,0.15250262558580066,0.9559161193667729,0.4536021272185362,0.1715255499465722,1.0427605190160067,0.10005766011111766,0
7.393999999999408,RETURN,0.4075288390184394,0.15246375524416916,0.955732969849967,0.4536021272185362,0.1715255499465722,1.0427605190160067,0.10029902400668315,0
7.3959999999994075,RETURN,0.4073651341461934,0.15242496087116636,0.9555499969886839,0.4536021272185362,0.1715255499465722,1.0427605190160067,0.1005403758878867,0
7.397999999999407,RETURN,0.4072011674622805,0.15238624285019806,0.955367201972138,0.4536021272185362,0.1715255499465722,1.0427605190160067,0.10078171464289115,0
7.399999999999407,RETURN,0.40703693967291815,0.1523476015634602,0.9551845859857215,0.4536021272185362,0.1715255499465722,1.0427605190160067,0.10102303916171247,0
7.401999999999407,RETURN,0.4068724514880042,0.15230903739193172,0.9550021502109985,0.4536021272185362,0.1715255499465722,1.0427605190160067,0.10126434833621932,0
7.403999999999407,RETURN,0.4067077036211091,0.15227055071536796,0.9548198958256935,0.4536021272185362,0.1715255499465722,1.0427605190160067,0.1015056410601365,0
7.405999999999406,RETURN,0.40654269678946564,0.15223214191229345,0.9546378240036837,0.4536021272185362,0.1715255499465722,1.0427605190160067,0.10174691622904654,0
7.407999999999406,RETURN,0.4063774317139597,0.15219381135999527,0.9544559359149912,0.4536021272185362,0.1715255499465722,1.0427605190160067,0.10198817274039121,0
7.409999999999406,RETURN,0.40621190911912375,0.15215555943451628,0.9542742327257724,0.4536021272185362,0.1715255499465722,1.0427605190160067,0.10222940949347371,0
7.411999999999406,RETURN,0.4060461297331243,0.15211738651064788,0.95409271559831,0.4536021272185362,0.1715255499465722,1.0427605190160067,0.10247062538946157,0
7.4139999999994055,RETURN,0.40588009428775584,0.15207929296192366,0.9539113856910029,0.4536021272185362,0.1715255499465722,1.0427605190160067,0.10271181933138851,0
7.415999999999405,RETURN,0.40571380351842895,0.15204127916061239,0.9537302441583589,0.4536021272185362,0.1715255499465722,1.0427605190160067,0.10295299022415609,0
7.417999999999405,RETURN,0.4055472581641628,0.15200334547771088,0.953549292150984,0.4536021272185362,0.1715255499465722,1.0427605190160067,0.10319413697453722,0
7.419999999999405,RETURN,0.40538045896757413,0.1519654922829376,0.953368530815574,0.4536021272185362,0.1715255499465722,1.0427605190160067,0.10343525849117821,0
7.421999999999405,RETURN,0.40521340667486977,0.15192771994472562,0.9531879612949048,0.4536021272185362,0.1715255499465722,1.0427605190160067,0.10367635368460093,0
7.423999999999404,RETURN,0.405046102035834,0.15189002883021593,0.9530075847278242,0.4536021272185362,0.1715255499465722,1.0427605190160067,0.10391742146720585,0
7.425999999999404,RETURN,0.40487854580382127,0.15185241930525037,0.9528274022492413,0.4536021272185362,0.1715255499465722,1.0427605190160067,0.10415846075327502,0
7.427999999999404,RETURN,0.4047107387357456,0.15181489173436524,0.952647414990118,0.4536021272185362,0.1715255499465722,1.0427605190160067,0.1043994704589743,0
7.429999999999404,RETURN,0.4045426815920701,0.15177744648078415,0.9524676240774584,0.4536021272185362,0.1715255499465722,1.0427605190160067,0.10464044950235726,0
7.4319999999994035,RETURN,0.40437437513679836,0.15174008390641158,0.952288030634302,0.4536021272185362,0.1715255499465722,1.0427605190160067,0.10488139680336592,0
7.433999999999403,RETURN,0.40420582013746154,0.1517028043718257,0.9521086357797117,0.4536021272185362,0.1715255499465722,1.0427605190160067,0.10512231128383653,0
7.435999999999403,RETURN,0.4040370173651118,0.1516656082362717,0.9519294406287656,0.4536021272185362,0.1715255499465722,1.0427605190160067,0.10536319186750044,0
7.437999999999403,RETURN,0.40386796759430893,0.15162849585765553,0.951750446292546,0.4536021272185362,0.1715255499465722,1.0427605190160067,0.10560403747998941,0
7.439999999999403,RETURN,0.40369867160311224,0.1515914675925365,0.9515716538781329,0.4536021272185362,0.1715255499465722,1.0427605190160067,0.10584484704883564,0
7.441999999999402,RETURN,0.4035291301730683,0.15155452379612078,0.9513930644885912,0.4536021272185362,0.1715255499465722,1.0427605190160067,0.10608561950347843,0
7.443999999999402,RETURN,0.40335934408920143,0.1515176648222549,0.9512146792229624,0.4536021272185362,0.1715255499465722,1.0427605190160067,0.10632635377526581,0
7.445999999999402,RETURN,0.40318931414000303,0.15148089102341866,0.9510364991762558,0.4536021272185362,0.1715255499465722,1.0427605190160067,0.10656704879745764,0
7.447999999999402,RETURN,0.40301904111742015,0.15144420275071868,0.950858525439437,0.4536021272185362,0.1715255499465722,1.0427605190160067,0.10680770350523033,0
7.4499999999994015,RETURN,0.4028485258168456,0.15140760035388165,0.9506807590994196,0.4536021272185362,0.1715255499465722,1.0427605190160067,0.10704831683567964,0
7.451999999999401,RETURN,0.4026777690371067,0.15137108418124745,0.950503201239055,0.4536021272185362,0.1715255499465722,1.0427605190160067,0.10728888772782406,0
7.453999999999401,RETURN,0.40250677158045384,0.15133465457976286,0.9503258529371222,0.4536021272185362,0.1715255499465722,1.0427605190160067,0.10752941512260931,0
7.455999999999401,RETURN,0.40233553425254986,0.1512983118949746,0.9501487152683207,0.4536021272185362,0.1715255499465722,1.0427605190160067,0.10776989796291002,0
7.457999999999401,RETURN,0.4021640578624597,0.15126205647102275,0.9499717893032548,0.4536021272185362,0.1715255499465722,1.0427605190160067,0.10801033519353746,0
7.4599999999994,RETURN,0.40199234322263655,0.15122588865063408,0.9497950761084313,0.4536021272185362,0.1715255499465722,1.0427605190160067,0.10825072576123868,0
7.4619999999994,RETURN,0.4018203911489142,0.15118980877511562,0.9496185767462433,0.4536021272185362,0.1715255499465722,1.0427605190160067,0.10849106861470403,0
7.4639999999994,RETURN,0.40164820246049304,0.1511538171843479,0.9494422922749642,0.4536021272185362,0.1715255499465722,1.0427605190160067,0.1087313627045689,0
7.4659999999994,RETURN,0.4014757779799296,0.1511179142167782,0.9492662237487361,0.4536021272185362,0.1715255499465722,1.0427605190160067,0.10897160698341897,0
7.4679999999994,RETURN,0.40130311853312406,0.15108210020941434,0.9490903722175612,0.4536021272185362,0.1715255499465722,1.0427605190160067,0.1092118004057934,0
7.469999999999399,RETURN,0.4011302249493102,0.15104637549781777,0.9489147387272905,0.4536021272185362,0.1715255499465722,1.0427605190160067,0.10945194192818931,0
7.471999999999399,RETURN,0.40095709806104246,0.15101074041609736,0.9487393243196143,0.4536021272185362,0.1715255499465722,1.0427605190160067,0.10969203050906647,0
7.473999999999399,RETURN,0.4007837387041844,0.15097519529690237,0.948564130032053,0.4536021272185362,0.1715255499465722,1.0427605190160067,0.10993206510885051,0
7.475999999999399,RETURN,0.4006101477178978,0.15093974047141653,0.9483891568979467,0.4536021272185362,0.1715255499465722,1.0427605190160067,0.11017204468993717,0
7.4779999999993985,RETURN,0.40043632594462863,0.15090437626935135,0.9482144059464458,0.4536021272185362,0.1715255499465722,1.0427605190160067,0.11041196821669716,0
7.479999999999398,RETURN,0.4002622742300975,0.15086910301893902,0.9480398782025004,0.4536021272185362,0.1715255499465722,1.0427605190160067,0.11065183465547994,0
7.481999999999398,RETURN,0.40008799342328577,0.150833921046927,0.9478655746868496,0.4536021272185362,0.1715255499465722,1.0427605190160067,0.11089164297461927,0
7.483999999999398,RETURN,0.3999134843764244,0.1507988306785706,0.947691496416015,0.4536021272185362,0.1715255499465722,1.0427605190160067,0.11113139214443474,0
7.485999999999398,RETURN,0.3997387479449809,0.15076383223762757,0.9475176444022857,0.4536021272185362,0.1715255499465722,1.0427605190160067,0.11137108113724031,0
7.487999999999397,RETURN,0.39956378498764833,0.15072892604635055,0.9473440196537132,0.4536021272185362,0.1715255499465722,1.0427605190160067,0.11161070892734444,0
7.489999999999397,RETURN,0.39938859636633195,0.15069411242548145,0.947170623174099,0.4536021272185362,0.1715255499465722,1.0427605190160067,0.11185027449105699,0
7.491999999999397,RETURN,0.3992131829461356,0.15065939169424475,0.9469974559629843,0.4536021272185362,0.1715255499465722,1.0427605190160067,0.11208977680669462,0
7.493999999999397,RETURN,0.39903754559535276,0.15062476417034154,0.9468245190156421,0.4536021272185362,0.1715255499465722,1.0427605190160067,0.11232921485458222,0
7.4959999999993965,RETURN,0.3988616851854505,0.15059023016994263,0.9466518133230651,0.4536021272185362,0.1715255499465722,1.0427605190160067,0.11256858761706047,0
7.497999999999396,RETURN,0.3986856025910578,0.15055579000768268,0.9464793398719584,0.4536021272185362,0.1715255499465722,1.0427605190160067,0.11280789407848826,0
7.499999999999396,RETURN,0.39850929868995333,0.15052144399665368,0.9463070996447278,0.4536021272185362,0.1715255499465722,1.0427605190160067,0.11304713322524834,0
7.501999999999396,RETURN,0.3983327743630534,0.15048719244839856,0.946135093619469,0.4536021272185362,0.1715255499465722,1.0427605190160067,0.11328630404575261,0
7.503999999999396,RETURN,0.39815603049439735,0.1504530356729054,0.9459633227699616,0.4536021272185362,0.1715255499465722,1.0427605190160067,0.11352540553044424,0
7.505999999999395,RETURN,0.39797906797113525,0.15041897397860077,0.9457917880656561,0.4536021272185362,0.1715255499465722,1.0427605190160067,0.11376443667180494,0
7.507999999999395,RETURN,0.397801887683516,0.15038500767234395,0.9456204904716636,0.4536021272185362,0.1715255499465722,1.0427605190160067,0.11400339646435917,0
7.509999999999395,RETURN,0.3976244905248728,0.1503511370594199,0.9454494309487496,0.4536021272185362,0.1715255499465722,1.0427605190160067,0.11424228390467717,0
7.511999999999395,RETURN,0.39744687739161083,0.15031736244353436,0.9452786104533213,0.4536021272185362,0.1715255499465722,1.0427605190160067,0.11448109799138102,0
7.5139999999993945,RETURN,0.39726904918319406,0.15028368412680637,0.9451080299374186,0.4536021272185362,0.1715255499465722,1.0427605190160067,0.11471983772514963,0
7.515999999999394,RETURN,0.39709100680213194,0.1502501024097634,0.9449376903487053,0.4536021272185362,0.1715255499465722,1.0427605190160067,0.11495850210872206,0
7.517999999999394,RETURN,0.3969127511539658,0.15021661759133434,0.944767592630459,0.4536021272185362,0.1715255499465722,1.0427605190160067,0.11519709014690338,0
7.519999999999394,RETURN,0.3967342831472563,0.15018322996884376,0.9445977377215609,0.4536021272185362,0.1715255499465722,1.0427605190160067,0.11543560084656886,0
7.521999999999394,RETURN,0.39655560369356924,0.15014993983800629,0.9444281265564863,0.4536021272185362,0.1715255499465722,1.0427605190160067,0.11567403321666961,0
7.523999999999393,RETURN,0.3963767137074623,0.15011674749291956,0.9442587600652977,0.4536021272185362,0.1715255499465722,1.0427605190160067,0.11591238626823497,0
7.525999999999393,RETURN,0.3961976141064721,0.15008365322605938,0.944089639173631,0.4536021272185362,0.1715255499465722,1.0427605190160067,0.11615065901438028,0
7.527999999999393,RETURN,0.396018305811099,0.15005065732827294,0.943920764802689,0.4536021272185362,0.1715255499465722,1.0427605190160067,0.11638885047030993,0
7.529999999999393,RETURN,0.39583878974479647,0.15001776008877354,0.9437521378692323,0.4536021272185362,0.1715255499465722,1.0427605190160067,0.11662695965332089,0
7.5319999999993925,RETURN,0.39565906683395413,0.149984961795134,0.9435837592855681,0.4536021272185362,0.1715255499465722,1.0427605190160067,0.11686498558280985,0
7.533999999999392,RETURN,0.3954791380078856,0.14995226273328102,0.9434156299595411,0.4536021272185362,0.1715255499465722,1.0427605190160067,0.11710292728027781,0
7.535999999999392,RETURN,0.39529900419881525,0.14991966318748953,0.9432477507945267,0.4536021272185362,0.1715255499465722,1.0427605190160067,0.11734078376933156,0
7.537999999999392,RETURN,0.39511866634186305,0.14988716344037709,0.9430801226894189,0.4536021272185362,0.1715255499465722,1.0427605190160067,0.11757855407569223,0
7.539999999999392,RETURN,0.39493812537503153,0.14985476377289716,0.9429127465386229,0.4536021272185362,0.1715255499465722,1.0427605190160067,0.1178162372271975,0
7.541999999999391,RETURN,0.3947573822391924,0.14982246446433406,0.9427456232320449,0.4536021272185362,0.1715255499465722,1.0427605190160067,0.11805383225380739,0
7.543999999999391,RETURN,0.3945764378780703,0.1497902657922972,0.942578753655084,0.4536021272185362,0.1715255499465722,1.0427605190160067,0.11829133818760884,0
7.545999999999391,RETURN,0.3943952932382313,0.14975816803271524,0.9424121386886228,0.4536021272185362,0.1715255499465722,1.0427605190160067,0.11852875406281965,0
7.547999999999391,RETURN,0.39421394926906766,0.1497261714598301,0.9422457792090183,0.4536021272185362,0.1715255499465722,1.0427605190160067,0.11876607891579381,0
7.5499999999993905,RETURN,0.3940324069227841,0.14969427634619178,0.9420796760880933,0.4536021272185362,0.1715255499465722,1.0427605190160067,0.11900331178502552,0
7.55199999999939,RETURN,0.39385066715438255,0.1496624829626525,0.9419138301931281,0.4536021272185362,0.1715255499465722,1.0427605190160067,0.11924045171115388,0
7.55399999999939,RETURN,0.39366873092164945,0.14963079157836096,0.9417482423868494,0.4536021272185362,0.1715255499465722,1.0427605190160067,0.11947749773696906,0
7.55599999999939,RETURN,0.39348659918514073,0.14959920246075706,0.941582913527426,0.4536021272185362,0.1715255499465722,1.0427605190160067,0.11971444890741285,0
7.55799999999939,RETURN,0.3933042729081676,0.14956771587556633,0.9414178444684552,0.4536021272185362,0.1715255499465722,1.0427605190160067,0.11995130426958772,0
7.559999999999389,RETURN,0.39312175305678226,0.149536332086794,0.9412530360589579,0.4536021272185362,0.1715255499465722,1.0427605190160067,0.12018806287275828,0
7.561999999999389,RETURN,0.3929390405997629,0.14950505135672015,0.9410884891433684,0.4536021272185362,0.1715255499465722,1.0427605190160067,0.12042472376835718,0
7.563999999999389,RETURN,0.39275613650860064,0.1494738739458937,0.9409242045615267,0.4536021272185362,0.1715255499465722,1.0427605190160067,0.12066128600998835,0
7.565999999999389,RETURN,0.39257304175748386,0.1494428001131272,0.9407601831486695,0.4536021272185362,0.1715255499465722,1.0427605190160067,0.12089774865343256,0
7.5679999999993885,RETURN,0.3923897573232842,0.14941183011549167,0.9405964257354225,0.4536021272185362,0.1715255499465722,1.0427605190160067,0.12113411075665108,0
7.569999999999388,RETURN,0.39220628418554215,0.1493809642083109,0.9404329331477911,0.4536021272185362,0.1715255499465722,1.0427605190160067,0.12137037137979063,0
7.571999999999388,RETURN,0.39202262332645227,0.14935020264515622,0.9402697062071547,0.4536021272185362,0.1715255499465722,1.0427605190160067,0.12160652958518615,0
7.573999999999388,RETURN,0.3918387757308478,0.14931954567784128,0.940106745730256,0.4536021272185362,0.1715255499465722,1.0427605190160067,0.12184258443736719,0
7.575999999999388,RETURN,0.39165474238618775,0.14928899355641667,0.9399440525291938,0.4536021272185362,0.1715255499465722,1.0427605190160067,0.12207853500306096,0
7.5779999999993874,RETURN,0.39147052428254164,0.1492585465291649,0.9397816274114162,0.4536021272185362,0.1715255499465722,1.0427605190160067,0.12231438035119549,0
7.579999999999387,RETURN,0.39128612241257305,0.14922820484259502,0.9396194711797118,0.4536021272185362,0.1715255499465722,1.0427605190160067,0.12255011955290605,0
7.581999999999387,RETURN,0.39110153777152756,0.14919796874143745,0.9394575846322016,0.4536021272185362,0.1715255499465722,1.0427605190160067,0.12278575168153738,0
7.583999999999387,RETURN,0.3909167713572164,0.1491678384686389,0.9392959685623321,0.4536021272185362,0.1715255499465722,1.0427605190160067,0.12302127581264875,0
7.585999999999387,RETURN,0.3907318241700012,0.14913781426535716,0.9391346237588672,0.4536021272185362,0.1715255499465722,1.0427605190160067,0.12325669102401796,0
7.587999999999386,RETURN,0.390546697212781,0.14910789637095642,0.9389735510058814,0.4536021272185362,0.1715255499465722,1.0427605190160067,0.12349199639564416,0
7.589999999999386,RETURN,0.3903613914909762,0.14907808502300174,0.9388127510827513,0.4536021272185362,0.1715255499465722,1.0427605190160067,0.12372719100975314,0
7.591999999999386,RETURN,0.3901759080125133,0.1490483804572543,0.9386522247641496,0.4536021272185362,0.1715255499465722,1.0427605190160067,0.12396227395080035,0
7.593999999999386,RETURN,0.3899902477878108,0.14901878290766638,0.9384919728200367,0.4536021272185362,0.1715255499465722,1.0427605190160067,0.12419724430547509,0
7.5959999999993855,RETURN,0.3898044118297639,0.14898929260637656,0.9383319960156539,0.4536021272185362,0.1715255499465722,1.0427605190160067,0.12443210116270459,0
7.597999999999385,RETURN,0.38961840115373,0.14895990978370455,0.9381722951115162,0.4536021272185362,0.1715255499465722,1.0427605190160067,0.12466684361365708,0
7.599999999999385,RETURN,0.38943221677751266,0.14893063466814663,0.9380128708634065,0.4536021272185362,0.1715255499465722,1.0427605190160067,0.1249014707517456,0
7.601999999999385,RETURN,0.38924585972134784,0.1489014674863706,0.9378537240223666,0.4536021272185362,0.1715255499465722,1.0427605190160067,0.12513598167263212,0
7.603999999999385,RETURN,0.38905933100788825,0.14887240846321095,0.9376948553346913,0.4536021272185362,0.1715255499465722,1.0427605190160067,0.12537037547423113,0
7.605999999999384,RETURN,0.3888726316621881,0.14884345782166458,0.9375362655419237,0.4536021272185362,0.1715255499465722,1.0427605190160067,0.1256046512567117,0
7.607999999999384,RETURN,0.38868576271168853,0.14881461578288527,0.9373779553808455,0.4536021272185362,0.1715255499465722,1.0427605190160067,0.12583880812250273,0
7.609999999999384,RETURN,0.38849872518620265,0.14878588256617967,0.937219925583471,0.4536021272185362,0.1715255499465722,1.0427605190160067,0.1260728451762962,0
7.611999999999384,RETURN,0.388311520117899,0.14875725838900244,0.937062176877043,0.4536021272185362,0.1715255499465722,1.0427605190160067,0.12630676152504952,0
7.6139999999993835,RETURN,0.38812414854128824,0.14872874346695145,0.9369047099840245,0.4536021272185362,0.1715255499465722,1.0427605190160067,0.12654055627798902,0
7.615999999999383,RETURN,0.38793661149320774,0.1487003380137635,0.9367475256220924,0.4536021272185362,0.1715255499465722,1.0427605190160067,0.126774228546614,0
7.617999999999383,RETURN,0.38774891001280537,0.14867204224130956,0.9365906245041321,0.4536021272185362,0.1715255499465722,1.0427605190160067,0.12700777744469924,0
7.619999999999383,RETURN,0.3875610451415246,0.14864385635959038,0.9364340073382312,0.4536021272185362,0.1715255499465722,1.0427605190160067,0.1272412020882986,0
7.621999999999383,RETURN,0.3873730179230907,0.14861578057673175,0.9362776748276737,0.4536021272185362,0.1715255499465722,1.0427605190160067,0.12747450159574725,0
7.623999999999382,RETURN,0.38718482940349286,0.14858781509898047,0.9361216276709335,0.4536021272185362,0.1715255499465722,1.0427605190160067,0.1277076750876662,0
7.625999999999382,RETURN,0.3869964806309726,0.14855996013069975,0.93596586656167,0.4536021272185362,0.1715255499465722,1.0427605190160067,0.1279407216869629,0
7.627999999999382,RETURN,0.386807972656005,0.14853221587436485,0.935810392188721,0.4536021272185362,0.1715255499465722,1.0427605190160067,0.12817364051883662,0
7.629999999999382,RETURN,0.386619306531285,0.1485045825305585,0.9356552052360982,0.4536021272185362,0.1715255499465722,1.0427605190160067,0.12840643071077973,0
7.6319999999993815,RETURN,0.3864304833117134,0.14847706029796726,0.9355003063829805,0.4536021272185362,0.1715255499465722,1.0427605190160067,0.12863909139258115,0
7.633999999999381,RETURN,0.38624150405437924,0.1484496493733765,0.9353456963037103,0.4536021272185362,0.1715255499465722,1.0427605190160067,0.12887162169632865,0
7.635999999999381,RETURN,0.38605236981854596,0.14842234995166687,0.9351913756677881,0.4536021272185362,0.1715255499465722,1.0427605190160067,0.12910402075641078,0
7.637999999999381,RETURN,0.38586308166563565,0.14839516222580945,0.9350373451398645,0.4536021272185362,0.1715255499465722,1.0427605190160067,0.1293362877095223,0
7.639999999999381,RETURN,0.3856736406592143,0.14836808638686225,0.93488360537974,0.4536021272185362,0.1715255499465722,1.0427605190160067,0.12956842169466226,0
7.64199999999938,RETURN,0.3854840478649762,0.14834112262396573,0.9347301570423566,0.4536021272185362,0.1715255499465722,1.0427605190160067,0.12980042185313956,0
7.64399999999938,RETURN,0.38529430435072737,0.1483142711243386,0.9345770007777926,0.4536021272185362,0.1715255499465722,1.0427605190160067,0.13003228732857633,0
7.64599999999938,RETURN,0.3851044111863733,0.14828753207327441,0.9344241372312613,0.4536021272185362,0.1715255499465722,1.0427605190160067,0.13026401726690556,0
7.64799999999938,RETURN,0.3849143694438999,0.14826090565413663,0.9342715670431023,0.4536021272185362,0.1715255499465722,1.0427605190160067,0.13049561081637892,0
7.6499999999993795,RETURN,0.384724180197362,0.14823439204835584,0.9341192908487811,0.4536021272185362,0.1715255499465722,1.0427605190160067,0.13072706712756357,0
7.651999999999379,RETURN,0.38453384452286443,0.14820799143542465,0.93396730927888,0.4536021272185362,0.1715255499465722,1.0427605190160067,0.1309583853533498,0
7.653999999999379,RETURN,0.3843433634985493,0.1481817039928946,0.9338156229590989,0.4536021272185362,0.1715255499465722,1.0427605190160067,0.1311895646489478,0
7.655999999999379,RETURN,0.38415273820458007,0.14815552989637207,0.933664232510247,0.4536021272185362,0.1715255499465722,1.0427605190160067,0.13142060417189302,0
7.657999999999379,RETURN,0.3839619697231247,0.1481294693195146,0.9335131385482409,0.4536021272185362,0.1715255499465722,1.0427605190160067,0.1316515030820472,0
7.659999999999378,RETURN,0.38377105913834286,0.14810352243402683,0.9333623416841008,0.4536021272185362,0.1715255499465722,1.0427605190160067,0.13188226054159888,0
7.661999999999378,RETURN,0.38358000753636834,0.14807768940965707,0.9332118425239446,0.4536021272185362,0.1715255499465722,1.0427605190160067,0.1321128757150678,0
7.663999999999378,RETURN,0.38338881600529534,0.14805197041419355,0.9330616416689862,0.4536021272185362,0.1715255499465722,1.0427605190160067,0.13234334776930415,0
7.665999999999378,RETURN,0.3831974856351623,0.1480263656134607,0.9329117397155319,0.4536021272185362,0.1715255499465722,1.0427605190160067,0.13257367587349056,0
7.6679999999993775,RETURN,0.38300601751793695,0.1480008751713156,0.9327621372549745,0.4536021272185362,0.1715255499465722,1.0427605190160067,0.1328038591991454,0
7.669999999999377,RETURN,0.38281441274750005,0.14797549924964437,0.9326128348737932,0.4536021272185362,0.1715255499465722,1.0427605190160067,0.13303389692012202,0
7.671999999999377,RETURN,0.3826226724196323,0.14795023800835871,0.9324638331535474,0.4536021272185362,0.1715255499465722,1.0427605190160067,0.1332637882126114,0
7.673999999999377,RETURN,0.38243079763199644,0.14792509160539247,0.9323151326708755,0.4536021272185362,0.1715255499465722,1.0427605190160067,0.1334935322551431,0
7.675999999999377,RETURN,0.3822387894841233,0.14790006019669794,0.9321667339974915,0.4536021272185362,0.1715255499465722,1.0427605190160067,0.13372312822858604,0
7.677999999999376,RETURN,0.38204664907739666,0.14787514393624265,0.9320186377001799,0.4536021272185362,0.1715255499465722,1.0427605190160067,0.1339525753161514,0
7.679999999999376,RETURN,0.38185437751503737,0.14785034297600608,0.9318708443407969,0.4536021272185362,0.1715255499465722,1.0427605190160067,0.13418187270339066,0
7.681999999999376,RETURN,0.3816619759020888,0.1478256574659761,0.9317233544762629,0.4536021272185362,0.1715255499465722,1.0427605190160067,0.13441101957820023,0
7.683999999999376,RETURN,0.3814694453454003,0.14780108755414578,0.9315761686585643,0.4536021272185362,0.1715255499465722,1.0427605190160067,0.1346400151308191,0
7.6859999999993756,RETURN,0.38127678695361295,0.14777663338651018,0.9314292874347475,0.4536021272185362,0.1715255499465722,1.0427605190160067,0.13486885855383254,0
7.687999999999375,RETURN,0.38108400183714475,0.14775229510706311,0.9312827113469188,0.4536021272185362,0.1715255499465722,1.0427605190160067,0.13509754904217036,0
7.689999999999375,RETURN,0.3808910911081739,0.14772807285779413,0.9311364409322406,0.4536021272185362,0.1715255499465722,1.0427605190160067,0.13532608579310962,0
7.691999999999375,RETURN,0.3806980558806247,0.14770396677868494,0.9309904767229301,0.4536021272185362,0.1715255499465722,1.0427605190160067,0.13555446800627413,0
7.693999999999375,RETURN,0.38050489727015213,0.14767997700770683,0.9308448192462573,0.4536021272185362,0.1715255499465722,1.0427605190160067,0.13578269488363526,0
7.6959999999993745,RETURN,0.3803116163941266,0.14765610368081739,0.930699469024542,0.4536021272185362,0.1715255499465722,1.0427605190160067,0.13601076562951264,0
7.697999999999374,RETURN,0.38011821437161736,0.14763234693195731,0.9305544265751531,0.4536021272185362,0.1715255499465722,1.0427605190160067,0.13623867945057516,0
7.699999999999374,RETURN,0.3799246923233802,0.14760870689304798,0.9304096924105062,0.4536021272185362,0.1715255499465722,1.0427605190160067,0.13646643555583957,0
7.701999999999374,RETURN,0.37973105137184016,0.147585183693988,0.9302652670380621,0.4536021272185362,0.1715255499465722,1.0427605190160067,0.1366940331566724,0
7.703999999999374,RETURN,0.3795372926410767,0.14756177746265048,0.9301211509603254,0.4536021272185362,0.1715255499465722,1.0427605190160067,0.13692147146678948,0
7.705999999999373,RETURN,0.3793434172568082,0.1475384883248802,0.9299773446748428,0.4536021272185362,0.1715255499465722,1.0427605190160067,0.13714874970225674,0
7.707999999999373,RETURN,0.3791494263463784,0.14751531640449103,0.9298338486742025,0.4536021272185362,0.1715255499465722,1.0427605190160067,0.1373758670814886,0
7.709999999999373,RETURN,0.37895532103873975,0.14749226182326278,0.9296906634460317,0.4536021272185362,0.1715255499465722,1.0427605190160067,0.13760282282524997,0
7.711999999999373,RETURN,0.3787611024644383,0.1474693247009387,0.929547789472997,0.4536021272185362,0.1715255499465722,1.0427605190160067,0.13782961615665493,0
7.7139999999993725,RETURN,0.37856677175559955,0.14744650515522276,0.9294052272328024,0.4536021272185362,0.1715255499465722,1.0427605190160067,0.13805624630116695,0
7.715999999999372,RETURN,0.3783723300459133,0.14742380330177715,0.9292629771981902,0.4536021272185362,0.1715255499465722,1.0427605190160067,0.13828271248659715,0
7.717999999999372,RETURN,0.3781777784706172,0.14740121925421942,0.9291210398369354,0.4536021272185362,0.1715255499465722,1.0427605190160067,0.13850901394310877,0
7.719999999999372,RETURN,0.37798311816648383,0.14737875312412005,0.9289794156118518,0.4536021272185362,0.1715255499465722,1.0427605190160067,0.13873514990321004,0
7.721999999999372,RETURN,0.37778835027180335,0.14735640502099998,0.9288381049807874,0.4536021272185362,0.1715255499465722,1.0427605190160067,0.13896111960175841,0
7.723999999999371,RETURN,0.37759347592637094,0.1473341750523282,0.9286971083966243,0.4536021272185362,0.1715255499465722,1.0427605190160067,0.13918692227595839,0
7.725999999999371,RETURN,0.37739849627147004,0.14731206332351915,0.9285564263072787,0.4536021272185362,0.1715255499465722,1.0427605190160067,0.13941255716536144,0
7.727999999999371,RETURN,0.3772034124498578,0.14729006993793037,0.9284160591557021,0.4536021272185362,0.1715255499465722,1.0427605190160067,0.13963802351186433,0
7.729999999999371,RETURN,0.37700822560575026,0.1472681949968601,0.9282760073798783,0.4536021272185362,0.1715255499465722,1.0427605190160067,0.13986332055971035,0
7.7319999999993705,RETURN,0.37681293688480844,0.14724643859954556,0.9281362714128265,0.4536021272185362,0.1715255499465722,1.0427605190160067,0.14008844755548533,0
7.73399999999937,RETURN,0.37661754743412107,0.14722480084315967,0.9279968516825997,0.4536021272185362,0.1715255499465722,1.0427605190160067,0.1403134037481199,0
7.73599999999937,RETURN,0.3764220584021921,0.14720328182280953,0.9278577486122848,0.4536021272185362,0.1715255499465722,1.0427605190160067,0.14053818838888688,0
7.73799999999937,RETURN,0.3762264709389243,0.1471818816315342,0.9277189626200041,0.4536021272185362,0.1715255499465722,1.0427605190160067,0.14076280073140024,0
7.73999999999937,RETURN,0.3760307861956058,0.14716060036030243,0.9275804941189153,0.4536021272185362,0.1715255499465722,1.0427605190160067,0.14098724003161364,0
7.741999999999369,RETURN,0.37583500532489356,0.14713943809801036,0.9274423435172107,0.4536021272185362,0.1715255499465722,1.0427605190160067,0.14121150554782133,0
7.743999999999369,RETURN,0.37563912948080047,0.14711839493148016,0.9273045112181202,0.4536021272185362,0.1715255499465722,1.0427605190160067,0.14143559654065366,0
7.745999999999369,RETURN,0.37544315981867826,0.14709747094545708,0.9271669976199107,0.4536021272185362,0.1715255499465722,1.0427605190160067,0.14165951227307855,0
7.747999999999369,RETURN,0.37524709749520596,0.1470766662226082,0.9270298031158877,0.4536021272185362,0.1715255499465722,1.0427605190160067,0.14188325201039745,0
7.7499999999993685,RETURN,0.3750509436683718,0.14705598084352045,0.9268929280943946,0.4536021272185362,0.1715255499465722,1.0427605190160067,0.14210681502024702,0
7.751999999999368,RETURN,0.3748546994974612,0.1470354148866984,0.9267563729388156,0.4536021272185362,0.1715255499465722,1.0427605190160067,0.14233020057259488,0
7.753999999999368,RETURN,0.37465836614304054,0.14701496842856257,0.9266201380275785,0.4536021272185362,0.1715255499465722,1.0427605190160067,0.14255340793973748,0
7.755999999999368,RETURN,0.3744619447669432,0.14699464154344774,0.9264842237341503,0.4536021272185362,0.1715255499465722,1.0427605190160067,0.1427764363963024,0
7.757999999999368,RETURN,0.374265436532255,0.14697443430360116,0.9263486304270449,0.4536021272185362,0.1715255499465722,1.0427605190160067,0.14299928521924182,0
7.759999999999367,RETURN,0.374068842603299,0.14695434677918098,0.9262133584698214,0.4536021272185362,0.1715255499465722,1.0427605190160067,0.14322195368783322,0
7.761999999999367,RETURN,0.3738721641456212,0.14693437903825404,0.9260784082210854,0.4536021272185362,0.1715255499465722,1.0427605190160067,0.1434444410836781,0
7.763999999999367,RETURN,0.373675402325977,0.14691453114679506,0.925943780034493,0.4536021272185362,0.1715255499465722,1.0427605190160067,0.14366674669069718,0
7.765999999999367,RETURN,0.3734785583123156,0.14689480316868447,0.9258094742587508,0.4536021272185362,0.1715255499465722,1.0427605190160067,0.1438888697951304,0
7.7679999999993665,RETURN,0.3732816332737656,0.14687519516570718,0.9256754912376183,0.4536021272185362,0.1715255499465722,1.0427605190160067,0.14411080968553486,0
7.769999999999366,RETURN,0.37308462838062123,0.146855707197551,0.92554183130991,0.4536021272185362,0.1715255499465722,1.0427605190160067,0.14433256565278163,0
7.771999999999366,RETURN,0.3728875448043275,0.14683633932180498,0.9254084948094977,0.4536021272185362,0.1715255499465722,1.0427605190160067,0.14455413699005396,0
7.773999999999366,RETURN,0.3726903837174656,0.1468170915939586,0.9252754820653132,0.4536021272185362,0.1715255499465722,1.0427605190160067,0.14477552299284474,0
7.775999999999366,RETURN,0.3724931462937391,0.14679796406739978,0.9251427934013499,0.4536021272185362,0.1715255499465722,1.0427605190160067,0.14499672295895402,0
7.777999999999365,RETURN,0.3722958337079595,0.14677895679341388,0.9250104291366649,0.4536021272185362,0.1715255499465722,1.0427605190160067,0.14521773618848727,0
7.779999999999365,RETURN,0.37209844713603185,0.14676006982118245,0.9248783895853835,0.4536021272185362,0.1715255499465722,1.0427605190160067,0.14543856198385113,0
7.781999999999365,RETURN,0.37190098775494057,0.14674130319778214,0.9247466750566994,0.4536021272185362,0.1715255499465722,1.0427605190160067,0.14565919964975285,0
7.783999999999365,RETURN,0.37170345674273486,0.14672265696818296,0.9246152858548795,0.4536021272185362,0.1715255499465722,1.0427605190160067,0.1458796484931961,0
7.7859999999993645,RETURN,0.3715058552785154,0.14670413117524803,0.9244842222792659,0.4536021272185362,0.1715255499465722,1.0427605190160067,0.1460999078234784,0
7.787999999999364,RETURN,0.3713081845424193,0.1466857258597316,0.9243534846242785,0.4536021272185362,0.1715255499465722,1.0427605190160067,0.146319976952189,0
7.789999999999364,RETURN,0.3711104457156067,0.14666744106027857,0.9242230731794195,0.4536021272185362,0.1715255499465722,1.0427605190160067,0.14653985519320484,0
7.791999999999364,RETURN,0.3709126399802464,0.14664927681342335,0.9240929882292745,0.4536021272185362,0.1715255499465722,1.0427605190160067,0.14675954186268897,0
7.793999999999364,RETURN,0.37071476851950097,0.14663123315358895,0.9239632300535178,0.4536021272185362,0.1715255499465722,1.0427605190160067,0.14697903627908657,0
7.795999999999363,RETURN,0.37051683251751527,0.14661331011308606,0.9238337989269151,0.4536021272185362,0.1715255499465722,1.0427605190160067,0.14719833776312077,0
7.797999999999363,RETURN,0.37031883315939895,0.14659550772211188,0.9237046951193261,0.4536021272185362,0.1715255499465722,1.0427605190160067,0.14741744563779263,0
7.799999999999363,RETURN,0.3701207716312153,0.14657782600874986,0.9235759188957092,0.4536021272185362,0.1715255499465722,1.0427605190160067,0.1476363592283748,0
7.801999999999363,RETURN,0.36992264911996664,0.1465602649989686,0.923447470516125,0.4536021272185362,0.1715255499465722,1.0427605190160067,0.14785507786240948,0
7.803999999999363,RETURN,0.3697244668135798,0.14654282471662108,0.9233193502357394,0.4536021272185362,0.1715255499465722,1.0427605190160067,0.14807360086970514,0
7.805999999999362,RETURN,0.36952622590089257,0.14652550518344415,0.9231915583048285,0.4536021272185362,0.1715255499465722,1.0427605190160067,0.14829192758233287,0
7.807999999999362,RETURN,0.3693279275716405,0.14650830641905788,0.9230640949687814,0.4536021272185362,0.1715255499465722,1.0427605190160067,0.14851005733462289,0
7.809999999999362,RETURN,0.36912957301644267,0.14649122844096474,0.9229369604681058,0.4536021272185362,0.1715255499465722,1.0427605190160067,0.14872798946316054,0
7.811999999999362,RETURN,0.368931163426788,0.14647427126454934,0.9228101550384307,0.4536021272185362,0.1715255499465722,1.0427605190160067,0.14894572330678343,0
7.8139999999993615,RETURN,0.3687326999950211,0.14645743490307786,0.9226836789105114,0.4536021272185362,0.1715255499465722,1.0427605190160067,0.14916325820657741,0
7.815999999999361,RETURN,0.3685341839143301,0.14644071936769731,0.9225575323102333,0.4536021272185362,0.1715255499465722,1.0427605190160067,0.14938059350587288,0
7.817999999999361,RETURN,0.36833561637873097,0.1464241246674357,0.9224317154586169,0.4536021272185362,0.1715255499465722,1.0427605190160067,0.14959772855024106,0
7.819999999999361,RETURN,0.3681369985830562,0.14640765080920123,0.9223062285718239,0.4536021272185362,0.1715255499465722,1.0427605190160067,0.14981466268748814,0
7.821999999999361,RETURN,0.3679383317229395,0.14639129779778182,0.9221810718611569,0.4536021272185362,0.1715255499465722,1.0427605190160067,0.15003139526765594,0
7.82399999999936,RETURN,0.36773961699480273,0.14637506563584549,0.9220562455330712,0.4536021272185362,0.1715255499465722,1.0427605190160067,0.1502479256430123,0
7.82599999999936,RETURN,0.3675408555958434,0.1463589543239395,0.9219317497891719,0.4536021272185362,0.1715255499465722,1.0427605190160067,0.15046425316805231,0
7.82799999999936,RETURN,0.36734204872402015,0.14634296386049042,0.9218075848262256,0.4536021272185362,0.1715255499465722,1.0427605190160067,0.1506803771994898,0
7.82999999999936,RETURN,0.3671431975780399,0.14632709424180432,0.9216837508361622,0.4536021272185362,0.1715255499465722,1.0427605190160067,0.15089629709625502,0
7.8319999999993595,RETURN,0.3669443033573444,0.14631134546206584,0.9215602480060796,0.4536021272185362,0.1715255499465722,1.0427605190160067,0.1511120122194911,0
7.833999999999359,RETURN,0.3667453672620973,0.14629571751333909,0.9214370765182494,0.4536021272185362,0.1715255499465722,1.0427605190160067,0.1513275219325491,0
7.835999999999359,RETURN,0.36654639049316984,0.14628021038556707,0.9213142365501239,0.4536021272185362,0.1715255499465722,1.0427605190160067,0.15154282560098237,0
7.837999999999359,RETURN,0.36634737425212927,0.1462648240665717,0.9211917282743385,0.4536021272185362,0.1715255499465722,1.0427605190160067,0.1517579225925446,0
7.839999999999359,RETURN,0.36614831974122436,0.14624955854205463,0.92106955185872,0.4536021272185362,0.1715255499465722,1.0427605190160067,0.15197281227718273,0
7.841999999999358,RETURN,0.3659492281633726,0.14623441379559618,0.9209477074662898,0.4536021272185362,0.1715255499465722,1.0427605190160067,0.1521874940270348,0
7.843999999999358,RETURN,0.3657501007221481,0.14621938980865667,0.9208261952552713,0.4536021272185362,0.1715255499465722,1.0427605190160067,0.15240196721642327,0
7.845999999999358,RETURN,0.3655509386217669,0.14620448656057608,0.9207050153790948,0.4536021272185362,0.1715255499465722,1.0427605190160067,0.1526162312218517,0
7.847999999999358,RETURN,0.3653517430670751,0.14618970402857442,0.9205841679864037,0.4536021272185362,0.1715255499465722,1.0427605190160067,0.15283028542199928,0
7.8499999999993575,RETURN,0.36515251526353554,0.14617504218775193,0.9204636532210595,0.4536021272185362,0.1715255499465722,1.0427605190160067,0.15304412919771718,0
7.851999999999357,RETURN,0.36495325641721543,0.14616050101108985,0.9203434712221492,0.4536021272185362,0.1715255499465722,1.0427605190160067,0.1532577619320218,0
7.853999999999357,RETURN,0.36475396773477253,0.14614608046945052,0.9202236221239908,0.4536021272185362,0.1715255499465722,1.0427605190160067,0.15347118301009155,0
7.855999999999357,RETURN,0.3645546504234433,0.14613178053157777,0.9201041060561382,0.4536021272185362,0.1715255499465722,1.0427605190160067,0.15368439181926158,0
7.857999999999357,RETURN,0.3643553056910295,0.14611760116409764,0.9199849231433904,0.4536021272185362,0.1715255499465722,1.0427605190160067,0.15389738774901768,0
7.859999999999356,RETURN,0.36415593474588565,0.14610354233151912,0.9198660735057947,0.4536021272185362,0.1715255499465722,1.0427605190160067,0.1541101701909927,0
7.861999999999356,RETURN,0.3639565387969062,0.1460896039962341,0.919747557258655,0.4536021272185362,0.1715255499465722,1.0427605190160067,0.15432273853896092,0
7.863999999999356,RETURN,0.3637571190535137,0.146075786118519,0.919629374512537,0.4536021272185362,0.1715255499465722,1.0427605190160067,0.1545350921888326,0
7.865999999999356,RETURN,0.36355767672564465,0.14606208865653428,0.9195115253732772,0.4536021272185362,0.1715255499465722,1.0427605190160067,0.15474723053864858,0
7.8679999999993555,RETURN,0.3633582130237387,0.14604851156632628,0.9193940099419865,0.4536021272185362,0.1715255499465722,1.0427605190160067,0.1549591529885757,0
7.869999999999355,RETURN,0.36315872915872455,0.14603505480182744,0.9192768283150593,0.4536021272185362,0.1715255499465722,1.0427605190160067,0.15517085894090119,0
7.871999999999355,RETURN,0.36295922634200933,0.14602171831485722,0.9191599805841789,0.4536021272185362,0.1715255499465722,1.0427605190160067,0.1553823478000268,0
7.873999999999355,RETURN,0.36275970578546424,0.14600850205512303,0.9190434668363257,0.4536021272185362,0.1715255499465722,1.0427605190160067,0.15559361897246396,0
7.875999999999355,RETURN,0.3625601687014129,0.14599540597022104,0.9189272871537829,0.4536021272185362,0.1715255499465722,1.0427605190160067,0.15580467186682853,0
7.877999999999354,RETURN,0.36236061630262006,0.14598243000563751,0.9188114416141446,0.4536021272185362,0.1715255499465722,1.0427605190160067,0.15601550589383426,0
7.879999999999354,RETURN,0.3621610498022778,0.14596957410474942,0.9186959302903223,0.4536021272185362,0.1715255499465722,1.0427605190160067,0.15622612046628834,0
7.881999999999354,RETURN,0.3619614704139944,0.1459568382088258,0.9185807532505527,0.4536021272185362,0.1715255499465722,1.0427605190160067,0.15643651499908462,0
7.883999999999354,RETURN,0.3617618793517814,0.1459442222570287,0.9184659105584043,0.4536021272185362,0.1715255499465722,1.0427605190160067,0.1566466889091993,0
7.8859999999993535,RETURN,0.36156227783004213,0.14593172618641437,0.9183514022727861,0.4536021272185362,0.1715255499465722,1.0427605190160067,0.15685664161568358,0
7.887999999999353,RETURN,0.36136266706355863,0.14591934993193462,0.9182372284479537,0.4536021272185362,0.1715255499465722,1.0427605190160067,0.1570663725396594,0
7.889999999999353,RETURN,0.36116304826748147,0.14590709342643793,0.9181233891335173,0.4536021272185362,0.1715255499465722,1.0427605190160067,0.15727588110431262,0
7.891999999999353,RETURN,0.36096342265731557,0.14589495660067078,0.9180098843744499,0.4536021272185362,0.1715255499465722,1.0427605190160067,0.15748516673488747,0
7.893999999999353,RETURN,0.36076379144890974,0.14588293938327912,0.9178967142110945,0.4536021272185362,0.1715255499465722,1.0427605190160067,0.15769422885868029,0
7.895999999999352,RETURN,0.3605641558584442,0.14587104170080956,0.9177838786791717,0.4536021272185362,0.1715255499465722,1.0427605190160067,0.1579030669050346,0
7.897999999999352,RETURN,0.36036451710241874,0.14585926347771108,0.9176713778097882,0.4536021272185362,0.1715255499465722,1.0427605190160067,0.1581116803053337,0
7.899999999999352,RETURN,0.3601648763976411,0.14584760463633628,0.9175592116294444,0.4536021272185362,0.1715255499465722,1.0427605190160067,0.1583200684929955,0
7.901999999999352,RETURN,0.3599652349612156,0.14583606509694302,0.9174473801600422,0.4536021272185362,0.1715255499465722,1.0427605190160067,0.15852823090346604,0
7.9039999999993515,RETURN,0.3597655940105301,0.14582464477769608,0.9173358834188942,0.4536021272185362,0.1715255499465722,1.0427605190160067,0.15873616697421317,0
7.905999999999351,RETURN,0.35956595476324626,0.14581334359466863,0.91722472141873,0.4536021272185362,0.1715255499465722,1.0427605190160067,0.15894387614472077,0
7.907999999999351,RETURN,0.3593663184372863,0.14580216146184427,0.9171138941677057,0.4536021272185362,0.1715255499465722,1.0427605190160067,0.15915135785648274,0
7.909999999999351,RETURN,0.35916668625082204,0.14579109829111803,0.9170034016694131,0.4536021272185362,0.1715255499465722,1.0427605190160067,0.15935861155299538,0
7.911999999999351,RETURN,0.35896705942226437,0.14578015399229932,0.9168932439228851,0.4536021272185362,0.1715255499465722,1.0427605190160067,0.15956563667975265,0
7.91399999999935,RETURN,0.35876743917024934,0.14576932847311216,0.9167834209226078,0.4536021272185362,0.1715255499465722,1.0427605190160067,0.15977243268423896,0
7.91599999999935,RETURN,0.35856782671362963,0.1457586216391987,0.9166739326585268,0.4536021272185362,0.1715255499465722,1.0427605190160067,0.15997899901592227,0
7.91799999999935,RETURN,0.35836822327146167,0.14574803339411996,0.916564779116056,0.4536021272185362,0.1715255499465722,1.0427605190160067,0.1601853351262486,0
7.91999999999935,RETURN,0.3581686300629938,0.1457375636393585,0.9164559602760878,0.4536021272185362,0.1715255499465722,1.0427605190160067,0.16039144046863474,0
7.92199999999935,RETURN,0.3579690483076563,0.14572721227431973,0.9163474761149989,0.4536021272185362,0.1715255499465722,1.0427605190160067,0.16059731449846287,0
7.923999999999349,RETURN,0.3577694792250494,0.1457169791963346,0.9162393266046623,0.4536021272185362,0.1715255499465722,1.0427605190160067,0.1608029566730724,0
7.925999999999349,RETURN,0.3575699240349327,0.1457068643006616,0.9161315117124547,0.4536021272185362,0.1715255499465722,1.0427605190160067,0.161008366451754,0
7.927999999999349,RETURN,0.3573703839572139,0.14569686748048846,0.9160240314012651,0.4536021272185362,0.1715255499465722,1.0427605190160067,0.161213543295743,0
7.929999999999349,RETURN,0.3571708602119367,0.145686988626935,0.9159168856295048,0.4536021272185362,0.1715255499465722,1.0427605190160067,0.16141848666821296,0
7.9319999999993485,RETURN,0.35697135401927177,0.1456772276290548,0.9158100743511163,0.4536021272185362,0.1715255499465722,1.0427605190160067,0.16162319603426784,0
7.933999999999348,RETURN,0.35677186659950366,0.14566758437383764,0.9157035975155814,0.4536021272185362,0.1715255499465722,1.0427605190160067,0.16182767086093694,0
7.935999999999348,RETURN,0.3565723991730223,0.1456580587462123,0.9155974550679322,0.4536021272185362,0.1715255499465722,1.0427605190160067,0.1620319106171657,0
7.937999999999348,RETURN,0.35637295296030946,0.14564865062904817,0.9154916469487588,0.4536021272185362,0.1715255499465722,1.0427605190160067,0.16223591477381147,0
7.939999999999348,RETURN,0.3561735291819301,0.1456393599031582,0.91538617309422,0.4536021272185362,0.1715255499465722,1.0427605190160067,0.16243968280363424,0
7.941999999999347,RETURN,0.35597412905852077,0.14563018644730122,0.9152810334360519,0.4536021272185362,0.1715255499465722,1.0427605190160067,0.16264321418129088,0
7.943999999999347,RETURN,0.3557747538107792,0.14562113013818448,0.9151762279015778,0.4536021272185362,0.1715255499465722,1.0427605190160067,0.16284650838332781,0
7.945999999999347,RETURN,0.35557540465945325,0.14561219085046628,0.9150717564137173,0.4536021272185362,0.1715255499465722,1.0427605190160067,0.1630495648881744,0
7.947999999999347,RETURN,0.35537608282533023,0.14560336845675834,0.9149676188909963,0.4536021272185362,0.1715255499465722,1.0427605190160067,0.16325238317613563,0
7.9499999999993465,RETURN,0.35517678952922715,0.14559466282762878,0.9148638152475573,0.4536021272185362,0.1715255499465722,1.0427605190160067,0.1634549627293843,0
7.951999999999346,RETURN,0.3549775259919796,0.14558607383160452,0.9147603453931682,0.4536021272185362,0.1715255499465722,1.0427605190160067,0.16365730303195486,0
7.953999999999346,RETURN,0.3547782934344316,0.14557760133517422,0.9146572092332325,0.4536021272185362,0.1715255499465722,1.0427605190160067,0.16385940356973572,0
7.955999999999346,RETURN,0.3545790930774255,0.14556924520279127,0.9145544066687986,0.4536021272185362,0.1715255499465722,1.0427605190160067,0.16406126383046227,0
7.957999999999346,RETURN,0.3543799261417902,0.14556100529687593,0.9144519375965727,0.4536021272185362,0.1715255499465722,1.0427605190160067,0.1642628833037087,0
7.959999999999345,RETURN,0.35418079384833334,0.1455528814778191,0.9143498019089237,0.4536021272185362,0.1715255499465722,1.0427605190160067,0.1644642614808825,0
7.961999999999345,RETURN,0.35398169741782826,0.14554487360398463,0.9142479994938973,0.4536021272185362,0.1715255499465722,1.0427605190160067,0.16466539785521614,0
7.963999999999345,RETURN,0.3537826380710067,0.1455369815317124,0.9141465302352257,0.4536021272185362,0.1715255499465722,1.0427605190160067,0.16486629192175845,0
7.965999999999345,RETURN,0.3535836170285465,0.14552920511532175,0.9140453940123361,0.4536021272185362,0.1715255499465722,1.0427605190160067,0.16506694317736947,0
7.9679999999993445,RETURN,0.3533846355110622,0.1455215442071139,0.9139445907003629,0.4536021272185362,0.1715255499465722,1.0427605190160067,0.16526735112071134,0
7.969999999999344,RETURN,0.3531856947390955,0.1455139986573757,0.9138441201701557,0.4536021272185362,0.1715255499465722,1.0427605190160067,0.16546751525224254,0
7.971999999999344,RETURN,0.3529867959331051,0.1455065683143822,0.9137439822882928,0.4536021272185362,0.1715255499465722,1.0427605190160067,0.1656674350742078,0
7.973999999999344,RETURN,0.3527879403134565,0.1454992530244003,0.9136441769170887,0.4536021272185362,0.1715255499465722,1.0427605190160067,0.16586711009063324,0
7.975999999999344,RETURN,0.35258912910041185,0.14549205263169185,0.9135447039146067,0.4536021272185362,0.1715255499465722,1.0427605190160067,0.16606653980731723,0
7.977999999999343,RETURN,0.35239036351412145,0.145484966978517,0.9134455631346693,0.4536021272185362,0.1715255499465722,1.0427605190160067,0.16626572373182244,0
7.979999999999343,RETURN,0.3521916447746127,0.1454779959051373,0.9133467544268661,0.4536021272185362,0.1715255499465722,1.0427605190160067,0.16646466137347085,0
7.981999999999343,RETURN,0.3519929741017808,0.14547113924981941,0.9132482776365689,0.4536021272185362,0.1715255499465722,1.0427605190160067,0.16666335224333237,0
7.983999999999343,RETURN,0.3517943527153796,0.14546439684883827,0.9131501326049392,0.4536021272185362,0.1715255499465722,1.0427605190160067,0.16686179585421992,0
7.9859999999993425,RETURN,0.3515957818350115,0.14545776853648074,0.91305231916894,0.4536021272185362,0.1715255499465722,1.0427605190160067,0.16705999172068053,0
7.987999999999342,RETURN,0.3513972626801182,0.1454512541450492,0.9129548371613471,0.4536021272185362,0.1715255499465722,1.0427605190160067,0.16725793935898772,0
7.989999999999342,RETURN,0.3511987964699711,0.14544485350486477,0.9128576864107588,0.4536021272185362,0.1715255499465722,1.0427605190160067,0.16745563828713436,0
7.991999999999342,RETURN,0.3510003844236615,0.14543856644427117,0.9127608667416092,0.4536021272185362,0.1715255499465722,1.0427605190160067,0.16765308802482357,0
7.993999999999342,RETURN,0.35080202776009234,0.14543239278963846,0.9126643779741762,0.4536021272185362,0.1715255499465722,1.0427605190160067,0.1678502880934622,0
7.995999999999341,RETURN,0.3506037276979674,0.14542633236536634,0.9125682199245955,0.4536021272185362,0.1715255499465722,1.0427605190160067,0.16804723801615226,0
7.997999999999341,RETURN,0.35040548545578365,0.14542038499388854,0.9124723924048689,0.4536021272185362,0.1715255499465722,1.0427605190160067,0.16824393731768345,0
7.999999999999341,RETURN,0.3502073022518206,0.14541455049567578,0.9123768952228788,0.4536021272185362,0.1715255499465722,1.0427605190160067,0.16844038552452434,0
8.001999999999342,RETURN,0.35000917930413233,0.14540882868924038,0.9122817281823966,0.4536021272185362,0.1715255499465722,1.0427605190160067,0.16863658216481542,0
8.003999999999342,RETURN,0.34981111783053764,0.14540321939113968,0.912186891083095,0.4536021272185362,0.1715255499465722,1.0427605190160067,0.16883252676836105,0
8.005999999999343,RETURN,0.349613119048611,0.14539772241597995,0.9120923837205607,0.4536021272185362,0.1715255499465722,1.0427605190160067,0.16902821886662048,0
8.007999999999344,RETURN,0.3494151841756743,0.14539233757642056,0.9119982058863031,0.4536021272185362,0.1715255499465722,1.0427605190160067,0.1692236579927011,0
8.009999999999344,RETURN,0.34921731442878706,0.14538706468317794,0.9119043573677684,0.4536021272185362,0.1715255499465722,1.0427605190160067,0.1694188436813495,0
8.011999999999345,RETURN,0.3490195110247387,0.14538190354502967,0.9118108379483496,0.4536021272185362,0.1715255499465722,1.0427605190160067,0.16961377546894346,0
8.013999999999346,RETURN,0.3488217751800379,0.14537685396881805,0.9117176474073982,0.4536021272185362,0.1715255499465722,1.0427605190160067,0.16980845289348498,0
8.015999999999346,RETURN,0.3486241081109056,0.1453719157594549,0.9116247855202373,0.4536021272185362,0.1715255499465722,1.0427605190160067,0.17000287549459003,0
8.017999999999347,RETURN,0.3484265110332656,0.14536708871992585,0.911532252058171,0.4536021272185362,0.1715255499465722,1.0427605190160067,0.17019704281348227,0
8.019999999999348,RETURN,0.3482289851627357,0.14536237265129354,0.911440046788498,0.4536021272185362,0.1715255499465722,1.0427605190160067,0.17039095439298413,0
8.021999999999348,RETURN,0.3480315317146196,0.14535776735270303,0.9113481694745226,0.4536021272185362,0.1715255499465722,1.0427605190160067,0.17058460977750836,0
8.023999999999349,RETURN,0.34783415190389744,0.14535327262138537,0.9112566198755663,0.4536021272185362,0.1715255499465722,1.0427605190160067,0.17077800851305083,0
8.02599999999935,RETURN,0.3476368469452188,0.14534888825266232,0.9111653977469805,0.4536021272185362,0.1715255499465722,1.0427605190160067,0.17097115014718084,0
8.02799999999935,RETURN,0.3474396180528934,0.14534461403995047,0.9110745028401576,0.4536021272185362,0.1715255499465722,1.0427605190160067,0.17116403422903376,0
8.029999999999351,RETURN,0.34724246644088175,0.14534044977476598,0.9109839349025437,0.4536021272185362,0.1715255499465722,1.0427605190160067,0.171356660309303,0
8.031999999999352,RETURN,0.34704539332278883,0.1453363952467287,0.91089369367765,0.4536021272185362,0.1715255499465722,1.0427605190160067,0.1715490279402309,0
8.033999999999352,RETURN,0.3468483999118547,0.14533245024356714,0.9108037789050663,0.4536021272185362,0.1715255499465722,1.0427605190160067,0.17174113667560018,0
8.035999999999353,RETURN,0.346651487420946,0.14532861455112248,0.91071419032047,0.4536021272185362,0.1715255499465722,1.0427605190160067,0.17193298607072757,0
8.037999999999354,RETURN,0.3464546570625482,0.14532488795335352,0.9106249276556427,0.4536021272185362,0.1715255499465722,1.0427605190160067,0.17212457568245257,0
8.039999999999354,RETURN,0.34625791004875833,0.14532127023234134,0.9105359906384785,0.4536021272185362,0.1715255499465722,1.0427605190160067,0.1723159050691313,0
8.041999999999355,RETURN,0.346061247591275,0.14531776116829379,0.9104473789929981,0.4536021272185362,0.1715255499465722,1.0427605190160067,0.1725069737906275,0
8.043999999999356,RETURN,0.345864670901392,0.1453143605395503,0.9103590924393616,0.4536021272185362,0.1715255499465722,1.0427605190160067,0.17269778140830322,0
8.045999999999356,RETURN,0.3456681811899904,0.14531106812258676,0.91027113069388,0.4536021272185362,0.1715255499465722,1.0427605190160067,0.172888327485011,0
8.047999999999357,RETURN,0.34547177966752907,0.14530788369202016,0.9101834934690274,0.4536021272185362,0.1715255499465722,1.0427605190160067,0.17307861158508608,0
8.049999999999358,RETURN,0.3452754675440388,0.14530480702061346,0.9100961804734538,0.4536021272185362,0.1715255499465722,1.0427605190160067,0.17326863327433706,0
8.051999999999358,RETURN,0.34507924602911305,0.14530183787928055,0.9100091914119989,0.4536021272185362,0.1715255499465722,1.0427605190160067,0.17345839212003694,0
8.053999999999359,RETURN,0.3448831163319016,0.14529897603709108,0.9099225259857019,0.4536021272185362,0.1715255499465722,1.0427605190160067,0.173647887690916,0
8.05599999999936,RETURN,0.3446870796611013,0.14529622126127567,0.9098361838918168,0.4536021272185362,0.1715255499465722,1.0427605190160067,0.17383711955715211,0
8.05799999999936,RETURN,0.3444911372249499,0.14529357331723045,0.9097501648238239,0.4536021272185362,0.1715255499465722,1.0427605190160067,0.1740260872903622,0
8.059999999999361,RETURN,0.3442952902312173,0.14529103196852272,0.9096644684714414,0.4536021272185362,0.1715255499465722,1.0427605190160067,0.17421479046359525,0
8.061999999999362,RETURN,0.3440995398871993,0.14528859697689556,0.9095790945206415,0.4536021272185362,0.1715255499465722,1.0427605190160067,0.1744032286513205,0
8.063999999999362,RETURN,0.34390388739970906,0.14528626810227288,0.9094940426536583,0.4536021272185362,0.1715255499465722,1.0427605190160067,0.17459140142942284,0
8.065999999999363,RETURN,0.34370833397507017,0.14528404510276524,0.9094093125490054,0.4536021272185362,0.1715255499465722,1.0427605190160067,0.1747793083751908,0
8.067999999999364,RETURN,0.34351288081910974,0.1452819277346744,0.9093249038814858,0.4536021272185362,0.1715255499465722,1.0427605190160067,0.17496694906730942,0
8.069999999999364,RETURN,0.3433175291371496,0.14527991575249874,0.909240816322206,0.4536021272185362,0.1715255499465722,1.0427605190160067,0.17515432308585208,0
8.071999999999365,RETURN,0.34312228013400126,0.14527800890893888,0.9091570495385882,0.4536021272185362,0.1715255499465722,1.0427605190160067,0.17534143001227057,0
8.073999999999366,RETURN,0.34292713501395744,0.14527620695490234,0.9090736031943845,0.4536021272185362,0.1715255499465722,1.0427605190160067,0.17552826942938685,0
8.075999999999366,RETURN,0.34273209498078466,0.14527450963950966,0.9089904769496886,0.4536021272185362,0.1715255499465722,1.0427605190160067,0.17571484092138495,0
8.077999999999367,RETURN,0.34253716123771694,0.1452729167100993,0.9089076704609498,0.4536021272185362,0.1715255499465722,1.0427605190160067,0.17590114407380164,0
8.079999999999368,RETURN,0.3423423349874488,0.14527142791223308,0.9088251833809848,0.4536021272185362,0.1715255499465722,1.0427605190160067,0.1760871784735183,0
8.081999999999368,RETURN,0.34214761743212746,0.1452700429897021,0.9087430153589949,0.4536021272185362,0.1715255499465722,1.0427605190160067,0.1762729437087499,0
8.083999999999369,RETURN,0.34195300977334675,0.14526876168453157,0.9086611660405719,0.4536021272185362,0.1715255499465722,1.0427605190160067,0.17645843936904126,0
8.08599999999937,RETURN,0.3417585132121406,0.14526758373698712,0.9085796350677185,0.4536021272185362,0.1715255499465722,1.0427605190160067,0.17664366504525233,0
8.08799999999937,RETURN,0.3415641289489745,0.1452665088855797,0.9084984220788591,0.4536021272185362,0.1715255499465722,1.0427605190160067,0.1768286203295531,0
8.089999999999371,RETURN,0.3413698581837411,0.14526553686707194,0.9084175267088507,0.4536021272185362,0.1715255499465722,1.0427605190160067,0.17701330481541422,0
8.091999999999372,RETURN,0.3411757021157522,0.1452646674164829,0.9083369485889996,0.4536021272185362,0.1715255499465722,1.0427605190160067,0.1771977180975974,0
8.093999999999372,RETURN,0.3409816619437315,0.14526390026709457,0.9082566873470733,0.4536021272185362,0.1715255499465722,1.0427605190160067,0.17738185977214777,0
8.095999999999373,RETURN,0.3407877388658094,0.14526323515045741,0.9081767426073143,0.4536021272185362,0.1715255499465722,1.0427605190160067,0.1775657294363837,0
8.097999999999374,RETURN,0.3405939340795165,0.14526267179639585,0.9080971139904536,0.4536021272185362,0.1715255499465722,1.0427605190160067,0.1777493266888884,0
8.099999999999374,RETURN,0.34040024878177566,0.14526220993301445,0.9080178011137231,0.4536021272185362,0.1715255499465722,1.0427605190160067,0.1779326511295025,0
8.101999999999375,RETURN,0.34020668416889677,0.14526184928670346,0.9079388035908713,0.4536021272185362,0.1715255499465722,1.0427605190160067,0.1781157023593131,0
8.103999999999376,RETURN,0.3400132414365703,0.1452615895821449,0.907860121032176,0.4536021272185362,0.1715255499465722,1.0427605190160067,0.17829847998064552,0
8.105999999999376,RETURN,0.33981992177986103,0.1452614305423185,0.9077817530444557,0.4536021272185362,0.1715255499465722,1.0427605190160067,0.17848098359705583,0
8.107999999999377,RETURN,0.3396267263932009,0.14526137188850743,0.9077036992310873,0.4536021272185362,0.1715255499465722,1.0427605190160067,0.17866321281332032,0
8.109999999999378,RETURN,0.33943365647038437,0.14526141334030476,0.9076259591920168,0.4536021272185362,0.1715255499465722,1.0427605190160067,0.17884516723542682,0
8.111999999999378,RETURN,0.3392407132045607,0.14526155461561888,0.9075485325237748,0.4536021272185362,0.1715255499465722,1.0427605190160067,0.1790268464705665,0
8.113999999999379,RETURN,0.3390478977882294,0.14526179543067996,0.9074714188194882,0.4536021272185362,0.1715255499465722,1.0427605190160067,0.17920825012712457,0
8.11599999999938,RETURN,0.3388552114132325,0.1452621355000461,0.907394617668896,0.4536021272185362,0.1715255499465722,1.0427605190160067,0.17938937781467215,0
8.11799999999938,RETURN,0.3386626552707503,0.1452625745366093,0.9073181286583627,0.4536021272185362,0.1715255499465722,1.0427605190160067,0.1795702291439553,0
8.119999999999381,RETURN,0.33847023055129416,0.14526311225160143,0.9072419513708914,0.4536021272185362,0.1715255499465722,1.0427605190160067,0.17975080372688862,0
8.121999999999382,RETURN,0.33827793844470133,0.14526374835460112,0.9071660853861386,0.4536021272185362,0.1715255499465722,1.0427605190160067,0.17993110117654443,0
8.123999999999382,RETURN,0.33808578014012836,0.14526448255353908,0.9070905302804284,0.4536021272185362,0.1715255499465722,1.0427605190160067,0.18011112110714478,0
8.125999999999383,RETURN,0.3378937568260471,0.1452653145547052,0.9070152856267647,0.4536021272185362,0.1715255499465722,1.0427605190160067,0.1802908631340521,0
8.127999999999384,RETURN,0.3377018696902367,0.14526624406275448,0.9069403509948468,0.4536021272185362,0.1715255499465722,1.0427605190160067,0.18047032687376108,0
8.129999999999384,RETURN,0.3375101199197793,0.14526727078071316,0.9068657259510831,0.4536021272185362,0.1715255499465722,1.0427605190160067,0.18064951194388887,0
8.131999999999385,RETURN,0.33731850870105445,0.1452683944099855,0.9067914100586058,0.4536021272185362,0.1715255499465722,1.0427605190160067,0.18082841796316562,0
8.133999999999386,RETURN,0.3371270372197329,0.14526961465036023,0.9067174028772836,0.4536021272185362,0.1715255499465722,1.0427605190160067,0.18100704455142705,0
8.135999999999386,RETURN,0.33693570666077133,0.1452709312000164,0.9066437039637377,0.4536021272185362,0.1715255499465722,1.0427605190160067,0.18118539132960437,0
8.137999999999387,RETURN,0.33674451820840795,0.1452723437555305,0.906570312871354,0.4536021272185362,0.1715255499465722,1.0427605190160067,0.18136345791971537,0
8.139999999999388,RETURN,0.33655347304615524,0.14527385201188267,0.9064972291502978,0.4536021272185362,0.1715255499465722,1.0427605190160067,0.18154124394485685,0
8.141999999999388,RETURN,0.3363625723567963,0.1452754556624633,0.9064244523475298,0.4536021272185362,0.1715255499465722,1.0427605190160067,0.18171874902919327,0
8.143999999999389,RETURN,0.33617181732237844,0.1452771543990797,0.9063519820068189,0.4536021272185362,0.1715255499465722,1.0427605190160067,0.1818959727979491,0
8.14599999999939,RETURN,0.33598120912420787,0.14527894791196236,0.9062798176687556,0.4536021272185362,0.1715255499465722,1.0427605190160067,0.18207291487740132,0
8.14799999999939,RETURN,0.3357907489428462,0.1452808358897719,0.9062079588707692,0.4536021272185362,0.1715255499465722,1.0427605190160067,0.18224957489486673,0
8.149999999999391,RETURN,0.3356004379581035,0.14528281801960596,0.9061364051471392,0.4536021272185362,0.1715255499465722,1.0427605190160067,0.18242595247869645,0
8.151999999999392,RETURN,0.33541027734903367,0.14528489398700523,0.906065156029011,0.4536021272185362,0.1715255499465722,1.0427605190160067,0.1826020472582657,0
8.153999999999392,RETURN,0.33522026829392937,0.14528706347596068,0.9059942110444114,0.4536021272185362,0.1715255499465722,1.0427605190160067,0.18277785886396433,0
8.155999999999393,RETURN,0.3350304119703181,0.14528932616892037,0.9059235697182605,0.4536021272185362,0.1715255499465722,1.0427605190160067,0.18295338692718843,0
8.157999999999394,RETURN,0.3348407095549558,0.14529168174679594,0.9058532315723893,0.4536021272185362,0.1715255499465722,1.0427605190160067,0.18312863108033084,0
8.159999999999394,RETURN,0.334651162223823,0.14529412988896948,0.9057831961255514,0.4536021272185362,0.1715255499465722,1.0427605190160067,0.18330359095677304,0
8.161999999999395,RETURN,0.334461771152119,0.1452966702733007,0.9057134628934387,0.4536021272185362,0.1715255499465722,1.0427605190160067,0.183478266190876,0
8.163999999999396,RETURN,0.3342725375142583,0.14529930257613355,0.9056440313886974,0.4536021272185362,0.1715255499465722,1.0427605190160067,0.18365265641796968,0
8.165999999999396,RETURN,0.33408346248386556,0.14530202647230306,0.9055749011209397,0.4536021272185362,0.1715255499465722,1.0427605190160067,0.18382676127434625,0
8.167999999999397,RETURN,0.33389454723376966,0.14530484163514248,0.9055060715967621,0.4536021272185362,0.1715255499465722,1.0427605190160067,0.18400058039724917,0
8.169999999999398,RETURN,0.3337057929360009,0.14530774773649016,0.9054375423197554,0.4536021272185362,0.1715255499465722,1.0427605190160067,0.18417411342486661,0
8.171999999999398,RETURN,0.33351720076178554,0.1453107444466968,0.9053693127905239,0.4536021272185362,0.1715255499465722,1.0427605190160067,0.18434735999631963,0
8.173999999999399,RETURN,0.33332877188154164,0.14531383143463197,0.9053013825066979,0.4536021272185362,0.1715255499465722,1.0427605190160067,0.18452031975165487,0
8.1759999999994,RETURN,0.3331405074648734,0.14531700836769165,0.9052337509629486,0.4536021272185362,0.1715255499465722,1.0427605190160067,0.18469299233183598,0
8.1779999999994,RETURN,0.3329524086805686,0.14532027491180496,0.9051664176510035,0.4536021272185362,0.1715255499465722,1.0427605190160067,0.1848653773787331,0
8.179999999999401,RETURN,0.3327644766965936,0.1453236307314417,0.9050993820596597,0.4536021272185362,0.1715255499465722,1.0427605190160067,0.1850374745351155,0
8.181999999999402,RETURN,0.33257671268008776,0.14532707548961904,0.9050326436748013,0.4536021272185362,0.1715255499465722,1.0427605190160067,0.18520928344464146,0
8.183999999999402,RETURN,0.33238911779736097,0.1453306088479092,0.9049662019794126,0.4536021272185362,0.1715255499465722,1.0427605190160067,0.1853808037518496,0
8.185999999999403,RETURN,0.33220169321388837,0.145334230466446,0.9049000564535923,0.4536021272185362,0.1715255499465722,1.0427605190160067,0.1855520351021507,0
8.187999999999404,RETURN,0.3320144400943065,0.1453379400039327,0.9048342065745701,0.4536021272185362,0.1715255499465722,1.0427605190160067,0.18572297714181787,0
8.189999999999404,RETURN,0.3318273596024093,0.1453417371176491,0.904768651816721,0.4536021272185362,0.1715255499465722,1.0427605190160067,0.18589362951797764,0
8.191999999999405,RETURN,0.33164045290114397,0.14534562146345859,0.9047033916515799,0.4536021272185362,0.1715255499465722,1.0427605190160067,0.18606399187860123,0
8.193999999999406,RETURN,0.3314537211526065,0.1453495926958155,0.9046384255478569,0.4536021272185362,0.1715255499465722,1.0427605190160067,0.18623406387249627,0
8.195999999999406,RETURN,0.3312671655180394,0.14535365046777296,0.9045737529714521,0.4536021272185362,0.1715255499465722,1.0427605190160067,0.18640384514929637,0
8.197999999999407,RETURN,0.3310807871578249,0.14535779443098956,0.9045093733854718,0.4536021272185362,0.1715255499465722,1.0427605190160067,0.18657333535945364,0
8.199999999999408,RETURN,0.33089458723148346,0.1453620242357371,0.9044452862502413,0.4536021272185362,0.1715255499465722,1.0427605190160067,0.18674253415422942,0
8.201999999999408,RETURN,0.3307085668976694,0.14536633953090794,0.9043814910233224,0.4536021272185362,0.1715255499465722,1.0427605190160067,0.1869114411856846,0
8.203999999999409,RETURN,0.3305227273141666,0.14537073996402272,0.9043179871595268,0.4536021272185362,0.1715255499465722,1.0427605190160067,0.1870800561066718,0
8.20599999999941,RETURN,0.33033706963788545,0.14537522518123722,0.9042547741109325,0.4536021272185362,0.1715255499465722,1.0427605190160067,0.1872483785708254,0
8.20799999999941,RETURN,0.33015159502485875,0.14537979482735042,0.9041918513268982,0.4536021272185362,0.1715255499465722,1.0427605190160067,0.1874164082325534,0
8.209999999999411,RETURN,0.3299663046302382,0.14538444854581178,0.9041292182540782,0.4536021272185362,0.1715255499465722,1.0427605190160067,0.18758414474702875,0
8.211999999999412,RETURN,0.32978119960829033,0.14538918597872888,0.9040668743364385,0.4536021272185362,0.1715255499465722,1.0427605190160067,0.18775158777018017,0
8.213999999999412,RETURN,0.3295962811123947,0.14539400676687486,0.9040048190152717,0.4536021272185362,0.1715255499465722,1.0427605190160067,0.18791873695868225,0
8.215999999999413,RETURN,0.3294115502950382,0.14539891054969592,0.9039430517292123,0.4536021272185362,0.1715255499465722,1.0427605190160067,0.18808559196994842,0
8.217999999999414,RETURN,0.3292270083078127,0.14540389696531952,0.9038815719142517,0.4536021272185362,0.1715255499465722,1.0427605190160067,0.1882521524621211,0
8.219999999999414,RETURN,0.3290426563014124,0.14540896565056127,0.9038203790037536,0.4536021272185362,0.1715255499465722,1.0427605190160067,0.18841841809406262,0
8.221999999999415,RETURN,0.3288584954256286,0.14541411624093298,0.9037594724284693,0.4536021272185362,0.1715255499465722,1.0427605190160067,0.1885843885253476,0
8.223999999999416,RETURN,0.3286745268293483,0.14541934837065046,0.9036988516165546,0.4536021272185362,0.1715255499465722,1.0427605190160067,0.18875006341625195,0
8.225999999999416,RETURN,0.3284907516605505,0.1454246616726409,0.9036385159935812,0.4536021272185362,0.1715255499465722,1.0427605190160067,0.18891544242774694,0
8.227999999999417,RETURN,0.32830717106630153,0.145430055778551,0.9035784649825579,0.4536021272185362,0.1715255499465722,1.0427605190160067,0.18908052522148736,0
8.229999999999418,RETURN,0.3281237861927542,0.14543553031875417,0.9035186980039401,0.4536021272185362,0.1715255499465722,1.0427605190160067,0.18924531145980547,0
8.231999999999418,RETURN,0.3279405981851432,0.14544108492235908,0.9034592144756491,0.4536021272185362,0.1715255499465722,1.0427605190160067,0.18940980080570047,0
8.23399999999942,RETURN,0.32775760818778243,0.1454467192172168,0.9034000138130869,0.4536021272185362,0.1715255499465722,1.0427605190160067,0.18957399292282992,0
8.23599999999942,RETURN,0.32757481734406174,0.1454524328299288,0.90334109542915,0.4536021272185362,0.1715255499465722,1.0427605190160067,0.18973788747550238,0
8.23799999999942,RETURN,0.32739222679644475,0.14545822538585515,0.9032824587342471,0.4536021272185362,0.1715255499465722,1.0427605190160067,0.18990148412866656,0
8.239999999999421,RETURN,0.3272098376864651,0.14546409650912182,0.9032241031363137,0.4536021272185362,0.1715255499465722,1.0427605190160067,0.1900647825479037,0
8.241999999999422,RETURN,0.3270276511547242,0.14547004582262896,0.9031660280408266,0.4536021272185362,0.1715255499465722,1.0427605190160067,0.1902277823994198,0
8.243999999999422,RETURN,0.3268456683408881,0.14547607294805875,0.9031082328508215,0.4536021272185362,0.1715255499465722,1.0427605190160067,0.1903904833500345,0
8.245999999999423,RETURN,0.3266638903836844,0.14548217750588338,0.9030507169669078,0.4536021272185362,0.1715255499465722,1.0427605190160067,0.19055288506717444,0
8.247999999999424,RETURN,0.3264823184209003,0.1454883591153727,0.9029934797872826,0.4536021272185362,0.1715255499465722,1.0427605190160067,0.19071498721886418,0
8.249999999999424,RETURN,0.32630095358937883,0.1454946173946025,0.9029365207077492,0.4536021272185362,0.1715255499465722,1.0427605190160067,0.190876789473717,0
8.251999999999425,RETURN,0.32611979702501825,0.1455009519604625,0.9028798391217299,0.4536021272185362,0.1715255499465722,1.0427605190160067,0.19103829150092638,0
8.253999999999426,RETURN,0.32593884986276656,0.1455073624286643,0.9028234344202846,0.4536021272185362,0.1715255499465722,1.0427605190160067,0.19119949297025737,0
8.255999999999426,RETURN,0.3257581132366213,0.1455138484137492,0.902767305992124,0.4536021272185362,0.1715255499465722,1.0427605190160067,0.1913603935520382,0
8.257999999999427,RETURN,0.32557758827962674,0.14552040952909676,0.9027114532236254,0.4536021272185362,0.1715255499465722,1.0427605190160067,0.1915209929171518,0
8.259999999999428,RETURN,0.32539727612386954,0.14552704538693229,0.9026558754988515,0.4536021272185362,0.1715255499465722,1.0427605190160067,0.19168129073702636,0
8.261999999999428,RETURN,0.325217177900479,0.14553375559833534,0.9026005721995619,0.4536021272185362,0.1715255499465722,1.0427605190160067,0.19184128668362763,0
8.26399999999943,RETURN,0.3250372947396224,0.14554053977324774,0.9025455427052322,0.4536021272185362,0.1715255499465722,1.0427605190160067,0.1920009804294499,0
8.26599999999943,RETURN,0.32485762777050464,0.14554739752048151,0.9024907863930671,0.4536021272185362,0.1715255499465722,1.0427605190160067,0.19216037164750796,0
8.26799999999943,RETURN,0.32467817812136446,0.1455543284477275,0.9024363026380192,0.4536021272185362,0.1715255499465722,1.0427605190160067,0.19231946001132713,0
8.269999999999431,RETURN,0.3244989469194723,0.1455613321615628,0.9023820908128023,0.4536021272185362,0.1715255499465722,1.0427605190160067,0.19247824519493684,0
8.271999999999432,RETURN,0.32431993529113,0.14556840826745984,0.9023281502879076,0.4536021272185362,0.1715255499465722,1.0427605190160067,0.19263672687286038,0
8.273999999999432,RETURN,0.32414114436166586,0.14557555636979386,0.9022744804316216,0.4536021272185362,0.1715255499465722,1.0427605190160067,0.1927949047201068,0
8.275999999999433,RETURN,0.3239625752554343,0.1455827760718512,0.902221080610039,0.4536021272185362,0.1715255499465722,1.0427605190160067,0.19295277841216357,0
8.277999999999434,RETURN,0.32378422909581356,0.1455900669758381,0.9021679501870807,0.4536021272185362,0.1715255499465722,1.0427605190160067,0.1931103476249865,0
8.279999999999434,RETURN,0.32360610700520304,0.1455974286828884,0.9021150885245098,0.4536021272185362,0.1715255499465722,1.0427605190160067,0.1932676120349918,0
8.281999999999435,RETURN,0.32342821010502276,0.14560486079307197,0.9020624949819451,0.4536021272185362,0.1715255499465722,1.0427605190160067,0.1934245713190484,0
8.283999999999436,RETURN,0.3232505395157095,0.14561236290540308,0.90201016891688,0.4536021272185362,0.1715255499465722,1.0427605190160067,0.19358122515446866,0
8.285999999999436,RETURN,0.32307309635671566,0.14561993461784858,0.9019581096846976,0.4536021272185362,0.1715255499465722,1.0427605190160067,0.19373757321900015,0
8.287999999999437,RETURN,0.3228958817465088,0.1456275755273364,0.9019063166386849,0.4536021272185362,0.1715255499465722,1.0427605190160067,0.1938936151908175,0
8.289999999999438,RETURN,0.32271889680256743,0.14563528522976352,0.9018547891300509,0.4536021272185362,0.1715255499465722,1.0427605190160067,0.19404935074851437,0
8.291999999999438,RETURN,0.32254214264138104,0.14564306332000476,0.9018035265079426,0.4536021272185362,0.1715255499465722,1.0427605190160067,0.19420477957109358,0
8.29399999999944,RETURN,0.32236562037844785,0.14565090939192096,0.9017525281194584,0.4536021272185362,0.1715255499465722,1.0427605190160067,0.19435990133796124,0
8.29599999999944,RETURN,0.3221893311282725,0.14565882303836727,0.9017017933096688,0.4536021272185362,0.1715255499465722,1.0427605190160067,0.19451471572891538,0
8.29799999999944,RETURN,0.32201327600436547,0.1456668038512016,0.9016513214216273,0.4536021272185362,0.1715255499465722,1.0427605190160067,0.1946692224241409,0
8.299999999999441,RETURN,0.32183745611924064,0.14567485142129324,0.90160111179639,0.4536021272185362,0.1715255499465722,1.0427605190160067,0.1948234211041988,0
8.301999999999442,RETURN,0.32166187258441437,0.145682965338531,0.9015511637730306,0.4536021272185362,0.1715255499465722,1.0427605190160067,0.194977311450019,0
8.303999999999442,RETURN,0.3214865265104033,0.14569114519183157,0.9015014766886569,0.4536021272185362,0.1715255499465722,1.0427605190160067,0.19513089314289164,0
8.305999999999443,RETURN,0.32131141900672366,0.14569939056914843,0.9014520498784254,0.4536021272185362,0.1715255499465722,1.0427605190160067,0.19528416586445968,0
8.307999999999444,RETURN,0.321136551181889,0.14570770105748,0.9014028826755597,0.4536021272185362,0.1715255499465722,1.0427605190160067,0.19543712929670976,0
8.309999999999444,RETURN,0.3209619241434092,0.14571607624287802,0.9013539744113644,0.4536021272185362,0.1715255499465722,1.0427605190160067,0.19558978312196504,0
8.311999999999445,RETURN,0.32078753899778906,0.1457245157104564,0.9013053244152439,0.4536021272185362,0.1715255499465722,1.0427605190160067,0.19574212702287552,0
8.313999999999446,RETURN,0.32061339685052753,0.14573301904439934,0.9012569320147158,0.4536021272185362,0.1715255499465722,1.0427605190160067,0.1958941606824113,0
8.315999999999447,RETURN,0.32043949880611544,0.14574158582797017,0.9012087965354292,0.4536021272185362,0.1715255499465722,1.0427605190160067,0.19604588378385365,0
8.317999999999447,RETURN,0.3202658459680344,0.14575021564351953,0.9011609173011798,0.4536021272185362,0.1715255499465722,1.0427605190160067,0.19619729601078775,0
8.319999999999448,RETURN,0.32009243943875665,0.1457589080724943,0.9011132936339259,0.4536021272185362,0.1715255499465722,1.0427605190160067,0.19634839704709386,0
8.321999999999449,RETURN,0.319919280319743,0.14576766269544603,0.9010659248538064,0.4536021272185362,0.1715255499465722,1.0427605190160067,0.1964991865769387,0
8.32399999999945,RETURN,0.319746369711441,0.14577647909203942,0.9010188102791554,0.4536021272185362,0.1715255499465722,1.0427605190160067,0.19664966428476918,0
8.32599999999945,RETURN,0.31957370871328583,0.14578535684106073,0.9009719492265188,0.4536021272185362,0.1715255499465722,1.0427605190160067,0.19679982985530262,0
8.32799999999945,RETURN,0.31940129842369763,0.1457942955204268,0.9009253410106698,0.4536021272185362,0.1715255499465722,1.0427605190160067,0.19694968297352047,0
8.329999999999451,RETURN,0.3192291399400812,0.1458032947071935,0.9008789849446283,0.4536021272185362,0.1715255499465722,1.0427605190160067,0.1970992233246578,0
8.331999999999452,RETURN,0.3190572343588243,0.14581235397756406,0.9008328803396723,0.4536021272185362,0.1715255499465722,1.0427605190160067,0.19724845059419882,0
8.333999999999453,RETURN,0.31888558277529805,0.14582147290689806,0.9007870265053599,0.4536021272185362,0.1715255499465722,1.0427605190160067,0.19739736446786507,0
8.335999999999453,RETURN,0.3187141862838545,0.14583065106971993,0.9007414227495407,0.4536021272185362,0.1715255499465722,1.0427605190160067,0.1975459646316107,0
8.337999999999454,RETURN,0.31854304597782657,0.1458398880397275,0.900696068378375,0.4536021272185362,0.1715255499465722,1.0427605190160067,0.1976942507716131,0
8.339999999999455,RETURN,0.31837216294952797,0.14584918338980093,0.9006509626963489,0.4536021272185362,0.1715255499465722,1.0427605190160067,0.1978422225742648,0
8.341999999999455,RETURN,0.3182015382902502,0.1458585366920109,0.9006061050062916,0.4536021272185362,0.1715255499465722,1.0427605190160067,0.19798987972616686,0
8.343999999999456,RETURN,0.31803117309026446,0.14586794751762777,0.9005614946093913,0.4536021272185362,0.1715255499465722,1.0427605190160067,0.1981372219141193,0
8.345999999999457,RETURN,0.3178610684388189,0.14587741543713006,0.900517130805211,0.4536021272185362,0.1715255499465722,1.0427605190160067,0.19828424882511533,0
8.347999999999457,RETURN,0.31769122542413897,0.14588694002021305,0.9004730128917068,0.4536021272185362,0.1715255499465722,1.0427605190160067,0.19843096014633146,0
8.349999999999458,RETURN,0.3175216451334264,0.14589652083579782,0.9004291401652426,0.4536021272185362,0.1715255499465722,1.0427605190160067,0.1985773555651212,0
8.351999999999459,RETURN,0.3173523286528587,0.14590615745203941,0.9003855119206063,0.4536021272185362,0.1715255499465722,1.0427605190160067,0.1987234347690074,0
8.35399999999946,RETURN,0.31718327706758875,0.14591584943633615,0.9003421274510285,0.4536021272185362,0.1715255499465722,1.0427605190160067,0.1988691974456731,0
8.35599999999946,RETURN,0.3170144914617442,0.14592559635533786,0.9002989860481961,0.4536021272185362,0.1715255499465722,1.0427605190160067,0.19901464328295548,0
8.35799999999946,RETURN,0.3168459729184267,0.1459353977749551,0.900256087002272,0.4536021272185362,0.1715255499465722,1.0427605190160067,0.1991597719688367,0
8.359999999999461,RETURN,0.31667772251971155,0.14594525326036734,0.9002134296019079,0.4536021272185362,0.1715255499465722,1.0427605190160067,0.19930458319143812,0
8.361999999999462,RETURN,0.31650974134664733,0.1459551623760322,0.9001710131342641,0.4536021272185362,0.1715255499465722,1.0427605190160067,0.19944907663901087,0
8.363999999999463,RETURN,0.31634203047925563,0.14596512468569395,0.9001288368850249,0.4536021272185362,0.1715255499465722,1.0427605190160067,0.19959325199992875,0
8.365999999999463,RETURN,0.31617459099653084,0.14597513975239249,0.9000869001384139,0.4536021272185362,0.1715255499465722,1.0427605190160067,0.19973710896268143,0
8.367999999999464,RETURN,0.3160074239764394,0.1459852071384718,0.9000452021772117,0.4536021272185362,0.1715255499465722,1.0427605190160067,0.19988064721586635,0
8.369999999999465,RETURN,0.3158405304959194,0.145995326405589,0.9000037422827737,0.4536021272185362,0.1715255499465722,1.0427605190160067,0.20002386644818068,0
8.371999999999465,RETURN,0.3156739116308811,0.14600549711472308,0.8999625197350442,0.4536021272185362,0.1715255499465722,1.0427605190160067,0.20016676634841465,0
8.373999999999466,RETURN,0.3155075684562054,0.14601571882618347,0.8999215338125741,0.4536021272185362,0.1715255499465722,1.0427605190160067,0.20030934660544433,0
8.375999999999467,RETURN,0.31534150204574557,0.14602599109961922,0.8998807837925388,0.4536021272185362,0.1715255499465722,1.0427605190160067,0.20045160690822222,0
8.377999999999467,RETURN,0.3151757134723254,0.1460363134940277,0.8998402689507522,0.4536021272185362,0.1715255499465722,1.0427605190160067,0.20059354694577228,0
8.379999999999468,RETURN,0.3150102038077397,0.14604668556776312,0.8997999885616856,0.4536021272185362,0.1715255499465722,1.0427605190160067,0.20073516640718114,0
8.381999999999469,RETURN,0.3148449741227539,0.14605710687854562,0.8997599418984831,0.4536021272185362,0.1715255499465722,1.0427605190160067,0.2008764649815914,0
8.38399999999947,RETURN,0.31468002548710505,0.14606757698346995,0.8997201282329791,0.4536021272185362,0.1715255499465722,1.0427605190160067,0.20101744235819294,0
8.38599999999947,RETURN,0.3145153589695005,0.14607809543901462,0.8996805468357146,0.4536021272185362,0.1715255499465722,1.0427605190160067,0.20115809822621694,0
8.38799999999947,RETURN,0.3143509756376185,0.14608866180105032,0.8996411969759522,0.4536021272185362,0.1715255499465722,1.0427605190160067,0.2012984322749294,0
8.389999999999471,RETURN,0.3141868765581083,0.1460992756248489,0.8996020779216969,0.4536021272185362,0.1715255499465722,1.0427605190160067,0.20143844419362075,0
8.391999999999472,RETURN,0.31402306279658987,0.14610993646509238,0.8995631889397083,0.4536021272185362,0.1715255499465722,1.0427605190160067,0.20157813367160185,0
8.393999999999473,RETURN,0.3138595354176548,0.1461206438758815,0.899524529295521,0.4536021272185362,0.1715255499465722,1.0427605190160067,0.20171750039819422,0
8.395999999999473,RETURN,0.3136962954848654,0.14613139741074482,0.8994860982534577,0.4536021272185362,0.1715255499465722,1.0427605190160067,0.20185654406272546,0
8.397999999999474,RETURN,0.3135333440607554,0.14614219662264763,0.8994478950766501,0.4536021272185362,0.1715255499465722,1.0427605190160067,0.20199526435451914,0
8.399999999999475,RETURN,0.3133706822068303,0.1461530410640002,0.899409919027052,0.4536021272185362,0.1715255499465722,1.0427605190160067,0.20213366096289012,0
8.401999999999475,RETURN,0.31320831098356755,0.14616393028666774,0.8993721693654576,0.4536021272185362,0.1715255499465722,1.0427605190160067,0.20227173357713613,0
8.403999999999476,RETURN,0.31304623145041616,0.14617486384197817,0.8993346453515191,0.4536021272185362,0.1715255499465722,1.0427605190160067,0.20240948188653085,0
8.405999999999477,RETURN,0.3128844446657981,0.14618584128073164,0.8992973462437617,0.4536021272185362,0.1715255499465722,1.0427605190160067,0.2025469055803171,0
8.407999999999477,RETURN,0.31272295168710756,0.14619686215320918,0.8992602712996022,0.4536021272185362,0.1715255499465722,1.0427605190160067,0.20268400434769937,0
8.409999999999478,RETURN,0.31256175357071253,0.14620792600918162,0.8992234197753637,0.4536021272185362,0.1715255499465722,1.0427605190160067,0.20282077787783745,0
8.411999999999479,RETURN,0.31240085137195356,0.1462190323979185,0.8991867909262947,0.4536021272185362,0.1715255499465722,1.0427605190160067,0.20295722585983877,0
8.41399999999948,RETURN,0.31224024614514556,0.14623018086819684,0.8991503840065849,0.4536021272185362,0.1715255499465722,1.0427605190160067,0.20309334798275164,0
8.41599999999948,RETURN,0.3120799389435778,0.14624137096831008,0.8991141982693818,0.4536021272185362,0.1715255499465722,1.0427605190160067,0.20322914393555822,0
8.41799999999948,RETURN,0.31191993081951397,0.14625260224607703,0.8990782329668072,0.4536021272185362,0.1715255499465722,1.0427605190160067,0.20336461340716844,0
8.419999999999481,RETURN,0.3117602228241937,0.14626387424885073,0.8990424873499757,0.4536021272185362,0.1715255499465722,1.0427605190160067,0.20349975608641144,0
8.421999999999482,RETURN,0.31160081600783174,0.14627518652352725,0.8990069606690099,0.4536021272185362,0.1715255499465722,1.0427605190160067,0.20363457166203047,0
8.423999999999483,RETURN,0.3114417114196194,0.14628653861655463,0.8989716521730584,0.4536021272185362,0.1715255499465722,1.0427605190160067,0.20376905982267474,0
8.425999999999483,RETURN,0.3112829101077258,0.14629793007394187,0.8989365611103118,0.4536021272185362,0.1715255499465722,1.0427605190160067,0.20390322025689303,0
8.427999999999484,RETURN,0.3111244131192965,0.1463093604412677,0.8989016867280205,0.4536021272185362,0.1715255499465722,1.0427605190160067,0.20403705265312738,0
8.429999999999485,RETURN,0.31096622150045633,0.14632082926368936,0.8988670282725114,0.4536021272185362,0.1715255499465722,1.0427605190160067,0.20417055669970507,0
8.431999999999485,RETURN,0.3108083362963079,0.1463323360859519,0.8988325849892042,0.4536021272185362,0.1715255499465722,1.0427605190160067,0.20430373208483404,0
8.433999999999486,RETURN,0.3106507585509347,0.14634388045239655,0.8987983561226284,0.4536021272185362,0.1715255499465722,1.0427605190160067,0.20443657849659397,0
8.435999999999487,RETURN,0.31049348930739973,0.14635546190697007,0.8987643409164422,0.4536021272185362,0.1715255499465722,1.0427605190160067,0.2045690956229303,0
8.437999999999487,RETURN,0.31033652960774805,0.14636707999323345,0.8987305386134469,0.4536021272185362,0.1715255499465722,1.0427605190160067,0.20470128315164784,0
8.439999999999488,RETURN,0.3101798804930054,0.1463787342543706,0.8986969484556047,0.4536021272185362,0.1715255499465722,1.0427605190160067,0.204833140770405,0
8.441999999999489,RETURN,0.31002354300318147,0.1463904242331977,0.8986635696840566,0.4536021272185362,0.1715255499465722,1.0427605190160067,0.20496466816670494,0
8.44399999999949,RETURN,0.30986751817726876,0.14640214947217164,0.8986304015391385,0.4536021272185362,0.1715255499465722,1.0427605190160067,0.20509586502789115,0
8.44599999999949,RETURN,0.30971180705324497,0.14641390951339942,0.8985974432603993,0.4536021272185362,0.1715255499465722,1.0427605190160067,0.20522673104113898,0
8.44799999999949,RETURN,0.3095564106680722,0.14642570389864634,0.8985646940866152,0.4536021272185362,0.1715255499465722,1.0427605190160067,0.205357265893452,0
8.449999999999491,RETURN,0.30940133005769965,0.14643753216934557,0.8985321532558108,0.4536021272185362,0.1715255499465722,1.0427605190160067,0.20548746927165176,0
8.451999999999492,RETURN,0.30924656625706365,0.1464493938666067,0.8984998200052728,0.4536021272185362,0.1715255499465722,1.0427605190160067,0.20561734086237418,0
8.453999999999493,RETURN,0.3090921203000884,0.14646128853122475,0.898467693571569,0.4536021272185362,0.1715255499465722,1.0427605190160067,0.20574688035206196,0
8.455999999999493,RETURN,0.3089379932196877,0.14647321570368885,0.8984357731905636,0.4536021272185362,0.1715255499465722,1.0427605190160067,0.20587608742695868,0
8.457999999999494,RETURN,0.30878418604776536,0.1464851749241915,0.8984040580974367,0.4536021272185362,0.1715255499465722,1.0427605190160067,0.20600496177310135,0
8.459999999999495,RETURN,0.30863069981521674,0.14649716573263705,0.8983725475267,0.4536021272185362,0.1715255499465722,1.0427605190160067,0.20613350307631492,0
8.461999999999495,RETURN,0.3084775355519296,0.14650918766865084,0.8983412407122126,0.4536021272185362,0.1715255499465722,1.0427605190160067,0.20626171102220664,0
8.463999999999496,RETURN,0.3083246942867846,0.1465212402715881,0.8983101368872007,0.4536021272185362,0.1715255499465722,1.0427605190160067,0.2063895852961582,0
8.465999999999497,RETURN,0.30817217704765815,0.1465333230805427,0.8982792352842737,0.4536021272185362,0.1715255499465722,1.0427605190160067,0.2065171255833199,0
8.467999999999497,RETURN,0.3080199848614215,0.146545435634356,0.8982485351354403,0.4536021272185362,0.1715255499465722,1.0427605190160067,0.2066443315686053,0
8.469999999999498,RETURN,0.3078681187539435,0.1465575774716259,0.8982180356721277,0.4536021272185362,0.1715255499465722,1.0427605190160067,0.20677120293668366,0
8.471999999999499,RETURN,0.3077165797500903,0.14656974813071547,0.8981877361251964,0.4536021272185362,0.1715255499465722,1.0427605190160067,0.20689773937197542,0
8.4739999999995,RETURN,0.3075653688737284,0.14658194714976208,0.8981576357249607,0.4536021272185362,0.1715255499465722,1.0427605190160067,0.20702394055864343,0
8.4759999999995,RETURN,0.3074144871477246,0.14659417406668632,0.8981277337012011,0.4536021272185362,0.1715255499465722,1.0427605190160067,0.2071498061805899,0
8.4779999999995,RETURN,0.3072639355939477,0.14660642841920027,0.8980980292831865,0.4536021272185362,0.1715255499465722,1.0427605190160067,0.20727533592144784,0
8.479999999999501,RETURN,0.30711371523326975,0.14661870974481725,0.8980685216996876,0.4536021272185362,0.1715255499465722,1.0427605190160067,0.20740052946457638,0
8.481999999999502,RETURN,0.3069638270855672,0.14663101758085978,0.8980392101789977,0.4536021272185362,0.1715255499465722,1.0427605190160067,0.20752538649305333,0
8.483999999999503,RETURN,0.30681427216972246,0.14664335146446927,0.8980100939489452,0.4536021272185362,0.1715255499465722,1.0427605190160067,0.20764990668967165,0
8.485999999999503,RETURN,0.30666505150362533,0.14665571093261412,0.8979811722369158,0.4536021272185362,0.1715255499465722,1.0427605190160067,0.2077740897369302,0
8.487999999999504,RETURN,0.30651616610417465,0.14666809552209933,0.897952444269867,0.4536021272185362,0.1715255499465722,1.0427605190160067,0.2078979353170296,0
8.489999999999505,RETURN,0.30636761698727827,0.14668050476957445,0.8979239092743462,0.4536021272185362,0.1715255499465722,1.0427605190160067,0.20802144311186657,0
8.491999999999505,RETURN,0.30621940516785695,0.14669293821154325,0.8978955664765065,0.4536021272185362,0.1715255499465722,1.0427605190160067,0.20814461280302726,0
8.493999999999506,RETURN,0.30607153165984363,0.1467053953843721,0.8978674151021265,0.4536021272185362,0.1715255499465722,1.0427605190160067,0.20826744407178122,0
8.495999999999507,RETURN,0.30592399747618537,0.14671787582429888,0.8978394543766263,0.4536021272185362,0.1715255499465722,1.0427605190160067,0.20838993659907623,0
8.497999999999507,RETURN,0.30577680362884646,0.14673037906744196,0.8978116835250848,0.4536021272185362,0.1715255499465722,1.0427605190160067,0.208512090065531,0
8.499999999999508,RETURN,0.30562995112880786,0.14674290464980877,0.8977841017722561,0.4536021272185362,0.1715255499465722,1.0427605190160067,0.20863390415143185,0
8.501999999999509,RETURN,0.30548344098606955,0.14675545210730465,0.8977567083425896,0.4536021272185362,0.1715255499465722,1.0427605190160067,0.2087553785367242,0
8.50399999999951,RETURN,0.30533727420965256,0.14676802097574196,0.8977295024602443,0.4536021272185362,0.1715255499465722,1.0427605190160067,0.2088765129010086,0
8.50599999999951,RETURN,0.3051914518076001,0.14678061079084873,0.8977024833491085,0.4536021272185362,0.1715255499465722,1.0427605190160067,0.20899730692353383,0
8.50799999999951,RETURN,0.3050459747869786,0.14679322108827722,0.8976756502328154,0.4536021272185362,0.1715255499465722,1.0427605190160067,0.20911776028319282,0
8.509999999999511,RETURN,0.30490084415388097,0.1468058514036129,0.8976490023347617,0.4536021272185362,0.1715255499465722,1.0427605190160067,0.20923787265851454,0
8.511999999999512,RETURN,0.3047560609134268,0.14681850127238355,0.897622538878125,0.4536021272185362,0.1715255499465722,1.0427605190160067,0.20935764372766022,0
8.513999999999513,RETURN,0.30461162606976433,0.14683117023006748,0.8975962590858803,0.4536021272185362,0.1715255499465722,1.0427605190160067,0.20947707316841727,0
8.515999999999513,RETURN,0.3044675406260725,0.14684385781210266,0.8975701621808183,0.4536021272185362,0.1715255499465722,1.0427605190160067,0.20959616065819323,0
8.517999999999514,RETURN,0.3043238055845627,0.1468565635538955,0.8975442473855622,0.4536021272185362,0.1715255499465722,1.0427605190160067,0.20971490587401073,0
8.519999999999515,RETURN,0.30418042194647993,0.14686928699082952,0.8975185139225856,0.4536021272185362,0.1715255499465722,1.0427605190160067,0.2098333084925016,0
8.521999999999515,RETURN,0.3040373907121052,0.146882027658274,0.897492961014231,0.4536021272185362,0.1715255499465722,1.0427605190160067,0.2099513681899007,0
8.523999999999516,RETURN,0.30389471288075703,0.14689478509159315,0.8974675878827246,0.4536021272185362,0.1715255499465722,1.0427605190160067,0.21006908464204202,0
8.525999999999517,RETURN,0.30375238945079275,0.1469075588261543,0.8974423937501961,0.4536021272185362,0.1715255499465722,1.0427605190160067,0.21018645752435217,0
8.527999999999517,RETURN,0.3036104214196118,0.1469203483973372,0.8974173778386957,0.4536021272185362,0.1715255499465722,1.0427605190160067,0.210303486511844,0
8.529999999999518,RETURN,0.30346880978365554,0.14693315334054238,0.8973925393702111,0.4536021272185362,0.1715255499465722,1.0427605190160067,0.21042017127911328,0
8.531999999999519,RETURN,0.3033275555384112,0.1469459731911999,0.8973678775666853,0.4536021272185362,0.1715255499465722,1.0427605190160067,0.21053651150033148,0
8.53399999999952,RETURN,0.30318665967841163,0.14695880748477846,0.8973433916500345,0.4536021272185362,0.1715255499465722,1.0427605190160067,0.21065250684924156,0
8.53599999999952,RETURN,0.3030461231972388,0.14697165575679344,0.897319080842165,0.4536021272185362,0.1715255499465722,1.0427605190160067,0.21076815699915202,0
8.53799999999952,RETURN,0.30290594708752516,0.1469845175428165,0.8972949443649925,0.4536021272185362,0.1715255499465722,1.0427605190160067,0.21088346162293078,0
8.539999999999521,RETURN,0.30276613234095584,0.14699739237848342,0.8972709814404561,0.4536021272185362,0.1715255499465722,1.0427605190160067,0.21099842039300198,0
8.541999999999522,RETURN,0.3026266799482699,0.14701027979950337,0.8972471912905399,0.4536021272185362,0.1715255499465722,1.0427605190160067,0.21111303298133882,0
8.543999999999523,RETURN,0.3024875908992629,0.1470231793416674,0.8972235731372882,0.4536021272185362,0.1715255499465722,1.0427605190160067,0.211227299059459,0
8.545999999999523,RETURN,0.3023488661827887,0.1470360905408571,0.8972001262028242,0.4536021272185362,0.1715255499465722,1.0427605190160067,0.21134121829841937,0
8.547999999999524,RETURN,0.3022105067867615,0.14704901293305336,0.8971768497093671,0.4536021272185362,0.1715255499465722,1.0427605190160067,0.21145479036881082,0
8.549999999999525,RETURN,0.3020725136981582,0.14706194605434517,0.8971537428792493,0.4536021272185362,0.1715255499465722,1.0427605190160067,0.21156801494075309,0
8.551999999999525,RETURN,0.301934887903019,0.14707488944093774,0.8971308049349365,0.4536021272185362,0.1715255499465722,1.0427605190160067,0.21168089168388926,0
8.553999999999526,RETURN,0.3017976303864516,0.14708784262916194,0.8971080350990407,0.4536021272185362,0.1715255499465722,1.0427605190160067,0.2117934202673819,0
8.555999999999527,RETURN,0.30166074213263183,0.1471008051554823,0.8970854325943439,0.4536021272185362,0.1715255499465722,1.0427605190160067,0.2119056003599053,0
8.557999999999527,RETURN,0.30152422412480606,0.14711377655650604,0.8970629966438112,0.4536021272185362,0.1715255499465722,1.0427605190160067,0.212017431629643,0
8.559999999999528,RETURN,0.3013880773452931,0.14712675636899167,0.8970407264706094,0.4536021272185362,0.1715255499465722,1.0427605190160067,0.2121289137442823,0
8.561999999999529,RETURN,0.30125230277548704,0.14713974412985736,0.8970186212981263,0.4536021272185362,0.1715255499465722,1.0427605190160067,0.21224004637100785,0
8.56399999999953,RETURN,0.3011169013958585,0.14715273937618967,0.8969966803499877,0.4536021272185362,0.1715255499465722,1.0427605190160067,0.21235082917649745,0
8.56599999999953,RETURN,0.3009818741859573,0.14716574164525237,0.8969749028500743,0.4536021272185362,0.1715255499465722,1.0427605190160067,0.21246126182691763,0
8.56799999999953,RETURN,0.30084722212441467,0.14717875047449497,0.8969532880225404,0.4536021272185362,0.1715255499465722,1.0427605190160067,0.2125713439879178,0
8.569999999999531,RETURN,0.30071294618894495,0.1471917654015611,0.8969318350918318,0.4536021272185362,0.1715255499465722,1.0427605190160067,0.21268107532462557,0
8.571999999999532,RETURN,0.3005790473563479,0.14720478596429723,0.8969105432827035,0.4536021272185362,0.1715255499465722,1.0427605190160067,0.21279045550164213,0
8.573999999999533,RETURN,0.3004455266025119,0.14721781170076126,0.8968894118202357,0.4536021272185362,0.1715255499465722,1.0427605190160067,0.2128994841830373,0
8.575999999999533,RETURN,0.3003123849024145,0.14723084214923132,0.896868439929856,0.4536021272185362,0.1715255499465722,1.0427605190160067,0.21300816103234363,0
8.577999999999534,RETURN,0.3001796232301264,0.14724387684821386,0.8968476268373519,0.4536021272185362,0.1715255499465722,1.0427605190160067,0.2131164857125533,0
8.579999999999535,RETURN,0.3000472425588117,0.14725691533645244,0.8968269717688933,0.4536021272185362,0.1715255499465722,1.0427605190160067,0.21322445788611188,0
8.581999999999535,RETURN,0.29991524386073254,0.14726995715293667,0.8968064739510466,0.4536021272185362,0.1715255499465722,1.0427605190160067,0.21333207721491446,0
8.583999999999536,RETURN,0.29978362810724923,0.14728300183690995,0.8967861326107966,0.4536021272185362,0.1715255499465722,1.0427605190160067,0.2134393433602996,0
8.585999999999537,RETURN,0.29965239626882406,0.14729604892787865,0.8967659469755598,0.4536021272185362,0.1715255499465722,1.0427605190160067,0.21354625598304663,0
8.587999999999537,RETURN,0.2995215493150227,0.14730909796562036,0.8967459162732065,0.4536021272185362,0.1715255499465722,1.0427605190160067,0.21365281474336864,0
8.589999999999538,RETURN,0.2993910882145169,0.14732214849019257,0.8967260397320758,0.4536021272185362,0.1715255499465722,1.0427605190160067,0.21375901930090976,0
8.591999999999539,RETURN,0.29926101393508686,0.147335200041941,0.8967063165809962,0.4536021272185362,0.1715255499465722,1.0427605190160067,0.21386486931473828,0
8.59399999999954,RETURN,0.29913132744362336,0.14734825216150813,0.8966867460493003,0.4536021272185362,0.1715255499465722,1.0427605190160067,0.21397036444334475,0
8.59599999999954,RETURN,0.2990020297061302,0.14736130438984155,0.8966673273668465,0.4536021272185362,0.1715255499465722,1.0427605190160067,0.21407550434463463,0
8.59799999999954,RETURN,0.2988731216877274,0.14737435626820333,0.8966480597640333,0.4536021272185362,0.1715255499465722,1.0427605190160067,0.21418028867592545,0
8.599999999999541,RETURN,0.2987446043526516,0.14738740733817696,0.8966289424718203,0.4536021272185362,0.1715255499465722,1.0427605190160067,0.21428471709394165,0
8.601999999999542,RETURN,0.29861647866426055,0.14740045714167707,0.8966099747217455,0.4536021272185362,0.1715255499465722,1.0427605190160067,0.21438878925480936,0
8.603999999999543,RETURN,0.29848874558503447,0.1474135052209574,0.8965911557459421,0.4536021272185362,0.1715255499465722,1.0427605190160067,0.21449250481405296,0
8.605999999999543,RETURN,0.2983614060765785,0.14742655111861935,0.8965724847771568,0.4536021272185362,0.1715255499465722,1.0427605190160067,0.21459586342659057,0
8.607999999999544,RETURN,0.29823446109962587,0.14743959437762022,0.8965539610487706,0.4536021272185362,0.1715255499465722,1.0427605190160067,0.21469886474672734,0
8.609999999999545,RETURN,0.2981079116140389,0.1474526345412819,0.8965355837948129,0.4536021272185362,0.1715255499465722,1.0427605190160067,0.21480150842815443,0
8.611999999999545,RETURN,0.29798175857881326,0.1474656711532993,0.896517352249982,0.4536021272185362,0.1715255499465722,1.0427605190160067,0.21490379412394184,0
8.613999999999546,RETURN,0.29785600295207887,0.14747870375774833,0.8964992656496636,0.4536021272185362,0.1715255499465722,1.0427605190160067,0.2150057214865347,0
8.615999999999547,RETURN,0.2977306456911035,0.1474917318990952,0.8964813232299477,0.4536021272185362,0.1715255499465722,1.0427605190160067,0.21510729016774913,0
8.617999999999547,RETURN,0.2976056877522947,0.1475047551222034,0.8964635242276462,0.4536021272185362,0.1715255499465722,1.0427605190160067,0.21520849981876825,0
8.619999999999548,RETURN,0.2974811300912026,0.1475177729723438,0.8964458678803134,0.4536021272185362,0.1715255499465722,1.0427605190160067,0.21530935009013621,0
8.621999999999549,RETURN,0.297356973662522,0.1475307849952017,0.8964283534262626,0.4536021272185362,0.1715255499465722,1.0427605190160067,0.21540984063175544,0
8.62399999999955,RETURN,0.2972332194200956,0.1475437907368856,0.8964109801045849,0.4536021272185362,0.1715255499465722,1.0427605190160067,0.21550997109288098,0
8.62599999999955,RETURN,0.29710986831691555,0.14755678974393577,0.8963937471551657,0.4536021272185362,0.1715255499465722,1.0427605190160067,0.21560974112211823,0
8.62799999999955,RETURN,0.29698692130512694,0.14756978156333247,0.8963766538187059,0.4536021272185362,0.1715255499465722,1.0427605190160067,0.21570915036741617,0
8.629999999999551,RETURN,0.2968643793360296,0.14758276574250417,0.8963596993367384,0.4536021272185362,0.1715255499465722,1.0427605190160067,0.21580819847606442,0
8.631999999999552,RETURN,0.296742243360082,0.14759574182933613,0.8963428829516463,0.4536021272185362,0.1715255499465722,1.0427605190160067,0.21590688509468842,0
8.633999999999553,RETURN,0.29662051432690184,0.1476087093721784,0.8963262039066819,0.4536021272185362,0.1715255499465722,1.0427605190160067,0.21600520986924585,0
8.635999999999553,RETURN,0.2964991931852704,0.14762166791985454,0.8963096614459846,0.4536021272185362,0.1715255499465722,1.0427605190160067,0.2161031724450218,0
8.637999999999554,RETURN,0.296378280883134,0.1476346170216693,0.8962932548145991,0.4536021272185362,0.1715255499465722,1.0427605190160067,0.21620077246662495,0
8.639999999999555,RETURN,0.29625777836760714,0.14764755622741796,0.8962769832584948,0.4536021272185362,0.1715255499465722,1.0427605190160067,0.21629800957798273,0
8.641999999999555,RETURN,0.29613768658497563,0.14766048508739335,0.8962608460245822,0.4536021272185362,0.1715255499465722,1.0427605190160067,0.216394883422338,0
8.643999999999556,RETURN,0.29601800648069765,0.1476734031523952,0.8962448423607335,0.4536021272185362,0.1715255499465722,1.0427605190160067,0.2164913936422444,0
8.645999999999557,RETURN,0.295898738999408,0.14768630997373772,0.8962289715157995,0.4536021272185362,0.1715255499465722,1.0427605190160067,0.21658753987956222,0
8.647999999999557,RETURN,0.29577988508491965,0.14769920510325835,0.896213232739629,0.4536021272185362,0.1715255499465722,1.0427605190160067,0.21668332177545416,0
8.649999999999558,RETURN,0.2956614456802277,0.1477120880933256,0.8961976252830864,0.4536021272185362,0.1715255499465722,1.0427605190160067,0.2167787389703813,0
8.651999999999559,RETURN,0.2955434217275097,0.14772495849684752,0.8961821483980703,0.4536021272185362,0.1715255499465722,1.0427605190160067,0.2168737911041002,0
8.65399999999956,RETURN,0.2954258141681314,0.1477378158672802,0.8961668013375328,0.4536021272185362,0.1715255499465722,1.0427605190160067,0.2169684778156562,0
8.65599999999956,RETURN,0.2953086239426469,0.1477506597586351,0.8961515833554973,0.4536021272185362,0.1715255499465722,1.0427605190160067,0.21706279874338175,0
8.65799999999956,RETURN,0.29519185199080233,0.14776348972548856,0.8961364937070764,0.4536021272185362,0.1715255499465722,1.0427605190160067,0.21715675352489192,0
8.659999999999561,RETURN,0.29507549925153864,0.14777630532298888,0.8961215316484932,0.4536021272185362,0.1715255499465722,1.0427605190160067,0.21725034179707856,0
8.661999999999562,RETURN,0.29495956666299455,0.1477891061068652,0.896106696437096,0.4536021272185362,0.1715255499465722,1.0427605190160067,0.21734356319610873,0
8.663999999999563,RETURN,0.2948440551625078,0.14780189163343527,0.896091987331379,0.4536021272185362,0.1715255499465722,1.0427605190160067,0.21743641735742028,0
8.665999999999563,RETURN,0.2947289656866199,0.14781466145961414,0.8960774035910017,0.4536021272185362,0.1715255499465722,1.0427605190160067,0.21752890391571572,0
8.667999999999564,RETURN,0.2946142991710771,0.14782741514292164,0.8960629444768058,0.4536021272185362,0.1715255499465722,1.0427605190160067,0.2176210225049612,0
8.669999999999565,RETURN,0.29450005655083455,0.1478401522414913,0.8960486092508343,0.4536021272185362,0.1715255499465722,1.0427605190160067,0.21771277275838066,0
8.671999999999565,RETURN,0.2943862387600578,0.14785287231407812,0.8960343971763512,0.4536021272185362,0.1715255499465722,1.0427605190160067,0.21780415430845218,0
8.673999999999566,RETURN,0.2942728467321266,0.14786557492006677,0.8960203075178589,0.4536021272185362,0.1715255499465722,1.0427605190160067,0.21789516678690468,0
8.675999999999567,RETURN,0.29415988139963645,0.14787825961947942,0.8960063395411173,0.4536021272185362,0.1715255499465722,1.0427605190160067,0.2179858098247139,0
8.677999999999567,RETURN,0.2940473436944027,0.14789092597298464,0.8959924925131628,0.4536021272185362,0.1715255499465722,1.0427605190160067,0.21807608305209783,0
8.679999999999568,RETURN,0.29393523454746234,0.1479035735419051,0.8959787657023267,0.4536021272185362,0.1715255499465722,1.0427605190160067,0.21816598609851376,0
8.681999999999569,RETURN,0.29382355488907713,0.1479162018882251,0.8959651583782542,0.4536021272185362,0.1715255499465722,1.0427605190160067,0.21825551859265369,0
8.68399999999957,RETURN,0.293712305648736,0.14792881057459992,0.8959516698119239,0.4536021272185362,0.1715255499465722,1.0427605190160067,0.2183446801624406,0
8.68599999999957,RETURN,0.29360148775515876,0.14794139916436297,0.8959382992756642,0.4536021272185362,0.1715255499465722,1.0427605190160067,0.21843347043502542,0
8.68799999999957,RETURN,0.2934911021362978,0.14795396722153425,0.895925046043175,0.4536021272185362,0.1715255499465722,1.0427605190160067,0.21852188903678202,0
8.689999999999571,RETURN,0.29338114971934126,0.1479665143108284,0.8959119093895449,0.4536021272185362,0.1715255499465722,1.0427605190160067,0.21860993559330455,0
8.691999999999572,RETURN,0.29327163143071594,0.1479790399976628,0.8958988885912704,0.4536021272185362,0.1715255499465722,1.0427605190160067,0.2186976097294028,0
8.693999999999573,RETURN,0.2931625481960899,0.14799154384816565,0.8958859829262752,0.4536021272185362,0.1715255499465722,1.0427605190160067,0.21878491106909884,0
8.695999999999573,RETURN,0.2930539009403758,0.14800402542918376,0.8958731916739276,0.4536021272185362,0.1715255499465722,1.0427605190160067,0.21887183923562345,0
8.697999999999574,RETURN,0.2929456905877331,0.1480164843082912,0.8958605141150624,0.4536021272185362,0.1715255499465722,1.0427605190160067,0.21895839385141125,0
8.699999999999575,RETURN,0.29283791806157045,0.14802892005379686,0.8958479495319966,0.4536021272185362,0.1715255499465722,1.0427605190160067,0.21904457453809895,0
8.701999999999575,RETURN,0.29273058428454984,0.1480413322347526,0.8958354972085508,0.4536021272185362,0.1715255499465722,1.0427605190160067,0.21913038091651957,0
8.703999999999576,RETURN,0.2926236901785883,0.14805372042096152,0.8958231564300659,0.4536021272185362,0.1715255499465722,1.0427605190160067,0.2192158126067005,0
8.705999999999577,RETURN,0.29251723666486096,0.14806608418298567,0.8958109264834252,0.4536021272185362,0.1715255499465722,1.0427605190160067,0.21930086922785821,0
8.707999999999577,RETURN,0.2924112246638042,0.14807842309215433,0.89579880665707,0.4536021272185362,0.1715255499465722,1.0427605190160067,0.21938555039839594,0
8.709999999999578,RETURN,0.2923056550951182,0.14809073672057185,0.8957867962410212,0.4536021272185362,0.1715255499465722,1.0427605190160067,0.21946985573589917,0
8.711999999999579,RETURN,0.2922005288777696,0.14810302464112576,0.8957748945268975,0.4536021272185362,0.1715255499465722,1.0427605190160067,0.21955378485713214,0
8.71399999999958,RETURN,0.29209584692999435,0.14811528642749475,0.8957631008079344,0.4536021272185362,0.1715255499465722,1.0427605190160067,0.21963733737803462,0
8.71599999999958,RETURN,0.2919916101693012,0.1481275216541567,0.895751414379003,0.4536021272185362,0.1715255499465722,1.0427605190160067,0.2197205129137179,0
8.71799999999958,RETURN,0.29188781951247345,0.14813972989639673,0.8957398345366309,0.4536021272185362,0.1715255499465722,1.0427605190160067,0.21980331107846063,0
8.719999999999581,RETURN,0.2917844758755731,0.148151910730315,0.8957283605790188,0.4536021272185362,0.1715255499465722,1.0427605190160067,0.2198857314857061,0
8.721999999999582,RETURN,0.29168158017394186,0.1481640637328347,0.8957169918060621,0.4536021272185362,0.1715255499465722,1.0427605190160067,0.21996777374805854,0
8.723999999999583,RETURN,0.29157913332220614,0.1481761884817105,0.8957057275193674,0.4536021272185362,0.1715255499465722,1.0427605190160067,0.2200494374772793,0
8.725999999999583,RETURN,0.2914771362342783,0.14818828455553576,0.8956945670222749,0.4536021272185362,0.1715255499465722,1.0427605190160067,0.22013072228428274,0
8.727999999999584,RETURN,0.2913755898233594,0.1482003515337509,0.8956835096198758,0.4536021272185362,0.1715255499465722,1.0427605190160067,0.22021162777913383,0
8.729999999999585,RETURN,0.2912744950019437,0.1482123889966517,0.8956725546190314,0.4536021272185362,0.1715255499465722,1.0427605190160067,0.22029215357104326,0
8.731999999999585,RETURN,0.29117385268181983,0.14822439652539662,0.8956617013283935,0.4536021272185362,0.1715255499465722,1.0427605190160067,0.2203722992683648,0
8.733999999999586,RETURN,0.29107366377407373,0.1482363737020148,0.8956509490584231,0.4536021272185362,0.1715255499465722,1.0427605190160067,0.22045206447859186,0
8.735999999999587,RETURN,0.29097392918909315,0.14824832010941466,0.8956402971214097,0.4536021272185362,0.1715255499465722,1.0427605190160067,0.22053144880835268,0
8.737999999999587,RETURN,0.29087464983656797,0.1482602353313912,0.8956297448314904,0.4536021272185362,0.1715255499465722,1.0427605190160067,0.22061045186340897,0
8.739999999999588,RETURN,0.2907758266254953,0.14827211895263404,0.8956192915046711,0.4536021272185362,0.1715255499465722,1.0427605190160067,0.22068907324864953,0
8.741999999999589,RETURN,0.29067746046418075,0.1482839705587355,0.8956089364588438,0.4536021272185362,0.1715255499465722,1.0427605190160067,0.22076731256808932,0
8.74399999999959,RETURN,0.29057955226024257,0.14829578973619845,0.8955986790138061,0.4536021272185362,0.1715255499465722,1.0427605190160067,0.22084516942486482,0
8.74599999999959,RETURN,0.29048210292061305,0.14830757607244419,0.8955885184912826,0.4536021272185362,0.1715255499465722,1.0427605190160067,0.2209226434212304,0
8.74799999999959,RETURN,0.2903851133515426,0.1483193291558204,0.8955784542149431,0.4536021272185362,0.1715255499465722,1.0427605190160067,0.22099973415855506,0
8.749999999999591,RETURN,0.29028858445860145,0.14833104857560908,0.895568485510422,0.4536021272185362,0.1715255499465722,1.0427605190160067,0.22107644123731918,0
8.751999999999592,RETURN,0.29019251714668426,0.14834273392203445,0.8955586117053381,0.4536021272185362,0.1715255499465722,1.0427605190160067,0.22115276425711014,0
8.753999999999593,RETURN,0.2900969123200105,0.1483543847862707,0.8955488321293154,0.4536021272185362,0.1715255499465722,1.0427605190160067,0.22122870281661985,0
8.755999999999593,RETURN,0.2900017708821295,0.14836600076045003,0.895539146114,0.4536021272185362,0.1715255499465722,1.0427605190160067,0.22130425651364097,0
8.757999999999594,RETURN,0.2899070937359217,0.14837758143767044,0.8955295529930819,0.4536021272185362,0.1715255499465722,1.0427605190160067,0.22137942494506357,0
8.759999999999595,RETURN,0.28981288178360254,0.14838912641200397,0.8955200521023152,0.4536021272185362,0.1715255499465722,1.0427605190160067,0.22145420770687052,0
8.761999999999595,RETURN,0.289719135926725,0.14840063527850386,0.8955106427795345,0.4536021272185362,0.1715255499465722,1.0427605190160067,0.2215286043941362,0
8.763999999999596,RETURN,0.28962585706618194,0.14841210763321327,0.895501324364679,0.4536021272185362,0.1715255499465722,1.0427605190160067,0.22160261460102063,0
8.765999999999597,RETURN,0.28953304610220876,0.1484235430731725,0.8954920961998091,0.4536021272185362,0.1715255499465722,1.0427605190160067,0.22167623792076818,0
8.767999999999597,RETURN,0.289440703934388,0.14843494119642714,0.8954829576291269,0.4536021272185362,0.1715255499465722,1.0427605190160067,0.22174947394570235,0
8.769999999999598,RETURN,0.2893488314616499,0.1484463016020361,0.895473907998997,0.4536021272185362,0.1715255499465722,1.0427605190160067,0.22182232226722332,0
8.771999999999599,RETURN,0.2892574295822765,0.14845762389007888,0.8954649466579643,0.4536021272185362,0.1715255499465722,1.0427605190160067,0.22189478247580494,0
8.7739999999996,RETURN,0.28916649919390347,0.14846890766166435,0.8954560729567771,0.4536021272185362,0.1715255499465722,1.0427605190160067,0.22196685416098974,0
8.7759999999996,RETURN,0.2890760411935247,0.14848015251893776,0.8954472862484031,0.4536021272185362,0.1715255499465722,1.0427605190160067,0.22203853691138684,0
8.7779999999996,RETURN,0.28898605647749276,0.14849135806508906,0.8954385858880527,0.4536021272185362,0.1715255499465722,1.0427605190160067,0.2221098303146679,0
8.779999999999601,RETURN,0.2888965459415239,0.14850252390436075,0.8954299712331958,0.4536021272185362,0.1715255499465722,1.0427605190160067,0.22218073395756435,0
8.781999999999602,RETURN,0.2888075104806988,0.14851364964205535,0.8954214416435853,0.4536021272185362,0.1715255499465722,1.0427605190160067,0.22225124742586294,0
8.783999999999603,RETURN,0.2887189509894671,0.14852473488454374,0.8954129964812745,0.4536021272185362,0.1715255499465722,1.0427605190160067,0.22232137030440266,0
8.785999999999603,RETURN,0.2886308683616488,0.14853577923927283,0.8954046351106371,0.4536021272185362,0.1715255499465722,1.0427605190160067,0.22239110217707259,0
8.787999999999604,RETURN,0.28854326349043835,0.14854678231477317,0.8953963568983885,0.4536021272185362,0.1715255499465722,1.0427605190160067,0.2224604426268065,0
8.789999999999605,RETURN,0.28845613726840647,0.14855774372066738,0.8953881612136055,0.4536021272185362,0.1715255499465722,1.0427605190160067,0.22252939123558044,0
8.791999999999605,RETURN,0.28836949058750255,0.14856866306767724,0.8953800474277465,0.4536021272185362,0.1715255499465722,1.0427605190160067,0.22259794758440965,0
8.793999999999606,RETURN,0.28828332433905873,0.14857953996763218,0.8953720149146713,0.4536021272185362,0.1715255499465722,1.0427605190160067,0.22266611125334387,0
8.795999999999607,RETURN,0.28819763941379173,0.14859037403347683,0.8953640630506606,0.4536021272185362,0.1715255499465722,1.0427605190160067,0.22273388182146586,0
8.797999999999607,RETURN,0.28811243670180564,0.14860116487927888,0.8953561912144382,0.4536021272185362,0.1715255499465722,1.0427605190160067,0.22280125886688584,0
8.799999999999608,RETURN,0.2880277170925948,0.1486119121202369,0.8953483987871889,0.4536021272185362,0.1715255499465722,1.0427605190160067,0.22286824196674002,0
8.801999999999609,RETURN,0.28794348147504706,0.14862261537268842,0.8953406851525797,0.4536021272185362,0.1715255499465722,1.0427605190160067,0.22293483069718573,0
8.80399999999961,RETURN,0.28785973073744486,0.14863327425411751,0.8953330496967824,0.4536021272185362,0.1715255499465722,1.0427605190160067,0.2230010246333982,0
8.80599999999961,RETURN,0.2877764657674702,0.1486438883831627,0.8953254918084891,0.4536021272185362,0.1715255499465722,1.0427605190160067,0.22306682334956818,0
8.80799999999961,RETURN,0.2876936874522057,0.14865445737962482,0.8953180108789361,0.4536021272185362,0.1715255499465722,1.0427605190160067,0.2231322264188975,0
8.809999999999611,RETURN,0.28761139667813734,0.14866498086447494,0.8953106063019243,0.4536021272185362,0.1715255499465722,1.0427605190160067,0.22319723341359585,0
8.811999999999612,RETURN,0.28752959433115854,0.14867545845986216,0.8953032774738362,0.4536021272185362,0.1715255499465722,1.0427605190160067,0.22326184390487816,0
8.813999999999613,RETURN,0.28744828129657124,0.14868588978912134,0.8952960237936616,0.4536021272185362,0.1715255499465722,1.0427605190160067,0.22332605746295925,0
8.815999999999613,RETURN,0.28736745845908956,0.14869627447678122,0.8952888446630136,0.4536021272185362,0.1715255499465722,1.0427605190160067,0.22338987365705235,0
8.817999999999614,RETURN,0.28728712670284196,0.1487066121485721,0.895281739486151,0.4536021272185362,0.1715255499465722,1.0427605190160067,0.22345329205536488,0
8.819999999999615,RETURN,0.28720728691137404,0.1487169024314335,0.8952747076699988,0.4536021272185362,0.1715255499465722,1.0427605190160067,0.22351631222509485,0
8.821999999999615,RETURN,0.28712793996765185,0.1487271449535226,0.8952677486241679,0.4536021272185362,0.1715255499465722,1.0427605190160067,0.22357893373242774,0
8.823999999999616,RETURN,0.2870490867540624,0.14873733934422118,0.8952608617609774,0.4536021272185362,0.1715255499465722,1.0427605190160067,0.22364115614253316,0
8.825999999999617,RETURN,0.2869707281524199,0.14874748523414455,0.8952540464954725,0.4536021272185362,0.1715255499465722,1.0427605190160067,0.22370297901956063,0
8.827999999999617,RETURN,0.28689286504396466,0.14875758225514885,0.895247302245448,0.4536021272185362,0.1715255499465722,1.0427605190160067,0.22376440192663707,0
8.829999999999618,RETURN,0.2868154983093679,0.14876763004033838,0.8952406284314671,0.4536021272185362,0.1715255499465722,1.0427605190160067,0.22382542442586298,0
8.831999999999619,RETURN,0.286738628828734,0.14877762822407484,0.8952340244768833,0.4536021272185362,0.1715255499465722,1.0427605190160067,0.22388604607830837,0
8.83399999999962,RETURN,0.28666225748160223,0.14878757644198376,0.8952274898078598,0.4536021272185362,0.1715255499465722,1.0427605190160067,0.2239462664440106,0
8.83599999999962,RETURN,0.28658638514695073,0.1487974743309635,0.8952210238533914,0.4536021272185362,0.1715255499465722,1.0427605190160067,0.22400608508196956,0
8.83799999999962,RETURN,0.28651101270319757,0.1488073215291922,0.8952146260453255,0.4536021272185362,0.1715255499465722,1.0427605190160067,0.2240655015501449,0
8.839999999999621,RETURN,0.28643614102820447,0.1488171176761365,0.8952082958183812,0.4536021272185362,0.1715255499465722,1.0427605190160067,0.22412451540545278,0
8.841999999999622,RETURN,0.28636177099927923,0.1488268624125589,0.8952020326101725,0.4536021272185362,0.1715255499465722,1.0427605190160067,0.22418312620376118,0
8.843999999999623,RETURN,0.2862879034931769,0.14883655538052568,0.8951958358612274,0.4536021272185362,0.1715255499465722,1.0427605190160067,0.22424133349988823,0
8.845999999999623,RETURN,0.28621453938610447,0.14884619622341513,0.8951897050150095,0.4536021272185362,0.1715255499465722,1.0427605190160067,0.22429913684759703,0
8.847999999999624,RETURN,0.2861416795537219,0.14885578458592505,0.895183639517939,0.4536021272185362,0.1715255499465722,1.0427605190160067,0.22435653579959292,0
8.849999999999625,RETURN,0.28606932487114467,0.14886532011408093,0.8951776388194137,0.4536021272185362,0.1715255499465722,1.0427605190160067,0.22441352990752012,0
8.851999999999626,RETURN,0.2859974762129471,0.14887480245524382,0.895171702371831,0.4536021272185362,0.1715255499465722,1.0427605190160067,0.22447011872195682,0
8.853999999999626,RETURN,0.2859261344531637,0.148884231258118,0.895165829630606,0.4536021272185362,0.1715255499465722,1.0427605190160067,0.22452630179241434,0
8.855999999999627,RETURN,0.2858553004652928,0.14889360617275946,0.8951600200541961,0.4536021272185362,0.1715255499465722,1.0427605190160067,0.22458207866733076,0
8.857999999999628,RETURN,0.2857849751222982,0.14890292685058312,0.8951542731041201,0.4536021272185362,0.1715255499465722,1.0427605190160067,0.22463744889406886,0
8.859999999999628,RETURN,0.2857151592966115,0.14891219294437125,0.89514858824498,0.4536021272185362,0.1715255499465722,1.0427605190160067,0.22469241201891255,0
8.861999999999629,RETURN,0.2856458538601356,0.14892140410828136,0.8951429649444814,0.4536021272185362,0.1715255499465722,1.0427605190160067,0.22474696758706272,0
8.86399999999963,RETURN,0.2855770596842457,0.148930559997854,0.8951374026734571,0.4536021272185362,0.1715255499465722,1.0427605190160067,0.2248011151426334,0
8.86599999999963,RETURN,0.2855087776397922,0.14893966027002079,0.8951319009058848,0.4536021272185362,0.1715255499465722,1.0427605190160067,0.22485485422864993,0
8.86799999999963,RETURN,0.2854410085971043,0.14894870458311243,0.8951264591189113,0.4536021272185362,0.1715255499465722,1.0427605190160067,0.22490818438704277,0
8.869999999999632,RETURN,0.28537375342599003,0.14895769259686661,0.8951210767928732,0.4536021272185362,0.1715255499465722,1.0427605190160067,0.22496110515864576,0
8.871999999999632,RETURN,0.2853070129957405,0.14896662397243599,0.895115753411317,0.4536021272185362,0.1715255499465722,1.0427605190160067,0.22501361608319215,0
8.873999999999633,RETURN,0.28524078817513165,0.1489754983723963,0.8951104884610224,0.4536021272185362,0.1715255499465722,1.0427605190160067,0.22506571669930991,0
8.875999999999634,RETURN,0.2851750798324254,0.14898431546075408,0.8951052814320221,0.4536021272185362,0.1715255499465722,1.0427605190160067,0.22511740654452025,0
8.877999999999634,RETURN,0.28510988883537475,0.14899307490295494,0.895100131817624,0.4536021272185362,0.1715255499465722,1.0427605190160067,0.22516868515523122,0
8.879999999999635,RETURN,0.2850452160512232,0.14900177636589162,0.8950950391144334,0.4536021272185362,0.1715255499465722,1.0427605190160067,0.2252195520667359,0
8.881999999999636,RETURN,0.28498106234670834,0.14901041951791164,0.8950900028223736,0.4536021272185362,0.1715255499465722,1.0427605190160067,0.22527000681320816,0
8.883999999999636,RETURN,0.2849174285880641,0.1490190040288257,0.895085022444707,0.4536021272185362,0.1715255499465722,1.0427605190160067,0.22532004892769927,0
8.885999999999637,RETURN,0.2848543156410225,0.14902752956991552,0.8950800974880588,0.4536021272185362,0.1715255499465722,1.0427605190160067,0.2253696779421334,0
8.887999999999638,RETURN,0.2847917243708163,0.1490359958139422,0.8950752274624367,0.4536021272185362,0.1715255499465722,1.0427605190160067,0.22541889338730453,0
8.889999999999638,RETURN,0.28472965564218145,0.14904440243515377,0.8950704118812526,0.4536021272185362,0.1715255499465722,1.0427605190160067,0.22546769479287285,0
8.891999999999639,RETURN,0.28466811031935807,0.1490527491092936,0.8950656502613464,0.4536021272185362,0.1715255499465722,1.0427605190160067,0.22551608168736023,0
8.89399999999964,RETURN,0.2846070892660942,0.1490610355136086,0.895060942123006,0.4536021272185362,0.1715255499465722,1.0427605190160067,0.22556405359814669,0
8.89599999999964,RETURN,0.2845465933456464,0.14906926132685697,0.8950562869899885,0.4536021272185362,0.1715255499465722,1.0427605190160067,0.22561161005146782,0
8.89799999999964,RETURN,0.2844866234207831,0.1490774262293166,0.8950516843895443,0.4536021272185362,0.1715255499465722,1.0427605190160067,0.22565875057240897,0
8.899999999999642,RETURN,0.28442718035378645,0.14908552990279297,0.8950471338524374,0.4536021272185362,0.1715255499465722,1.0427605190160067,0.2257054746849024,0
8.901999999999642,RETURN,0.2843682650064535,0.14909357203062748,0.8950426349129673,0.4536021272185362,0.1715255499465722,1.0427605190160067,0.22575178191172404,0
8.903999999999643,RETURN,0.2843098782400995,0.14910155229770553,0.8950381871089924,0.4536021272185362,0.1715255499465722,1.0427605190160067,0.22579767177448815,0
8.905999999999644,RETURN,0.28425202091555885,0.1491094703904645,0.8950337899819493,0.4536021272185362,0.1715255499465722,1.0427605190160067,0.2258431437936457,0
8.907999999999644,RETURN,0.28419469389318835,0.14911732599690214,0.895029443076878,0.4536021272185362,0.1715255499465722,1.0427605190160067,0.22588819748847738,0
8.909999999999645,RETURN,0.2841378980328679,0.14912511880658477,0.8950251459424422,0.4536021272185362,0.1715255499465722,1.0427605190160067,0.2259328323770924,0
8.911999999999646,RETURN,0.28408163419400345,0.1491328485106552,0.8950208981309508,0.4536021272185362,0.1715255499465722,1.0427605190160067,0.2259770479764236,0
8.913999999999646,RETURN,0.2840259032355285,0.14914051480184126,0.8950166991983824,0.4536021272185362,0.1715255499465722,1.0427605190160067,0.2260208438022225,0
8.915999999999647,RETURN,0.2839707060159059,0.14914811737446385,0.8950125487044048,0.4536021272185362,0.1715255499465722,1.0427605190160067,0.22606421936905768,0
8.917999999999648,RETURN,0.28391604339313065,0.14915565592444519,0.8950084462123999,0.4536021272185362,0.1715255499465722,1.0427605190160067,0.22610717419030757,0
8.919999999999648,RETURN,0.28386191622473056,0.14916313014931715,0.8950043912894831,0.4536021272185362,0.1715255499465722,1.0427605190160067,0.2261497077781599,0
8.921999999999649,RETURN,0.2838083253677687,0.14917053974822952,0.8950003835065278,0.4536021272185362,0.1715255499465722,1.0427605190160067,0.22619181964360538,0
8.92399999999965,RETURN,0.28375527167884584,0.14917788442195795,0.8949964224381874,0.4536021272185362,0.1715255499465722,1.0427605190160067,0.2262335092964338,0
8.92599999999965,RETURN,0.283702756014101,0.14918516387291292,0.8949925076629172,0.4536021272185362,0.1715255499465722,1.0427605190160067,0.22627477624523118,0
8.92799999999965,RETURN,0.2836507792292146,0.14919237780514738,0.894988638762997,0.4536021272185362,0.1715255499465722,1.0427605190160067,0.22631561999737415,0
8.929999999999652,RETURN,0.28359934217940946,0.1491995259243654,0.8949848153245531,0.4536021272185362,0.1715255499465722,1.0427605190160067,0.22635604005902737,0
8.931999999999652,RETURN,0.28354844571945215,0.14920660793793078,0.8949810369375814,0.4536021272185362,0.1715255499465722,1.0427605190160067,0.22639603593513885,0
8.933999999999653,RETURN,0.28349809070365606,0.14921362355487464,0.8949773031959709,0.4536021272185362,0.1715255499465722,1.0427605190160067,0.22643560712943428,0
8.935999999999654,RETURN,0.28344827798588185,0.14922057248590478,0.8949736136975245,0.4536021272185362,0.1715255499465722,1.0427605190160067,0.22647475314441518,0
8.937999999999654,RETURN,0.28339900841953963,0.149227454443413,0.8949699680439823,0.4536021272185362,0.1715255499465722,1.0427605190160067,0.22651347348135364,0
8.939999999999655,RETURN,0.283350282857591,0.1492342691414847,0.8949663658410446,0.4536021272185362,0.1715255499465722,1.0427605190160067,0.22655176764028778,0
8.941999999999656,RETURN,0.28330210215255,0.14924101629590625,0.8949628066983947,0.4536021272185362,0.1715255499465722,1.0427605190160067,0.22658963512001784,0
8.943999999999656,RETURN,0.2832544671564845,0.14924769562417414,0.8949592902297205,0.4536021272185362,0.1715255499465722,1.0427605190160067,0.22662707541810276,0
8.945999999999657,RETURN,0.28320737872101953,0.1492543068455031,0.8949558160527396,0.4536021272185362,0.1715255499465722,1.0427605190160067,0.22666408803085356,0
8.947999999999658,RETURN,0.28316083769733635,0.14926084968083464,0.8949523837892198,0.4536021272185362,0.1715255499465722,1.0427605190160067,0.2267006724533316,0
8.949999999999658,RETURN,0.2831148449361758,0.14926732385284566,0.8949489930650029,0.4536021272185362,0.1715255499465722,1.0427605190160067,0.22673682817934318,0
8.951999999999659,RETURN,0.2830694012878392,0.14927372908595707,0.8949456435100284,0.4536021272185362,0.1715255499465722,1.0427605190160067,0.22677255470143431,0
8.95399999999966,RETURN,0.2830245076021897,0.149280065106342,0.8949423347583553,0.4536021272185362,0.1715255499465722,1.0427605190160067,0.22680785151088775,0
8.95599999999966,RETURN,0.28298016472865417,0.14928633164193467,0.8949390664481853,0.4536021272185362,0.1715255499465722,1.0427605190160067,0.22684271809771792,0
8.957999999999661,RETURN,0.282936373516224,0.14929252842243865,0.8949358382218867,0.4536021272185362,0.1715255499465722,1.0427605190160067,0.22687715395066632,0
8.959999999999662,RETURN,0.2828931348134568,0.149298655179336,0.8949326497260169,0.4536021272185362,0.1715255499465722,1.0427605190160067,0.22691115855719737,0
8.961999999999662,RETURN,0.2828504494684778,0.14930471164589543,0.8949295006113456,0.4536021272185362,0.1715255499465722,1.0427605190160067,0.22694473140349367,0
8.963999999999663,RETURN,0.28280831832898146,0.149310697557181,0.8949263905328779,0.4536021272185362,0.1715255499465722,1.0427605190160067,0.22697787197445135,0
8.965999999999664,RETURN,0.28276674224223214,0.1493166126500611,0.8949233191498774,0.4536021272185362,0.1715255499465722,1.0427605190160067,0.22701057975367633,0
8.967999999999664,RETURN,0.2827257220550659,0.14932245666321675,0.8949202861258905,0.4536021272185362,0.1715255499465722,1.0427605190160067,0.2270428542234784,0
8.969999999999665,RETURN,0.28268525861389104,0.14932822933715073,0.8949172911287677,0.4536021272185362,0.1715255499465722,1.0427605190160067,0.2270746948648684,0
8.971999999999666,RETURN,0.2826453527646908,0.14933393041419574,0.8949143338306901,0.4536021272185362,0.1715255499465722,1.0427605190160067,0.22710610115755073,0
8.973999999999666,RETURN,0.28260600535302244,0.14933955963852397,0.8949114139081896,0.4536021272185362,0.1715255499465722,1.0427605190160067,0.2271370725799221,0
8.975999999999667,RETURN,0.28256721722402006,0.14934511675615497,0.8949085310421735,0.4536021272185362,0.1715255499465722,1.0427605190160067,0.22716760860906496,0
8.977999999999668,RETURN,0.2825289892223953,0.14935060151496524,0.8949056849179495,0.4536021272185362,0.1715255499465722,1.0427605190160067,0.22719770872074202,0
8.979999999999668,RETURN,0.2824913221924379,0.14935601366469667,0.894902875225247,0.4536021272185362,0.1715255499465722,1.0427605190160067,0.2272273723893933,0
8.981999999999669,RETURN,0.28245421697801754,0.1493613529569653,0.8949001016582424,0.4536021272185362,0.1715255499465722,1.0427605190160067,0.22725659908812987,0
8.98399999999967,RETURN,0.2824176744225838,0.1493666191452706,0.8948973639155806,0.4536021272185362,0.1715255499465722,1.0427605190160067,0.22728538828873096,0
8.98599999999967,RETURN,0.2823816953691687,0.14937181198500402,0.8948946617004023,0.4536021272185362,0.1715255499465722,1.0427605190160067,0.22731373946163577,0
8.987999999999671,RETURN,0.28234628066038625,0.14937693123345808,0.8948919947203635,0.4536021272185362,0.1715255499465722,1.0427605190160067,0.2273416520759422,0
8.989999999999672,RETURN,0.28231143113843365,0.14938197664983527,0.8948893626876625,0.4536021272185362,0.1715255499465722,1.0427605190160067,0.2273691255993998,0
8.991999999999672,RETURN,0.2822771476450927,0.14938694799525692,0.894886765319063,0.4536021272185362,0.1715255499465722,1.0427605190160067,0.22739615949840492,0
8.993999999999673,RETURN,0.2822434310217307,0.14939184503277264,0.8948842023359156,0.4536021272185362,0.1715255499465722,1.0427605190160067,0.22742275323799693,0
8.995999999999674,RETURN,0.2822102821093003,0.1493966675273688,0.8948816734641851,0.4536021272185362,0.1715255499465722,1.0427605190160067,0.22744890628185213,0
8.997999999999674,RETURN,0.28217770174834134,0.14940141524597803,0.8948791784344741,0.4536021272185362,0.1715255499465722,1.0427605190160067,0.22747461809227792,0
8.999999999999675,RETURN,0.2821456907789807,0.14940608795748778,0.8948767169820433,0.4536021272185362,0.1715255499465722,1.0427605190160067,0.2274998881302107,0
9.001999999999676,RETURN,0.2821142500409341,0.14941068543275035,0.8948742888468402,0.4536021272185362,0.1715255499465722,1.0427605190160067,0.22752471585520714,0
9.003999999999676,RETURN,0.28208338037350583,0.14941520744459094,0.8948718937735204,0.4536021272185362,0.1715255499465722,1.0427605190160067,0.2275491007254415,0
